experiment_id,experiment_display_name,cv_strategy,model,summary_model_name,suite_run_dir,trainer_run_dir,fold_metrics_path,metric_source_model,fold_id,metric_type,accuracy,balanced_accuracy,macro_precision,macro_recall,macro_f1,macro_auc_ovr,weighted_precision,weighted_recall,weighted_f1,weighted_auc_ovr,loss
multiclass_table6_arousal_3class,Table-6 Arousal,subject_loo,LightGBM,LightGBM,results/quick_v1_v2_comparison/2026-06-03_09-24-45/model_runs/2026-06-03_09-24-48,results/quick_v1_v2_comparison/2026-06-03_09-24-45/model_runs/2026-06-03_09-24-48/multiclass_table6_arousal_3class_emotion-elicitation_2026-06-03_09-25-46,results/quick_v1_v2_comparison/2026-06-03_09-24-45/model_runs/2026-06-03_09-24-48/multiclass_table6_arousal_3class_emotion-elicitation_2026-06-03_09-25-46/subject_loo/fold_metrics.csv,LightGBM,s_P1,aggregated,0.5708333333333333,0.4826537387700898,0.7107382894669335,0.4826537387700898,0.4729040049867539,0.737393717323446,0.6433167872351342,0.5708333333333333,0.5352518213339567,0.7332568233649671,0.918168481504282
multiclass_table6_arousal_3class,Table-6 Arousal,subject_loo,LightGBM,LightGBM,results/quick_v1_v2_comparison/2026-06-03_09-24-45/model_runs/2026-06-03_09-24-48,results/quick_v1_v2_comparison/2026-06-03_09-24-45/model_runs/2026-06-03_09-24-48/multiclass_table6_arousal_3class_emotion-elicitation_2026-06-03_09-25-46,results/quick_v1_v2_comparison/2026-06-03_09-24-45/model_runs/2026-06-03_09-24-48/multiclass_table6_arousal_3class_emotion-elicitation_2026-06-03_09-25-46/subject_loo/fold_metrics.csv,LightGBM,s_P10,aggregated,0.6026200873362445,0.5109857978279031,0.5616471734892787,0.5109857978279031,0.52190089633012,0.7242289503303049,0.5945568068643223,0.6026200873362445,0.5877272858190488,0.7154294881515019,0.8804633462078508
multiclass_table6_arousal_3class,Table-6 Arousal,subject_loo,LightGBM,LightGBM,results/quick_v1_v2_comparison/2026-06-03_09-24-45/model_runs/2026-06-03_09-24-48,results/quick_v1_v2_comparison/2026-06-03_09-24-45/model_runs/2026-06-03_09-24-48/multiclass_table6_arousal_3class_emotion-elicitation_2026-06-03_09-25-46,results/quick_v1_v2_comparison/2026-06-03_09-24-45/model_runs/2026-06-03_09-24-48/multiclass_table6_arousal_3class_emotion-elicitation_2026-06-03_09-25-46/subject_loo/fold_metrics.csv,LightGBM,s_P13,aggregated,0.6271186440677966,0.5068802521008403,0.54709544368206,0.5068802521008403,0.4955514164428657,0.6762108368634712,0.6074094231068262,0.6271186440677966,0.602245325878036,0.7160428242921656,0.8976526868557468
multiclass_table6_arousal_3class,Table-6 Arousal,subject_loo,LightGBM,LightGBM,results/quick_v1_v2_comparison/2026-06-03_09-24-45/model_runs/2026-06-03_09-24-48,results/quick_v1_v2_comparison/2026-06-03_09-24-45/model_runs/2026-06-03_09-24-48/multiclass_table6_arousal_3class_emotion-elicitation_2026-06-03_09-25-46,results/quick_v1_v2_comparison/2026-06-03_09-24-45/model_runs/2026-06-03_09-24-48/multiclass_table6_arousal_3class_emotion-elicitation_2026-06-03_09-25-46/subject_loo/fold_metrics.csv,LightGBM,s_P14,aggregated,0.631336405529954,0.5079378268410258,0.5578616352201258,0.5079378268410258,0.4903971769504712,0.7754792659714959,0.6056255977741065,0.631336405529954,0.598783643644823,0.7721742703985989,0.8146598588954613
multiclass_table6_arousal_3class,Table-6 Arousal,subject_loo,LightGBM,LightGBM,results/quick_v1_v2_comparison/2026-06-03_09-24-45/model_runs/2026-06-03_09-24-48,results/quick_v1_v2_comparison/2026-06-03_09-24-45/model_runs/2026-06-03_09-24-48/multiclass_table6_arousal_3class_emotion-elicitation_2026-06-03_09-25-46,results/quick_v1_v2_comparison/2026-06-03_09-24-45/model_runs/2026-06-03_09-24-48/multiclass_table6_arousal_3class_emotion-elicitation_2026-06-03_09-25-46/subject_loo/fold_metrics.csv,LightGBM,s_P16,aggregated,0.5647668393782384,0.4604631798074421,0.4817460317460317,0.4604631798074421,0.4166447437101994,0.6656457019050652,0.6477300764865531,0.5647668393782384,0.56533031290923,0.6913804850375351,0.9744489028941508
multiclass_table6_arousal_3class,Table-6 Arousal,subject_loo,LightGBM,LightGBM,results/quick_v1_v2_comparison/2026-06-03_09-24-45/model_runs/2026-06-03_09-24-48,results/quick_v1_v2_comparison/2026-06-03_09-24-45/model_runs/2026-06-03_09-24-48/multiclass_table6_arousal_3class_emotion-elicitation_2026-06-03_09-25-46,results/quick_v1_v2_comparison/2026-06-03_09-24-45/model_runs/2026-06-03_09-24-48/multiclass_table6_arousal_3class_emotion-elicitation_2026-06-03_09-25-46/subject_loo/fold_metrics.csv,LightGBM,s_P17,aggregated,0.5481171548117155,0.4859549745824255,0.6526415044574564,0.4859549745824255,0.4706964477416495,0.6944794594632372,0.6155459625318078,0.5481171548117155,0.511301874029828,0.6918465970932783,0.9647879740905466
multiclass_table6_arousal_3class,Table-6 Arousal,subject_loo,LightGBM,LightGBM,results/quick_v1_v2_comparison/2026-06-03_09-24-45/model_runs/2026-06-03_09-24-48,results/quick_v1_v2_comparison/2026-06-03_09-24-45/model_runs/2026-06-03_09-24-48/multiclass_table6_arousal_3class_emotion-elicitation_2026-06-03_09-25-46,results/quick_v1_v2_comparison/2026-06-03_09-24-45/model_runs/2026-06-03_09-24-48/multiclass_table6_arousal_3class_emotion-elicitation_2026-06-03_09-25-46/subject_loo/fold_metrics.csv,LightGBM,s_P18,aggregated,0.6359649122807017,0.5833241695583468,0.5852990939246199,0.5833241695583468,0.5817408268721561,0.7779467706321319,0.6317799963911649,0.6359649122807017,0.6316513921765252,0.7842230120396719,0.8409222733288627
multiclass_table6_arousal_3class,Table-6 Arousal,subject_loo,LightGBM,LightGBM,results/quick_v1_v2_comparison/2026-06-03_09-24-45/model_runs/2026-06-03_09-24-48,results/quick_v1_v2_comparison/2026-06-03_09-24-45/model_runs/2026-06-03_09-24-48/multiclass_table6_arousal_3class_emotion-elicitation_2026-06-03_09-25-46,results/quick_v1_v2_comparison/2026-06-03_09-24-45/model_runs/2026-06-03_09-24-48/multiclass_table6_arousal_3class_emotion-elicitation_2026-06-03_09-25-46/subject_loo/fold_metrics.csv,LightGBM,s_P19,aggregated,0.5152838427947598,0.4619874782281221,0.3461802802008987,0.4619874782281221,0.3957847456163081,0.68526659094039,0.3858835262787903,0.5152838427947598,0.4412913271420182,0.6886481443892181,1.0196915468222203
multiclass_table6_arousal_3class,Table-6 Arousal,subject_loo,LightGBM,LightGBM,results/quick_v1_v2_comparison/2026-06-03_09-24-45/model_runs/2026-06-03_09-24-48,results/quick_v1_v2_comparison/2026-06-03_09-24-45/model_runs/2026-06-03_09-24-48/multiclass_table6_arousal_3class_emotion-elicitation_2026-06-03_09-25-46,results/quick_v1_v2_comparison/2026-06-03_09-24-45/model_runs/2026-06-03_09-24-48/multiclass_table6_arousal_3class_emotion-elicitation_2026-06-03_09-25-46/subject_loo/fold_metrics.csv,LightGBM,s_P2,aggregated,0.5560165975103735,0.5087737109427877,0.6902790101547867,0.5087737109427877,0.4580752032861563,0.7077375697108681,0.6694586909272098,0.5560165975103735,0.502343381598883,0.7052835435804458,0.9772979628356244
multiclass_table6_arousal_3class,Table-6 Arousal,subject_loo,LightGBM,LightGBM,results/quick_v1_v2_comparison/2026-06-03_09-24-45/model_runs/2026-06-03_09-24-48,results/quick_v1_v2_comparison/2026-06-03_09-24-45/model_runs/2026-06-03_09-24-48/multiclass_table6_arousal_3class_emotion-elicitation_2026-06-03_09-25-46,results/quick_v1_v2_comparison/2026-06-03_09-24-45/model_runs/2026-06-03_09-24-48/multiclass_table6_arousal_3class_emotion-elicitation_2026-06-03_09-25-46/subject_loo/fold_metrics.csv,LightGBM,s_P20,aggregated,0.5265486725663717,0.4969361298588623,0.5265556114792757,0.4969361298588623,0.4934520997121206,0.7351262588930312,0.56973135766708,0.5265486725663717,0.525205922462097,0.7324458585267204,0.9638948435083076
multiclass_table6_arousal_3class,Table-6 Arousal,subject_loo,LightGBM,LightGBM,results/quick_v1_v2_comparison/2026-06-03_09-24-45/model_runs/2026-06-03_09-24-48,results/quick_v1_v2_comparison/2026-06-03_09-24-45/model_runs/2026-06-03_09-24-48/multiclass_table6_arousal_3class_emotion-elicitation_2026-06-03_09-25-46,results/quick_v1_v2_comparison/2026-06-03_09-24-45/model_runs/2026-06-03_09-24-48/multiclass_table6_arousal_3class_emotion-elicitation_2026-06-03_09-25-46/subject_loo/fold_metrics.csv,LightGBM,s_P21,aggregated,0.5981735159817352,0.5644385849263899,0.5990860990860991,0.5644385849263899,0.5597636993324329,0.7587032341466884,0.6334512772868938,0.5981735159817352,0.5904063433685686,0.7593153203533343,0.9254282472626638
multiclass_table6_arousal_3class,Table-6 Arousal,subject_loo,LightGBM,LightGBM,results/quick_v1_v2_comparison/2026-06-03_09-24-45/model_runs/2026-06-03_09-24-48,results/quick_v1_v2_comparison/2026-06-03_09-24-45/model_runs/2026-06-03_09-24-48/multiclass_table6_arousal_3class_emotion-elicitation_2026-06-03_09-25-46,results/quick_v1_v2_comparison/2026-06-03_09-24-45/model_runs/2026-06-03_09-24-48/multiclass_table6_arousal_3class_emotion-elicitation_2026-06-03_09-25-46/subject_loo/fold_metrics.csv,LightGBM,s_P22,aggregated,0.5233644859813084,0.5276716978844639,0.5536265210309476,0.5276716978844639,0.5113095238095239,0.7259021078944558,0.6013103991102825,0.5233644859813084,0.5362650200267022,0.7233596256997634,0.951005500782699
multiclass_table6_arousal_3class,Table-6 Arousal,subject_loo,LightGBM,LightGBM,results/quick_v1_v2_comparison/2026-06-03_09-24-45/model_runs/2026-06-03_09-24-48,results/quick_v1_v2_comparison/2026-06-03_09-24-45/model_runs/2026-06-03_09-24-48/multiclass_table6_arousal_3class_emotion-elicitation_2026-06-03_09-25-46,results/quick_v1_v2_comparison/2026-06-03_09-24-45/model_runs/2026-06-03_09-24-48/multiclass_table6_arousal_3class_emotion-elicitation_2026-06-03_09-25-46/subject_loo/fold_metrics.csv,LightGBM,s_P23,aggregated,0.625,0.5121570434070434,0.546205764741234,0.5121570434070434,0.5072418240559834,0.7580862414027227,0.6007532418001527,0.625,0.602445217024863,0.7690273564768003,0.8336163811344133
multiclass_table6_arousal_3class,Table-6 Arousal,subject_loo,LightGBM,LightGBM,results/quick_v1_v2_comparison/2026-06-03_09-24-45/model_runs/2026-06-03_09-24-48,results/quick_v1_v2_comparison/2026-06-03_09-24-45/model_runs/2026-06-03_09-24-48/multiclass_table6_arousal_3class_emotion-elicitation_2026-06-03_09-25-46,results/quick_v1_v2_comparison/2026-06-03_09-24-45/model_runs/2026-06-03_09-24-48/multiclass_table6_arousal_3class_emotion-elicitation_2026-06-03_09-25-46/subject_loo/fold_metrics.csv,LightGBM,s_P24,aggregated,0.4978354978354978,0.4727807971014492,0.5061171912870338,0.4727807971014492,0.3960750223865476,0.6292445735993822,0.6114341835513787,0.4978354978354978,0.4812725833123424,0.6026902543008761,1.1547579962177403
multiclass_table6_arousal_3class,Table-6 Arousal,subject_loo,LightGBM,LightGBM,results/quick_v1_v2_comparison/2026-06-03_09-24-45/model_runs/2026-06-03_09-24-48,results/quick_v1_v2_comparison/2026-06-03_09-24-45/model_runs/2026-06-03_09-24-48/multiclass_table6_arousal_3class_emotion-elicitation_2026-06-03_09-25-46,results/quick_v1_v2_comparison/2026-06-03_09-24-45/model_runs/2026-06-03_09-24-48/multiclass_table6_arousal_3class_emotion-elicitation_2026-06-03_09-25-46/subject_loo/fold_metrics.csv,LightGBM,s_P27,aggregated,0.6098654708520179,0.514000814000814,0.6196638405473748,0.514000814000814,0.4878660905953642,0.767872624182598,0.6243052929205611,0.6098654708520179,0.5662526717749797,0.766691619926474,0.9142086972229556
multiclass_table6_arousal_3class,Table-6 Arousal,subject_loo,LightGBM,LightGBM,results/quick_v1_v2_comparison/2026-06-03_09-24-45/model_runs/2026-06-03_09-24-48,results/quick_v1_v2_comparison/2026-06-03_09-24-45/model_runs/2026-06-03_09-24-48/multiclass_table6_arousal_3class_emotion-elicitation_2026-06-03_09-25-46,results/quick_v1_v2_comparison/2026-06-03_09-24-45/model_runs/2026-06-03_09-24-48/multiclass_table6_arousal_3class_emotion-elicitation_2026-06-03_09-25-46/subject_loo/fold_metrics.csv,LightGBM,s_P28,aggregated,0.5990566037735849,0.4511176179863294,0.5464935721508016,0.4511176179863294,0.456633748389867,0.731766764963894,0.5927338527031851,0.5990566037735849,0.5634240543759165,0.7266897266229511,0.846336734407173
multiclass_table6_arousal_3class,Table-6 Arousal,subject_loo,LightGBM,LightGBM,results/quick_v1_v2_comparison/2026-06-03_09-24-45/model_runs/2026-06-03_09-24-48,results/quick_v1_v2_comparison/2026-06-03_09-24-45/model_runs/2026-06-03_09-24-48/multiclass_table6_arousal_3class_emotion-elicitation_2026-06-03_09-25-46,results/quick_v1_v2_comparison/2026-06-03_09-24-45/model_runs/2026-06-03_09-24-48/multiclass_table6_arousal_3class_emotion-elicitation_2026-06-03_09-25-46/subject_loo/fold_metrics.csv,LightGBM,s_P29,aggregated,0.6527777777777778,0.5564179991309052,0.5688978542369728,0.5564179991309052,0.5362880671571998,0.7920156462832814,0.6787729995479734,0.6527777777777778,0.6460858361743917,0.7687199190173373,0.8222153245878361
multiclass_table6_arousal_3class,Table-6 Arousal,subject_loo,LightGBM,LightGBM,results/quick_v1_v2_comparison/2026-06-03_09-24-45/model_runs/2026-06-03_09-24-48,results/quick_v1_v2_comparison/2026-06-03_09-24-45/model_runs/2026-06-03_09-24-48/multiclass_table6_arousal_3class_emotion-elicitation_2026-06-03_09-25-46,results/quick_v1_v2_comparison/2026-06-03_09-24-45/model_runs/2026-06-03_09-24-48/multiclass_table6_arousal_3class_emotion-elicitation_2026-06-03_09-25-46/subject_loo/fold_metrics.csv,LightGBM,s_P30,aggregated,0.6283185840707964,0.4623561821422783,0.4188447119700089,0.4623561821422783,0.4377469781496978,0.7489382912774575,0.5819348051289024,0.6283185840707964,0.6018900578245147,0.7499810536371402,0.7846980631213615
multiclass_table6_arousal_3class,Table-6 Arousal,subject_loo,LightGBM,LightGBM,results/quick_v1_v2_comparison/2026-06-03_09-24-45/model_runs/2026-06-03_09-24-48,results/quick_v1_v2_comparison/2026-06-03_09-24-45/model_runs/2026-06-03_09-24-48/multiclass_table6_arousal_3class_emotion-elicitation_2026-06-03_09-25-46,results/quick_v1_v2_comparison/2026-06-03_09-24-45/model_runs/2026-06-03_09-24-48/multiclass_table6_arousal_3class_emotion-elicitation_2026-06-03_09-25-46/subject_loo/fold_metrics.csv,LightGBM,s_P4,aggregated,0.5099601593625498,0.4598859782798929,0.505952380952381,0.4598859782798929,0.4484098879399101,0.6597786417112527,0.5119948776323278,0.5099601593625498,0.4803777369247776,0.6665959552830553,1.0106422168901237
multiclass_table6_arousal_3class,Table-6 Arousal,subject_loo,LightGBM,LightGBM,results/quick_v1_v2_comparison/2026-06-03_09-24-45/model_runs/2026-06-03_09-24-48,results/quick_v1_v2_comparison/2026-06-03_09-24-45/model_runs/2026-06-03_09-24-48/multiclass_table6_arousal_3class_emotion-elicitation_2026-06-03_09-25-46,results/quick_v1_v2_comparison/2026-06-03_09-24-45/model_runs/2026-06-03_09-24-48/multiclass_table6_arousal_3class_emotion-elicitation_2026-06-03_09-25-46/subject_loo/fold_metrics.csv,LightGBM,s_P5,aggregated,0.4690909090909091,0.487605563835072,0.5083202306079665,0.487605563835072,0.4213832661844894,0.6968255512706287,0.5469225271583762,0.4690909090909091,0.4416934305925131,0.704862436434629,1.069677192828326
multiclass_table6_arousal_3class,Table-6 Arousal,subject_loo,LightGBM,LightGBM,results/quick_v1_v2_comparison/2026-06-03_09-24-45/model_runs/2026-06-03_09-24-48,results/quick_v1_v2_comparison/2026-06-03_09-24-45/model_runs/2026-06-03_09-24-48/multiclass_table6_arousal_3class_emotion-elicitation_2026-06-03_09-25-46,results/quick_v1_v2_comparison/2026-06-03_09-24-45/model_runs/2026-06-03_09-24-48/multiclass_table6_arousal_3class_emotion-elicitation_2026-06-03_09-25-46/subject_loo/fold_metrics.csv,LightGBM,s_P7,aggregated,0.508695652173913,0.5075878401237254,0.5569428151127497,0.5075878401237254,0.4273081237026315,0.7361168176273526,0.619857404128504,0.508695652173913,0.4760509453202995,0.7129666691323494,1.0126759830924967
multiclass_table6_arousal_3class,Table-6 Arousal,subject_loo,LightGBM,LightGBM,results/quick_v1_v2_comparison/2026-06-03_09-24-45/model_runs/2026-06-03_09-24-48,results/quick_v1_v2_comparison/2026-06-03_09-24-45/model_runs/2026-06-03_09-24-48/multiclass_table6_arousal_3class_emotion-elicitation_2026-06-03_09-25-46,results/quick_v1_v2_comparison/2026-06-03_09-24-45/model_runs/2026-06-03_09-24-48/multiclass_table6_arousal_3class_emotion-elicitation_2026-06-03_09-25-46/subject_loo/fold_metrics.csv,LightGBM,s_P8,aggregated,0.4885844748858447,0.4215007215007215,0.5165631469979296,0.4215007215007215,0.4088262175218697,0.7036299808881125,0.5082106696162683,0.4885844748858447,0.4448579609985209,0.699425564468061,0.9642462123146716
multiclass_table6_arousal_3class,Table-6 Arousal,subject_loo,SVM,SVM,results/quick_v1_v2_comparison/2026-06-03_09-24-45/model_runs/2026-06-03_09-24-48,results/quick_v1_v2_comparison/2026-06-03_09-24-45/model_runs/2026-06-03_09-24-48/multiclass_table6_arousal_3class_emotion-elicitation_2026-06-03_09-25-46,results/quick_v1_v2_comparison/2026-06-03_09-24-45/model_runs/2026-06-03_09-24-48/multiclass_table6_arousal_3class_emotion-elicitation_2026-06-03_09-25-46/subject_loo/fold_metrics.csv,SVM,s_P1,aggregated,0.5583333333333333,0.4849481204150367,0.6609477124183006,0.4849481204150367,0.486710239651416,0.6827831888454821,0.6130208333333333,0.5583333333333333,0.5362200435729848,0.6741545100968975,0.9676599493469148
multiclass_table6_arousal_3class,Table-6 Arousal,subject_loo,SVM,SVM,results/quick_v1_v2_comparison/2026-06-03_09-24-45/model_runs/2026-06-03_09-24-48,results/quick_v1_v2_comparison/2026-06-03_09-24-45/model_runs/2026-06-03_09-24-48/multiclass_table6_arousal_3class_emotion-elicitation_2026-06-03_09-25-46,results/quick_v1_v2_comparison/2026-06-03_09-24-45/model_runs/2026-06-03_09-24-48/multiclass_table6_arousal_3class_emotion-elicitation_2026-06-03_09-25-46/subject_loo/fold_metrics.csv,SVM,s_P10,aggregated,0.5720524017467249,0.4641186299081036,0.4939404948207764,0.4641186299081036,0.4631525385964232,0.6989821694944319,0.547099555118191,0.5720524017467249,0.5488455872483817,0.7092272102376819,0.9068612830578712
multiclass_table6_arousal_3class,Table-6 Arousal,subject_loo,SVM,SVM,results/quick_v1_v2_comparison/2026-06-03_09-24-45/model_runs/2026-06-03_09-24-48,results/quick_v1_v2_comparison/2026-06-03_09-24-45/model_runs/2026-06-03_09-24-48/multiclass_table6_arousal_3class_emotion-elicitation_2026-06-03_09-25-46,results/quick_v1_v2_comparison/2026-06-03_09-24-45/model_runs/2026-06-03_09-24-48/multiclass_table6_arousal_3class_emotion-elicitation_2026-06-03_09-25-46/subject_loo/fold_metrics.csv,SVM,s_P13,aggregated,0.635593220338983,0.5192051820728292,0.595584704425405,0.5192051820728292,0.5036904559132459,0.6928522121688999,0.6356622943361893,0.635593220338983,0.6086188504831274,0.7190314175208004,0.9083356604297268
multiclass_table6_arousal_3class,Table-6 Arousal,subject_loo,SVM,SVM,results/quick_v1_v2_comparison/2026-06-03_09-24-45/model_runs/2026-06-03_09-24-48,results/quick_v1_v2_comparison/2026-06-03_09-24-45/model_runs/2026-06-03_09-24-48/multiclass_table6_arousal_3class_emotion-elicitation_2026-06-03_09-25-46,results/quick_v1_v2_comparison/2026-06-03_09-24-45/model_runs/2026-06-03_09-24-48/multiclass_table6_arousal_3class_emotion-elicitation_2026-06-03_09-25-46/subject_loo/fold_metrics.csv,SVM,s_P14,aggregated,0.6405529953917051,0.5358801379574126,0.5847855917667238,0.5358801379574126,0.5371701240514852,0.738338118815301,0.625815699820569,0.6405529953917051,0.6224011432839229,0.7592850306616874,0.8340675754775966
multiclass_table6_arousal_3class,Table-6 Arousal,subject_loo,SVM,SVM,results/quick_v1_v2_comparison/2026-06-03_09-24-45/model_runs/2026-06-03_09-24-48,results/quick_v1_v2_comparison/2026-06-03_09-24-45/model_runs/2026-06-03_09-24-48/multiclass_table6_arousal_3class_emotion-elicitation_2026-06-03_09-25-46,results/quick_v1_v2_comparison/2026-06-03_09-24-45/model_runs/2026-06-03_09-24-48/multiclass_table6_arousal_3class_emotion-elicitation_2026-06-03_09-25-46/subject_loo/fold_metrics.csv,SVM,s_P16,aggregated,0.5595854922279793,0.4604059328649492,0.452516041877744,0.4604059328649492,0.4400681776303667,0.6707585533182501,0.6113590668325537,0.5595854922279793,0.5691376164657427,0.7000892608899003,0.9248612860363185
multiclass_table6_arousal_3class,Table-6 Arousal,subject_loo,SVM,SVM,results/quick_v1_v2_comparison/2026-06-03_09-24-45/model_runs/2026-06-03_09-24-48,results/quick_v1_v2_comparison/2026-06-03_09-24-45/model_runs/2026-06-03_09-24-48/multiclass_table6_arousal_3class_emotion-elicitation_2026-06-03_09-25-46,results/quick_v1_v2_comparison/2026-06-03_09-24-45/model_runs/2026-06-03_09-24-48/multiclass_table6_arousal_3class_emotion-elicitation_2026-06-03_09-25-46/subject_loo/fold_metrics.csv,SVM,s_P17,aggregated,0.5564853556485355,0.5061292665214234,0.5913943309290189,0.5061292665214234,0.5074227096958936,0.6951025765851552,0.576554254895528,0.5564853556485355,0.5351106445021624,0.6961737200381433,0.95706507072286
multiclass_table6_arousal_3class,Table-6 Arousal,subject_loo,SVM,SVM,results/quick_v1_v2_comparison/2026-06-03_09-24-45/model_runs/2026-06-03_09-24-48,results/quick_v1_v2_comparison/2026-06-03_09-24-45/model_runs/2026-06-03_09-24-48/multiclass_table6_arousal_3class_emotion-elicitation_2026-06-03_09-25-46,results/quick_v1_v2_comparison/2026-06-03_09-24-45/model_runs/2026-06-03_09-24-48/multiclass_table6_arousal_3class_emotion-elicitation_2026-06-03_09-25-46/subject_loo/fold_metrics.csv,SVM,s_P18,aggregated,0.631578947368421,0.5585198670641708,0.6387853692201517,0.5585198670641708,0.5682028052669432,0.780987211715388,0.6393629000036323,0.631578947368421,0.6192483894356828,0.7821475955783772,0.8229626311585737
multiclass_table6_arousal_3class,Table-6 Arousal,subject_loo,SVM,SVM,results/quick_v1_v2_comparison/2026-06-03_09-24-45/model_runs/2026-06-03_09-24-48,results/quick_v1_v2_comparison/2026-06-03_09-24-45/model_runs/2026-06-03_09-24-48/multiclass_table6_arousal_3class_emotion-elicitation_2026-06-03_09-25-46,results/quick_v1_v2_comparison/2026-06-03_09-24-45/model_runs/2026-06-03_09-24-48/multiclass_table6_arousal_3class_emotion-elicitation_2026-06-03_09-25-46/subject_loo/fold_metrics.csv,SVM,s_P19,aggregated,0.519650655021834,0.4653313514242378,0.675851109674639,0.4653313514242378,0.4119971467779126,0.660708033190142,0.6399161780936762,0.519650655021834,0.4538687851508197,0.6678129174532976,1.045566913639104
multiclass_table6_arousal_3class,Table-6 Arousal,subject_loo,SVM,SVM,results/quick_v1_v2_comparison/2026-06-03_09-24-45/model_runs/2026-06-03_09-24-48,results/quick_v1_v2_comparison/2026-06-03_09-24-45/model_runs/2026-06-03_09-24-48/multiclass_table6_arousal_3class_emotion-elicitation_2026-06-03_09-25-46,results/quick_v1_v2_comparison/2026-06-03_09-24-45/model_runs/2026-06-03_09-24-48/multiclass_table6_arousal_3class_emotion-elicitation_2026-06-03_09-25-46/subject_loo/fold_metrics.csv,SVM,s_P2,aggregated,0.5394190871369294,0.5024556973945183,0.6429156553398059,0.5024556973945183,0.4704226743037725,0.7258921431955674,0.6327546529428353,0.5394190871369294,0.5066834237159509,0.7180060983947631,0.958023108982466
multiclass_table6_arousal_3class,Table-6 Arousal,subject_loo,SVM,SVM,results/quick_v1_v2_comparison/2026-06-03_09-24-45/model_runs/2026-06-03_09-24-48,results/quick_v1_v2_comparison/2026-06-03_09-24-45/model_runs/2026-06-03_09-24-48/multiclass_table6_arousal_3class_emotion-elicitation_2026-06-03_09-25-46,results/quick_v1_v2_comparison/2026-06-03_09-24-45/model_runs/2026-06-03_09-24-48/multiclass_table6_arousal_3class_emotion-elicitation_2026-06-03_09-25-46/subject_loo/fold_metrics.csv,SVM,s_P20,aggregated,0.5132743362831859,0.5137243626605329,0.5188529633432264,0.5137243626605329,0.4922181797181796,0.7049325752132285,0.5693698433251128,0.5132743362831859,0.5166218592656645,0.7050913484997794,0.994598829611576
multiclass_table6_arousal_3class,Table-6 Arousal,subject_loo,SVM,SVM,results/quick_v1_v2_comparison/2026-06-03_09-24-45/model_runs/2026-06-03_09-24-48,results/quick_v1_v2_comparison/2026-06-03_09-24-45/model_runs/2026-06-03_09-24-48/multiclass_table6_arousal_3class_emotion-elicitation_2026-06-03_09-25-46,results/quick_v1_v2_comparison/2026-06-03_09-24-45/model_runs/2026-06-03_09-24-48/multiclass_table6_arousal_3class_emotion-elicitation_2026-06-03_09-25-46/subject_loo/fold_metrics.csv,SVM,s_P21,aggregated,0.5525114155251142,0.5259833003735443,0.5707139084929665,0.5259833003735443,0.5093277093277093,0.7200419957965853,0.6183467859945007,0.5525114155251142,0.5433010419311789,0.7186834322385474,0.9776459643833694
multiclass_table6_arousal_3class,Table-6 Arousal,subject_loo,SVM,SVM,results/quick_v1_v2_comparison/2026-06-03_09-24-45/model_runs/2026-06-03_09-24-48,results/quick_v1_v2_comparison/2026-06-03_09-24-45/model_runs/2026-06-03_09-24-48/multiclass_table6_arousal_3class_emotion-elicitation_2026-06-03_09-25-46,results/quick_v1_v2_comparison/2026-06-03_09-24-45/model_runs/2026-06-03_09-24-48/multiclass_table6_arousal_3class_emotion-elicitation_2026-06-03_09-25-46/subject_loo/fold_metrics.csv,SVM,s_P22,aggregated,0.5327102803738317,0.432347968990995,0.6611851985342704,0.432347968990995,0.3983126047079535,0.7165467582799921,0.633453573347391,0.5327102803738317,0.4640675243397478,0.7158206263321856,0.9822577277206628
multiclass_table6_arousal_3class,Table-6 Arousal,subject_loo,SVM,SVM,results/quick_v1_v2_comparison/2026-06-03_09-24-45/model_runs/2026-06-03_09-24-48,results/quick_v1_v2_comparison/2026-06-03_09-24-45/model_runs/2026-06-03_09-24-48/multiclass_table6_arousal_3class_emotion-elicitation_2026-06-03_09-25-46,results/quick_v1_v2_comparison/2026-06-03_09-24-45/model_runs/2026-06-03_09-24-48/multiclass_table6_arousal_3class_emotion-elicitation_2026-06-03_09-25-46/subject_loo/fold_metrics.csv,SVM,s_P23,aggregated,0.6666666666666666,0.5648887523887524,0.6289507154846915,0.5648887523887524,0.572085125825627,0.7756811884060578,0.6552379250744591,0.6666666666666666,0.6497331173852845,0.79021540182751,0.8025732559727533
multiclass_table6_arousal_3class,Table-6 Arousal,subject_loo,SVM,SVM,results/quick_v1_v2_comparison/2026-06-03_09-24-45/model_runs/2026-06-03_09-24-48,results/quick_v1_v2_comparison/2026-06-03_09-24-45/model_runs/2026-06-03_09-24-48/multiclass_table6_arousal_3class_emotion-elicitation_2026-06-03_09-25-46,results/quick_v1_v2_comparison/2026-06-03_09-24-45/model_runs/2026-06-03_09-24-48/multiclass_table6_arousal_3class_emotion-elicitation_2026-06-03_09-25-46/subject_loo/fold_metrics.csv,SVM,s_P24,aggregated,0.4848484848484848,0.4333786231884058,0.4888958638487828,0.4333786231884058,0.3573747001837835,0.6347876079865652,0.5825096992705279,0.4848484848484848,0.4398029718467061,0.607492235309216,1.1873466722421375
multiclass_table6_arousal_3class,Table-6 Arousal,subject_loo,SVM,SVM,results/quick_v1_v2_comparison/2026-06-03_09-24-45/model_runs/2026-06-03_09-24-48,results/quick_v1_v2_comparison/2026-06-03_09-24-45/model_runs/2026-06-03_09-24-48/multiclass_table6_arousal_3class_emotion-elicitation_2026-06-03_09-25-46,results/quick_v1_v2_comparison/2026-06-03_09-24-45/model_runs/2026-06-03_09-24-48/multiclass_table6_arousal_3class_emotion-elicitation_2026-06-03_09-25-46/subject_loo/fold_metrics.csv,SVM,s_P27,aggregated,0.5874439461883408,0.495034595034595,0.5212481962481963,0.495034595034595,0.4704630692690394,0.7207062960625042,0.5532438413604334,0.5874439461883408,0.5469127628501165,0.7282533516313935,0.9254264814496452
multiclass_table6_arousal_3class,Table-6 Arousal,subject_loo,SVM,SVM,results/quick_v1_v2_comparison/2026-06-03_09-24-45/model_runs/2026-06-03_09-24-48,results/quick_v1_v2_comparison/2026-06-03_09-24-45/model_runs/2026-06-03_09-24-48/multiclass_table6_arousal_3class_emotion-elicitation_2026-06-03_09-25-46,results/quick_v1_v2_comparison/2026-06-03_09-24-45/model_runs/2026-06-03_09-24-48/multiclass_table6_arousal_3class_emotion-elicitation_2026-06-03_09-25-46/subject_loo/fold_metrics.csv,SVM,s_P28,aggregated,0.5943396226415094,0.4023922091566654,0.4556451612903225,0.4023922091566654,0.3691572136215793,0.7286380937411825,0.5792313349563807,0.5943396226415094,0.5163876996459053,0.741812885109386,0.8478935930708315
multiclass_table6_arousal_3class,Table-6 Arousal,subject_loo,SVM,SVM,results/quick_v1_v2_comparison/2026-06-03_09-24-45/model_runs/2026-06-03_09-24-48,results/quick_v1_v2_comparison/2026-06-03_09-24-45/model_runs/2026-06-03_09-24-48/multiclass_table6_arousal_3class_emotion-elicitation_2026-06-03_09-25-46,results/quick_v1_v2_comparison/2026-06-03_09-24-45/model_runs/2026-06-03_09-24-48/multiclass_table6_arousal_3class_emotion-elicitation_2026-06-03_09-25-46/subject_loo/fold_metrics.csv,SVM,s_P29,aggregated,0.5833333333333334,0.5575376238238398,0.5309058027888968,0.5575376238238398,0.488639241799093,0.7536907865036812,0.6474642276537977,0.5833333333333334,0.5866709257973198,0.7319289229012621,0.906901163592313
multiclass_table6_arousal_3class,Table-6 Arousal,subject_loo,SVM,SVM,results/quick_v1_v2_comparison/2026-06-03_09-24-45/model_runs/2026-06-03_09-24-48,results/quick_v1_v2_comparison/2026-06-03_09-24-45/model_runs/2026-06-03_09-24-48/multiclass_table6_arousal_3class_emotion-elicitation_2026-06-03_09-25-46,results/quick_v1_v2_comparison/2026-06-03_09-24-45/model_runs/2026-06-03_09-24-48/multiclass_table6_arousal_3class_emotion-elicitation_2026-06-03_09-25-46/subject_loo/fold_metrics.csv,SVM,s_P30,aggregated,0.588495575221239,0.4363960460217145,0.3955194132185283,0.4363960460217145,0.4120588406302692,0.6569242563327458,0.5491773784905588,0.588495575221239,0.5643209859391908,0.6795013280734434,0.897989819240402
multiclass_table6_arousal_3class,Table-6 Arousal,subject_loo,SVM,SVM,results/quick_v1_v2_comparison/2026-06-03_09-24-45/model_runs/2026-06-03_09-24-48,results/quick_v1_v2_comparison/2026-06-03_09-24-45/model_runs/2026-06-03_09-24-48/multiclass_table6_arousal_3class_emotion-elicitation_2026-06-03_09-25-46,results/quick_v1_v2_comparison/2026-06-03_09-24-45/model_runs/2026-06-03_09-24-48/multiclass_table6_arousal_3class_emotion-elicitation_2026-06-03_09-25-46/subject_loo/fold_metrics.csv,SVM,s_P4,aggregated,0.5378486055776892,0.4810590884726345,0.5118295582830927,0.4810590884726345,0.4593184904196392,0.675089285437717,0.5224689118528887,0.5378486055776892,0.4985575296932837,0.6816403193388193,1.0176977929513868
multiclass_table6_arousal_3class,Table-6 Arousal,subject_loo,SVM,SVM,results/quick_v1_v2_comparison/2026-06-03_09-24-45/model_runs/2026-06-03_09-24-48,results/quick_v1_v2_comparison/2026-06-03_09-24-45/model_runs/2026-06-03_09-24-48/multiclass_table6_arousal_3class_emotion-elicitation_2026-06-03_09-25-46,results/quick_v1_v2_comparison/2026-06-03_09-24-45/model_runs/2026-06-03_09-24-48/multiclass_table6_arousal_3class_emotion-elicitation_2026-06-03_09-25-46/subject_loo/fold_metrics.csv,SVM,s_P5,aggregated,0.4654545454545454,0.4784563796858879,0.584819232661092,0.4784563796858879,0.425849717264001,0.7010109126949664,0.6124321423780351,0.4654545454545454,0.4441614787522662,0.7069636626000263,1.0828009406549506
multiclass_table6_arousal_3class,Table-6 Arousal,subject_loo,SVM,SVM,results/quick_v1_v2_comparison/2026-06-03_09-24-45/model_runs/2026-06-03_09-24-48,results/quick_v1_v2_comparison/2026-06-03_09-24-45/model_runs/2026-06-03_09-24-48/multiclass_table6_arousal_3class_emotion-elicitation_2026-06-03_09-25-46,results/quick_v1_v2_comparison/2026-06-03_09-24-45/model_runs/2026-06-03_09-24-48/multiclass_table6_arousal_3class_emotion-elicitation_2026-06-03_09-25-46/subject_loo/fold_metrics.csv,SVM,s_P7,aggregated,0.5130434782608696,0.5070803731090813,0.546027846027846,0.5070803731090813,0.4226499754596503,0.7098336371911155,0.6005629740412348,0.5130434782608696,0.466583927486752,0.6838291954522855,1.0125311646395154
multiclass_table6_arousal_3class,Table-6 Arousal,subject_loo,SVM,SVM,results/quick_v1_v2_comparison/2026-06-03_09-24-45/model_runs/2026-06-03_09-24-48,results/quick_v1_v2_comparison/2026-06-03_09-24-45/model_runs/2026-06-03_09-24-48/multiclass_table6_arousal_3class_emotion-elicitation_2026-06-03_09-25-46,results/quick_v1_v2_comparison/2026-06-03_09-24-45/model_runs/2026-06-03_09-24-48/multiclass_table6_arousal_3class_emotion-elicitation_2026-06-03_09-25-46/subject_loo/fold_metrics.csv,SVM,s_P8,aggregated,0.5707762557077626,0.5032570603999176,0.6389198309228252,0.5032570603999176,0.5043561585617661,0.7198040545699342,0.6193416921381489,0.5707762557077626,0.5351585101937169,0.7170412925718085,0.9500559353786114
multiclass_table6_arousal_3class,Table-6 Arousal,subject_loo,MLP,MLP,results/quick_v1_v2_comparison/2026-06-03_09-24-45/model_runs/2026-06-03_09-24-48,results/quick_v1_v2_comparison/2026-06-03_09-24-45/model_runs/2026-06-03_09-24-48/multiclass_table6_arousal_3class_emotion-elicitation_2026-06-03_09-25-46,results/quick_v1_v2_comparison/2026-06-03_09-24-45/model_runs/2026-06-03_09-24-48/multiclass_table6_arousal_3class_emotion-elicitation_2026-06-03_09-25-46/subject_loo/fold_metrics.csv,MLP,s_P1,aggregated,0.4958333333333333,0.4151030791753665,0.6590876692801141,0.4151030791753665,0.3992322291235334,0.6624869299013376,0.5810614160133049,0.4958333333333333,0.4622336525189786,0.646562066893795,1.0849756185295083
multiclass_table6_arousal_3class,Table-6 Arousal,subject_loo,MLP,MLP,results/quick_v1_v2_comparison/2026-06-03_09-24-45/model_runs/2026-06-03_09-24-48,results/quick_v1_v2_comparison/2026-06-03_09-24-45/model_runs/2026-06-03_09-24-48/multiclass_table6_arousal_3class_emotion-elicitation_2026-06-03_09-25-46,results/quick_v1_v2_comparison/2026-06-03_09-24-45/model_runs/2026-06-03_09-24-48/multiclass_table6_arousal_3class_emotion-elicitation_2026-06-03_09-25-46/subject_loo/fold_metrics.csv,MLP,s_P10,aggregated,0.5545851528384279,0.4552944862155388,0.4788405354728993,0.4552944862155388,0.457350579746413,0.6938895968709841,0.5348209146179957,0.5545851528384279,0.5368839773179293,0.6925488838591681,0.9394751565173594
multiclass_table6_arousal_3class,Table-6 Arousal,subject_loo,MLP,MLP,results/quick_v1_v2_comparison/2026-06-03_09-24-45/model_runs/2026-06-03_09-24-48,results/quick_v1_v2_comparison/2026-06-03_09-24-45/model_runs/2026-06-03_09-24-48/multiclass_table6_arousal_3class_emotion-elicitation_2026-06-03_09-25-46,results/quick_v1_v2_comparison/2026-06-03_09-24-45/model_runs/2026-06-03_09-24-48/multiclass_table6_arousal_3class_emotion-elicitation_2026-06-03_09-25-46/subject_loo/fold_metrics.csv,MLP,s_P13,aggregated,0.6440677966101694,0.5095763305322129,0.7623152709359605,0.5095763305322129,0.4778852353320438,0.6937577410046489,0.702194831760875,0.6440677966101694,0.6045154028565496,0.7200063539781968,0.894919452870592
multiclass_table6_arousal_3class,Table-6 Arousal,subject_loo,MLP,MLP,results/quick_v1_v2_comparison/2026-06-03_09-24-45/model_runs/2026-06-03_09-24-48,results/quick_v1_v2_comparison/2026-06-03_09-24-45/model_runs/2026-06-03_09-24-48/multiclass_table6_arousal_3class_emotion-elicitation_2026-06-03_09-25-46,results/quick_v1_v2_comparison/2026-06-03_09-24-45/model_runs/2026-06-03_09-24-48/multiclass_table6_arousal_3class_emotion-elicitation_2026-06-03_09-25-46/subject_loo/fold_metrics.csv,MLP,s_P14,aggregated,0.6682027649769585,0.5732499785678016,0.6106692848960891,0.5732499785678016,0.5785473785473785,0.7502262366220677,0.6550778342597431,0.6682027649769585,0.6551692035563004,0.7639979467237371,0.8322937608641036
multiclass_table6_arousal_3class,Table-6 Arousal,subject_loo,MLP,MLP,results/quick_v1_v2_comparison/2026-06-03_09-24-45/model_runs/2026-06-03_09-24-48,results/quick_v1_v2_comparison/2026-06-03_09-24-45/model_runs/2026-06-03_09-24-48/multiclass_table6_arousal_3class_emotion-elicitation_2026-06-03_09-25-46,results/quick_v1_v2_comparison/2026-06-03_09-24-45/model_runs/2026-06-03_09-24-48/multiclass_table6_arousal_3class_emotion-elicitation_2026-06-03_09-25-46/subject_loo/fold_metrics.csv,MLP,s_P16,aggregated,0.6010362694300518,0.5085454072339318,0.5430184194890078,0.5085454072339318,0.5033882783882784,0.7042276354250064,0.6426717648906006,0.6010362694300518,0.6074168706940728,0.7129872345807068,0.92601240627483
multiclass_table6_arousal_3class,Table-6 Arousal,subject_loo,MLP,MLP,results/quick_v1_v2_comparison/2026-06-03_09-24-45/model_runs/2026-06-03_09-24-48,results/quick_v1_v2_comparison/2026-06-03_09-24-45/model_runs/2026-06-03_09-24-48/multiclass_table6_arousal_3class_emotion-elicitation_2026-06-03_09-25-46,results/quick_v1_v2_comparison/2026-06-03_09-24-45/model_runs/2026-06-03_09-24-48/multiclass_table6_arousal_3class_emotion-elicitation_2026-06-03_09-25-46/subject_loo/fold_metrics.csv,MLP,s_P17,aggregated,0.5481171548117155,0.5038634713144517,0.5658110989753992,0.5038634713144517,0.5067982748655018,0.6964533291546974,0.5576312664395191,0.5481171548117155,0.5288057761458836,0.7010439283579767,0.9725844270517584
multiclass_table6_arousal_3class,Table-6 Arousal,subject_loo,MLP,MLP,results/quick_v1_v2_comparison/2026-06-03_09-24-45/model_runs/2026-06-03_09-24-48,results/quick_v1_v2_comparison/2026-06-03_09-24-45/model_runs/2026-06-03_09-24-48/multiclass_table6_arousal_3class_emotion-elicitation_2026-06-03_09-25-46,results/quick_v1_v2_comparison/2026-06-03_09-24-45/model_runs/2026-06-03_09-24-48/multiclass_table6_arousal_3class_emotion-elicitation_2026-06-03_09-25-46/subject_loo/fold_metrics.csv,MLP,s_P18,aggregated,0.6403508771929824,0.5332482120456804,0.7534034074192943,0.5332482120456804,0.5194417571681258,0.7752871646344867,0.6970186136930225,0.6403508771929824,0.6058773785473032,0.7756481065606592,0.8505785182296282
multiclass_table6_arousal_3class,Table-6 Arousal,subject_loo,MLP,MLP,results/quick_v1_v2_comparison/2026-06-03_09-24-45/model_runs/2026-06-03_09-24-48,results/quick_v1_v2_comparison/2026-06-03_09-24-45/model_runs/2026-06-03_09-24-48/multiclass_table6_arousal_3class_emotion-elicitation_2026-06-03_09-25-46,results/quick_v1_v2_comparison/2026-06-03_09-24-45/model_runs/2026-06-03_09-24-48/multiclass_table6_arousal_3class_emotion-elicitation_2026-06-03_09-25-46/subject_loo/fold_metrics.csv,MLP,s_P19,aggregated,0.5021834061135371,0.4526691544253461,0.5303099017384731,0.4526691544253461,0.4069875501534103,0.6588071681152486,0.5261998831555913,0.5021834061135371,0.4464598172370044,0.6644747281145945,1.051052487123176
multiclass_table6_arousal_3class,Table-6 Arousal,subject_loo,MLP,MLP,results/quick_v1_v2_comparison/2026-06-03_09-24-45/model_runs/2026-06-03_09-24-48,results/quick_v1_v2_comparison/2026-06-03_09-24-45/model_runs/2026-06-03_09-24-48/multiclass_table6_arousal_3class_emotion-elicitation_2026-06-03_09-25-46,results/quick_v1_v2_comparison/2026-06-03_09-24-45/model_runs/2026-06-03_09-24-48/multiclass_table6_arousal_3class_emotion-elicitation_2026-06-03_09-25-46/subject_loo/fold_metrics.csv,MLP,s_P2,aggregated,0.5186721991701245,0.4632307502162896,0.6685714285714286,0.4632307502162896,0.3959028183529717,0.6254261809108546,0.6489745109662123,0.5186721991701245,0.4512324134313926,0.6320869350734795,1.0658367747617363
multiclass_table6_arousal_3class,Table-6 Arousal,subject_loo,MLP,MLP,results/quick_v1_v2_comparison/2026-06-03_09-24-45/model_runs/2026-06-03_09-24-48,results/quick_v1_v2_comparison/2026-06-03_09-24-45/model_runs/2026-06-03_09-24-48/multiclass_table6_arousal_3class_emotion-elicitation_2026-06-03_09-25-46,results/quick_v1_v2_comparison/2026-06-03_09-24-45/model_runs/2026-06-03_09-24-48/multiclass_table6_arousal_3class_emotion-elicitation_2026-06-03_09-25-46/subject_loo/fold_metrics.csv,MLP,s_P20,aggregated,0.4292035398230088,0.3437849944008959,0.3781256794955425,0.3437849944008959,0.2286328802021341,0.6802233076878396,0.4749810943895075,0.4292035398230088,0.285719077135788,0.6877188697596722,1.0125814107704338
multiclass_table6_arousal_3class,Table-6 Arousal,subject_loo,MLP,MLP,results/quick_v1_v2_comparison/2026-06-03_09-24-45/model_runs/2026-06-03_09-24-48,results/quick_v1_v2_comparison/2026-06-03_09-24-45/model_runs/2026-06-03_09-24-48/multiclass_table6_arousal_3class_emotion-elicitation_2026-06-03_09-25-46,results/quick_v1_v2_comparison/2026-06-03_09-24-45/model_runs/2026-06-03_09-24-48/multiclass_table6_arousal_3class_emotion-elicitation_2026-06-03_09-25-46/subject_loo/fold_metrics.csv,MLP,s_P21,aggregated,0.5114155251141552,0.3879674796747968,0.3938779273464872,0.3879674796747968,0.3338251143129191,0.6449933501956249,0.4828748178104926,0.5114155251141552,0.4276760173853391,0.6630761185893909,1.0038496072332563
multiclass_table6_arousal_3class,Table-6 Arousal,subject_loo,MLP,MLP,results/quick_v1_v2_comparison/2026-06-03_09-24-45/model_runs/2026-06-03_09-24-48,results/quick_v1_v2_comparison/2026-06-03_09-24-45/model_runs/2026-06-03_09-24-48/multiclass_table6_arousal_3class_emotion-elicitation_2026-06-03_09-25-46,results/quick_v1_v2_comparison/2026-06-03_09-24-45/model_runs/2026-06-03_09-24-48/multiclass_table6_arousal_3class_emotion-elicitation_2026-06-03_09-25-46/subject_loo/fold_metrics.csv,MLP,s_P22,aggregated,0.4626168224299065,0.3544785920672446,0.4354727398205658,0.3544785920672446,0.2514346118997282,0.7156241914873868,0.5217778293763665,0.4626168224299065,0.3230459499205423,0.7303752957159254,0.9853100879156248
multiclass_table6_arousal_3class,Table-6 Arousal,subject_loo,MLP,MLP,results/quick_v1_v2_comparison/2026-06-03_09-24-45/model_runs/2026-06-03_09-24-48,results/quick_v1_v2_comparison/2026-06-03_09-24-45/model_runs/2026-06-03_09-24-48/multiclass_table6_arousal_3class_emotion-elicitation_2026-06-03_09-25-46,results/quick_v1_v2_comparison/2026-06-03_09-24-45/model_runs/2026-06-03_09-24-48/multiclass_table6_arousal_3class_emotion-elicitation_2026-06-03_09-25-46/subject_loo/fold_metrics.csv,MLP,s_P23,aggregated,0.5875,0.4539226726726726,0.3912154785961489,0.4539226726726726,0.4202216771876214,0.6897885466423236,0.5068601491185284,0.5875,0.5441819790117004,0.7068777969703779,0.9237542965846812
multiclass_table6_arousal_3class,Table-6 Arousal,subject_loo,MLP,MLP,results/quick_v1_v2_comparison/2026-06-03_09-24-45/model_runs/2026-06-03_09-24-48,results/quick_v1_v2_comparison/2026-06-03_09-24-45/model_runs/2026-06-03_09-24-48/multiclass_table6_arousal_3class_emotion-elicitation_2026-06-03_09-25-46,results/quick_v1_v2_comparison/2026-06-03_09-24-45/model_runs/2026-06-03_09-24-48/multiclass_table6_arousal_3class_emotion-elicitation_2026-06-03_09-25-46/subject_loo/fold_metrics.csv,MLP,s_P24,aggregated,0.5670995670995671,0.3592844202898551,0.5789341377576672,0.3592844202898551,0.2954222165762527,0.5991071065055289,0.6788342376577671,0.5670995670995671,0.4399537804480851,0.574411711009152,1.3290556835851972
multiclass_table6_arousal_3class,Table-6 Arousal,subject_loo,MLP,MLP,results/quick_v1_v2_comparison/2026-06-03_09-24-45/model_runs/2026-06-03_09-24-48,results/quick_v1_v2_comparison/2026-06-03_09-24-45/model_runs/2026-06-03_09-24-48/multiclass_table6_arousal_3class_emotion-elicitation_2026-06-03_09-25-46,results/quick_v1_v2_comparison/2026-06-03_09-24-45/model_runs/2026-06-03_09-24-48/multiclass_table6_arousal_3class_emotion-elicitation_2026-06-03_09-25-46/subject_loo/fold_metrics.csv,MLP,s_P27,aggregated,0.5964125560538116,0.4895400895400896,0.3968990985120017,0.4895400895400896,0.437143677453755,0.728916665060893,0.4832627592283313,0.5964125560538116,0.5324056830991861,0.7323519268832656,1.0154815970894486
multiclass_table6_arousal_3class,Table-6 Arousal,subject_loo,MLP,MLP,results/quick_v1_v2_comparison/2026-06-03_09-24-45/model_runs/2026-06-03_09-24-48,results/quick_v1_v2_comparison/2026-06-03_09-24-45/model_runs/2026-06-03_09-24-48/multiclass_table6_arousal_3class_emotion-elicitation_2026-06-03_09-25-46,results/quick_v1_v2_comparison/2026-06-03_09-24-45/model_runs/2026-06-03_09-24-48/multiclass_table6_arousal_3class_emotion-elicitation_2026-06-03_09-25-46/subject_loo/fold_metrics.csv,MLP,s_P28,aggregated,0.6132075471698113,0.4255061219541762,0.4457142857142857,0.4255061219541762,0.4012345679012346,0.7048364663860706,0.5725606469002695,0.6132075471698113,0.5507512229210343,0.7185100644101551,0.8668209737873379
multiclass_table6_arousal_3class,Table-6 Arousal,subject_loo,MLP,MLP,results/quick_v1_v2_comparison/2026-06-03_09-24-45/model_runs/2026-06-03_09-24-48,results/quick_v1_v2_comparison/2026-06-03_09-24-45/model_runs/2026-06-03_09-24-48/multiclass_table6_arousal_3class_emotion-elicitation_2026-06-03_09-25-46,results/quick_v1_v2_comparison/2026-06-03_09-24-45/model_runs/2026-06-03_09-24-48/multiclass_table6_arousal_3class_emotion-elicitation_2026-06-03_09-25-46/subject_loo/fold_metrics.csv,MLP,s_P29,aggregated,0.5324074074074074,0.5835240020929221,0.5260277196228313,0.5835240020929221,0.4796206426237828,0.7378852503886874,0.6836002938402642,0.5324074074074074,0.5760018749361218,0.7339148919347872,1.014497355265494
multiclass_table6_arousal_3class,Table-6 Arousal,subject_loo,MLP,MLP,results/quick_v1_v2_comparison/2026-06-03_09-24-45/model_runs/2026-06-03_09-24-48,results/quick_v1_v2_comparison/2026-06-03_09-24-45/model_runs/2026-06-03_09-24-48/multiclass_table6_arousal_3class_emotion-elicitation_2026-06-03_09-25-46,results/quick_v1_v2_comparison/2026-06-03_09-24-45/model_runs/2026-06-03_09-24-48/multiclass_table6_arousal_3class_emotion-elicitation_2026-06-03_09-25-46/subject_loo/fold_metrics.csv,MLP,s_P30,aggregated,0.6327433628318584,0.4569437692432345,0.4170452087389142,0.4569437692432345,0.436069569070566,0.6885545810628962,0.576358300839014,0.6327433628318584,0.6032174861845143,0.7152921435139327,0.8568950576378995
multiclass_table6_arousal_3class,Table-6 Arousal,subject_loo,MLP,MLP,results/quick_v1_v2_comparison/2026-06-03_09-24-45/model_runs/2026-06-03_09-24-48,results/quick_v1_v2_comparison/2026-06-03_09-24-45/model_runs/2026-06-03_09-24-48/multiclass_table6_arousal_3class_emotion-elicitation_2026-06-03_09-25-46,results/quick_v1_v2_comparison/2026-06-03_09-24-45/model_runs/2026-06-03_09-24-48/multiclass_table6_arousal_3class_emotion-elicitation_2026-06-03_09-25-46/subject_loo/fold_metrics.csv,MLP,s_P4,aggregated,0.545816733067729,0.4818847672031139,0.5492548761779531,0.4818847672031139,0.4506047879334212,0.6446198229082026,0.5517830060428895,0.545816733067729,0.4942769915476516,0.6609820164921967,1.024582672800497
multiclass_table6_arousal_3class,Table-6 Arousal,subject_loo,MLP,MLP,results/quick_v1_v2_comparison/2026-06-03_09-24-45/model_runs/2026-06-03_09-24-48,results/quick_v1_v2_comparison/2026-06-03_09-24-45/model_runs/2026-06-03_09-24-48/multiclass_table6_arousal_3class_emotion-elicitation_2026-06-03_09-25-46,results/quick_v1_v2_comparison/2026-06-03_09-24-45/model_runs/2026-06-03_09-24-48/multiclass_table6_arousal_3class_emotion-elicitation_2026-06-03_09-25-46/subject_loo/fold_metrics.csv,MLP,s_P5,aggregated,0.3709090909090909,0.4104665825977301,0.2918496512529062,0.4104665825977301,0.2963725434132022,0.5718952395931444,0.3302620887250181,0.3709090909090909,0.3070885904853995,0.5798752073832286,1.2050035228875973
multiclass_table6_arousal_3class,Table-6 Arousal,subject_loo,MLP,MLP,results/quick_v1_v2_comparison/2026-06-03_09-24-45/model_runs/2026-06-03_09-24-48,results/quick_v1_v2_comparison/2026-06-03_09-24-45/model_runs/2026-06-03_09-24-48/multiclass_table6_arousal_3class_emotion-elicitation_2026-06-03_09-25-46,results/quick_v1_v2_comparison/2026-06-03_09-24-45/model_runs/2026-06-03_09-24-48/multiclass_table6_arousal_3class_emotion-elicitation_2026-06-03_09-25-46/subject_loo/fold_metrics.csv,MLP,s_P7,aggregated,0.5217391304347826,0.426078971533517,0.3123622006870737,0.426078971533517,0.3556317895940537,0.6034023925348783,0.3422644007945266,0.5217391304347826,0.4105550998085863,0.5664978774048,1.0901959792318423
multiclass_table6_arousal_3class,Table-6 Arousal,subject_loo,MLP,MLP,results/quick_v1_v2_comparison/2026-06-03_09-24-45/model_runs/2026-06-03_09-24-48,results/quick_v1_v2_comparison/2026-06-03_09-24-45/model_runs/2026-06-03_09-24-48/multiclass_table6_arousal_3class_emotion-elicitation_2026-06-03_09-25-46,results/quick_v1_v2_comparison/2026-06-03_09-24-45/model_runs/2026-06-03_09-24-48/multiclass_table6_arousal_3class_emotion-elicitation_2026-06-03_09-25-46/subject_loo/fold_metrics.csv,MLP,s_P8,aggregated,0.5159817351598174,0.4421768707482993,0.5339351851851852,0.4421768707482993,0.4165580727078321,0.6658598506257304,0.5288039066463724,0.5159817351598174,0.4605149390500672,0.669269049594086,0.9903467374983668
multiclass_table6_arousal_3class,Table-6 Arousal,subject_loo,GazeMAE_MLP,GazeMAE_MLP,results/quick_v1_v2_comparison/2026-06-03_09-24-45/model_runs/2026-06-03_09-24-48,results/quick_v1_v2_comparison/2026-06-03_09-24-45/model_runs/2026-06-03_09-24-48/multiclass_table6_arousal_3class_emotion-elicitation_2026-06-03_09-25-46,results/quick_v1_v2_comparison/2026-06-03_09-24-45/model_runs/2026-06-03_09-24-48/multiclass_table6_arousal_3class_emotion-elicitation_2026-06-03_09-25-46/subject_loo/fold_metrics.csv,GazeMAE_MLP,s_P1,aggregated,0.5416666666666666,0.4657066743466052,0.6061501300631735,0.4657066743466052,0.4634715986851361,0.6815960092120023,0.5737562709030101,0.5416666666666666,0.5169720399575355,0.6729123826411666,1.0522327905588649
multiclass_table6_arousal_3class,Table-6 Arousal,subject_loo,GazeMAE_MLP,GazeMAE_MLP,results/quick_v1_v2_comparison/2026-06-03_09-24-45/model_runs/2026-06-03_09-24-48,results/quick_v1_v2_comparison/2026-06-03_09-24-45/model_runs/2026-06-03_09-24-48/multiclass_table6_arousal_3class_emotion-elicitation_2026-06-03_09-25-46,results/quick_v1_v2_comparison/2026-06-03_09-24-45/model_runs/2026-06-03_09-24-48/multiclass_table6_arousal_3class_emotion-elicitation_2026-06-03_09-25-46/subject_loo/fold_metrics.csv,GazeMAE_MLP,s_P10,aggregated,0.5938864628820961,0.4915517961570593,0.5138471177944862,0.4915517961570593,0.4908486809028605,0.6768792349733616,0.5686603243917654,0.5938864628820961,0.5744762130582834,0.6960571213651272,0.9349364282101564
multiclass_table6_arousal_3class,Table-6 Arousal,subject_loo,GazeMAE_MLP,GazeMAE_MLP,results/quick_v1_v2_comparison/2026-06-03_09-24-45/model_runs/2026-06-03_09-24-48,results/quick_v1_v2_comparison/2026-06-03_09-24-45/model_runs/2026-06-03_09-24-48/multiclass_table6_arousal_3class_emotion-elicitation_2026-06-03_09-25-46,results/quick_v1_v2_comparison/2026-06-03_09-24-45/model_runs/2026-06-03_09-24-48/multiclass_table6_arousal_3class_emotion-elicitation_2026-06-03_09-25-46/subject_loo/fold_metrics.csv,GazeMAE_MLP,s_P13,aggregated,0.5932203389830508,0.4974614845938376,0.5266055223389641,0.4974614845938376,0.4937027061690394,0.7219851852624788,0.5897780189355888,0.5932203389830508,0.5802492484071449,0.7169234111499205,0.937700686590316
multiclass_table6_arousal_3class,Table-6 Arousal,subject_loo,GazeMAE_MLP,GazeMAE_MLP,results/quick_v1_v2_comparison/2026-06-03_09-24-45/model_runs/2026-06-03_09-24-48,results/quick_v1_v2_comparison/2026-06-03_09-24-45/model_runs/2026-06-03_09-24-48/multiclass_table6_arousal_3class_emotion-elicitation_2026-06-03_09-25-46,results/quick_v1_v2_comparison/2026-06-03_09-24-45/model_runs/2026-06-03_09-24-48/multiclass_table6_arousal_3class_emotion-elicitation_2026-06-03_09-25-46/subject_loo/fold_metrics.csv,GazeMAE_MLP,s_P14,aggregated,0.6082949308755761,0.4585962899215912,0.4155574986236601,0.4585962899215912,0.431207004377736,0.7088835089934142,0.5379549700682447,0.6082949308755761,0.5648562033298461,0.7436477843578043,0.8749752061599454
multiclass_table6_arousal_3class,Table-6 Arousal,subject_loo,GazeMAE_MLP,GazeMAE_MLP,results/quick_v1_v2_comparison/2026-06-03_09-24-45/model_runs/2026-06-03_09-24-48,results/quick_v1_v2_comparison/2026-06-03_09-24-45/model_runs/2026-06-03_09-24-48/multiclass_table6_arousal_3class_emotion-elicitation_2026-06-03_09-25-46,results/quick_v1_v2_comparison/2026-06-03_09-24-45/model_runs/2026-06-03_09-24-48/multiclass_table6_arousal_3class_emotion-elicitation_2026-06-03_09-25-46/subject_loo/fold_metrics.csv,GazeMAE_MLP,s_P16,aggregated,0.5803108808290155,0.5225604996096799,0.5173352986413741,0.5225604996096799,0.502682507068472,0.7149739728780501,0.6275040078736288,0.5803108808290155,0.5872036476072473,0.6982865584678292,0.986067869260293
multiclass_table6_arousal_3class,Table-6 Arousal,subject_loo,GazeMAE_MLP,GazeMAE_MLP,results/quick_v1_v2_comparison/2026-06-03_09-24-45/model_runs/2026-06-03_09-24-48,results/quick_v1_v2_comparison/2026-06-03_09-24-45/model_runs/2026-06-03_09-24-48/multiclass_table6_arousal_3class_emotion-elicitation_2026-06-03_09-25-46,results/quick_v1_v2_comparison/2026-06-03_09-24-45/model_runs/2026-06-03_09-24-48/multiclass_table6_arousal_3class_emotion-elicitation_2026-06-03_09-25-46/subject_loo/fold_metrics.csv,GazeMAE_MLP,s_P17,aggregated,0.5313807531380753,0.4674291938997821,0.5346320346320347,0.4674291938997821,0.4471357640432785,0.6665614231166495,0.5332962017062435,0.5313807531380753,0.4923495519161468,0.6712236354450617,1.056429238654682
multiclass_table6_arousal_3class,Table-6 Arousal,subject_loo,GazeMAE_MLP,GazeMAE_MLP,results/quick_v1_v2_comparison/2026-06-03_09-24-45/model_runs/2026-06-03_09-24-48,results/quick_v1_v2_comparison/2026-06-03_09-24-45/model_runs/2026-06-03_09-24-48/multiclass_table6_arousal_3class_emotion-elicitation_2026-06-03_09-25-46,results/quick_v1_v2_comparison/2026-06-03_09-24-45/model_runs/2026-06-03_09-24-48/multiclass_table6_arousal_3class_emotion-elicitation_2026-06-03_09-25-46/subject_loo/fold_metrics.csv,GazeMAE_MLP,s_P18,aggregated,0.6228070175438597,0.523463336754476,0.5567368032484312,0.523463336754476,0.5219671587566097,0.7493806589151136,0.5992762915039538,0.6228070175438597,0.6009563960991323,0.7560055138810298,0.8620350699099469
multiclass_table6_arousal_3class,Table-6 Arousal,subject_loo,GazeMAE_MLP,GazeMAE_MLP,results/quick_v1_v2_comparison/2026-06-03_09-24-45/model_runs/2026-06-03_09-24-48,results/quick_v1_v2_comparison/2026-06-03_09-24-45/model_runs/2026-06-03_09-24-48/multiclass_table6_arousal_3class_emotion-elicitation_2026-06-03_09-25-46,results/quick_v1_v2_comparison/2026-06-03_09-24-45/model_runs/2026-06-03_09-24-48/multiclass_table6_arousal_3class_emotion-elicitation_2026-06-03_09-25-46/subject_loo/fold_metrics.csv,GazeMAE_MLP,s_P19,aggregated,0.5109170305676856,0.4506425646095184,0.3380032206119163,0.4506425646095184,0.3857981986685811,0.6615833017288796,0.3794422293947641,0.5109170305676856,0.4349550180150242,0.6729078311020258,1.017208801096972
multiclass_table6_arousal_3class,Table-6 Arousal,subject_loo,GazeMAE_MLP,GazeMAE_MLP,results/quick_v1_v2_comparison/2026-06-03_09-24-45/model_runs/2026-06-03_09-24-48,results/quick_v1_v2_comparison/2026-06-03_09-24-45/model_runs/2026-06-03_09-24-48/multiclass_table6_arousal_3class_emotion-elicitation_2026-06-03_09-25-46,results/quick_v1_v2_comparison/2026-06-03_09-24-45/model_runs/2026-06-03_09-24-48/multiclass_table6_arousal_3class_emotion-elicitation_2026-06-03_09-25-46/subject_loo/fold_metrics.csv,GazeMAE_MLP,s_P2,aggregated,0.4771784232365145,0.4443355639128719,0.565339695200114,0.4443355639128719,0.3852073852073852,0.6600934880469336,0.5669774907642218,0.4771784232365145,0.4295298984095665,0.6604992953272815,1.113864885977308
multiclass_table6_arousal_3class,Table-6 Arousal,subject_loo,GazeMAE_MLP,GazeMAE_MLP,results/quick_v1_v2_comparison/2026-06-03_09-24-45/model_runs/2026-06-03_09-24-48,results/quick_v1_v2_comparison/2026-06-03_09-24-45/model_runs/2026-06-03_09-24-48/multiclass_table6_arousal_3class_emotion-elicitation_2026-06-03_09-25-46,results/quick_v1_v2_comparison/2026-06-03_09-24-45/model_runs/2026-06-03_09-24-48/multiclass_table6_arousal_3class_emotion-elicitation_2026-06-03_09-25-46/subject_loo/fold_metrics.csv,GazeMAE_MLP,s_P20,aggregated,0.6194690265486725,0.5104536787627493,0.6627868852459017,0.5104536787627493,0.4928925485836055,0.7040257230046203,0.6406898302625852,0.6194690265486725,0.5810205554971365,0.7356118736835483,0.9588813338399728
multiclass_table6_arousal_3class,Table-6 Arousal,subject_loo,GazeMAE_MLP,GazeMAE_MLP,results/quick_v1_v2_comparison/2026-06-03_09-24-45/model_runs/2026-06-03_09-24-48,results/quick_v1_v2_comparison/2026-06-03_09-24-45/model_runs/2026-06-03_09-24-48/multiclass_table6_arousal_3class_emotion-elicitation_2026-06-03_09-25-46,results/quick_v1_v2_comparison/2026-06-03_09-24-45/model_runs/2026-06-03_09-24-48/multiclass_table6_arousal_3class_emotion-elicitation_2026-06-03_09-25-46/subject_loo/fold_metrics.csv,GazeMAE_MLP,s_P21,aggregated,0.6118721461187214,0.4962447813667325,0.7397306397306398,0.4962447813667325,0.4598162071846282,0.7351356979973889,0.6799963101332964,0.6118721461187214,0.5628340257035281,0.7546261426432234,0.8818981736187109
multiclass_table6_arousal_3class,Table-6 Arousal,subject_loo,GazeMAE_MLP,GazeMAE_MLP,results/quick_v1_v2_comparison/2026-06-03_09-24-45/model_runs/2026-06-03_09-24-48,results/quick_v1_v2_comparison/2026-06-03_09-24-45/model_runs/2026-06-03_09-24-48/multiclass_table6_arousal_3class_emotion-elicitation_2026-06-03_09-25-46,results/quick_v1_v2_comparison/2026-06-03_09-24-45/model_runs/2026-06-03_09-24-48/multiclass_table6_arousal_3class_emotion-elicitation_2026-06-03_09-25-46/subject_loo/fold_metrics.csv,GazeMAE_MLP,s_P22,aggregated,0.5,0.3935395661163983,0.5211031505465233,0.3935395661163983,0.3326968584251326,0.6393573787928024,0.5712790655750792,0.5,0.407020441780391,0.6437425924624645,1.0815885402583514
multiclass_table6_arousal_3class,Table-6 Arousal,subject_loo,GazeMAE_MLP,GazeMAE_MLP,results/quick_v1_v2_comparison/2026-06-03_09-24-45/model_runs/2026-06-03_09-24-48,results/quick_v1_v2_comparison/2026-06-03_09-24-45/model_runs/2026-06-03_09-24-48/multiclass_table6_arousal_3class_emotion-elicitation_2026-06-03_09-25-46,results/quick_v1_v2_comparison/2026-06-03_09-24-45/model_runs/2026-06-03_09-24-48/multiclass_table6_arousal_3class_emotion-elicitation_2026-06-03_09-25-46/subject_loo/fold_metrics.csv,GazeMAE_MLP,s_P23,aggregated,0.6333333333333333,0.5143495768495768,0.631277620537266,0.5143495768495768,0.5022828237194625,0.7347437769726172,0.6453137568896172,0.6333333333333333,0.6037561348748384,0.7646588749391454,0.8443163318309973
multiclass_table6_arousal_3class,Table-6 Arousal,subject_loo,GazeMAE_MLP,GazeMAE_MLP,results/quick_v1_v2_comparison/2026-06-03_09-24-45/model_runs/2026-06-03_09-24-48,results/quick_v1_v2_comparison/2026-06-03_09-24-45/model_runs/2026-06-03_09-24-48/multiclass_table6_arousal_3class_emotion-elicitation_2026-06-03_09-25-46,results/quick_v1_v2_comparison/2026-06-03_09-24-45/model_runs/2026-06-03_09-24-48/multiclass_table6_arousal_3class_emotion-elicitation_2026-06-03_09-25-46/subject_loo/fold_metrics.csv,GazeMAE_MLP,s_P24,aggregated,0.5670995670995671,0.368659420289855,0.456801019907816,0.368659420289855,0.330521460849041,0.621625661751693,0.5133913845299547,0.5670995670995671,0.4737296674598542,0.6539262512065186,0.9226079631837124
multiclass_table6_arousal_3class,Table-6 Arousal,subject_loo,GazeMAE_MLP,GazeMAE_MLP,results/quick_v1_v2_comparison/2026-06-03_09-24-45/model_runs/2026-06-03_09-24-48,results/quick_v1_v2_comparison/2026-06-03_09-24-45/model_runs/2026-06-03_09-24-48/multiclass_table6_arousal_3class_emotion-elicitation_2026-06-03_09-25-46,results/quick_v1_v2_comparison/2026-06-03_09-24-45/model_runs/2026-06-03_09-24-48/multiclass_table6_arousal_3class_emotion-elicitation_2026-06-03_09-25-46/subject_loo/fold_metrics.csv,GazeMAE_MLP,s_P27,aggregated,0.5919282511210763,0.5035816035816035,0.5325860948667966,0.5035816035816035,0.4852398905891919,0.7285367653788706,0.576331523876957,0.5919282511210763,0.5585755245861044,0.752493238804308,0.9121347048692934
multiclass_table6_arousal_3class,Table-6 Arousal,subject_loo,GazeMAE_MLP,GazeMAE_MLP,results/quick_v1_v2_comparison/2026-06-03_09-24-45/model_runs/2026-06-03_09-24-48,results/quick_v1_v2_comparison/2026-06-03_09-24-45/model_runs/2026-06-03_09-24-48/multiclass_table6_arousal_3class_emotion-elicitation_2026-06-03_09-25-46,results/quick_v1_v2_comparison/2026-06-03_09-24-45/model_runs/2026-06-03_09-24-48/multiclass_table6_arousal_3class_emotion-elicitation_2026-06-03_09-25-46/subject_loo/fold_metrics.csv,GazeMAE_MLP,s_P28,aggregated,0.5943396226415094,0.4526718079269904,0.5584275453344928,0.4526718079269904,0.4381034553597107,0.7076649517590129,0.5826814002629003,0.5943396226415094,0.5620042024330856,0.7051240432984218,0.8696200560824736
multiclass_table6_arousal_3class,Table-6 Arousal,subject_loo,GazeMAE_MLP,GazeMAE_MLP,results/quick_v1_v2_comparison/2026-06-03_09-24-45/model_runs/2026-06-03_09-24-48,results/quick_v1_v2_comparison/2026-06-03_09-24-45/model_runs/2026-06-03_09-24-48/multiclass_table6_arousal_3class_emotion-elicitation_2026-06-03_09-25-46,results/quick_v1_v2_comparison/2026-06-03_09-24-45/model_runs/2026-06-03_09-24-48/multiclass_table6_arousal_3class_emotion-elicitation_2026-06-03_09-25-46/subject_loo/fold_metrics.csv,GazeMAE_MLP,s_P29,aggregated,0.6574074074074074,0.5272944546430061,0.5440148659126761,0.5272944546430061,0.5345104722727939,0.7797913306497565,0.6498076774536629,0.6574074074074074,0.6531690941742107,0.763770072055768,0.7564752249338648
multiclass_table6_arousal_3class,Table-6 Arousal,subject_loo,GazeMAE_MLP,GazeMAE_MLP,results/quick_v1_v2_comparison/2026-06-03_09-24-45/model_runs/2026-06-03_09-24-48,results/quick_v1_v2_comparison/2026-06-03_09-24-45/model_runs/2026-06-03_09-24-48/multiclass_table6_arousal_3class_emotion-elicitation_2026-06-03_09-25-46,results/quick_v1_v2_comparison/2026-06-03_09-24-45/model_runs/2026-06-03_09-24-48/multiclass_table6_arousal_3class_emotion-elicitation_2026-06-03_09-25-46/subject_loo/fold_metrics.csv,GazeMAE_MLP,s_P30,aggregated,0.5707964601769911,0.3728731161886242,0.3964521452145215,0.3728731161886242,0.3270372369131138,0.6274519631369876,0.5372218084640322,0.5707964601769911,0.4814436288439221,0.6804294865818576,0.9124044219435992
multiclass_table6_arousal_3class,Table-6 Arousal,subject_loo,GazeMAE_MLP,GazeMAE_MLP,results/quick_v1_v2_comparison/2026-06-03_09-24-45/model_runs/2026-06-03_09-24-48,results/quick_v1_v2_comparison/2026-06-03_09-24-45/model_runs/2026-06-03_09-24-48/multiclass_table6_arousal_3class_emotion-elicitation_2026-06-03_09-25-46,results/quick_v1_v2_comparison/2026-06-03_09-24-45/model_runs/2026-06-03_09-24-48/multiclass_table6_arousal_3class_emotion-elicitation_2026-06-03_09-25-46/subject_loo/fold_metrics.csv,GazeMAE_MLP,s_P4,aggregated,0.5139442231075697,0.4808102872008211,0.5024216524216524,0.4808102872008211,0.4758942628052576,0.6730540370199303,0.5073330609187183,0.5139442231075697,0.4983311946808745,0.6772771523626896,1.0474901938430716
multiclass_table6_arousal_3class,Table-6 Arousal,subject_loo,GazeMAE_MLP,GazeMAE_MLP,results/quick_v1_v2_comparison/2026-06-03_09-24-45/model_runs/2026-06-03_09-24-48,results/quick_v1_v2_comparison/2026-06-03_09-24-45/model_runs/2026-06-03_09-24-48/multiclass_table6_arousal_3class_emotion-elicitation_2026-06-03_09-25-46,results/quick_v1_v2_comparison/2026-06-03_09-24-45/model_runs/2026-06-03_09-24-48/multiclass_table6_arousal_3class_emotion-elicitation_2026-06-03_09-25-46/subject_loo/fold_metrics.csv,GazeMAE_MLP,s_P5,aggregated,0.4509090909090909,0.4345532882418129,0.4620277468103555,0.4345532882418129,0.3941447785770395,0.6387758278592854,0.505209418600723,0.4509090909090909,0.4304493582692976,0.660970746425292,1.1356753120532606
multiclass_table6_arousal_3class,Table-6 Arousal,subject_loo,GazeMAE_MLP,GazeMAE_MLP,results/quick_v1_v2_comparison/2026-06-03_09-24-45/model_runs/2026-06-03_09-24-48,results/quick_v1_v2_comparison/2026-06-03_09-24-45/model_runs/2026-06-03_09-24-48/multiclass_table6_arousal_3class_emotion-elicitation_2026-06-03_09-25-46,results/quick_v1_v2_comparison/2026-06-03_09-24-45/model_runs/2026-06-03_09-24-48/multiclass_table6_arousal_3class_emotion-elicitation_2026-06-03_09-25-46/subject_loo/fold_metrics.csv,GazeMAE_MLP,s_P7,aggregated,0.3434782608695652,0.4159779614325069,0.2839317545199898,0.4159779614325069,0.2718583686325622,0.584226517953183,0.3805991962002192,0.3434782608695652,0.3179834813775908,0.5888550176717926,4.241588631497353
multiclass_table6_arousal_3class,Table-6 Arousal,subject_loo,GazeMAE_MLP,GazeMAE_MLP,results/quick_v1_v2_comparison/2026-06-03_09-24-45/model_runs/2026-06-03_09-24-48,results/quick_v1_v2_comparison/2026-06-03_09-24-45/model_runs/2026-06-03_09-24-48/multiclass_table6_arousal_3class_emotion-elicitation_2026-06-03_09-25-46,results/quick_v1_v2_comparison/2026-06-03_09-24-45/model_runs/2026-06-03_09-24-48/multiclass_table6_arousal_3class_emotion-elicitation_2026-06-03_09-25-46/subject_loo/fold_metrics.csv,GazeMAE_MLP,s_P8,aggregated,0.4246575342465753,0.3447330447330447,0.4868897580761986,0.3447330447330447,0.298544061302682,0.5784512700165436,0.4702819302308505,0.4246575342465753,0.3482790111793418,0.5728063336078294,1.097298240892353
multiclass_table6_arousal_3class,Table-6 Arousal,recording_loo,LightGBM,LightGBM,results/quick_v1_v2_comparison/2026-06-03_09-24-45/model_runs/2026-06-03_09-24-48,results/quick_v1_v2_comparison/2026-06-03_09-24-45/model_runs/2026-06-03_09-24-48/multiclass_table6_arousal_3class_emotion-elicitation_2026-06-03_09-25-46,results/quick_v1_v2_comparison/2026-06-03_09-24-45/model_runs/2026-06-03_09-24-48/multiclass_table6_arousal_3class_emotion-elicitation_2026-06-03_09-25-46/recording_loo/fold_metrics.csv,LightGBM,r_107.avi,aggregated,0.1455696202531645,0.4838935574229692,0.3656856698093811,0.4838935574229692,0.157502329916123,0.6061397589338766,0.7791831321780428,0.1455696202531645,0.1194757393797114,0.5789633678557728,1.6804374876626518
multiclass_table6_arousal_3class,Table-6 Arousal,recording_loo,LightGBM,LightGBM,results/quick_v1_v2_comparison/2026-06-03_09-24-45/model_runs/2026-06-03_09-24-48,results/quick_v1_v2_comparison/2026-06-03_09-24-45/model_runs/2026-06-03_09-24-48/multiclass_table6_arousal_3class_emotion-elicitation_2026-06-03_09-25-46,results/quick_v1_v2_comparison/2026-06-03_09-24-45/model_runs/2026-06-03_09-24-48/multiclass_table6_arousal_3class_emotion-elicitation_2026-06-03_09-25-46/recording_loo/fold_metrics.csv,LightGBM,r_111.avi,aggregated,0.4108761329305136,0.2762410003789314,0.3174603174603174,0.1841606669192876,0.232066810464023,0.472495894909688,0.6772406847935548,0.4108761329305136,0.5108371843321368,0.4504464178388546,1.049874622587824
multiclass_table6_arousal_3class,Table-6 Arousal,recording_loo,LightGBM,LightGBM,results/quick_v1_v2_comparison/2026-06-03_09-24-45/model_runs/2026-06-03_09-24-48,results/quick_v1_v2_comparison/2026-06-03_09-24-45/model_runs/2026-06-03_09-24-48/multiclass_table6_arousal_3class_emotion-elicitation_2026-06-03_09-25-46,results/quick_v1_v2_comparison/2026-06-03_09-24-45/model_runs/2026-06-03_09-24-48/multiclass_table6_arousal_3class_emotion-elicitation_2026-06-03_09-25-46/recording_loo/fold_metrics.csv,LightGBM,r_138.avi,aggregated,0.4827586206896552,0.2537764350453172,0.3218390804597701,0.1691842900302115,0.2217821782178217,0.5127065932113026,0.9183511692429648,0.4827586206896552,0.6328439740525778,0.6220664325736545,0.984807935774096
multiclass_table6_arousal_3class,Table-6 Arousal,recording_loo,LightGBM,LightGBM,results/quick_v1_v2_comparison/2026-06-03_09-24-45/model_runs/2026-06-03_09-24-48,results/quick_v1_v2_comparison/2026-06-03_09-24-45/model_runs/2026-06-03_09-24-48/multiclass_table6_arousal_3class_emotion-elicitation_2026-06-03_09-25-46,results/quick_v1_v2_comparison/2026-06-03_09-24-45/model_runs/2026-06-03_09-24-48/multiclass_table6_arousal_3class_emotion-elicitation_2026-06-03_09-25-46/recording_loo/fold_metrics.csv,LightGBM,r_146.avi,aggregated,0.4981412639405204,0.2596899224806202,0.3190476190476191,0.1731266149870801,0.2244556113902847,0.3844256518675123,0.9180031864046734,0.4981412639405204,0.6458313874203733,0.4675762553345332,0.9632834421817438
multiclass_table6_arousal_3class,Table-6 Arousal,recording_loo,LightGBM,LightGBM,results/quick_v1_v2_comparison/2026-06-03_09-24-45/model_runs/2026-06-03_09-24-48,results/quick_v1_v2_comparison/2026-06-03_09-24-45/model_runs/2026-06-03_09-24-48/multiclass_table6_arousal_3class_emotion-elicitation_2026-06-03_09-25-46,results/quick_v1_v2_comparison/2026-06-03_09-24-45/model_runs/2026-06-03_09-24-48/multiclass_table6_arousal_3class_emotion-elicitation_2026-06-03_09-25-46/recording_loo/fold_metrics.csv,LightGBM,r_30.avi,aggregated,0.2292682926829268,0.4027998938428874,0.343421052631579,0.2685332625619249,0.1631782945736434,0.5291932059447984,0.6665982028241335,0.2292682926829268,0.1888145207033465,0.545350447931231,1.5932950898696168
multiclass_table6_arousal_3class,Table-6 Arousal,recording_loo,LightGBM,LightGBM,results/quick_v1_v2_comparison/2026-06-03_09-24-45/model_runs/2026-06-03_09-24-48,results/quick_v1_v2_comparison/2026-06-03_09-24-45/model_runs/2026-06-03_09-24-48/multiclass_table6_arousal_3class_emotion-elicitation_2026-06-03_09-25-46,results/quick_v1_v2_comparison/2026-06-03_09-24-45/model_runs/2026-06-03_09-24-48/multiclass_table6_arousal_3class_emotion-elicitation_2026-06-03_09-25-46/recording_loo/fold_metrics.csv,LightGBM,r_52.avi,aggregated,0.5457627118644067,0.4868640533778148,0.3369111830276878,0.3245760355852099,0.3264842732179415,0.5048254497795782,0.6169824291956924,0.5457627118644067,0.5750984678571766,0.5085840298715435,0.9175420541275604
multiclass_table6_arousal_3class,Table-6 Arousal,recording_loo,LightGBM,LightGBM,results/quick_v1_v2_comparison/2026-06-03_09-24-45/model_runs/2026-06-03_09-24-48,results/quick_v1_v2_comparison/2026-06-03_09-24-45/model_runs/2026-06-03_09-24-48/multiclass_table6_arousal_3class_emotion-elicitation_2026-06-03_09-25-46,results/quick_v1_v2_comparison/2026-06-03_09-24-45/model_runs/2026-06-03_09-24-48/multiclass_table6_arousal_3class_emotion-elicitation_2026-06-03_09-25-46/recording_loo/fold_metrics.csv,LightGBM,r_53.avi,aggregated,0.4243421052631579,0.4013846724684611,0.4017544746688239,0.4013846724684611,0.3777249138642624,0.540506112710785,0.4955071524181573,0.4243421052631579,0.4325117930750312,0.5430041569789555,1.1799776779696518
multiclass_table6_arousal_3class,Table-6 Arousal,recording_loo,LightGBM,LightGBM,results/quick_v1_v2_comparison/2026-06-03_09-24-45/model_runs/2026-06-03_09-24-48,results/quick_v1_v2_comparison/2026-06-03_09-24-45/model_runs/2026-06-03_09-24-48/multiclass_table6_arousal_3class_emotion-elicitation_2026-06-03_09-25-46,results/quick_v1_v2_comparison/2026-06-03_09-24-45/model_runs/2026-06-03_09-24-48/multiclass_table6_arousal_3class_emotion-elicitation_2026-06-03_09-25-46/recording_loo/fold_metrics.csv,LightGBM,r_55.avi,aggregated,0.3360995850622407,0.3899575671852899,0.3881328252585738,0.25997171145686,0.2169121281012157,0.5347241867043847,0.6056758606513868,0.3360995850622407,0.2898623450032954,0.5362234208008827,1.4753707422872189
multiclass_table6_arousal_3class,Table-6 Arousal,recording_loo,LightGBM,LightGBM,results/quick_v1_v2_comparison/2026-06-03_09-24-45/model_runs/2026-06-03_09-24-48,results/quick_v1_v2_comparison/2026-06-03_09-24-45/model_runs/2026-06-03_09-24-48/multiclass_table6_arousal_3class_emotion-elicitation_2026-06-03_09-25-46,results/quick_v1_v2_comparison/2026-06-03_09-24-45/model_runs/2026-06-03_09-24-48/multiclass_table6_arousal_3class_emotion-elicitation_2026-06-03_09-25-46/recording_loo/fold_metrics.csv,LightGBM,r_58.avi,aggregated,0.5329949238578681,0.4878364389233954,0.3297940797940798,0.325224292615597,0.3039215686274509,0.4920634920634921,0.6952746800462536,0.532994923857868,0.5865183636906539,0.4887792386137122,0.8726030436950296
multiclass_table6_arousal_3class,Table-6 Arousal,recording_loo,LightGBM,LightGBM,results/quick_v1_v2_comparison/2026-06-03_09-24-45/model_runs/2026-06-03_09-24-48,results/quick_v1_v2_comparison/2026-06-03_09-24-45/model_runs/2026-06-03_09-24-48/multiclass_table6_arousal_3class_emotion-elicitation_2026-06-03_09-25-46,results/quick_v1_v2_comparison/2026-06-03_09-24-45/model_runs/2026-06-03_09-24-48/multiclass_table6_arousal_3class_emotion-elicitation_2026-06-03_09-25-46/recording_loo/fold_metrics.csv,LightGBM,r_69.avi,aggregated,0.5841121495327103,0.3732833957553059,0.3587962962962963,0.2488555971702039,0.2842880147227973,0.5958957553058677,0.7478582554517134,0.5841121495327103,0.6504092413072502,0.588284795874316,0.8845371544207411
multiclass_table6_arousal_3class,Table-6 Arousal,recording_loo,LightGBM,LightGBM,results/quick_v1_v2_comparison/2026-06-03_09-24-45/model_runs/2026-06-03_09-24-48,results/quick_v1_v2_comparison/2026-06-03_09-24-45/model_runs/2026-06-03_09-24-48/multiclass_table6_arousal_3class_emotion-elicitation_2026-06-03_09-25-46,results/quick_v1_v2_comparison/2026-06-03_09-24-45/model_runs/2026-06-03_09-24-48/multiclass_table6_arousal_3class_emotion-elicitation_2026-06-03_09-25-46/recording_loo/fold_metrics.csv,LightGBM,r_73.avi,aggregated,0.1434426229508196,0.2815448113207547,0.3132387706855792,0.1876965408805031,0.1143006433493354,0.5095076650943396,0.7379955819090804,0.1434426229508196,0.1700054767942925,0.537291215589236,1.7131172686804177
multiclass_table6_arousal_3class,Table-6 Arousal,recording_loo,LightGBM,LightGBM,results/quick_v1_v2_comparison/2026-06-03_09-24-45/model_runs/2026-06-03_09-24-48,results/quick_v1_v2_comparison/2026-06-03_09-24-45/model_runs/2026-06-03_09-24-48/multiclass_table6_arousal_3class_emotion-elicitation_2026-06-03_09-25-46,results/quick_v1_v2_comparison/2026-06-03_09-24-45/model_runs/2026-06-03_09-24-48/multiclass_table6_arousal_3class_emotion-elicitation_2026-06-03_09-25-46/recording_loo/fold_metrics.csv,LightGBM,r_79.avi,aggregated,0.4355828220858895,0.4200466200466201,0.323370839193624,0.28003108003108,0.2688000942951438,0.4794871794871794,0.6757828341659979,0.4355828220858895,0.5049949670690119,0.5011268894704478,1.075085175512038
multiclass_table6_arousal_3class,Table-6 Arousal,recording_loo,LightGBM,LightGBM,results/quick_v1_v2_comparison/2026-06-03_09-24-45/model_runs/2026-06-03_09-24-48,results/quick_v1_v2_comparison/2026-06-03_09-24-45/model_runs/2026-06-03_09-24-48/multiclass_table6_arousal_3class_emotion-elicitation_2026-06-03_09-25-46,results/quick_v1_v2_comparison/2026-06-03_09-24-45/model_runs/2026-06-03_09-24-48/multiclass_table6_arousal_3class_emotion-elicitation_2026-06-03_09-25-46/recording_loo/fold_metrics.csv,LightGBM,r_80.avi,aggregated,0.5232974910394266,0.472378277153558,0.3307950807950808,0.3149188514357053,0.2506606134683662,0.5408863920099874,0.913433018271728,0.5232974910394266,0.6534082097440722,0.5391748217953365,0.9282210012519844
multiclass_table6_arousal_3class,Table-6 Arousal,recording_loo,LightGBM,LightGBM,results/quick_v1_v2_comparison/2026-06-03_09-24-45/model_runs/2026-06-03_09-24-48,results/quick_v1_v2_comparison/2026-06-03_09-24-45/model_runs/2026-06-03_09-24-48/multiclass_table6_arousal_3class_emotion-elicitation_2026-06-03_09-25-46,results/quick_v1_v2_comparison/2026-06-03_09-24-45/model_runs/2026-06-03_09-24-48/multiclass_table6_arousal_3class_emotion-elicitation_2026-06-03_09-25-46/recording_loo/fold_metrics.csv,LightGBM,r_90.avi,aggregated,0.34765625,0.2742763772175537,0.3101880877742947,0.2742763772175537,0.2386929620430368,0.4096414647036214,0.6314030662225706,0.34765625,0.4202926912996466,0.3813157412747298,1.19579287448459
multiclass_table6_arousal_3class,Table-6 Arousal,recording_loo,LightGBM,LightGBM,results/quick_v1_v2_comparison/2026-06-03_09-24-45/model_runs/2026-06-03_09-24-48,results/quick_v1_v2_comparison/2026-06-03_09-24-45/model_runs/2026-06-03_09-24-48/multiclass_table6_arousal_3class_emotion-elicitation_2026-06-03_09-25-46,results/quick_v1_v2_comparison/2026-06-03_09-24-45/model_runs/2026-06-03_09-24-48/multiclass_table6_arousal_3class_emotion-elicitation_2026-06-03_09-25-46/recording_loo/fold_metrics.csv,LightGBM,r_cats_f.avi,aggregated,0.4178082191780822,,0.3333333333333333,0.139269406392694,0.1964573268921094,,1.0,0.4178082191780822,0.5893719806763285,,1.1087079771178123
multiclass_table6_arousal_3class,Table-6 Arousal,recording_loo,LightGBM,LightGBM,results/quick_v1_v2_comparison/2026-06-03_09-24-45/model_runs/2026-06-03_09-24-48,results/quick_v1_v2_comparison/2026-06-03_09-24-45/model_runs/2026-06-03_09-24-48/multiclass_table6_arousal_3class_emotion-elicitation_2026-06-03_09-25-46,results/quick_v1_v2_comparison/2026-06-03_09-24-45/model_runs/2026-06-03_09-24-48/multiclass_table6_arousal_3class_emotion-elicitation_2026-06-03_09-25-46/recording_loo/fold_metrics.csv,LightGBM,r_dallas_f.avi,aggregated,0.7348484848484849,0.4092827004219409,0.306477093206951,0.2728551336146272,0.2886904761904762,0.6315049226441631,0.8253985351141748,0.7348484848484849,0.7774959415584416,0.634612652545142,0.7233010016194571
multiclass_table6_arousal_3class,Table-6 Arousal,recording_loo,LightGBM,LightGBM,results/quick_v1_v2_comparison/2026-06-03_09-24-45/model_runs/2026-06-03_09-24-48,results/quick_v1_v2_comparison/2026-06-03_09-24-45/model_runs/2026-06-03_09-24-48/multiclass_table6_arousal_3class_emotion-elicitation_2026-06-03_09-25-46,results/quick_v1_v2_comparison/2026-06-03_09-24-45/model_runs/2026-06-03_09-24-48/multiclass_table6_arousal_3class_emotion-elicitation_2026-06-03_09-25-46/recording_loo/fold_metrics.csv,LightGBM,r_detroit_f.avi,aggregated,0.8358778625954199,0.4797174936617168,0.4867841409691629,0.3198116624411445,0.3553266816865143,0.5258964143426295,0.9410246494266402,0.8358778625954199,0.8802973831559862,0.4748030777652747,0.6095913958316512
multiclass_table6_arousal_3class,Table-6 Arousal,recording_loo,LightGBM,LightGBM,results/quick_v1_v2_comparison/2026-06-03_09-24-45/model_runs/2026-06-03_09-24-48,results/quick_v1_v2_comparison/2026-06-03_09-24-45/model_runs/2026-06-03_09-24-48/multiclass_table6_arousal_3class_emotion-elicitation_2026-06-03_09-25-46,results/quick_v1_v2_comparison/2026-06-03_09-24-45/model_runs/2026-06-03_09-24-48/multiclass_table6_arousal_3class_emotion-elicitation_2026-06-03_09-25-46/recording_loo/fold_metrics.csv,LightGBM,r_earworm_f.avi,aggregated,0.484375,0.4668376068376069,0.3493163602074493,0.3112250712250712,0.3290519877675841,0.5509401709401709,0.5479689710042432,0.484375,0.5140481651376146,0.5463906695156696,0.9939627847012668
multiclass_table6_arousal_3class,Table-6 Arousal,recording_loo,LightGBM,LightGBM,results/quick_v1_v2_comparison/2026-06-03_09-24-45/model_runs/2026-06-03_09-24-48,results/quick_v1_v2_comparison/2026-06-03_09-24-45/model_runs/2026-06-03_09-24-48/multiclass_table6_arousal_3class_emotion-elicitation_2026-06-03_09-25-46,results/quick_v1_v2_comparison/2026-06-03_09-24-45/model_runs/2026-06-03_09-24-48/multiclass_table6_arousal_3class_emotion-elicitation_2026-06-03_09-25-46/recording_loo/fold_metrics.csv,LightGBM,r_funny_f.avi,aggregated,0.430188679245283,0.4205830480340284,0.3762593493737046,0.4205830480340284,0.3227654778305599,0.6297017673477155,0.6151108662718634,0.430188679245283,0.4658889888732602,0.6248380857226561,1.0745764242052616
multiclass_table6_arousal_3class,Table-6 Arousal,recording_loo,LightGBM,LightGBM,results/quick_v1_v2_comparison/2026-06-03_09-24-45/model_runs/2026-06-03_09-24-48,results/quick_v1_v2_comparison/2026-06-03_09-24-45/model_runs/2026-06-03_09-24-48/multiclass_table6_arousal_3class_emotion-elicitation_2026-06-03_09-25-46,results/quick_v1_v2_comparison/2026-06-03_09-24-45/model_runs/2026-06-03_09-24-48/multiclass_table6_arousal_3class_emotion-elicitation_2026-06-03_09-25-46/recording_loo/fold_metrics.csv,LightGBM,r_newyork_f.avi,aggregated,0.7294117647058823,0.4330353341847595,0.6884995610519485,0.4330353341847595,0.4052683427683428,0.6645506115766598,0.7838494060168439,0.7294117647058823,0.7070494048435224,0.6381985934079081,0.7203144682325655
multiclass_table6_arousal_3class,Table-6 Arousal,recording_loo,SVM,SVM,results/quick_v1_v2_comparison/2026-06-03_09-24-45/model_runs/2026-06-03_09-24-48,results/quick_v1_v2_comparison/2026-06-03_09-24-45/model_runs/2026-06-03_09-24-48/multiclass_table6_arousal_3class_emotion-elicitation_2026-06-03_09-25-46,results/quick_v1_v2_comparison/2026-06-03_09-24-45/model_runs/2026-06-03_09-24-48/multiclass_table6_arousal_3class_emotion-elicitation_2026-06-03_09-25-46/recording_loo/fold_metrics.csv,SVM,r_107.avi,aggregated,0.170886075949367,0.4509803921568627,0.3971571906354514,0.4509803921568627,0.1729140461215933,0.6327337803808392,0.8733436349011473,0.170886075949367,0.1825045776610142,0.6785638025827899,1.5875686475614
multiclass_table6_arousal_3class,Table-6 Arousal,recording_loo,SVM,SVM,results/quick_v1_v2_comparison/2026-06-03_09-24-45/model_runs/2026-06-03_09-24-48,results/quick_v1_v2_comparison/2026-06-03_09-24-45/model_runs/2026-06-03_09-24-48/multiclass_table6_arousal_3class_emotion-elicitation_2026-06-03_09-25-46,results/quick_v1_v2_comparison/2026-06-03_09-24-45/model_runs/2026-06-03_09-24-48/multiclass_table6_arousal_3class_emotion-elicitation_2026-06-03_09-25-46/recording_loo/fold_metrics.csv,SVM,r_111.avi,aggregated,0.4501510574018127,0.3068397120121258,0.336627140974967,0.2045598080080838,0.2517323121808899,0.4620752810407983,0.685299069772996,0.4501510574018127,0.5416730020427457,0.4380157121067633,1.0575914200406715
multiclass_table6_arousal_3class,Table-6 Arousal,recording_loo,SVM,SVM,results/quick_v1_v2_comparison/2026-06-03_09-24-45/model_runs/2026-06-03_09-24-48,results/quick_v1_v2_comparison/2026-06-03_09-24-45/model_runs/2026-06-03_09-24-48/multiclass_table6_arousal_3class_emotion-elicitation_2026-06-03_09-25-46,results/quick_v1_v2_comparison/2026-06-03_09-24-45/model_runs/2026-06-03_09-24-48/multiclass_table6_arousal_3class_emotion-elicitation_2026-06-03_09-25-46/recording_loo/fold_metrics.csv,SVM,r_138.avi,aggregated,0.4339080459770115,0.2280966767371601,0.3226495726495726,0.1520644511581067,0.2067077344284736,0.4761862448907055,0.9206638667845564,0.4339080459770115,0.5898298284122825,0.5877108318064178,1.0832825503583283
multiclass_table6_arousal_3class,Table-6 Arousal,recording_loo,SVM,SVM,results/quick_v1_v2_comparison/2026-06-03_09-24-45/model_runs/2026-06-03_09-24-48,results/quick_v1_v2_comparison/2026-06-03_09-24-45/model_runs/2026-06-03_09-24-48/multiclass_table6_arousal_3class_emotion-elicitation_2026-06-03_09-25-46,results/quick_v1_v2_comparison/2026-06-03_09-24-45/model_runs/2026-06-03_09-24-48/multiclass_table6_arousal_3class_emotion-elicitation_2026-06-03_09-25-46/recording_loo/fold_metrics.csv,SVM,r_146.avi,aggregated,0.6319702602230484,0.3294573643410852,0.3183520599250936,0.2196382428940568,0.2599388379204893,0.3005637773079633,0.9160018378513848,0.6319702602230484,0.7479281061355343,0.3885675288372617,0.850331580698364
multiclass_table6_arousal_3class,Table-6 Arousal,recording_loo,SVM,SVM,results/quick_v1_v2_comparison/2026-06-03_09-24-45/model_runs/2026-06-03_09-24-48,results/quick_v1_v2_comparison/2026-06-03_09-24-45/model_runs/2026-06-03_09-24-48/multiclass_table6_arousal_3class_emotion-elicitation_2026-06-03_09-25-46,results/quick_v1_v2_comparison/2026-06-03_09-24-45/model_runs/2026-06-03_09-24-48/multiclass_table6_arousal_3class_emotion-elicitation_2026-06-03_09-25-46/recording_loo/fold_metrics.csv,SVM,r_30.avi,aggregated,0.2731707317073171,0.4242303609341826,0.3503086419753086,0.2828202406227884,0.1977657004830918,0.5140658174097664,0.6793134598012647,0.2731707317073171,0.2660657476139979,0.5168174874423903,1.4745385172649272
multiclass_table6_arousal_3class,Table-6 Arousal,recording_loo,SVM,SVM,results/quick_v1_v2_comparison/2026-06-03_09-24-45/model_runs/2026-06-03_09-24-48,results/quick_v1_v2_comparison/2026-06-03_09-24-45/model_runs/2026-06-03_09-24-48/multiclass_table6_arousal_3class_emotion-elicitation_2026-06-03_09-25-46,results/quick_v1_v2_comparison/2026-06-03_09-24-45/model_runs/2026-06-03_09-24-48/multiclass_table6_arousal_3class_emotion-elicitation_2026-06-03_09-25-46/recording_loo/fold_metrics.csv,SVM,r_52.avi,aggregated,0.5728813559322034,0.5346121768140116,0.3633198106828939,0.3564081178760077,0.3511386500008902,0.5574883831764565,0.6612476364011414,0.5728813559322034,0.6051009516187296,0.56993156120819,0.932894817147745
multiclass_table6_arousal_3class,Table-6 Arousal,recording_loo,SVM,SVM,results/quick_v1_v2_comparison/2026-06-03_09-24-45/model_runs/2026-06-03_09-24-48,results/quick_v1_v2_comparison/2026-06-03_09-24-45/model_runs/2026-06-03_09-24-48/multiclass_table6_arousal_3class_emotion-elicitation_2026-06-03_09-25-46,results/quick_v1_v2_comparison/2026-06-03_09-24-45/model_runs/2026-06-03_09-24-48/multiclass_table6_arousal_3class_emotion-elicitation_2026-06-03_09-25-46/recording_loo/fold_metrics.csv,SVM,r_53.avi,aggregated,0.4177631578947368,0.3862730216555353,0.3870706177207725,0.3862730216555353,0.3675005138929851,0.5872966664962285,0.4917450359645242,0.4177631578947368,0.431509324864565,0.5565741807219751,1.1467252463463775
multiclass_table6_arousal_3class,Table-6 Arousal,recording_loo,SVM,SVM,results/quick_v1_v2_comparison/2026-06-03_09-24-45/model_runs/2026-06-03_09-24-48,results/quick_v1_v2_comparison/2026-06-03_09-24-45/model_runs/2026-06-03_09-24-48/multiclass_table6_arousal_3class_emotion-elicitation_2026-06-03_09-25-46,results/quick_v1_v2_comparison/2026-06-03_09-24-45/model_runs/2026-06-03_09-24-48/multiclass_table6_arousal_3class_emotion-elicitation_2026-06-03_09-25-46/recording_loo/fold_metrics.csv,SVM,r_55.avi,aggregated,0.3319502074688796,0.3836280056577086,0.342570281124498,0.2557520037718057,0.2159880794168579,0.5291725601131541,0.5277958306254062,0.3319502074688796,0.2903461424123339,0.5275989365385856,1.4311030841163848
multiclass_table6_arousal_3class,Table-6 Arousal,recording_loo,SVM,SVM,results/quick_v1_v2_comparison/2026-06-03_09-24-45/model_runs/2026-06-03_09-24-48,results/quick_v1_v2_comparison/2026-06-03_09-24-45/model_runs/2026-06-03_09-24-48/multiclass_table6_arousal_3class_emotion-elicitation_2026-06-03_09-25-46,results/quick_v1_v2_comparison/2026-06-03_09-24-45/model_runs/2026-06-03_09-24-48/multiclass_table6_arousal_3class_emotion-elicitation_2026-06-03_09-25-46/recording_loo/fold_metrics.csv,SVM,r_58.avi,aggregated,0.6142131979695431,0.5483091787439613,0.3551173708920188,0.3655394524959742,0.3444437182754939,0.5396825396825398,0.7276785586616143,0.6142131979695431,0.6547367429287824,0.5391351641075764,0.8332476567528562
multiclass_table6_arousal_3class,Table-6 Arousal,recording_loo,SVM,SVM,results/quick_v1_v2_comparison/2026-06-03_09-24-45/model_runs/2026-06-03_09-24-48,results/quick_v1_v2_comparison/2026-06-03_09-24-45/model_runs/2026-06-03_09-24-48/multiclass_table6_arousal_3class_emotion-elicitation_2026-06-03_09-25-46,results/quick_v1_v2_comparison/2026-06-03_09-24-45/model_runs/2026-06-03_09-24-48/multiclass_table6_arousal_3class_emotion-elicitation_2026-06-03_09-25-46/recording_loo/fold_metrics.csv,SVM,r_69.avi,aggregated,0.6074766355140186,0.3984082397003745,0.3712622917920931,0.265605493133583,0.2998986828774063,0.5453339575530587,0.7454522948117055,0.6074766355140186,0.6636366218788171,0.5254004923751852,0.8806298052610414
multiclass_table6_arousal_3class,Table-6 Arousal,recording_loo,SVM,SVM,results/quick_v1_v2_comparison/2026-06-03_09-24-45/model_runs/2026-06-03_09-24-48,results/quick_v1_v2_comparison/2026-06-03_09-24-45/model_runs/2026-06-03_09-24-48/multiclass_table6_arousal_3class_emotion-elicitation_2026-06-03_09-25-46,results/quick_v1_v2_comparison/2026-06-03_09-24-45/model_runs/2026-06-03_09-24-48/multiclass_table6_arousal_3class_emotion-elicitation_2026-06-03_09-25-46/recording_loo/fold_metrics.csv,SVM,r_73.avi,aggregated,0.1475409836065573,0.310436320754717,0.3432539682539682,0.2069575471698113,0.1218236937121057,0.49609375,0.8024980483996879,0.1475409836065573,0.1682430236570812,0.5196363671512527,1.7098307201980791
multiclass_table6_arousal_3class,Table-6 Arousal,recording_loo,SVM,SVM,results/quick_v1_v2_comparison/2026-06-03_09-24-45/model_runs/2026-06-03_09-24-48,results/quick_v1_v2_comparison/2026-06-03_09-24-45/model_runs/2026-06-03_09-24-48/multiclass_table6_arousal_3class_emotion-elicitation_2026-06-03_09-25-46,results/quick_v1_v2_comparison/2026-06-03_09-24-45/model_runs/2026-06-03_09-24-48/multiclass_table6_arousal_3class_emotion-elicitation_2026-06-03_09-25-46/recording_loo/fold_metrics.csv,SVM,r_79.avi,aggregated,0.4478527607361963,0.4729603729603729,0.3393162393162393,0.3153069153069153,0.2887687687687688,0.479020979020979,0.6821613968853233,0.4478527607361963,0.5086387000497431,0.4776338181246157,1.11216216725865
multiclass_table6_arousal_3class,Table-6 Arousal,recording_loo,SVM,SVM,results/quick_v1_v2_comparison/2026-06-03_09-24-45/model_runs/2026-06-03_09-24-48,results/quick_v1_v2_comparison/2026-06-03_09-24-45/model_runs/2026-06-03_09-24-48/multiclass_table6_arousal_3class_emotion-elicitation_2026-06-03_09-25-46,results/quick_v1_v2_comparison/2026-06-03_09-24-45/model_runs/2026-06-03_09-24-48/multiclass_table6_arousal_3class_emotion-elicitation_2026-06-03_09-25-46/recording_loo/fold_metrics.csv,SVM,r_80.avi,aggregated,0.5232974910394266,0.3927902621722846,0.3238033704840359,0.261860174781523,0.2428849902534113,0.4773720349563046,0.9073368729841964,0.5232974910394266,0.6566937055901402,0.4960566764662452,0.909724198500112
multiclass_table6_arousal_3class,Table-6 Arousal,recording_loo,SVM,SVM,results/quick_v1_v2_comparison/2026-06-03_09-24-45/model_runs/2026-06-03_09-24-48,results/quick_v1_v2_comparison/2026-06-03_09-24-45/model_runs/2026-06-03_09-24-48/multiclass_table6_arousal_3class_emotion-elicitation_2026-06-03_09-25-46,results/quick_v1_v2_comparison/2026-06-03_09-24-45/model_runs/2026-06-03_09-24-48/multiclass_table6_arousal_3class_emotion-elicitation_2026-06-03_09-25-46/recording_loo/fold_metrics.csv,SVM,r_90.avi,aggregated,0.3125,0.2353408029878618,0.2742486805764445,0.2353408029878618,0.2067477026561796,0.4059322963451721,0.595353988350789,0.3125,0.3872230525542225,0.3693807256951802,1.2964971488367647
multiclass_table6_arousal_3class,Table-6 Arousal,recording_loo,SVM,SVM,results/quick_v1_v2_comparison/2026-06-03_09-24-45/model_runs/2026-06-03_09-24-48,results/quick_v1_v2_comparison/2026-06-03_09-24-45/model_runs/2026-06-03_09-24-48/multiclass_table6_arousal_3class_emotion-elicitation_2026-06-03_09-25-46,results/quick_v1_v2_comparison/2026-06-03_09-24-45/model_runs/2026-06-03_09-24-48/multiclass_table6_arousal_3class_emotion-elicitation_2026-06-03_09-25-46/recording_loo/fold_metrics.csv,SVM,r_cats_f.avi,aggregated,0.363013698630137,,0.3333333333333333,0.1210045662100456,0.1775544388609715,,1.0,0.363013698630137,0.5326633165829145,,1.196540645611054
multiclass_table6_arousal_3class,Table-6 Arousal,recording_loo,SVM,SVM,results/quick_v1_v2_comparison/2026-06-03_09-24-45/model_runs/2026-06-03_09-24-48,results/quick_v1_v2_comparison/2026-06-03_09-24-45/model_runs/2026-06-03_09-24-48/multiclass_table6_arousal_3class_emotion-elicitation_2026-06-03_09-25-46,results/quick_v1_v2_comparison/2026-06-03_09-24-45/model_runs/2026-06-03_09-24-48/multiclass_table6_arousal_3class_emotion-elicitation_2026-06-03_09-25-46/recording_loo/fold_metrics.csv,SVM,r_dallas_f.avi,aggregated,0.7234848484848485,0.4029535864978903,0.3090614886731391,0.2686357243319269,0.2874341610233258,0.5804031879981246,0.8323587819947044,0.7234848484848485,0.7741124563923661,0.6338561422949608,0.7657628459606708
multiclass_table6_arousal_3class,Table-6 Arousal,recording_loo,SVM,SVM,results/quick_v1_v2_comparison/2026-06-03_09-24-45/model_runs/2026-06-03_09-24-48,results/quick_v1_v2_comparison/2026-06-03_09-24-45/model_runs/2026-06-03_09-24-48/multiclass_table6_arousal_3class_emotion-elicitation_2026-06-03_09-25-46,results/quick_v1_v2_comparison/2026-06-03_09-24-45/model_runs/2026-06-03_09-24-48/multiclass_table6_arousal_3class_emotion-elicitation_2026-06-03_09-25-46/recording_loo/fold_metrics.csv,SVM,r_detroit_f.avi,aggregated,0.8587786259541985,0.448207171314741,0.3177966101694915,0.298804780876494,0.3080082135523614,0.4934806229626947,0.91336201319705,0.8587786259541985,0.8852297129959089,0.480043738992676,0.5907887732212257
multiclass_table6_arousal_3class,Table-6 Arousal,recording_loo,SVM,SVM,results/quick_v1_v2_comparison/2026-06-03_09-24-45/model_runs/2026-06-03_09-24-48,results/quick_v1_v2_comparison/2026-06-03_09-24-45/model_runs/2026-06-03_09-24-48/multiclass_table6_arousal_3class_emotion-elicitation_2026-06-03_09-25-46,results/quick_v1_v2_comparison/2026-06-03_09-24-45/model_runs/2026-06-03_09-24-48/multiclass_table6_arousal_3class_emotion-elicitation_2026-06-03_09-25-46/recording_loo/fold_metrics.csv,SVM,r_earworm_f.avi,aggregated,0.5416666666666666,0.5282051282051282,0.3876202197000775,0.3521367521367521,0.3689082606890826,0.5895726495726495,0.6007837070969506,0.5416666666666666,0.5695302770859277,0.5840509259259259,0.9946979519843958
multiclass_table6_arousal_3class,Table-6 Arousal,recording_loo,SVM,SVM,results/quick_v1_v2_comparison/2026-06-03_09-24-45/model_runs/2026-06-03_09-24-48,results/quick_v1_v2_comparison/2026-06-03_09-24-45/model_runs/2026-06-03_09-24-48/multiclass_table6_arousal_3class_emotion-elicitation_2026-06-03_09-25-46,results/quick_v1_v2_comparison/2026-06-03_09-24-45/model_runs/2026-06-03_09-24-48/multiclass_table6_arousal_3class_emotion-elicitation_2026-06-03_09-25-46/recording_loo/fold_metrics.csv,SVM,r_funny_f.avi,aggregated,0.4490566037735849,0.3489988588027803,0.3988700102912211,0.3489988588027803,0.3111191306788564,0.5845791939622202,0.5947980404115922,0.4490566037735849,0.4857293305098402,0.587403878594023,1.0469295435078962
multiclass_table6_arousal_3class,Table-6 Arousal,recording_loo,SVM,SVM,results/quick_v1_v2_comparison/2026-06-03_09-24-45/model_runs/2026-06-03_09-24-48,results/quick_v1_v2_comparison/2026-06-03_09-24-45/model_runs/2026-06-03_09-24-48/multiclass_table6_arousal_3class_emotion-elicitation_2026-06-03_09-25-46,results/quick_v1_v2_comparison/2026-06-03_09-24-45/model_runs/2026-06-03_09-24-48/multiclass_table6_arousal_3class_emotion-elicitation_2026-06-03_09-25-46/recording_loo/fold_metrics.csv,SVM,r_newyork_f.avi,aggregated,0.7725490196078432,0.4851839688621298,0.5147306397306397,0.4851839688621298,0.4695045259607847,0.6974627191827188,0.7454000792236086,0.7725490196078432,0.748783335541143,0.670999731935255,0.7079606325738159
multiclass_table6_arousal_3class,Table-6 Arousal,recording_loo,MLP,MLP,results/quick_v1_v2_comparison/2026-06-03_09-24-45/model_runs/2026-06-03_09-24-48,results/quick_v1_v2_comparison/2026-06-03_09-24-45/model_runs/2026-06-03_09-24-48/multiclass_table6_arousal_3class_emotion-elicitation_2026-06-03_09-25-46,results/quick_v1_v2_comparison/2026-06-03_09-24-45/model_runs/2026-06-03_09-24-48/multiclass_table6_arousal_3class_emotion-elicitation_2026-06-03_09-25-46/recording_loo/fold_metrics.csv,MLP,r_107.avi,aggregated,0.050632911392405,0.1904761904761904,0.0194647201946472,0.1904761904761904,0.0353200883002207,0.5118496236878589,0.005174166127691,0.050632911392405,0.0093888842317042,0.5679390423219537,1.665456311424521
multiclass_table6_arousal_3class,Table-6 Arousal,recording_loo,MLP,MLP,results/quick_v1_v2_comparison/2026-06-03_09-24-45/model_runs/2026-06-03_09-24-48,results/quick_v1_v2_comparison/2026-06-03_09-24-45/model_runs/2026-06-03_09-24-48/multiclass_table6_arousal_3class_emotion-elicitation_2026-06-03_09-25-46,results/quick_v1_v2_comparison/2026-06-03_09-24-45/model_runs/2026-06-03_09-24-48/multiclass_table6_arousal_3class_emotion-elicitation_2026-06-03_09-25-46/recording_loo/fold_metrics.csv,MLP,r_111.avi,aggregated,0.4622356495468278,0.3141657193381331,0.3298443370907138,0.2094438128920887,0.2551164886085725,0.4664645699128458,0.6958540702793954,0.4622356495468278,0.5548226178953537,0.4628546090156675,1.0815932914130215
multiclass_table6_arousal_3class,Table-6 Arousal,recording_loo,MLP,MLP,results/quick_v1_v2_comparison/2026-06-03_09-24-45/model_runs/2026-06-03_09-24-48,results/quick_v1_v2_comparison/2026-06-03_09-24-45/model_runs/2026-06-03_09-24-48/multiclass_table6_arousal_3class_emotion-elicitation_2026-06-03_09-25-46,results/quick_v1_v2_comparison/2026-06-03_09-24-45/model_runs/2026-06-03_09-24-48/multiclass_table6_arousal_3class_emotion-elicitation_2026-06-03_09-25-46/recording_loo/fold_metrics.csv,MLP,r_138.avi,aggregated,0.4712643678160919,0.2756353296605651,0.3310964278339872,0.1837568864403767,0.227095046854083,0.4758308157099697,0.929209654412934,0.4712643678160919,0.6239426672206067,0.6150962416428183,1.0198716554854803
multiclass_table6_arousal_3class,Table-6 Arousal,recording_loo,MLP,MLP,results/quick_v1_v2_comparison/2026-06-03_09-24-45/model_runs/2026-06-03_09-24-48,results/quick_v1_v2_comparison/2026-06-03_09-24-45/model_runs/2026-06-03_09-24-48/multiclass_table6_arousal_3class_emotion-elicitation_2026-06-03_09-25-46,results/quick_v1_v2_comparison/2026-06-03_09-24-45/model_runs/2026-06-03_09-24-48/multiclass_table6_arousal_3class_emotion-elicitation_2026-06-03_09-25-46/recording_loo/fold_metrics.csv,MLP,r_146.avi,aggregated,0.6022304832713755,0.313953488372093,0.3195266272189349,0.2093023255813953,0.2529274004683841,0.4670542635658914,0.9193814478344076,0.6022304832713755,0.7277539329462055,0.5053941332578835,0.8910101785578493
multiclass_table6_arousal_3class,Table-6 Arousal,recording_loo,MLP,MLP,results/quick_v1_v2_comparison/2026-06-03_09-24-45/model_runs/2026-06-03_09-24-48,results/quick_v1_v2_comparison/2026-06-03_09-24-45/model_runs/2026-06-03_09-24-48/multiclass_table6_arousal_3class_emotion-elicitation_2026-06-03_09-25-46,results/quick_v1_v2_comparison/2026-06-03_09-24-45/model_runs/2026-06-03_09-24-48/multiclass_table6_arousal_3class_emotion-elicitation_2026-06-03_09-25-46/recording_loo/fold_metrics.csv,MLP,r_30.avi,aggregated,0.2195121951219512,0.425358280254777,0.2807453416149068,0.283572186836518,0.1483540096839813,0.5069665605095541,0.5162308741099834,0.2195121951219512,0.1424161596284615,0.5002284967117187,1.5803319942863447
multiclass_table6_arousal_3class,Table-6 Arousal,recording_loo,MLP,MLP,results/quick_v1_v2_comparison/2026-06-03_09-24-45/model_runs/2026-06-03_09-24-48,results/quick_v1_v2_comparison/2026-06-03_09-24-45/model_runs/2026-06-03_09-24-48/multiclass_table6_arousal_3class_emotion-elicitation_2026-06-03_09-25-46,results/quick_v1_v2_comparison/2026-06-03_09-24-45/model_runs/2026-06-03_09-24-48/multiclass_table6_arousal_3class_emotion-elicitation_2026-06-03_09-25-46/recording_loo/fold_metrics.csv,MLP,r_52.avi,aggregated,0.4203389830508474,0.5489991659716431,0.3665656565656565,0.3659994439810954,0.280208225600717,0.5742880972238771,0.6757853107344634,0.4203389830508474,0.4184338905921598,0.6245733429997152,0.964200953973022
multiclass_table6_arousal_3class,Table-6 Arousal,recording_loo,MLP,MLP,results/quick_v1_v2_comparison/2026-06-03_09-24-45/model_runs/2026-06-03_09-24-48,results/quick_v1_v2_comparison/2026-06-03_09-24-45/model_runs/2026-06-03_09-24-48/multiclass_table6_arousal_3class_emotion-elicitation_2026-06-03_09-25-46,results/quick_v1_v2_comparison/2026-06-03_09-24-45/model_runs/2026-06-03_09-24-48/multiclass_table6_arousal_3class_emotion-elicitation_2026-06-03_09-25-46/recording_loo/fold_metrics.csv,MLP,r_53.avi,aggregated,0.3782894736842105,0.3249747014774337,0.3302715509385821,0.3249747014774337,0.3071966155096391,0.524971140576544,0.4513255014244194,0.3782894736842105,0.3908763205647176,0.5299540857759044,1.193864597541611
multiclass_table6_arousal_3class,Table-6 Arousal,recording_loo,MLP,MLP,results/quick_v1_v2_comparison/2026-06-03_09-24-45/model_runs/2026-06-03_09-24-48,results/quick_v1_v2_comparison/2026-06-03_09-24-45/model_runs/2026-06-03_09-24-48/multiclass_table6_arousal_3class_emotion-elicitation_2026-06-03_09-25-46,results/quick_v1_v2_comparison/2026-06-03_09-24-45/model_runs/2026-06-03_09-24-48/multiclass_table6_arousal_3class_emotion-elicitation_2026-06-03_09-25-46/recording_loo/fold_metrics.csv,MLP,r_55.avi,aggregated,0.3443983402489626,0.4108910891089108,0.1418803418803418,0.2739273927392739,0.1869369369369369,0.4874469589816124,0.1783806787956165,0.3443983402489626,0.2350285970617921,0.4789379471438548,1.389971319260379
multiclass_table6_arousal_3class,Table-6 Arousal,recording_loo,MLP,MLP,results/quick_v1_v2_comparison/2026-06-03_09-24-45/model_runs/2026-06-03_09-24-48,results/quick_v1_v2_comparison/2026-06-03_09-24-45/model_runs/2026-06-03_09-24-48/multiclass_table6_arousal_3class_emotion-elicitation_2026-06-03_09-25-46,results/quick_v1_v2_comparison/2026-06-03_09-24-45/model_runs/2026-06-03_09-24-48/multiclass_table6_arousal_3class_emotion-elicitation_2026-06-03_09-25-46/recording_loo/fold_metrics.csv,MLP,r_58.avi,aggregated,0.5888324873096447,0.5651311249137336,0.3608615033518756,0.3767540832758224,0.3424961479198767,0.5533126293995859,0.7377293984000486,0.5888324873096447,0.6353878282089587,0.5644790911288374,0.9001219955549244
multiclass_table6_arousal_3class,Table-6 Arousal,recording_loo,MLP,MLP,results/quick_v1_v2_comparison/2026-06-03_09-24-45/model_runs/2026-06-03_09-24-48,results/quick_v1_v2_comparison/2026-06-03_09-24-45/model_runs/2026-06-03_09-24-48/multiclass_table6_arousal_3class_emotion-elicitation_2026-06-03_09-25-46,results/quick_v1_v2_comparison/2026-06-03_09-24-45/model_runs/2026-06-03_09-24-48/multiclass_table6_arousal_3class_emotion-elicitation_2026-06-03_09-25-46/recording_loo/fold_metrics.csv,MLP,r_69.avi,aggregated,0.6588785046728972,0.4293071161048689,0.3857142857142857,0.2862047440699126,0.3148646915480313,0.5050717852684145,0.7634178905206942,0.6588785046728972,0.6991402156832427,0.5187922223388988,0.845984056827794
multiclass_table6_arousal_3class,Table-6 Arousal,recording_loo,MLP,MLP,results/quick_v1_v2_comparison/2026-06-03_09-24-45/model_runs/2026-06-03_09-24-48,results/quick_v1_v2_comparison/2026-06-03_09-24-45/model_runs/2026-06-03_09-24-48/multiclass_table6_arousal_3class_emotion-elicitation_2026-06-03_09-25-46,results/quick_v1_v2_comparison/2026-06-03_09-24-45/model_runs/2026-06-03_09-24-48/multiclass_table6_arousal_3class_emotion-elicitation_2026-06-03_09-25-46/recording_loo/fold_metrics.csv,MLP,r_73.avi,aggregated,0.0983606557377049,0.2158018867924528,0.3208020050125313,0.1438679245283018,0.0901927506364407,0.4775206367924528,0.7585356834709724,0.0983606557377049,0.1138260176593685,0.4969310624806681,1.9562188752880627
multiclass_table6_arousal_3class,Table-6 Arousal,recording_loo,MLP,MLP,results/quick_v1_v2_comparison/2026-06-03_09-24-45/model_runs/2026-06-03_09-24-48,results/quick_v1_v2_comparison/2026-06-03_09-24-45/model_runs/2026-06-03_09-24-48/multiclass_table6_arousal_3class_emotion-elicitation_2026-06-03_09-25-46,results/quick_v1_v2_comparison/2026-06-03_09-24-45/model_runs/2026-06-03_09-24-48/multiclass_table6_arousal_3class_emotion-elicitation_2026-06-03_09-25-46/recording_loo/fold_metrics.csv,MLP,r_79.avi,aggregated,0.3742331288343558,0.4494172494172495,0.3205176767676768,0.2996114996114996,0.2495425658216356,0.4306526806526807,0.6491041550474066,0.3742331288343558,0.4217666089545103,0.4248959629327727,1.2313601744177822
multiclass_table6_arousal_3class,Table-6 Arousal,recording_loo,MLP,MLP,results/quick_v1_v2_comparison/2026-06-03_09-24-45/model_runs/2026-06-03_09-24-48,results/quick_v1_v2_comparison/2026-06-03_09-24-45/model_runs/2026-06-03_09-24-48/multiclass_table6_arousal_3class_emotion-elicitation_2026-06-03_09-25-46,results/quick_v1_v2_comparison/2026-06-03_09-24-45/model_runs/2026-06-03_09-24-48/multiclass_table6_arousal_3class_emotion-elicitation_2026-06-03_09-25-46/recording_loo/fold_metrics.csv,MLP,r_80.avi,aggregated,0.1863799283154122,0.5351123595505618,0.3408679927667269,0.3567415730337078,0.117908527313136,0.58270911360799,0.9362000687031312,0.1863799283154121,0.2577584584082231,0.6035332178862444,1.0676323004927752
multiclass_table6_arousal_3class,Table-6 Arousal,recording_loo,MLP,MLP,results/quick_v1_v2_comparison/2026-06-03_09-24-45/model_runs/2026-06-03_09-24-48,results/quick_v1_v2_comparison/2026-06-03_09-24-45/model_runs/2026-06-03_09-24-48/multiclass_table6_arousal_3class_emotion-elicitation_2026-06-03_09-25-46,results/quick_v1_v2_comparison/2026-06-03_09-24-45/model_runs/2026-06-03_09-24-48/multiclass_table6_arousal_3class_emotion-elicitation_2026-06-03_09-25-46/recording_loo/fold_metrics.csv,MLP,r_90.avi,aggregated,0.17578125,0.2439775910364146,0.2481796865358509,0.2439775910364146,0.1201132963146693,0.3862993226610056,0.544830039800074,0.17578125,0.1814608803667728,0.3282601659872184,1.1352028758832675
multiclass_table6_arousal_3class,Table-6 Arousal,recording_loo,MLP,MLP,results/quick_v1_v2_comparison/2026-06-03_09-24-45/model_runs/2026-06-03_09-24-48,results/quick_v1_v2_comparison/2026-06-03_09-24-45/model_runs/2026-06-03_09-24-48/multiclass_table6_arousal_3class_emotion-elicitation_2026-06-03_09-25-46,results/quick_v1_v2_comparison/2026-06-03_09-24-45/model_runs/2026-06-03_09-24-48/multiclass_table6_arousal_3class_emotion-elicitation_2026-06-03_09-25-46/recording_loo/fold_metrics.csv,MLP,r_cats_f.avi,aggregated,0.4246575342465753,,0.3333333333333333,0.1415525114155251,0.1987179487179487,,1.0,0.4246575342465753,0.5961538461538461,,1.0909258690531969
multiclass_table6_arousal_3class,Table-6 Arousal,recording_loo,MLP,MLP,results/quick_v1_v2_comparison/2026-06-03_09-24-45/model_runs/2026-06-03_09-24-48,results/quick_v1_v2_comparison/2026-06-03_09-24-45/model_runs/2026-06-03_09-24-48/multiclass_table6_arousal_3class_emotion-elicitation_2026-06-03_09-25-46,results/quick_v1_v2_comparison/2026-06-03_09-24-45/model_runs/2026-06-03_09-24-48/multiclass_table6_arousal_3class_emotion-elicitation_2026-06-03_09-25-46/recording_loo/fold_metrics.csv,MLP,r_dallas_f.avi,aggregated,0.6325757575757576,0.3523206751054852,0.3075506445672191,0.2348804500703235,0.2663476874003189,0.5726676043131739,0.8282898041185334,0.6325757575757576,0.7173227490213135,0.6220805097387375,0.9035429722666306
multiclass_table6_arousal_3class,Table-6 Arousal,recording_loo,MLP,MLP,results/quick_v1_v2_comparison/2026-06-03_09-24-45/model_runs/2026-06-03_09-24-48,results/quick_v1_v2_comparison/2026-06-03_09-24-45/model_runs/2026-06-03_09-24-48/multiclass_table6_arousal_3class_emotion-elicitation_2026-06-03_09-25-46,results/quick_v1_v2_comparison/2026-06-03_09-24-45/model_runs/2026-06-03_09-24-48/multiclass_table6_arousal_3class_emotion-elicitation_2026-06-03_09-25-46/recording_loo/fold_metrics.csv,MLP,r_detroit_f.avi,aggregated,0.8053435114503816,0.4637812386816371,0.4848484848484848,0.3091874924544247,0.3485219663563613,0.4976457805143064,0.9354614850798058,0.8053435114503816,0.8607403196307752,0.4581645658863505,0.6063294263740587
multiclass_table6_arousal_3class,Table-6 Arousal,recording_loo,MLP,MLP,results/quick_v1_v2_comparison/2026-06-03_09-24-45/model_runs/2026-06-03_09-24-48,results/quick_v1_v2_comparison/2026-06-03_09-24-45/model_runs/2026-06-03_09-24-48/multiclass_table6_arousal_3class_emotion-elicitation_2026-06-03_09-25-46,results/quick_v1_v2_comparison/2026-06-03_09-24-45/model_runs/2026-06-03_09-24-48/multiclass_table6_arousal_3class_emotion-elicitation_2026-06-03_09-25-46/recording_loo/fold_metrics.csv,MLP,r_earworm_f.avi,aggregated,0.5833333333333334,0.5408547008547009,0.3643924626380766,0.3605698005698006,0.3588263588263587,0.5725925925925925,0.566374269005848,0.5833333333333334,0.5698051948051949,0.5682175925925925,0.9091184462580388
multiclass_table6_arousal_3class,Table-6 Arousal,recording_loo,MLP,MLP,results/quick_v1_v2_comparison/2026-06-03_09-24-45/model_runs/2026-06-03_09-24-48,results/quick_v1_v2_comparison/2026-06-03_09-24-45/model_runs/2026-06-03_09-24-48/multiclass_table6_arousal_3class_emotion-elicitation_2026-06-03_09-25-46,results/quick_v1_v2_comparison/2026-06-03_09-24-45/model_runs/2026-06-03_09-24-48/multiclass_table6_arousal_3class_emotion-elicitation_2026-06-03_09-25-46/recording_loo/fold_metrics.csv,MLP,r_funny_f.avi,aggregated,0.5358490566037736,0.4179894179894179,0.4468820939409175,0.4179894179894179,0.379737221842485,0.6003979677025718,0.6423680155089699,0.5358490566037736,0.5621119694605294,0.5905437730347219,1.0956473630494723
multiclass_table6_arousal_3class,Table-6 Arousal,recording_loo,MLP,MLP,results/quick_v1_v2_comparison/2026-06-03_09-24-45/model_runs/2026-06-03_09-24-48,results/quick_v1_v2_comparison/2026-06-03_09-24-45/model_runs/2026-06-03_09-24-48/multiclass_table6_arousal_3class_emotion-elicitation_2026-06-03_09-25-46,results/quick_v1_v2_comparison/2026-06-03_09-24-45/model_runs/2026-06-03_09-24-48/multiclass_table6_arousal_3class_emotion-elicitation_2026-06-03_09-25-46/recording_loo/fold_metrics.csv,MLP,r_newyork_f.avi,aggregated,0.7647058823529411,0.331888341543514,0.2938957475994513,0.331888341543514,0.3080030703349088,0.4940736646935477,0.6437222625675785,0.7647058823529411,0.6978519537738741,0.5073472519912148,0.835482570931887
multiclass_table6_arousal_3class,Table-6 Arousal,recording_loo,GazeMAE_MLP,GazeMAE_MLP,results/quick_v1_v2_comparison/2026-06-03_09-24-45/model_runs/2026-06-03_09-24-48,results/quick_v1_v2_comparison/2026-06-03_09-24-45/model_runs/2026-06-03_09-24-48/multiclass_table6_arousal_3class_emotion-elicitation_2026-06-03_09-25-46,results/quick_v1_v2_comparison/2026-06-03_09-24-45/model_runs/2026-06-03_09-24-48/multiclass_table6_arousal_3class_emotion-elicitation_2026-06-03_09-25-46/recording_loo/fold_metrics.csv,GazeMAE_MLP,r_107.avi,aggregated,0.1012658227848101,0.4667366946778711,0.3964052287581699,0.4667366946778711,0.1154722406547223,0.5548603683897801,0.8743608835939439,0.1012658227848101,0.0362712405399275,0.4855044112006137,1.5571797040726725
multiclass_table6_arousal_3class,Table-6 Arousal,recording_loo,GazeMAE_MLP,GazeMAE_MLP,results/quick_v1_v2_comparison/2026-06-03_09-24-45/model_runs/2026-06-03_09-24-48,results/quick_v1_v2_comparison/2026-06-03_09-24-45/model_runs/2026-06-03_09-24-48/multiclass_table6_arousal_3class_emotion-elicitation_2026-06-03_09-25-46,results/quick_v1_v2_comparison/2026-06-03_09-24-45/model_runs/2026-06-03_09-24-48/multiclass_table6_arousal_3class_emotion-elicitation_2026-06-03_09-25-46/recording_loo/fold_metrics.csv,GazeMAE_MLP,r_111.avi,aggregated,0.4259818731117825,0.2582417582417582,0.2764705882352941,0.1721611721611722,0.2121896162528216,0.4828849311607932,0.6840767727030389,0.4259818731117825,0.5250250625711811,0.5149233341232509,1.108310171313684
multiclass_table6_arousal_3class,Table-6 Arousal,recording_loo,GazeMAE_MLP,GazeMAE_MLP,results/quick_v1_v2_comparison/2026-06-03_09-24-45/model_runs/2026-06-03_09-24-48,results/quick_v1_v2_comparison/2026-06-03_09-24-45/model_runs/2026-06-03_09-24-48/multiclass_table6_arousal_3class_emotion-elicitation_2026-06-03_09-25-46,results/quick_v1_v2_comparison/2026-06-03_09-24-45/model_runs/2026-06-03_09-24-48/multiclass_table6_arousal_3class_emotion-elicitation_2026-06-03_09-25-46/recording_loo/fold_metrics.csv,GazeMAE_MLP,r_138.avi,aggregated,0.4540229885057471,0.3223742669273147,0.3689300411522633,0.2149161779515431,0.2636551358660892,0.5304780522480896,0.9173779622534411,0.4540229885057471,0.6060075603336427,0.5208569520109325,1.0929780440055925
multiclass_table6_arousal_3class,Table-6 Arousal,recording_loo,GazeMAE_MLP,GazeMAE_MLP,results/quick_v1_v2_comparison/2026-06-03_09-24-45/model_runs/2026-06-03_09-24-48,results/quick_v1_v2_comparison/2026-06-03_09-24-45/model_runs/2026-06-03_09-24-48/multiclass_table6_arousal_3class_emotion-elicitation_2026-06-03_09-25-46,results/quick_v1_v2_comparison/2026-06-03_09-24-45/model_runs/2026-06-03_09-24-48/multiclass_table6_arousal_3class_emotion-elicitation_2026-06-03_09-25-46/recording_loo/fold_metrics.csv,GazeMAE_MLP,r_146.avi,aggregated,0.6022304832713755,0.313953488372093,0.3214285714285714,0.2093023255813953,0.2535211267605634,0.4991190979563072,0.9248539564524696,0.6022304832713755,0.729462275511807,0.5241936962780743,0.9012874912124524
multiclass_table6_arousal_3class,Table-6 Arousal,recording_loo,GazeMAE_MLP,GazeMAE_MLP,results/quick_v1_v2_comparison/2026-06-03_09-24-45/model_runs/2026-06-03_09-24-48,results/quick_v1_v2_comparison/2026-06-03_09-24-45/model_runs/2026-06-03_09-24-48/multiclass_table6_arousal_3class_emotion-elicitation_2026-06-03_09-25-46,results/quick_v1_v2_comparison/2026-06-03_09-24-45/model_runs/2026-06-03_09-24-48/multiclass_table6_arousal_3class_emotion-elicitation_2026-06-03_09-25-46/recording_loo/fold_metrics.csv,GazeMAE_MLP,r_30.avi,aggregated,0.1560975609756097,0.3333333333333333,0.0772946859903381,0.2222222222222222,0.1146953405017921,0.5116109341825903,0.0542948038176033,0.1560975609756097,0.0805664830841856,0.5162323287245612,1.6528315575985415
multiclass_table6_arousal_3class,Table-6 Arousal,recording_loo,GazeMAE_MLP,GazeMAE_MLP,results/quick_v1_v2_comparison/2026-06-03_09-24-45/model_runs/2026-06-03_09-24-48,results/quick_v1_v2_comparison/2026-06-03_09-24-45/model_runs/2026-06-03_09-24-48/multiclass_table6_arousal_3class_emotion-elicitation_2026-06-03_09-25-46,results/quick_v1_v2_comparison/2026-06-03_09-24-45/model_runs/2026-06-03_09-24-48/multiclass_table6_arousal_3class_emotion-elicitation_2026-06-03_09-25-46/recording_loo/fold_metrics.csv,GazeMAE_MLP,r_52.avi,aggregated,0.5661016949152542,0.5426248063862743,0.3556899137607799,0.3617498709241828,0.3469809339970877,0.5984153461217682,0.6455329736325333,0.5661016949152542,0.5911732849809811,0.5992410947783363,0.9243741076262352
multiclass_table6_arousal_3class,Table-6 Arousal,recording_loo,GazeMAE_MLP,GazeMAE_MLP,results/quick_v1_v2_comparison/2026-06-03_09-24-45/model_runs/2026-06-03_09-24-48,results/quick_v1_v2_comparison/2026-06-03_09-24-45/model_runs/2026-06-03_09-24-48/multiclass_table6_arousal_3class_emotion-elicitation_2026-06-03_09-25-46,results/quick_v1_v2_comparison/2026-06-03_09-24-45/model_runs/2026-06-03_09-24-48/multiclass_table6_arousal_3class_emotion-elicitation_2026-06-03_09-25-46/recording_loo/fold_metrics.csv,GazeMAE_MLP,r_53.avi,aggregated,0.4703947368421052,0.3943263846724685,0.4040549553154595,0.3943263846724685,0.3740970072239422,0.5682870639297456,0.5117331142983509,0.4703947368421052,0.4712383221986855,0.565409543923367,1.124797554764926
multiclass_table6_arousal_3class,Table-6 Arousal,recording_loo,GazeMAE_MLP,GazeMAE_MLP,results/quick_v1_v2_comparison/2026-06-03_09-24-45/model_runs/2026-06-03_09-24-48,results/quick_v1_v2_comparison/2026-06-03_09-24-45/model_runs/2026-06-03_09-24-48/multiclass_table6_arousal_3class_emotion-elicitation_2026-06-03_09-25-46,results/quick_v1_v2_comparison/2026-06-03_09-24-45/model_runs/2026-06-03_09-24-48/multiclass_table6_arousal_3class_emotion-elicitation_2026-06-03_09-25-46/recording_loo/fold_metrics.csv,GazeMAE_MLP,r_55.avi,aggregated,0.2780082987551867,0.3289250353606789,0.4869976359338062,0.2192833569071192,0.188453032243045,0.5443069306930692,0.7741090609458227,0.2780082987551867,0.2414931963441428,0.5463726692764119,1.5689887927346449
multiclass_table6_arousal_3class,Table-6 Arousal,recording_loo,GazeMAE_MLP,GazeMAE_MLP,results/quick_v1_v2_comparison/2026-06-03_09-24-45/model_runs/2026-06-03_09-24-48,results/quick_v1_v2_comparison/2026-06-03_09-24-45/model_runs/2026-06-03_09-24-48/multiclass_table6_arousal_3class_emotion-elicitation_2026-06-03_09-25-46,results/quick_v1_v2_comparison/2026-06-03_09-24-45/model_runs/2026-06-03_09-24-48/multiclass_table6_arousal_3class_emotion-elicitation_2026-06-03_09-25-46/recording_loo/fold_metrics.csv,GazeMAE_MLP,r_58.avi,aggregated,0.4467005076142132,0.5752242926155969,0.366469068247454,0.3834828617437313,0.2878038022142826,0.5559868875086267,0.7607755178567708,0.4467005076142132,0.4902791575901322,0.5635954080006166,1.071534373838661
multiclass_table6_arousal_3class,Table-6 Arousal,recording_loo,GazeMAE_MLP,GazeMAE_MLP,results/quick_v1_v2_comparison/2026-06-03_09-24-45/model_runs/2026-06-03_09-24-48,results/quick_v1_v2_comparison/2026-06-03_09-24-45/model_runs/2026-06-03_09-24-48/multiclass_table6_arousal_3class_emotion-elicitation_2026-06-03_09-25-46,results/quick_v1_v2_comparison/2026-06-03_09-24-45/model_runs/2026-06-03_09-24-48/multiclass_table6_arousal_3class_emotion-elicitation_2026-06-03_09-25-46/recording_loo/fold_metrics.csv,GazeMAE_MLP,r_69.avi,aggregated,0.3831775700934579,0.2524968789013733,0.6111111111111112,0.1683312526009155,0.2297349212447176,0.5881710362047441,0.8613707165109035,0.3831775700934579,0.503416259456199,0.5720171631255324,1.0519919328212604
multiclass_table6_arousal_3class,Table-6 Arousal,recording_loo,GazeMAE_MLP,GazeMAE_MLP,results/quick_v1_v2_comparison/2026-06-03_09-24-45/model_runs/2026-06-03_09-24-48,results/quick_v1_v2_comparison/2026-06-03_09-24-45/model_runs/2026-06-03_09-24-48/multiclass_table6_arousal_3class_emotion-elicitation_2026-06-03_09-25-46,results/quick_v1_v2_comparison/2026-06-03_09-24-45/model_runs/2026-06-03_09-24-48/multiclass_table6_arousal_3class_emotion-elicitation_2026-06-03_09-25-46/recording_loo/fold_metrics.csv,GazeMAE_MLP,r_73.avi,aggregated,0.0778688524590164,0.296875,0.0425055928411633,0.1979166666666666,0.0699815837937384,0.451282429245283,0.0167235119375068,0.0778688524590164,0.027533737886061,0.445573480513455,1.8310875661032264
multiclass_table6_arousal_3class,Table-6 Arousal,recording_loo,GazeMAE_MLP,GazeMAE_MLP,results/quick_v1_v2_comparison/2026-06-03_09-24-45/model_runs/2026-06-03_09-24-48,results/quick_v1_v2_comparison/2026-06-03_09-24-45/model_runs/2026-06-03_09-24-48/multiclass_table6_arousal_3class_emotion-elicitation_2026-06-03_09-25-46,results/quick_v1_v2_comparison/2026-06-03_09-24-45/model_runs/2026-06-03_09-24-48/multiclass_table6_arousal_3class_emotion-elicitation_2026-06-03_09-25-46/recording_loo/fold_metrics.csv,GazeMAE_MLP,r_79.avi,aggregated,0.4846625766871165,0.5751748251748252,0.3866080156402736,0.3834498834498834,0.3232036271808999,0.6314685314685315,0.7627152186819711,0.4846625766871165,0.5372397285740843,0.6324395440959859,1.072664825527085
multiclass_table6_arousal_3class,Table-6 Arousal,recording_loo,GazeMAE_MLP,GazeMAE_MLP,results/quick_v1_v2_comparison/2026-06-03_09-24-45/model_runs/2026-06-03_09-24-48,results/quick_v1_v2_comparison/2026-06-03_09-24-45/model_runs/2026-06-03_09-24-48/multiclass_table6_arousal_3class_emotion-elicitation_2026-06-03_09-25-46,results/quick_v1_v2_comparison/2026-06-03_09-24-45/model_runs/2026-06-03_09-24-48/multiclass_table6_arousal_3class_emotion-elicitation_2026-06-03_09-25-46/recording_loo/fold_metrics.csv,GazeMAE_MLP,r_80.avi,aggregated,0.6200716845878136,0.4035580524344569,0.3217198481602586,0.2690387016229713,0.2665854978354978,0.3403558052434457,0.904994683669226,0.6200716845878136,0.7321227831308476,0.3230974722457143,0.9068493749953788
multiclass_table6_arousal_3class,Table-6 Arousal,recording_loo,GazeMAE_MLP,GazeMAE_MLP,results/quick_v1_v2_comparison/2026-06-03_09-24-45/model_runs/2026-06-03_09-24-48,results/quick_v1_v2_comparison/2026-06-03_09-24-45/model_runs/2026-06-03_09-24-48/multiclass_table6_arousal_3class_emotion-elicitation_2026-06-03_09-25-46,results/quick_v1_v2_comparison/2026-06-03_09-24-45/model_runs/2026-06-03_09-24-48/multiclass_table6_arousal_3class_emotion-elicitation_2026-06-03_09-25-46/recording_loo/fold_metrics.csv,GazeMAE_MLP,r_90.avi,aggregated,0.484375,0.3118580765639589,0.3036750087109799,0.3118580765639589,0.2719343188042784,0.4938063517226864,0.6650602594847199,0.484375,0.5417299189737945,0.4390395252310846,1.0557253621072256
multiclass_table6_arousal_3class,Table-6 Arousal,recording_loo,GazeMAE_MLP,GazeMAE_MLP,results/quick_v1_v2_comparison/2026-06-03_09-24-45/model_runs/2026-06-03_09-24-48,results/quick_v1_v2_comparison/2026-06-03_09-24-45/model_runs/2026-06-03_09-24-48/multiclass_table6_arousal_3class_emotion-elicitation_2026-06-03_09-25-46,results/quick_v1_v2_comparison/2026-06-03_09-24-45/model_runs/2026-06-03_09-24-48/multiclass_table6_arousal_3class_emotion-elicitation_2026-06-03_09-25-46/recording_loo/fold_metrics.csv,GazeMAE_MLP,r_cats_f.avi,aggregated,0.3527397260273973,,0.3333333333333333,0.1175799086757991,0.1738396624472573,,1.0,0.3527397260273973,0.5215189873417722,,1.273471149683869
multiclass_table6_arousal_3class,Table-6 Arousal,recording_loo,GazeMAE_MLP,GazeMAE_MLP,results/quick_v1_v2_comparison/2026-06-03_09-24-45/model_runs/2026-06-03_09-24-48,results/quick_v1_v2_comparison/2026-06-03_09-24-45/model_runs/2026-06-03_09-24-48/multiclass_table6_arousal_3class_emotion-elicitation_2026-06-03_09-25-46,results/quick_v1_v2_comparison/2026-06-03_09-24-45/model_runs/2026-06-03_09-24-48/multiclass_table6_arousal_3class_emotion-elicitation_2026-06-03_09-25-46/recording_loo/fold_metrics.csv,GazeMAE_MLP,r_dallas_f.avi,aggregated,0.7954545454545454,0.4430379746835443,0.3056768558951965,0.2953586497890295,0.3004291845493562,0.5549304578840443,0.823243350535927,0.7954545454545454,0.8091104174795162,0.6050270638878232,0.7050364546750808
multiclass_table6_arousal_3class,Table-6 Arousal,recording_loo,GazeMAE_MLP,GazeMAE_MLP,results/quick_v1_v2_comparison/2026-06-03_09-24-45/model_runs/2026-06-03_09-24-48,results/quick_v1_v2_comparison/2026-06-03_09-24-45/model_runs/2026-06-03_09-24-48/multiclass_table6_arousal_3class_emotion-elicitation_2026-06-03_09-25-46,results/quick_v1_v2_comparison/2026-06-03_09-24-45/model_runs/2026-06-03_09-24-48/multiclass_table6_arousal_3class_emotion-elicitation_2026-06-03_09-25-46/recording_loo/fold_metrics.csv,GazeMAE_MLP,r_detroit_f.avi,aggregated,0.7977099236641222,0.4163346613545817,0.3166666666666666,0.2775564409030545,0.2958244869072894,0.4712060847519015,0.9101145038167938,0.7977099236641222,0.8502131245846908,0.4167949990461472,0.6353595882207169
multiclass_table6_arousal_3class,Table-6 Arousal,recording_loo,GazeMAE_MLP,GazeMAE_MLP,results/quick_v1_v2_comparison/2026-06-03_09-24-45/model_runs/2026-06-03_09-24-48,results/quick_v1_v2_comparison/2026-06-03_09-24-45/model_runs/2026-06-03_09-24-48/multiclass_table6_arousal_3class_emotion-elicitation_2026-06-03_09-25-46,results/quick_v1_v2_comparison/2026-06-03_09-24-45/model_runs/2026-06-03_09-24-48/multiclass_table6_arousal_3class_emotion-elicitation_2026-06-03_09-25-46/recording_loo/fold_metrics.csv,GazeMAE_MLP,r_earworm_f.avi,aggregated,0.5885416666666666,0.5547008547008547,0.3828125,0.3698005698005698,0.3739984882842025,0.5905982905982906,0.5904541015625,0.5885416666666666,0.5864937641723356,0.5892396723646723,0.9204167383485272
multiclass_table6_arousal_3class,Table-6 Arousal,recording_loo,GazeMAE_MLP,GazeMAE_MLP,results/quick_v1_v2_comparison/2026-06-03_09-24-45/model_runs/2026-06-03_09-24-48,results/quick_v1_v2_comparison/2026-06-03_09-24-45/model_runs/2026-06-03_09-24-48/multiclass_table6_arousal_3class_emotion-elicitation_2026-06-03_09-25-46,results/quick_v1_v2_comparison/2026-06-03_09-24-45/model_runs/2026-06-03_09-24-48/multiclass_table6_arousal_3class_emotion-elicitation_2026-06-03_09-25-46/recording_loo/fold_metrics.csv,GazeMAE_MLP,r_funny_f.avi,aggregated,0.4867924528301887,0.3963585434173669,0.3008695652173913,0.3963585434173669,0.3063491120745976,0.5897284135505315,0.5369384741591468,0.4867924528301887,0.4905987599189118,0.5640845001457486,1.0220275271493262
multiclass_table6_arousal_3class,Table-6 Arousal,recording_loo,GazeMAE_MLP,GazeMAE_MLP,results/quick_v1_v2_comparison/2026-06-03_09-24-45/model_runs/2026-06-03_09-24-48,results/quick_v1_v2_comparison/2026-06-03_09-24-45/model_runs/2026-06-03_09-24-48/multiclass_table6_arousal_3class_emotion-elicitation_2026-06-03_09-25-46,results/quick_v1_v2_comparison/2026-06-03_09-24-45/model_runs/2026-06-03_09-24-48/multiclass_table6_arousal_3class_emotion-elicitation_2026-06-03_09-25-46/recording_loo/fold_metrics.csv,GazeMAE_MLP,r_newyork_f.avi,aggregated,0.7294117647058823,0.352183908045977,0.3162019930578882,0.352183908045977,0.3331517792302106,0.5198500120731285,0.6477741113240728,0.7294117647058823,0.686148489897048,0.5219455057737463,0.7884319986892331
multiclass_table6_valence_3class,Table-6 Valence,subject_loo,LightGBM,LightGBM,results/quick_v1_v2_comparison/2026-06-03_09-24-45/model_runs/2026-06-03_09-24-48,results/quick_v1_v2_comparison/2026-06-03_09-24-45/model_runs/2026-06-03_09-24-48/multiclass_table6_valence_3class_emotion-elicitation_2026-06-03_09-33-29,results/quick_v1_v2_comparison/2026-06-03_09-24-45/model_runs/2026-06-03_09-24-48/multiclass_table6_valence_3class_emotion-elicitation_2026-06-03_09-33-29/subject_loo/fold_metrics.csv,LightGBM,s_P1,aggregated,0.4541666666666666,0.4400201106083459,0.4590920028876233,0.4400201106083459,0.3870234389672446,0.693558979243596,0.4699576882971044,0.4541666666666666,0.4013136043300359,0.6946905752370729,1.0920043760107516
multiclass_table6_valence_3class,Table-6 Valence,subject_loo,LightGBM,LightGBM,results/quick_v1_v2_comparison/2026-06-03_09-24-45/model_runs/2026-06-03_09-24-48,results/quick_v1_v2_comparison/2026-06-03_09-24-45/model_runs/2026-06-03_09-24-48/multiclass_table6_valence_3class_emotion-elicitation_2026-06-03_09-33-29,results/quick_v1_v2_comparison/2026-06-03_09-24-45/model_runs/2026-06-03_09-24-48/multiclass_table6_valence_3class_emotion-elicitation_2026-06-03_09-33-29/subject_loo/fold_metrics.csv,LightGBM,s_P10,aggregated,0.5676855895196506,0.5766350210970465,0.6031268416519334,0.5766350210970465,0.560893949056533,0.7587133251859401,0.6074988255989148,0.5676855895196506,0.5590366573385036,0.7567453673469501,0.9456717598983893
multiclass_table6_valence_3class,Table-6 Valence,subject_loo,LightGBM,LightGBM,results/quick_v1_v2_comparison/2026-06-03_09-24-45/model_runs/2026-06-03_09-24-48,results/quick_v1_v2_comparison/2026-06-03_09-24-45/model_runs/2026-06-03_09-24-48/multiclass_table6_valence_3class_emotion-elicitation_2026-06-03_09-33-29,results/quick_v1_v2_comparison/2026-06-03_09-24-45/model_runs/2026-06-03_09-24-48/multiclass_table6_valence_3class_emotion-elicitation_2026-06-03_09-33-29/subject_loo/fold_metrics.csv,LightGBM,s_P13,aggregated,0.5084745762711864,0.5061712307989299,0.5013639855723531,0.5061712307989299,0.4914998881281603,0.7235928610627309,0.5026822585098332,0.5084745762711864,0.4931658395735066,0.7246149380476649,0.9650789138333346
multiclass_table6_valence_3class,Table-6 Valence,subject_loo,LightGBM,LightGBM,results/quick_v1_v2_comparison/2026-06-03_09-24-45/model_runs/2026-06-03_09-24-48,results/quick_v1_v2_comparison/2026-06-03_09-24-45/model_runs/2026-06-03_09-24-48/multiclass_table6_valence_3class_emotion-elicitation_2026-06-03_09-33-29,results/quick_v1_v2_comparison/2026-06-03_09-24-45/model_runs/2026-06-03_09-24-48/multiclass_table6_valence_3class_emotion-elicitation_2026-06-03_09-33-29/subject_loo/fold_metrics.csv,LightGBM,s_P14,aggregated,0.5944700460829493,0.5784930767847509,0.5860103732745242,0.5784930767847509,0.575689300999177,0.7744989909888309,0.5887112865397363,0.5944700460829493,0.5847380307623861,0.7792855996515119,0.8798413503659742
multiclass_table6_valence_3class,Table-6 Valence,subject_loo,LightGBM,LightGBM,results/quick_v1_v2_comparison/2026-06-03_09-24-45/model_runs/2026-06-03_09-24-48,results/quick_v1_v2_comparison/2026-06-03_09-24-45/model_runs/2026-06-03_09-24-48/multiclass_table6_valence_3class_emotion-elicitation_2026-06-03_09-33-29,results/quick_v1_v2_comparison/2026-06-03_09-24-45/model_runs/2026-06-03_09-24-48/multiclass_table6_valence_3class_emotion-elicitation_2026-06-03_09-33-29/subject_loo/fold_metrics.csv,LightGBM,s_P16,aggregated,0.5129533678756477,0.5300786352125817,0.5727091386658737,0.5300786352125817,0.5187442284498536,0.7408986086994883,0.5910851324764004,0.5129533678756477,0.5224258172582125,0.7447159921253186,0.957801127410198
multiclass_table6_valence_3class,Table-6 Valence,subject_loo,LightGBM,LightGBM,results/quick_v1_v2_comparison/2026-06-03_09-24-45/model_runs/2026-06-03_09-24-48,results/quick_v1_v2_comparison/2026-06-03_09-24-45/model_runs/2026-06-03_09-24-48/multiclass_table6_valence_3class_emotion-elicitation_2026-06-03_09-33-29,results/quick_v1_v2_comparison/2026-06-03_09-24-45/model_runs/2026-06-03_09-24-48/multiclass_table6_valence_3class_emotion-elicitation_2026-06-03_09-33-29/subject_loo/fold_metrics.csv,LightGBM,s_P17,aggregated,0.6276150627615062,0.5711709211986681,0.6392277992277993,0.5711709211986681,0.5814209395647846,0.7643576645385588,0.6282974426907482,0.6276150627615062,0.6097200055218621,0.7770810382956149,0.8576671658511338
multiclass_table6_valence_3class,Table-6 Valence,subject_loo,LightGBM,LightGBM,results/quick_v1_v2_comparison/2026-06-03_09-24-45/model_runs/2026-06-03_09-24-48,results/quick_v1_v2_comparison/2026-06-03_09-24-45/model_runs/2026-06-03_09-24-48/multiclass_table6_valence_3class_emotion-elicitation_2026-06-03_09-33-29,results/quick_v1_v2_comparison/2026-06-03_09-24-45/model_runs/2026-06-03_09-24-48/multiclass_table6_valence_3class_emotion-elicitation_2026-06-03_09-33-29/subject_loo/fold_metrics.csv,LightGBM,s_P18,aggregated,0.5570175438596491,0.600841324638793,0.6043960744058728,0.600841324638793,0.5461490459817216,0.7728948470147924,0.6484835964257415,0.5570175438596491,0.5416570958257586,0.7698008675337881,0.9955710901466082
multiclass_table6_valence_3class,Table-6 Valence,subject_loo,LightGBM,LightGBM,results/quick_v1_v2_comparison/2026-06-03_09-24-45/model_runs/2026-06-03_09-24-48,results/quick_v1_v2_comparison/2026-06-03_09-24-45/model_runs/2026-06-03_09-24-48/multiclass_table6_valence_3class_emotion-elicitation_2026-06-03_09-33-29,results/quick_v1_v2_comparison/2026-06-03_09-24-45/model_runs/2026-06-03_09-24-48/multiclass_table6_valence_3class_emotion-elicitation_2026-06-03_09-33-29/subject_loo/fold_metrics.csv,LightGBM,s_P19,aggregated,0.5807860262008734,0.5872236315463103,0.6037047101449277,0.5872236315463103,0.5728443069809217,0.7465096570880437,0.6064195699639263,0.5807860262008734,0.5708640923267267,0.7445873985175295,0.9416970178060722
multiclass_table6_valence_3class,Table-6 Valence,subject_loo,LightGBM,LightGBM,results/quick_v1_v2_comparison/2026-06-03_09-24-45/model_runs/2026-06-03_09-24-48,results/quick_v1_v2_comparison/2026-06-03_09-24-45/model_runs/2026-06-03_09-24-48/multiclass_table6_valence_3class_emotion-elicitation_2026-06-03_09-33-29,results/quick_v1_v2_comparison/2026-06-03_09-24-45/model_runs/2026-06-03_09-24-48/multiclass_table6_valence_3class_emotion-elicitation_2026-06-03_09-33-29/subject_loo/fold_metrics.csv,LightGBM,s_P2,aggregated,0.5311203319502075,0.5527370777370777,0.5451571578416413,0.5527370777370777,0.5119576161413254,0.7610563744092591,0.6435122932217375,0.5311203319502075,0.541670899256618,0.7717472521067361,0.9570076202594447
multiclass_table6_valence_3class,Table-6 Valence,subject_loo,LightGBM,LightGBM,results/quick_v1_v2_comparison/2026-06-03_09-24-45/model_runs/2026-06-03_09-24-48,results/quick_v1_v2_comparison/2026-06-03_09-24-45/model_runs/2026-06-03_09-24-48/multiclass_table6_valence_3class_emotion-elicitation_2026-06-03_09-33-29,results/quick_v1_v2_comparison/2026-06-03_09-24-45/model_runs/2026-06-03_09-24-48/multiclass_table6_valence_3class_emotion-elicitation_2026-06-03_09-33-29/subject_loo/fold_metrics.csv,LightGBM,s_P20,aggregated,0.584070796460177,0.5872127501853225,0.596879488183836,0.5872127501853225,0.5733224437780352,0.7760922792595419,0.6063125457123147,0.584070796460177,0.5764159491185461,0.7786118395607826,0.902604978495266
multiclass_table6_valence_3class,Table-6 Valence,subject_loo,LightGBM,LightGBM,results/quick_v1_v2_comparison/2026-06-03_09-24-45/model_runs/2026-06-03_09-24-48,results/quick_v1_v2_comparison/2026-06-03_09-24-45/model_runs/2026-06-03_09-24-48/multiclass_table6_valence_3class_emotion-elicitation_2026-06-03_09-33-29,results/quick_v1_v2_comparison/2026-06-03_09-24-45/model_runs/2026-06-03_09-24-48/multiclass_table6_valence_3class_emotion-elicitation_2026-06-03_09-33-29/subject_loo/fold_metrics.csv,LightGBM,s_P21,aggregated,0.5525114155251142,0.5380304780883532,0.7465277777777777,0.5380304780883532,0.5172640795233864,0.7921508119390458,0.7251712328767124,0.5525114155251142,0.5184373073834448,0.7919103450175077,0.969052067947528
multiclass_table6_valence_3class,Table-6 Valence,subject_loo,LightGBM,LightGBM,results/quick_v1_v2_comparison/2026-06-03_09-24-45/model_runs/2026-06-03_09-24-48,results/quick_v1_v2_comparison/2026-06-03_09-24-45/model_runs/2026-06-03_09-24-48/multiclass_table6_valence_3class_emotion-elicitation_2026-06-03_09-33-29,results/quick_v1_v2_comparison/2026-06-03_09-24-45/model_runs/2026-06-03_09-24-48/multiclass_table6_valence_3class_emotion-elicitation_2026-06-03_09-33-29/subject_loo/fold_metrics.csv,LightGBM,s_P22,aggregated,0.5607476635514018,0.545560626539911,0.604045321637427,0.545560626539911,0.5412284654146134,0.7371617385007087,0.6096846409247418,0.5607476635514018,0.5525761770976059,0.7417531808115405,0.9502070336853908
multiclass_table6_valence_3class,Table-6 Valence,subject_loo,LightGBM,LightGBM,results/quick_v1_v2_comparison/2026-06-03_09-24-45/model_runs/2026-06-03_09-24-48,results/quick_v1_v2_comparison/2026-06-03_09-24-45/model_runs/2026-06-03_09-24-48/multiclass_table6_valence_3class_emotion-elicitation_2026-06-03_09-33-29,results/quick_v1_v2_comparison/2026-06-03_09-24-45/model_runs/2026-06-03_09-24-48/multiclass_table6_valence_3class_emotion-elicitation_2026-06-03_09-33-29/subject_loo/fold_metrics.csv,LightGBM,s_P23,aggregated,0.6583333333333333,0.6415832938669193,0.6505676692190322,0.6415832938669193,0.6404410224177667,0.808521353144403,0.6668730938279002,0.6583333333333333,0.6556773124869056,0.8041369004559156,0.8128255297526793
multiclass_table6_valence_3class,Table-6 Valence,subject_loo,LightGBM,LightGBM,results/quick_v1_v2_comparison/2026-06-03_09-24-45/model_runs/2026-06-03_09-24-48,results/quick_v1_v2_comparison/2026-06-03_09-24-45/model_runs/2026-06-03_09-24-48/multiclass_table6_valence_3class_emotion-elicitation_2026-06-03_09-33-29,results/quick_v1_v2_comparison/2026-06-03_09-24-45/model_runs/2026-06-03_09-24-48/multiclass_table6_valence_3class_emotion-elicitation_2026-06-03_09-33-29/subject_loo/fold_metrics.csv,LightGBM,s_P24,aggregated,0.3766233766233766,0.398943661971831,0.6336538461538462,0.398943661971831,0.2958183990442055,0.6309276186922862,0.645417082917083,0.3766233766233766,0.2880727396856429,0.628949858088931,1.315730257403211
multiclass_table6_valence_3class,Table-6 Valence,subject_loo,LightGBM,LightGBM,results/quick_v1_v2_comparison/2026-06-03_09-24-45/model_runs/2026-06-03_09-24-48,results/quick_v1_v2_comparison/2026-06-03_09-24-45/model_runs/2026-06-03_09-24-48/multiclass_table6_valence_3class_emotion-elicitation_2026-06-03_09-33-29,results/quick_v1_v2_comparison/2026-06-03_09-24-45/model_runs/2026-06-03_09-24-48/multiclass_table6_valence_3class_emotion-elicitation_2026-06-03_09-33-29/subject_loo/fold_metrics.csv,LightGBM,s_P27,aggregated,0.5201793721973094,0.597779271463482,0.5993589743589743,0.597779271463482,0.5004698351870122,0.8005216775298482,0.6716416991080668,0.5201793721973094,0.5060430682543635,0.795591015664383,1.00206283097853
multiclass_table6_valence_3class,Table-6 Valence,subject_loo,LightGBM,LightGBM,results/quick_v1_v2_comparison/2026-06-03_09-24-45/model_runs/2026-06-03_09-24-48,results/quick_v1_v2_comparison/2026-06-03_09-24-45/model_runs/2026-06-03_09-24-48/multiclass_table6_valence_3class_emotion-elicitation_2026-06-03_09-33-29,results/quick_v1_v2_comparison/2026-06-03_09-24-45/model_runs/2026-06-03_09-24-48/multiclass_table6_valence_3class_emotion-elicitation_2026-06-03_09-33-29/subject_loo/fold_metrics.csv,LightGBM,s_P28,aggregated,0.6509433962264151,0.6196591289883685,0.697735399659383,0.6196591289883685,0.6308654386590141,0.8390743530443622,0.6763875124369791,0.6509433962264151,0.6387480074624251,0.8406903844848649,0.791240893159086
multiclass_table6_valence_3class,Table-6 Valence,subject_loo,LightGBM,LightGBM,results/quick_v1_v2_comparison/2026-06-03_09-24-45/model_runs/2026-06-03_09-24-48,results/quick_v1_v2_comparison/2026-06-03_09-24-45/model_runs/2026-06-03_09-24-48/multiclass_table6_valence_3class_emotion-elicitation_2026-06-03_09-33-29,results/quick_v1_v2_comparison/2026-06-03_09-24-45/model_runs/2026-06-03_09-24-48/multiclass_table6_valence_3class_emotion-elicitation_2026-06-03_09-33-29/subject_loo/fold_metrics.csv,LightGBM,s_P29,aggregated,0.5555555555555556,0.4362222236222854,0.7320261437908496,0.4362222236222854,0.410161801236852,0.8029772813196948,0.6722040668119099,0.5555555555555556,0.4764082654380153,0.7977856583494465,0.8775536283437319
multiclass_table6_valence_3class,Table-6 Valence,subject_loo,LightGBM,LightGBM,results/quick_v1_v2_comparison/2026-06-03_09-24-45/model_runs/2026-06-03_09-24-48,results/quick_v1_v2_comparison/2026-06-03_09-24-45/model_runs/2026-06-03_09-24-48/multiclass_table6_valence_3class_emotion-elicitation_2026-06-03_09-33-29,results/quick_v1_v2_comparison/2026-06-03_09-24-45/model_runs/2026-06-03_09-24-48/multiclass_table6_valence_3class_emotion-elicitation_2026-06-03_09-33-29/subject_loo/fold_metrics.csv,LightGBM,s_P30,aggregated,0.5575221238938053,0.5494692195059842,0.5465076037623139,0.5494692195059842,0.5248491106439994,0.7504595663134963,0.5471429908226053,0.5575221238938053,0.5279082350783446,0.7515995470343523,0.9382898158827584
multiclass_table6_valence_3class,Table-6 Valence,subject_loo,LightGBM,LightGBM,results/quick_v1_v2_comparison/2026-06-03_09-24-45/model_runs/2026-06-03_09-24-48,results/quick_v1_v2_comparison/2026-06-03_09-24-45/model_runs/2026-06-03_09-24-48/multiclass_table6_valence_3class_emotion-elicitation_2026-06-03_09-33-29,results/quick_v1_v2_comparison/2026-06-03_09-24-45/model_runs/2026-06-03_09-24-48/multiclass_table6_valence_3class_emotion-elicitation_2026-06-03_09-33-29/subject_loo/fold_metrics.csv,LightGBM,s_P4,aggregated,0.5338645418326693,0.5433930321660875,0.5898293277603622,0.5433930321660875,0.5211172660394502,0.7154253100618612,0.594466023055115,0.5338645418326693,0.5192052797631538,0.7150917777692787,1.0146045992135102
multiclass_table6_valence_3class,Table-6 Valence,subject_loo,LightGBM,LightGBM,results/quick_v1_v2_comparison/2026-06-03_09-24-45/model_runs/2026-06-03_09-24-48,results/quick_v1_v2_comparison/2026-06-03_09-24-45/model_runs/2026-06-03_09-24-48/multiclass_table6_valence_3class_emotion-elicitation_2026-06-03_09-33-29,results/quick_v1_v2_comparison/2026-06-03_09-24-45/model_runs/2026-06-03_09-24-48/multiclass_table6_valence_3class_emotion-elicitation_2026-06-03_09-33-29/subject_loo/fold_metrics.csv,LightGBM,s_P5,aggregated,0.5563636363636364,0.5731667462464852,0.5501082591234504,0.5731667462464852,0.5471388752254468,0.7590849502438847,0.5911294061621982,0.5563636363636364,0.5627238870327901,0.7556208542331662,0.9080448008218418
multiclass_table6_valence_3class,Table-6 Valence,subject_loo,LightGBM,LightGBM,results/quick_v1_v2_comparison/2026-06-03_09-24-45/model_runs/2026-06-03_09-24-48,results/quick_v1_v2_comparison/2026-06-03_09-24-45/model_runs/2026-06-03_09-24-48/multiclass_table6_valence_3class_emotion-elicitation_2026-06-03_09-33-29,results/quick_v1_v2_comparison/2026-06-03_09-24-45/model_runs/2026-06-03_09-24-48/multiclass_table6_valence_3class_emotion-elicitation_2026-06-03_09-33-29/subject_loo/fold_metrics.csv,LightGBM,s_P7,aggregated,0.6173913043478261,0.6141029712458284,0.6161297852474323,0.6141029712458284,0.5728829849311777,0.7893472801239493,0.735997442455243,0.6173913043478261,0.6500339820821749,0.7938272127410712,0.862831910162657
multiclass_table6_valence_3class,Table-6 Valence,subject_loo,LightGBM,LightGBM,results/quick_v1_v2_comparison/2026-06-03_09-24-45/model_runs/2026-06-03_09-24-48,results/quick_v1_v2_comparison/2026-06-03_09-24-45/model_runs/2026-06-03_09-24-48/multiclass_table6_valence_3class_emotion-elicitation_2026-06-03_09-33-29,results/quick_v1_v2_comparison/2026-06-03_09-24-45/model_runs/2026-06-03_09-24-48/multiclass_table6_valence_3class_emotion-elicitation_2026-06-03_09-33-29/subject_loo/fold_metrics.csv,LightGBM,s_P8,aggregated,0.593607305936073,0.5645588610827376,0.6130159474671669,0.5645588610827376,0.567288083221753,0.7901436931755933,0.6075563065957319,0.593607305936073,0.5788203541944245,0.7906659480286367,0.8472521300949009
multiclass_table6_valence_3class,Table-6 Valence,subject_loo,SVM,SVM,results/quick_v1_v2_comparison/2026-06-03_09-24-45/model_runs/2026-06-03_09-24-48,results/quick_v1_v2_comparison/2026-06-03_09-24-45/model_runs/2026-06-03_09-24-48/multiclass_table6_valence_3class_emotion-elicitation_2026-06-03_09-33-29,results/quick_v1_v2_comparison/2026-06-03_09-24-45/model_runs/2026-06-03_09-24-48/multiclass_table6_valence_3class_emotion-elicitation_2026-06-03_09-33-29/subject_loo/fold_metrics.csv,SVM,s_P1,aggregated,0.4666666666666667,0.4665661136249371,0.5712620712620713,0.4665661136249371,0.4142353119448094,0.6876363679787948,0.584040959040959,0.4666666666666667,0.4265299547912989,0.6863191089640365,1.128741780897392
multiclass_table6_valence_3class,Table-6 Valence,subject_loo,SVM,SVM,results/quick_v1_v2_comparison/2026-06-03_09-24-45/model_runs/2026-06-03_09-24-48,results/quick_v1_v2_comparison/2026-06-03_09-24-45/model_runs/2026-06-03_09-24-48/multiclass_table6_valence_3class_emotion-elicitation_2026-06-03_09-33-29,results/quick_v1_v2_comparison/2026-06-03_09-24-45/model_runs/2026-06-03_09-24-48/multiclass_table6_valence_3class_emotion-elicitation_2026-06-03_09-33-29/subject_loo/fold_metrics.csv,SVM,s_P10,aggregated,0.5982532751091703,0.6053646775165763,0.6224004192872118,0.6053646775165763,0.593262636525273,0.749807471848024,0.6265462360275742,0.5982532751091703,0.5921292563109144,0.7476822053369445,0.9464810664140554
multiclass_table6_valence_3class,Table-6 Valence,subject_loo,SVM,SVM,results/quick_v1_v2_comparison/2026-06-03_09-24-45/model_runs/2026-06-03_09-24-48,results/quick_v1_v2_comparison/2026-06-03_09-24-45/model_runs/2026-06-03_09-24-48/multiclass_table6_valence_3class_emotion-elicitation_2026-06-03_09-33-29,results/quick_v1_v2_comparison/2026-06-03_09-24-45/model_runs/2026-06-03_09-24-48/multiclass_table6_valence_3class_emotion-elicitation_2026-06-03_09-33-29/subject_loo/fold_metrics.csv,SVM,s_P13,aggregated,0.5254237288135594,0.5202166239210171,0.5183794056343075,0.5202166239210171,0.5095895492112066,0.7161855279247905,0.520682930765184,0.5254237288135594,0.5130888102115742,0.7171977068187405,0.9883915624248296
multiclass_table6_valence_3class,Table-6 Valence,subject_loo,SVM,SVM,results/quick_v1_v2_comparison/2026-06-03_09-24-45/model_runs/2026-06-03_09-24-48,results/quick_v1_v2_comparison/2026-06-03_09-24-45/model_runs/2026-06-03_09-24-48/multiclass_table6_valence_3class_emotion-elicitation_2026-06-03_09-33-29,results/quick_v1_v2_comparison/2026-06-03_09-24-45/model_runs/2026-06-03_09-24-48/multiclass_table6_valence_3class_emotion-elicitation_2026-06-03_09-33-29/subject_loo/fold_metrics.csv,SVM,s_P14,aggregated,0.5898617511520737,0.5725588922855601,0.582134345671201,0.5725588922855601,0.5685477207977208,0.760185018681692,0.5845339440794125,0.5898617511520737,0.57808644491709,0.7651718366691885,0.8946091653953017
multiclass_table6_valence_3class,Table-6 Valence,subject_loo,SVM,SVM,results/quick_v1_v2_comparison/2026-06-03_09-24-45/model_runs/2026-06-03_09-24-48,results/quick_v1_v2_comparison/2026-06-03_09-24-45/model_runs/2026-06-03_09-24-48/multiclass_table6_valence_3class_emotion-elicitation_2026-06-03_09-33-29,results/quick_v1_v2_comparison/2026-06-03_09-24-45/model_runs/2026-06-03_09-24-48/multiclass_table6_valence_3class_emotion-elicitation_2026-06-03_09-33-29/subject_loo/fold_metrics.csv,SVM,s_P16,aggregated,0.5233160621761658,0.5262055177928828,0.5708492049955464,0.5262055177928828,0.5213706211046637,0.7195908980115298,0.5824987178456154,0.5233160621761658,0.5287909688885326,0.719890050200931,0.9859929269912072
multiclass_table6_valence_3class,Table-6 Valence,subject_loo,SVM,SVM,results/quick_v1_v2_comparison/2026-06-03_09-24-45/model_runs/2026-06-03_09-24-48,results/quick_v1_v2_comparison/2026-06-03_09-24-45/model_runs/2026-06-03_09-24-48/multiclass_table6_valence_3class_emotion-elicitation_2026-06-03_09-33-29,results/quick_v1_v2_comparison/2026-06-03_09-24-45/model_runs/2026-06-03_09-24-48/multiclass_table6_valence_3class_emotion-elicitation_2026-06-03_09-33-29/subject_loo/fold_metrics.csv,SVM,s_P17,aggregated,0.6192468619246861,0.5648816130225676,0.6533081768340852,0.5648816130225676,0.5787543112367458,0.7509265395962313,0.6311876425537427,0.6192468619246861,0.6025209576429069,0.7618948394407821,0.8746175024344962
multiclass_table6_valence_3class,Table-6 Valence,subject_loo,SVM,SVM,results/quick_v1_v2_comparison/2026-06-03_09-24-45/model_runs/2026-06-03_09-24-48,results/quick_v1_v2_comparison/2026-06-03_09-24-45/model_runs/2026-06-03_09-24-48/multiclass_table6_valence_3class_emotion-elicitation_2026-06-03_09-33-29,results/quick_v1_v2_comparison/2026-06-03_09-24-45/model_runs/2026-06-03_09-24-48/multiclass_table6_valence_3class_emotion-elicitation_2026-06-03_09-33-29/subject_loo/fold_metrics.csv,SVM,s_P18,aggregated,0.5482456140350878,0.5882504368580318,0.6107050843892949,0.5882504368580318,0.5403209988252392,0.7582906400594022,0.6624287531489748,0.5482456140350878,0.5411654368255281,0.7601203404232958,0.9965764816782028
multiclass_table6_valence_3class,Table-6 Valence,subject_loo,SVM,SVM,results/quick_v1_v2_comparison/2026-06-03_09-24-45/model_runs/2026-06-03_09-24-48,results/quick_v1_v2_comparison/2026-06-03_09-24-45/model_runs/2026-06-03_09-24-48/multiclass_table6_valence_3class_emotion-elicitation_2026-06-03_09-33-29,results/quick_v1_v2_comparison/2026-06-03_09-24-45/model_runs/2026-06-03_09-24-48/multiclass_table6_valence_3class_emotion-elicitation_2026-06-03_09-33-29/subject_loo/fold_metrics.csv,SVM,s_P19,aggregated,0.5502183406113537,0.552139353965838,0.560460600224683,0.552139353965838,0.5483301537054543,0.7550546305036412,0.562815847512683,0.5502183406113537,0.5486757293111528,0.7543431331640938,0.9150527721389488
multiclass_table6_valence_3class,Table-6 Valence,subject_loo,SVM,SVM,results/quick_v1_v2_comparison/2026-06-03_09-24-45/model_runs/2026-06-03_09-24-48,results/quick_v1_v2_comparison/2026-06-03_09-24-45/model_runs/2026-06-03_09-24-48/multiclass_table6_valence_3class_emotion-elicitation_2026-06-03_09-33-29,results/quick_v1_v2_comparison/2026-06-03_09-24-45/model_runs/2026-06-03_09-24-48/multiclass_table6_valence_3class_emotion-elicitation_2026-06-03_09-33-29/subject_loo/fold_metrics.csv,SVM,s_P2,aggregated,0.5020746887966805,0.5309879934879934,0.5225440218568311,0.5309879934879934,0.4884063970415752,0.7521875835689364,0.6162052802380008,0.5020746887966805,0.511530707575633,0.7605886982493546,1.013361708658542
multiclass_table6_valence_3class,Table-6 Valence,subject_loo,SVM,SVM,results/quick_v1_v2_comparison/2026-06-03_09-24-45/model_runs/2026-06-03_09-24-48,results/quick_v1_v2_comparison/2026-06-03_09-24-45/model_runs/2026-06-03_09-24-48/multiclass_table6_valence_3class_emotion-elicitation_2026-06-03_09-33-29,results/quick_v1_v2_comparison/2026-06-03_09-24-45/model_runs/2026-06-03_09-24-48/multiclass_table6_valence_3class_emotion-elicitation_2026-06-03_09-33-29/subject_loo/fold_metrics.csv,SVM,s_P20,aggregated,0.5973451327433629,0.6100197677291822,0.6217857142857143,0.6100197677291822,0.5957796336392067,0.7696214603174246,0.6269042351453855,0.5973451327433629,0.5910800036861751,0.771729203797121,0.9221925243990068
multiclass_table6_valence_3class,Table-6 Valence,subject_loo,SVM,SVM,results/quick_v1_v2_comparison/2026-06-03_09-24-45/model_runs/2026-06-03_09-24-48,results/quick_v1_v2_comparison/2026-06-03_09-24-45/model_runs/2026-06-03_09-24-48/multiclass_table6_valence_3class_emotion-elicitation_2026-06-03_09-33-29,results/quick_v1_v2_comparison/2026-06-03_09-24-45/model_runs/2026-06-03_09-24-48/multiclass_table6_valence_3class_emotion-elicitation_2026-06-03_09-33-29/subject_loo/fold_metrics.csv,SVM,s_P21,aggregated,0.5662100456621004,0.5531864901439106,0.7071428571428572,0.5531864901439106,0.5354060067029592,0.7741088956796197,0.693754076973255,0.5662100456621004,0.5366059433028355,0.7735038966552518,0.9523526200179266
multiclass_table6_valence_3class,Table-6 Valence,subject_loo,SVM,SVM,results/quick_v1_v2_comparison/2026-06-03_09-24-45/model_runs/2026-06-03_09-24-48,results/quick_v1_v2_comparison/2026-06-03_09-24-45/model_runs/2026-06-03_09-24-48/multiclass_table6_valence_3class_emotion-elicitation_2026-06-03_09-33-29,results/quick_v1_v2_comparison/2026-06-03_09-24-45/model_runs/2026-06-03_09-24-48/multiclass_table6_valence_3class_emotion-elicitation_2026-06-03_09-33-29/subject_loo/fold_metrics.csv,SVM,s_P22,aggregated,0.5560747663551402,0.5525987380977965,0.6190058479532163,0.5525987380977965,0.5423583112370297,0.7538335685013319,0.6160039897250915,0.5560747663551402,0.5418376294250458,0.7532845718456527,0.9668115966910328
multiclass_table6_valence_3class,Table-6 Valence,subject_loo,SVM,SVM,results/quick_v1_v2_comparison/2026-06-03_09-24-45/model_runs/2026-06-03_09-24-48,results/quick_v1_v2_comparison/2026-06-03_09-24-45/model_runs/2026-06-03_09-24-48/multiclass_table6_valence_3class_emotion-elicitation_2026-06-03_09-33-29,results/quick_v1_v2_comparison/2026-06-03_09-24-45/model_runs/2026-06-03_09-24-48/multiclass_table6_valence_3class_emotion-elicitation_2026-06-03_09-33-29/subject_loo/fold_metrics.csv,SVM,s_P23,aggregated,0.7041666666666667,0.6969933170205489,0.6970062366609366,0.6969933170205489,0.6946335543452523,0.8370141709640828,0.7071220633299286,0.7041666666666667,0.7026977144012945,0.8341367270337224,0.7534693260181253
multiclass_table6_valence_3class,Table-6 Valence,subject_loo,SVM,SVM,results/quick_v1_v2_comparison/2026-06-03_09-24-45/model_runs/2026-06-03_09-24-48,results/quick_v1_v2_comparison/2026-06-03_09-24-45/model_runs/2026-06-03_09-24-48/multiclass_table6_valence_3class_emotion-elicitation_2026-06-03_09-33-29,results/quick_v1_v2_comparison/2026-06-03_09-24-45/model_runs/2026-06-03_09-24-48/multiclass_table6_valence_3class_emotion-elicitation_2026-06-03_09-33-29/subject_loo/fold_metrics.csv,SVM,s_P24,aggregated,0.341991341991342,0.3666666666666667,0.6492424242424243,0.3666666666666667,0.2246326762846449,0.6146631999502534,0.6619637937819756,0.341991341991342,0.214372682818161,0.6136980017774719,1.3538047690785533
multiclass_table6_valence_3class,Table-6 Valence,subject_loo,SVM,SVM,results/quick_v1_v2_comparison/2026-06-03_09-24-45/model_runs/2026-06-03_09-24-48,results/quick_v1_v2_comparison/2026-06-03_09-24-45/model_runs/2026-06-03_09-24-48/multiclass_table6_valence_3class_emotion-elicitation_2026-06-03_09-33-29,results/quick_v1_v2_comparison/2026-06-03_09-24-45/model_runs/2026-06-03_09-24-48/multiclass_table6_valence_3class_emotion-elicitation_2026-06-03_09-33-29/subject_loo/fold_metrics.csv,SVM,s_P27,aggregated,0.5515695067264574,0.6023447391868445,0.5753363824416905,0.6023447391868445,0.5158158471656749,0.7833054323185902,0.6284331808098335,0.5515695067264574,0.5164689012820927,0.7782349843728766,1.0241942543302291
multiclass_table6_valence_3class,Table-6 Valence,subject_loo,SVM,SVM,results/quick_v1_v2_comparison/2026-06-03_09-24-45/model_runs/2026-06-03_09-24-48,results/quick_v1_v2_comparison/2026-06-03_09-24-45/model_runs/2026-06-03_09-24-48/multiclass_table6_valence_3class_emotion-elicitation_2026-06-03_09-33-29,results/quick_v1_v2_comparison/2026-06-03_09-24-45/model_runs/2026-06-03_09-24-48/multiclass_table6_valence_3class_emotion-elicitation_2026-06-03_09-33-29/subject_loo/fold_metrics.csv,SVM,s_P28,aggregated,0.6179245283018868,0.5899141665556403,0.6474426807760141,0.5899141665556403,0.5830475865936859,0.8303394818065101,0.6437855645402815,0.6179245283018868,0.5923941303808826,0.8321450556535903,0.8153286903068248
multiclass_table6_valence_3class,Table-6 Valence,subject_loo,SVM,SVM,results/quick_v1_v2_comparison/2026-06-03_09-24-45/model_runs/2026-06-03_09-24-48,results/quick_v1_v2_comparison/2026-06-03_09-24-45/model_runs/2026-06-03_09-24-48/multiclass_table6_valence_3class_emotion-elicitation_2026-06-03_09-33-29,results/quick_v1_v2_comparison/2026-06-03_09-24-45/model_runs/2026-06-03_09-24-48/multiclass_table6_valence_3class_emotion-elicitation_2026-06-03_09-33-29/subject_loo/fold_metrics.csv,SVM,s_P29,aggregated,0.5740740740740741,0.4857907591632383,0.674521756368322,0.4857907591632383,0.4862327594885734,0.786856357584199,0.6442171617052677,0.5740740740740741,0.5213699145385192,0.7753138027399197,0.8734865633979102
multiclass_table6_valence_3class,Table-6 Valence,subject_loo,SVM,SVM,results/quick_v1_v2_comparison/2026-06-03_09-24-45/model_runs/2026-06-03_09-24-48,results/quick_v1_v2_comparison/2026-06-03_09-24-45/model_runs/2026-06-03_09-24-48/multiclass_table6_valence_3class_emotion-elicitation_2026-06-03_09-33-29,results/quick_v1_v2_comparison/2026-06-03_09-24-45/model_runs/2026-06-03_09-24-48/multiclass_table6_valence_3class_emotion-elicitation_2026-06-03_09-33-29/subject_loo/fold_metrics.csv,SVM,s_P30,aggregated,0.5530973451327433,0.5432526419658773,0.5597422917625403,0.5432526419658773,0.5360555892051955,0.7104324089980638,0.5553044809793565,0.5530973451327433,0.5379311099557075,0.7124552518493465,0.974204111323763
multiclass_table6_valence_3class,Table-6 Valence,subject_loo,SVM,SVM,results/quick_v1_v2_comparison/2026-06-03_09-24-45/model_runs/2026-06-03_09-24-48,results/quick_v1_v2_comparison/2026-06-03_09-24-45/model_runs/2026-06-03_09-24-48/multiclass_table6_valence_3class_emotion-elicitation_2026-06-03_09-33-29,results/quick_v1_v2_comparison/2026-06-03_09-24-45/model_runs/2026-06-03_09-24-48/multiclass_table6_valence_3class_emotion-elicitation_2026-06-03_09-33-29/subject_loo/fold_metrics.csv,SVM,s_P4,aggregated,0.5577689243027888,0.5647913967881891,0.6087774081026994,0.5647913967881891,0.5517597968069666,0.714966212332829,0.6138112185743374,0.5577689243027888,0.5511464302441902,0.714929045252584,1.0105827484951737
multiclass_table6_valence_3class,Table-6 Valence,subject_loo,SVM,SVM,results/quick_v1_v2_comparison/2026-06-03_09-24-45/model_runs/2026-06-03_09-24-48,results/quick_v1_v2_comparison/2026-06-03_09-24-45/model_runs/2026-06-03_09-24-48/multiclass_table6_valence_3class_emotion-elicitation_2026-06-03_09-33-29,results/quick_v1_v2_comparison/2026-06-03_09-24-45/model_runs/2026-06-03_09-24-48/multiclass_table6_valence_3class_emotion-elicitation_2026-06-03_09-33-29/subject_loo/fold_metrics.csv,SVM,s_P5,aggregated,0.5636363636363636,0.5599671070083293,0.5498610387354526,0.5599671070083293,0.5512566511553927,0.7572058529845731,0.5776332370079114,0.5636363636363636,0.5669366084909923,0.7487437493954594,0.9057827984217316
multiclass_table6_valence_3class,Table-6 Valence,subject_loo,SVM,SVM,results/quick_v1_v2_comparison/2026-06-03_09-24-45/model_runs/2026-06-03_09-24-48,results/quick_v1_v2_comparison/2026-06-03_09-24-45/model_runs/2026-06-03_09-24-48/multiclass_table6_valence_3class_emotion-elicitation_2026-06-03_09-33-29,results/quick_v1_v2_comparison/2026-06-03_09-24-45/model_runs/2026-06-03_09-24-48/multiclass_table6_valence_3class_emotion-elicitation_2026-06-03_09-33-29/subject_loo/fold_metrics.csv,SVM,s_P7,aggregated,0.6434782608695652,0.6263643049357336,0.5891038254674618,0.6263643049357336,0.5798920194109135,0.7541012373350516,0.7119517899755053,0.6434782608695652,0.6614340156901604,0.7538170249470395,0.9191419584300974
multiclass_table6_valence_3class,Table-6 Valence,subject_loo,SVM,SVM,results/quick_v1_v2_comparison/2026-06-03_09-24-45/model_runs/2026-06-03_09-24-48,results/quick_v1_v2_comparison/2026-06-03_09-24-45/model_runs/2026-06-03_09-24-48/multiclass_table6_valence_3class_emotion-elicitation_2026-06-03_09-33-29,results/quick_v1_v2_comparison/2026-06-03_09-24-45/model_runs/2026-06-03_09-24-48/multiclass_table6_valence_3class_emotion-elicitation_2026-06-03_09-33-29/subject_loo/fold_metrics.csv,SVM,s_P8,aggregated,0.6255707762557078,0.5999123964362728,0.6466520039100684,0.5999123964362728,0.6048371531726205,0.7953139594896473,0.6406981882456916,0.6255707762557078,0.6147195998633391,0.7953518693660618,0.8378696710799092
multiclass_table6_valence_3class,Table-6 Valence,subject_loo,MLP,MLP,results/quick_v1_v2_comparison/2026-06-03_09-24-45/model_runs/2026-06-03_09-24-48,results/quick_v1_v2_comparison/2026-06-03_09-24-45/model_runs/2026-06-03_09-24-48/multiclass_table6_valence_3class_emotion-elicitation_2026-06-03_09-33-29,results/quick_v1_v2_comparison/2026-06-03_09-24-45/model_runs/2026-06-03_09-24-48/multiclass_table6_valence_3class_emotion-elicitation_2026-06-03_09-33-29/subject_loo/fold_metrics.csv,MLP,s_P1,aggregated,0.4291666666666666,0.4364253393665158,0.6109649122807018,0.4364253393665158,0.3723104056437389,0.6885336891820741,0.619188596491228,0.4291666666666666,0.3806878306878307,0.6831456879584898,1.3214807202835626
multiclass_table6_valence_3class,Table-6 Valence,subject_loo,MLP,MLP,results/quick_v1_v2_comparison/2026-06-03_09-24-45/model_runs/2026-06-03_09-24-48,results/quick_v1_v2_comparison/2026-06-03_09-24-45/model_runs/2026-06-03_09-24-48/multiclass_table6_valence_3class_emotion-elicitation_2026-06-03_09-33-29,results/quick_v1_v2_comparison/2026-06-03_09-24-45/model_runs/2026-06-03_09-24-48/multiclass_table6_valence_3class_emotion-elicitation_2026-06-03_09-33-29/subject_loo/fold_metrics.csv,MLP,s_P10,aggregated,0.5720524017467249,0.5812386980108498,0.6190898590898591,0.5812386980108498,0.561977558745209,0.7561782916751997,0.6242489718472252,0.5720524017467249,0.5602427894920023,0.754730753797206,1.0375183129859216
multiclass_table6_valence_3class,Table-6 Valence,subject_loo,MLP,MLP,results/quick_v1_v2_comparison/2026-06-03_09-24-45/model_runs/2026-06-03_09-24-48,results/quick_v1_v2_comparison/2026-06-03_09-24-45/model_runs/2026-06-03_09-24-48/multiclass_table6_valence_3class_emotion-elicitation_2026-06-03_09-33-29,results/quick_v1_v2_comparison/2026-06-03_09-24-45/model_runs/2026-06-03_09-24-48/multiclass_table6_valence_3class_emotion-elicitation_2026-06-03_09-33-29/subject_loo/fold_metrics.csv,MLP,s_P13,aggregated,0.538135593220339,0.5317565704200105,0.5324931238809002,0.5317565704200105,0.5243767305622976,0.7275741906542565,0.534589026148807,0.538135593220339,0.5283295053520459,0.7293897346799626,0.9636902760453891
multiclass_table6_valence_3class,Table-6 Valence,subject_loo,MLP,MLP,results/quick_v1_v2_comparison/2026-06-03_09-24-45/model_runs/2026-06-03_09-24-48,results/quick_v1_v2_comparison/2026-06-03_09-24-45/model_runs/2026-06-03_09-24-48/multiclass_table6_valence_3class_emotion-elicitation_2026-06-03_09-33-29,results/quick_v1_v2_comparison/2026-06-03_09-24-45/model_runs/2026-06-03_09-24-48/multiclass_table6_valence_3class_emotion-elicitation_2026-06-03_09-33-29/subject_loo/fold_metrics.csv,MLP,s_P14,aggregated,0.5806451612903226,0.5606905232871786,0.5766916305347524,0.5606905232871786,0.5539201539201539,0.7587236508221942,0.5784102199884111,0.5806451612903226,0.5644675856657423,0.7638911433615333,0.9252829261047768
multiclass_table6_valence_3class,Table-6 Valence,subject_loo,MLP,MLP,results/quick_v1_v2_comparison/2026-06-03_09-24-45/model_runs/2026-06-03_09-24-48,results/quick_v1_v2_comparison/2026-06-03_09-24-45/model_runs/2026-06-03_09-24-48/multiclass_table6_valence_3class_emotion-elicitation_2026-06-03_09-33-29,results/quick_v1_v2_comparison/2026-06-03_09-24-45/model_runs/2026-06-03_09-24-48/multiclass_table6_valence_3class_emotion-elicitation_2026-06-03_09-33-29/subject_loo/fold_metrics.csv,MLP,s_P16,aggregated,0.5181347150259067,0.5323497267759563,0.5845356550580432,0.5323497267759563,0.5163269202986036,0.7344512998891247,0.5994599541154332,0.5181347150259067,0.5213482687060293,0.7357132668013497,0.9631165279872422
multiclass_table6_valence_3class,Table-6 Valence,subject_loo,MLP,MLP,results/quick_v1_v2_comparison/2026-06-03_09-24-45/model_runs/2026-06-03_09-24-48,results/quick_v1_v2_comparison/2026-06-03_09-24-45/model_runs/2026-06-03_09-24-48/multiclass_table6_valence_3class_emotion-elicitation_2026-06-03_09-33-29,results/quick_v1_v2_comparison/2026-06-03_09-24-45/model_runs/2026-06-03_09-24-48/multiclass_table6_valence_3class_emotion-elicitation_2026-06-03_09-33-29/subject_loo/fold_metrics.csv,MLP,s_P17,aggregated,0.6317991631799164,0.5758694043655198,0.6578312467396974,0.5758694043655198,0.5888205128205128,0.7452784293403081,0.6412878713470971,0.6317991631799164,0.6148001287415512,0.7583397848066123,0.8941734655300875
multiclass_table6_valence_3class,Table-6 Valence,subject_loo,MLP,MLP,results/quick_v1_v2_comparison/2026-06-03_09-24-45/model_runs/2026-06-03_09-24-48,results/quick_v1_v2_comparison/2026-06-03_09-24-45/model_runs/2026-06-03_09-24-48/multiclass_table6_valence_3class_emotion-elicitation_2026-06-03_09-33-29,results/quick_v1_v2_comparison/2026-06-03_09-24-45/model_runs/2026-06-03_09-24-48/multiclass_table6_valence_3class_emotion-elicitation_2026-06-03_09-33-29/subject_loo/fold_metrics.csv,MLP,s_P18,aggregated,0.5350877192982456,0.5656932191109406,0.5751899195469964,0.5656932191109406,0.5292661802831119,0.7267287793752296,0.6199848735664744,0.5350877192982456,0.5342087301501052,0.7204334573301696,0.9945312870537976
multiclass_table6_valence_3class,Table-6 Valence,subject_loo,MLP,MLP,results/quick_v1_v2_comparison/2026-06-03_09-24-45/model_runs/2026-06-03_09-24-48,results/quick_v1_v2_comparison/2026-06-03_09-24-45/model_runs/2026-06-03_09-24-48/multiclass_table6_valence_3class_emotion-elicitation_2026-06-03_09-33-29,results/quick_v1_v2_comparison/2026-06-03_09-24-45/model_runs/2026-06-03_09-24-48/multiclass_table6_valence_3class_emotion-elicitation_2026-06-03_09-33-29/subject_loo/fold_metrics.csv,MLP,s_P19,aggregated,0.5589519650655022,0.5613439314504763,0.5846515876870418,0.5613439314504763,0.5478868110447058,0.7322971389029228,0.5863849714761994,0.5589519650655022,0.5482177619617289,0.7319371489677167,0.9467632634710548
multiclass_table6_valence_3class,Table-6 Valence,subject_loo,MLP,MLP,results/quick_v1_v2_comparison/2026-06-03_09-24-45/model_runs/2026-06-03_09-24-48,results/quick_v1_v2_comparison/2026-06-03_09-24-45/model_runs/2026-06-03_09-24-48/multiclass_table6_valence_3class_emotion-elicitation_2026-06-03_09-33-29,results/quick_v1_v2_comparison/2026-06-03_09-24-45/model_runs/2026-06-03_09-24-48/multiclass_table6_valence_3class_emotion-elicitation_2026-06-03_09-33-29/subject_loo/fold_metrics.csv,MLP,s_P2,aggregated,0.5809128630705395,0.5835063085063085,0.5666510636084673,0.5835063085063085,0.5546916166271005,0.7583862063347713,0.644933851018202,0.5809128630705395,0.5895437075305903,0.7624440571714945,0.9928574429343984
multiclass_table6_valence_3class,Table-6 Valence,subject_loo,MLP,MLP,results/quick_v1_v2_comparison/2026-06-03_09-24-45/model_runs/2026-06-03_09-24-48,results/quick_v1_v2_comparison/2026-06-03_09-24-45/model_runs/2026-06-03_09-24-48/multiclass_table6_valence_3class_emotion-elicitation_2026-06-03_09-33-29,results/quick_v1_v2_comparison/2026-06-03_09-24-45/model_runs/2026-06-03_09-24-48/multiclass_table6_valence_3class_emotion-elicitation_2026-06-03_09-33-29/subject_loo/fold_metrics.csv,MLP,s_P20,aggregated,0.5221238938053098,0.5346470636685611,0.6106125356125357,0.5346470636685611,0.5122782963314525,0.767176849239542,0.6055659556765751,0.5221238938053098,0.5056131199135344,0.7639010133317425,0.9749749768213924
multiclass_table6_valence_3class,Table-6 Valence,subject_loo,MLP,MLP,results/quick_v1_v2_comparison/2026-06-03_09-24-45/model_runs/2026-06-03_09-24-48,results/quick_v1_v2_comparison/2026-06-03_09-24-45/model_runs/2026-06-03_09-24-48/multiclass_table6_valence_3class_emotion-elicitation_2026-06-03_09-33-29,results/quick_v1_v2_comparison/2026-06-03_09-24-45/model_runs/2026-06-03_09-24-48/multiclass_table6_valence_3class_emotion-elicitation_2026-06-03_09-33-29/subject_loo/fold_metrics.csv,MLP,s_P21,aggregated,0.5707762557077626,0.5509128233394459,0.6769503546099291,0.5509128233394459,0.5291244476868621,0.761806562828709,0.6620081608860391,0.5707762557077626,0.5370885922049466,0.7651657558830406,0.9633518971050468
multiclass_table6_valence_3class,Table-6 Valence,subject_loo,MLP,MLP,results/quick_v1_v2_comparison/2026-06-03_09-24-45/model_runs/2026-06-03_09-24-48,results/quick_v1_v2_comparison/2026-06-03_09-24-45/model_runs/2026-06-03_09-24-48/multiclass_table6_valence_3class_emotion-elicitation_2026-06-03_09-33-29,results/quick_v1_v2_comparison/2026-06-03_09-24-45/model_runs/2026-06-03_09-24-48/multiclass_table6_valence_3class_emotion-elicitation_2026-06-03_09-33-29/subject_loo/fold_metrics.csv,MLP,s_P22,aggregated,0.5747663551401869,0.5729298036266021,0.7016419645451905,0.5729298036266021,0.5607193400296849,0.7369329916639508,0.6952517334941212,0.5747663551401869,0.5569735381530418,0.7395037185970654,0.987210148012537
multiclass_table6_valence_3class,Table-6 Valence,subject_loo,MLP,MLP,results/quick_v1_v2_comparison/2026-06-03_09-24-45/model_runs/2026-06-03_09-24-48,results/quick_v1_v2_comparison/2026-06-03_09-24-45/model_runs/2026-06-03_09-24-48/multiclass_table6_valence_3class_emotion-elicitation_2026-06-03_09-33-29,results/quick_v1_v2_comparison/2026-06-03_09-24-45/model_runs/2026-06-03_09-24-48/multiclass_table6_valence_3class_emotion-elicitation_2026-06-03_09-33-29/subject_loo/fold_metrics.csv,MLP,s_P23,aggregated,0.5708333333333333,0.5789879166995554,0.5818316935743398,0.5789879166995554,0.5474807221727714,0.7750159171529386,0.6158530188121188,0.5708333333333333,0.5537713794852652,0.7642927630685191,0.9242603574103516
multiclass_table6_valence_3class,Table-6 Valence,subject_loo,MLP,MLP,results/quick_v1_v2_comparison/2026-06-03_09-24-45/model_runs/2026-06-03_09-24-48,results/quick_v1_v2_comparison/2026-06-03_09-24-45/model_runs/2026-06-03_09-24-48/multiclass_table6_valence_3class_emotion-elicitation_2026-06-03_09-33-29,results/quick_v1_v2_comparison/2026-06-03_09-24-45/model_runs/2026-06-03_09-24-48/multiclass_table6_valence_3class_emotion-elicitation_2026-06-03_09-33-29/subject_loo/fold_metrics.csv,MLP,s_P24,aggregated,0.3506493506493506,0.375,0.6275814985492405,0.375,0.2410207216469609,0.6365334390448653,0.6392851047228928,0.3506493506493506,0.2312011826635091,0.634657478283306,1.5673213865926474
multiclass_table6_valence_3class,Table-6 Valence,subject_loo,MLP,MLP,results/quick_v1_v2_comparison/2026-06-03_09-24-45/model_runs/2026-06-03_09-24-48,results/quick_v1_v2_comparison/2026-06-03_09-24-45/model_runs/2026-06-03_09-24-48/multiclass_table6_valence_3class_emotion-elicitation_2026-06-03_09-33-29,results/quick_v1_v2_comparison/2026-06-03_09-24-45/model_runs/2026-06-03_09-24-48/multiclass_table6_valence_3class_emotion-elicitation_2026-06-03_09-33-29/subject_loo/fold_metrics.csv,MLP,s_P27,aggregated,0.5336322869955157,0.5398871398871399,0.601059615765498,0.5398871398871399,0.4837040883328251,0.788375214489391,0.6504207199933921,0.5336322869955157,0.4840295816507811,0.7885156260273792,1.0860068558332676
multiclass_table6_valence_3class,Table-6 Valence,subject_loo,MLP,MLP,results/quick_v1_v2_comparison/2026-06-03_09-24-45/model_runs/2026-06-03_09-24-48,results/quick_v1_v2_comparison/2026-06-03_09-24-45/model_runs/2026-06-03_09-24-48/multiclass_table6_valence_3class_emotion-elicitation_2026-06-03_09-33-29,results/quick_v1_v2_comparison/2026-06-03_09-24-45/model_runs/2026-06-03_09-24-48/multiclass_table6_valence_3class_emotion-elicitation_2026-06-03_09-33-29/subject_loo/fold_metrics.csv,MLP,s_P28,aggregated,0.6179245283018868,0.5821776501984344,0.740981240981241,0.5821776501984344,0.5886449395050289,0.8194446480114698,0.715704892591685,0.6179245283018868,0.5935859089903688,0.8217612919098682,0.8988423559678436
multiclass_table6_valence_3class,Table-6 Valence,subject_loo,MLP,MLP,results/quick_v1_v2_comparison/2026-06-03_09-24-45/model_runs/2026-06-03_09-24-48,results/quick_v1_v2_comparison/2026-06-03_09-24-45/model_runs/2026-06-03_09-24-48/multiclass_table6_valence_3class_emotion-elicitation_2026-06-03_09-33-29,results/quick_v1_v2_comparison/2026-06-03_09-24-45/model_runs/2026-06-03_09-24-48/multiclass_table6_valence_3class_emotion-elicitation_2026-06-03_09-33-29/subject_loo/fold_metrics.csv,MLP,s_P29,aggregated,0.6018518518518519,0.5288784024159489,0.6928894872812847,0.5288784024159489,0.5498278727445394,0.7964947020503566,0.6484925753952042,0.6018518518518519,0.575380691410784,0.7885730675632294,0.8335581580060055
multiclass_table6_valence_3class,Table-6 Valence,subject_loo,MLP,MLP,results/quick_v1_v2_comparison/2026-06-03_09-24-45/model_runs/2026-06-03_09-24-48,results/quick_v1_v2_comparison/2026-06-03_09-24-45/model_runs/2026-06-03_09-24-48/multiclass_table6_valence_3class_emotion-elicitation_2026-06-03_09-33-29,results/quick_v1_v2_comparison/2026-06-03_09-24-45/model_runs/2026-06-03_09-24-48/multiclass_table6_valence_3class_emotion-elicitation_2026-06-03_09-33-29/subject_loo/fold_metrics.csv,MLP,s_P30,aggregated,0.6106194690265486,0.6019098548510313,0.6181014752443323,0.6019098548510313,0.6053871009114341,0.7794584360698096,0.6149491749997439,0.6106194690265486,0.6085179943053264,0.7820670618618146,0.8928506594788542
multiclass_table6_valence_3class,Table-6 Valence,subject_loo,MLP,MLP,results/quick_v1_v2_comparison/2026-06-03_09-24-45/model_runs/2026-06-03_09-24-48,results/quick_v1_v2_comparison/2026-06-03_09-24-45/model_runs/2026-06-03_09-24-48/multiclass_table6_valence_3class_emotion-elicitation_2026-06-03_09-33-29,results/quick_v1_v2_comparison/2026-06-03_09-24-45/model_runs/2026-06-03_09-24-48/multiclass_table6_valence_3class_emotion-elicitation_2026-06-03_09-33-29/subject_loo/fold_metrics.csv,MLP,s_P4,aggregated,0.49800796812749,0.5063468563869525,0.5414726356788466,0.5063468563869525,0.4902905216270432,0.6843944684313014,0.5458035298738765,0.49800796812749,0.4888470008486293,0.6846634481516917,1.0519334174073591
multiclass_table6_valence_3class,Table-6 Valence,subject_loo,MLP,MLP,results/quick_v1_v2_comparison/2026-06-03_09-24-45/model_runs/2026-06-03_09-24-48,results/quick_v1_v2_comparison/2026-06-03_09-24-45/model_runs/2026-06-03_09-24-48/multiclass_table6_valence_3class_emotion-elicitation_2026-06-03_09-33-29,results/quick_v1_v2_comparison/2026-06-03_09-24-45/model_runs/2026-06-03_09-24-48/multiclass_table6_valence_3class_emotion-elicitation_2026-06-03_09-33-29/subject_loo/fold_metrics.csv,MLP,s_P5,aggregated,0.5345454545454545,0.5227778661997984,0.5131908846368574,0.5227778661997984,0.5162329436188358,0.6959072577689631,0.5414545269986573,0.5345454545454545,0.5368523820277875,0.6899579488455002,0.9880512930483822
multiclass_table6_valence_3class,Table-6 Valence,subject_loo,MLP,MLP,results/quick_v1_v2_comparison/2026-06-03_09-24-45/model_runs/2026-06-03_09-24-48,results/quick_v1_v2_comparison/2026-06-03_09-24-45/model_runs/2026-06-03_09-24-48/multiclass_table6_valence_3class_emotion-elicitation_2026-06-03_09-33-29,results/quick_v1_v2_comparison/2026-06-03_09-24-45/model_runs/2026-06-03_09-24-48/multiclass_table6_valence_3class_emotion-elicitation_2026-06-03_09-33-29/subject_loo/fold_metrics.csv,MLP,s_P7,aggregated,0.6,0.5641397427111713,0.6138167388167388,0.5641397427111713,0.524455875317653,0.77122878231173,0.7263010540184454,0.6,0.6255750326931837,0.7732827183328039,0.9128561789889608
multiclass_table6_valence_3class,Table-6 Valence,subject_loo,MLP,MLP,results/quick_v1_v2_comparison/2026-06-03_09-24-45/model_runs/2026-06-03_09-24-48,results/quick_v1_v2_comparison/2026-06-03_09-24-45/model_runs/2026-06-03_09-24-48/multiclass_table6_valence_3class_emotion-elicitation_2026-06-03_09-33-29,results/quick_v1_v2_comparison/2026-06-03_09-24-45/model_runs/2026-06-03_09-24-48/multiclass_table6_valence_3class_emotion-elicitation_2026-06-03_09-33-29/subject_loo/fold_metrics.csv,MLP,s_P8,aggregated,0.5981735159817352,0.5691358812847577,0.6231313191114268,0.5691358812847577,0.5715009170293723,0.7689345554643573,0.6177893228378897,0.5981735159817352,0.5838627204592234,0.769573366433339,0.9007240398718562
multiclass_table6_valence_3class,Table-6 Valence,subject_loo,GazeMAE_MLP,GazeMAE_MLP,results/quick_v1_v2_comparison/2026-06-03_09-24-45/model_runs/2026-06-03_09-24-48,results/quick_v1_v2_comparison/2026-06-03_09-24-45/model_runs/2026-06-03_09-24-48/multiclass_table6_valence_3class_emotion-elicitation_2026-06-03_09-33-29,results/quick_v1_v2_comparison/2026-06-03_09-24-45/model_runs/2026-06-03_09-24-48/multiclass_table6_valence_3class_emotion-elicitation_2026-06-03_09-33-29/subject_loo/fold_metrics.csv,GazeMAE_MLP,s_P1,aggregated,0.55,0.5145047762694821,0.5562160062160062,0.5145047762694821,0.5162393162393162,0.6932751665291687,0.5535984848484848,0.55,0.5356837606837606,0.6913359948112363,1.0209990445751091
multiclass_table6_valence_3class,Table-6 Valence,subject_loo,GazeMAE_MLP,GazeMAE_MLP,results/quick_v1_v2_comparison/2026-06-03_09-24-45/model_runs/2026-06-03_09-24-48,results/quick_v1_v2_comparison/2026-06-03_09-24-45/model_runs/2026-06-03_09-24-48/multiclass_table6_valence_3class_emotion-elicitation_2026-06-03_09-33-29,results/quick_v1_v2_comparison/2026-06-03_09-24-45/model_runs/2026-06-03_09-24-48/multiclass_table6_valence_3class_emotion-elicitation_2026-06-03_09-33-29/subject_loo/fold_metrics.csv,GazeMAE_MLP,s_P10,aggregated,0.5458515283842795,0.5472573839662447,0.5562932697764159,0.5472573839662447,0.5345633044666639,0.7153380278927234,0.5597277172886809,0.5458515283842795,0.5352539293180388,0.7157437045630616,1.0042696016462611
multiclass_table6_valence_3class,Table-6 Valence,subject_loo,GazeMAE_MLP,GazeMAE_MLP,results/quick_v1_v2_comparison/2026-06-03_09-24-45/model_runs/2026-06-03_09-24-48,results/quick_v1_v2_comparison/2026-06-03_09-24-45/model_runs/2026-06-03_09-24-48/multiclass_table6_valence_3class_emotion-elicitation_2026-06-03_09-33-29,results/quick_v1_v2_comparison/2026-06-03_09-24-45/model_runs/2026-06-03_09-24-48/multiclass_table6_valence_3class_emotion-elicitation_2026-06-03_09-33-29/subject_loo/fold_metrics.csv,GazeMAE_MLP,s_P13,aggregated,0.5550847457627118,0.5494491326769807,0.5934772829509671,0.5494491326769807,0.5509083669304664,0.720978763398367,0.5875849173128389,0.5550847457627118,0.5521509546816223,0.7223290507320554,0.961590141144582
multiclass_table6_valence_3class,Table-6 Valence,subject_loo,GazeMAE_MLP,GazeMAE_MLP,results/quick_v1_v2_comparison/2026-06-03_09-24-45/model_runs/2026-06-03_09-24-48,results/quick_v1_v2_comparison/2026-06-03_09-24-45/model_runs/2026-06-03_09-24-48/multiclass_table6_valence_3class_emotion-elicitation_2026-06-03_09-33-29,results/quick_v1_v2_comparison/2026-06-03_09-24-45/model_runs/2026-06-03_09-24-48/multiclass_table6_valence_3class_emotion-elicitation_2026-06-03_09-33-29/subject_loo/fold_metrics.csv,GazeMAE_MLP,s_P14,aggregated,0.5391705069124424,0.5398909069112271,0.5907375145180024,0.5398909069112271,0.539983756796739,0.7201430598013947,0.5978720756595322,0.5391705069124424,0.544308600961574,0.7268624618841278,0.950719483775622
multiclass_table6_valence_3class,Table-6 Valence,subject_loo,GazeMAE_MLP,GazeMAE_MLP,results/quick_v1_v2_comparison/2026-06-03_09-24-45/model_runs/2026-06-03_09-24-48,results/quick_v1_v2_comparison/2026-06-03_09-24-45/model_runs/2026-06-03_09-24-48/multiclass_table6_valence_3class_emotion-elicitation_2026-06-03_09-33-29,results/quick_v1_v2_comparison/2026-06-03_09-24-45/model_runs/2026-06-03_09-24-48/multiclass_table6_valence_3class_emotion-elicitation_2026-06-03_09-33-29/subject_loo/fold_metrics.csv,GazeMAE_MLP,s_P16,aggregated,0.6010362694300518,0.5979821404771425,0.5988602824865544,0.5979821404771425,0.5903013895984669,0.7584234860204472,0.6168799733528229,0.6010362694300518,0.6020127715221825,0.7618103084424328,0.9580776244502448
multiclass_table6_valence_3class,Table-6 Valence,subject_loo,GazeMAE_MLP,GazeMAE_MLP,results/quick_v1_v2_comparison/2026-06-03_09-24-45/model_runs/2026-06-03_09-24-48,results/quick_v1_v2_comparison/2026-06-03_09-24-45/model_runs/2026-06-03_09-24-48/multiclass_table6_valence_3class_emotion-elicitation_2026-06-03_09-33-29,results/quick_v1_v2_comparison/2026-06-03_09-24-45/model_runs/2026-06-03_09-24-48/multiclass_table6_valence_3class_emotion-elicitation_2026-06-03_09-33-29/subject_loo/fold_metrics.csv,GazeMAE_MLP,s_P17,aggregated,0.6108786610878661,0.5709381551362683,0.5889367628498063,0.5709381551362683,0.5763709894382393,0.7210834637220777,0.6068178875619298,0.6108786610878661,0.6064693911632244,0.7405087876171003,0.970079483122434
multiclass_table6_valence_3class,Table-6 Valence,subject_loo,GazeMAE_MLP,GazeMAE_MLP,results/quick_v1_v2_comparison/2026-06-03_09-24-45/model_runs/2026-06-03_09-24-48,results/quick_v1_v2_comparison/2026-06-03_09-24-45/model_runs/2026-06-03_09-24-48/multiclass_table6_valence_3class_emotion-elicitation_2026-06-03_09-33-29,results/quick_v1_v2_comparison/2026-06-03_09-24-45/model_runs/2026-06-03_09-24-48/multiclass_table6_valence_3class_emotion-elicitation_2026-06-03_09-33-29/subject_loo/fold_metrics.csv,GazeMAE_MLP,s_P18,aggregated,0.5131578947368421,0.5751455483101052,0.6081196581196582,0.5751455483101052,0.5062190738142885,0.744592754587432,0.660706252811516,0.5131578947368421,0.4973528364639325,0.742635322019754,1.025514833444451
multiclass_table6_valence_3class,Table-6 Valence,subject_loo,GazeMAE_MLP,GazeMAE_MLP,results/quick_v1_v2_comparison/2026-06-03_09-24-45/model_runs/2026-06-03_09-24-48,results/quick_v1_v2_comparison/2026-06-03_09-24-45/model_runs/2026-06-03_09-24-48/multiclass_table6_valence_3class_emotion-elicitation_2026-06-03_09-33-29,results/quick_v1_v2_comparison/2026-06-03_09-24-45/model_runs/2026-06-03_09-24-48/multiclass_table6_valence_3class_emotion-elicitation_2026-06-03_09-33-29/subject_loo/fold_metrics.csv,GazeMAE_MLP,s_P19,aggregated,0.5283842794759825,0.5307830204633858,0.5346244021965584,0.5307830204633858,0.5270505083136322,0.7126525293648581,0.5371604322605575,0.5283842794759825,0.5270234058339627,0.7125620160554658,0.9639395029932456
multiclass_table6_valence_3class,Table-6 Valence,subject_loo,GazeMAE_MLP,GazeMAE_MLP,results/quick_v1_v2_comparison/2026-06-03_09-24-45/model_runs/2026-06-03_09-24-48,results/quick_v1_v2_comparison/2026-06-03_09-24-45/model_runs/2026-06-03_09-24-48/multiclass_table6_valence_3class_emotion-elicitation_2026-06-03_09-33-29,results/quick_v1_v2_comparison/2026-06-03_09-24-45/model_runs/2026-06-03_09-24-48/multiclass_table6_valence_3class_emotion-elicitation_2026-06-03_09-33-29/subject_loo/fold_metrics.csv,GazeMAE_MLP,s_P2,aggregated,0.5643153526970954,0.5519281644281644,0.5678682247309698,0.5519281644281644,0.5385297007800386,0.7209603478305814,0.6155551117718557,0.5643153526970954,0.5707346520351549,0.724884853420865,1.0333537596766582
multiclass_table6_valence_3class,Table-6 Valence,subject_loo,GazeMAE_MLP,GazeMAE_MLP,results/quick_v1_v2_comparison/2026-06-03_09-24-45/model_runs/2026-06-03_09-24-48,results/quick_v1_v2_comparison/2026-06-03_09-24-45/model_runs/2026-06-03_09-24-48/multiclass_table6_valence_3class_emotion-elicitation_2026-06-03_09-33-29,results/quick_v1_v2_comparison/2026-06-03_09-24-45/model_runs/2026-06-03_09-24-48/multiclass_table6_valence_3class_emotion-elicitation_2026-06-03_09-33-29/subject_loo/fold_metrics.csv,GazeMAE_MLP,s_P20,aggregated,0.588495575221239,0.5696977184745902,0.5943693985467137,0.5696977184745902,0.5745116528459568,0.7425595053760867,0.5926415873445001,0.588495575221239,0.5840784662239555,0.7428970435636374,0.9229881423865
multiclass_table6_valence_3class,Table-6 Valence,subject_loo,GazeMAE_MLP,GazeMAE_MLP,results/quick_v1_v2_comparison/2026-06-03_09-24-45/model_runs/2026-06-03_09-24-48,results/quick_v1_v2_comparison/2026-06-03_09-24-45/model_runs/2026-06-03_09-24-48/multiclass_table6_valence_3class_emotion-elicitation_2026-06-03_09-33-29,results/quick_v1_v2_comparison/2026-06-03_09-24-45/model_runs/2026-06-03_09-24-48/multiclass_table6_valence_3class_emotion-elicitation_2026-06-03_09-33-29/subject_loo/fold_metrics.csv,GazeMAE_MLP,s_P21,aggregated,0.589041095890411,0.5745133787713366,0.6451461988304094,0.5745133787713366,0.580739541337659,0.7472705572071795,0.6313738684611072,0.589041095890411,0.5846610325131278,0.7487454224435711,0.8838995327068975
multiclass_table6_valence_3class,Table-6 Valence,subject_loo,GazeMAE_MLP,GazeMAE_MLP,results/quick_v1_v2_comparison/2026-06-03_09-24-45/model_runs/2026-06-03_09-24-48,results/quick_v1_v2_comparison/2026-06-03_09-24-45/model_runs/2026-06-03_09-24-48/multiclass_table6_valence_3class_emotion-elicitation_2026-06-03_09-33-29,results/quick_v1_v2_comparison/2026-06-03_09-24-45/model_runs/2026-06-03_09-24-48/multiclass_table6_valence_3class_emotion-elicitation_2026-06-03_09-33-29/subject_loo/fold_metrics.csv,GazeMAE_MLP,s_P22,aggregated,0.4392523364485981,0.4401444759260202,0.605069260241674,0.4401444759260202,0.3878762243752428,0.6083160802853123,0.6061214540105936,0.4392523364485981,0.3799944567569611,0.603547514399505,1.1106428006053175
multiclass_table6_valence_3class,Table-6 Valence,subject_loo,GazeMAE_MLP,GazeMAE_MLP,results/quick_v1_v2_comparison/2026-06-03_09-24-45/model_runs/2026-06-03_09-24-48,results/quick_v1_v2_comparison/2026-06-03_09-24-45/model_runs/2026-06-03_09-24-48/multiclass_table6_valence_3class_emotion-elicitation_2026-06-03_09-33-29,results/quick_v1_v2_comparison/2026-06-03_09-24-45/model_runs/2026-06-03_09-24-48/multiclass_table6_valence_3class_emotion-elicitation_2026-06-03_09-33-29/subject_loo/fold_metrics.csv,GazeMAE_MLP,s_P23,aggregated,0.625,0.6119793722209067,0.6253677672441974,0.6119793722209067,0.6045971721773514,0.8103332611929709,0.6380557371690094,0.625,0.6141585455785759,0.801566225287019,0.8188742866877475
multiclass_table6_valence_3class,Table-6 Valence,subject_loo,GazeMAE_MLP,GazeMAE_MLP,results/quick_v1_v2_comparison/2026-06-03_09-24-45/model_runs/2026-06-03_09-24-48,results/quick_v1_v2_comparison/2026-06-03_09-24-45/model_runs/2026-06-03_09-24-48/multiclass_table6_valence_3class_emotion-elicitation_2026-06-03_09-33-29,results/quick_v1_v2_comparison/2026-06-03_09-24-45/model_runs/2026-06-03_09-24-48/multiclass_table6_valence_3class_emotion-elicitation_2026-06-03_09-33-29/subject_loo/fold_metrics.csv,GazeMAE_MLP,s_P24,aggregated,0.3593073593073593,0.3759389671361502,0.4466049382716049,0.3759389671361502,0.3157246403792928,0.5704019370083636,0.451667468334135,0.3593073593073593,0.3103301484356702,0.5717181273472663,1.3151425925312603
multiclass_table6_valence_3class,Table-6 Valence,subject_loo,GazeMAE_MLP,GazeMAE_MLP,results/quick_v1_v2_comparison/2026-06-03_09-24-45/model_runs/2026-06-03_09-24-48,results/quick_v1_v2_comparison/2026-06-03_09-24-45/model_runs/2026-06-03_09-24-48/multiclass_table6_valence_3class_emotion-elicitation_2026-06-03_09-33-29,results/quick_v1_v2_comparison/2026-06-03_09-24-45/model_runs/2026-06-03_09-24-48/multiclass_table6_valence_3class_emotion-elicitation_2026-06-03_09-33-29/subject_loo/fold_metrics.csv,GazeMAE_MLP,s_P27,aggregated,0.6278026905829597,0.5874061453008822,0.6049199084668192,0.5874061453008822,0.591563043684887,0.7962287524310021,0.6305502252414033,0.6278026905829597,0.624026881479222,0.7977216974825647,0.8116591249589304
multiclass_table6_valence_3class,Table-6 Valence,subject_loo,GazeMAE_MLP,GazeMAE_MLP,results/quick_v1_v2_comparison/2026-06-03_09-24-45/model_runs/2026-06-03_09-24-48,results/quick_v1_v2_comparison/2026-06-03_09-24-45/model_runs/2026-06-03_09-24-48/multiclass_table6_valence_3class_emotion-elicitation_2026-06-03_09-33-29,results/quick_v1_v2_comparison/2026-06-03_09-24-45/model_runs/2026-06-03_09-24-48/multiclass_table6_valence_3class_emotion-elicitation_2026-06-03_09-33-29/subject_loo/fold_metrics.csv,GazeMAE_MLP,s_P28,aggregated,0.6509433962264151,0.6244282144140434,0.6642433533082485,0.6244282144140434,0.6326483401555606,0.7673187609118403,0.6577324790017977,0.6509433962264151,0.6448689414916743,0.7744172068005973,0.8506986229770029
multiclass_table6_valence_3class,Table-6 Valence,subject_loo,GazeMAE_MLP,GazeMAE_MLP,results/quick_v1_v2_comparison/2026-06-03_09-24-45/model_runs/2026-06-03_09-24-48,results/quick_v1_v2_comparison/2026-06-03_09-24-45/model_runs/2026-06-03_09-24-48/multiclass_table6_valence_3class_emotion-elicitation_2026-06-03_09-33-29,results/quick_v1_v2_comparison/2026-06-03_09-24-45/model_runs/2026-06-03_09-24-48/multiclass_table6_valence_3class_emotion-elicitation_2026-06-03_09-33-29/subject_loo/fold_metrics.csv,GazeMAE_MLP,s_P29,aggregated,0.6574074074074074,0.6236063246452415,0.6536426536426537,0.6236063246452415,0.6345158906134515,0.8006558399425828,0.6559716004160449,0.6574074074074074,0.6532386876899072,0.7967441263360352,0.7978661833789333
multiclass_table6_valence_3class,Table-6 Valence,subject_loo,GazeMAE_MLP,GazeMAE_MLP,results/quick_v1_v2_comparison/2026-06-03_09-24-45/model_runs/2026-06-03_09-24-48,results/quick_v1_v2_comparison/2026-06-03_09-24-45/model_runs/2026-06-03_09-24-48/multiclass_table6_valence_3class_emotion-elicitation_2026-06-03_09-33-29,results/quick_v1_v2_comparison/2026-06-03_09-24-45/model_runs/2026-06-03_09-24-48/multiclass_table6_valence_3class_emotion-elicitation_2026-06-03_09-33-29/subject_loo/fold_metrics.csv,GazeMAE_MLP,s_P30,aggregated,0.4911504424778761,0.499501050420168,0.6190963092803584,0.499501050420168,0.4663522012578616,0.7457462575683501,0.6200455533752672,0.4911504424778761,0.4558816162965436,0.743040928643854,0.9651825286653044
multiclass_table6_valence_3class,Table-6 Valence,subject_loo,GazeMAE_MLP,GazeMAE_MLP,results/quick_v1_v2_comparison/2026-06-03_09-24-45/model_runs/2026-06-03_09-24-48,results/quick_v1_v2_comparison/2026-06-03_09-24-45/model_runs/2026-06-03_09-24-48/multiclass_table6_valence_3class_emotion-elicitation_2026-06-03_09-33-29,results/quick_v1_v2_comparison/2026-06-03_09-24-45/model_runs/2026-06-03_09-24-48/multiclass_table6_valence_3class_emotion-elicitation_2026-06-03_09-33-29/subject_loo/fold_metrics.csv,GazeMAE_MLP,s_P4,aggregated,0.4621513944223107,0.4725666385650346,0.5666666666666668,0.4725666385650346,0.4334444341220678,0.643917708005007,0.5717131474103586,0.4621513944223107,0.4304279320421968,0.6442212454838674,1.1661464403826003
multiclass_table6_valence_3class,Table-6 Valence,subject_loo,GazeMAE_MLP,GazeMAE_MLP,results/quick_v1_v2_comparison/2026-06-03_09-24-45/model_runs/2026-06-03_09-24-48,results/quick_v1_v2_comparison/2026-06-03_09-24-45/model_runs/2026-06-03_09-24-48/multiclass_table6_valence_3class_emotion-elicitation_2026-06-03_09-33-29,results/quick_v1_v2_comparison/2026-06-03_09-24-45/model_runs/2026-06-03_09-24-48/multiclass_table6_valence_3class_emotion-elicitation_2026-06-03_09-33-29/subject_loo/fold_metrics.csv,GazeMAE_MLP,s_P5,aggregated,0.5781818181818181,0.5766512812350787,0.5695059206295161,0.5766512812350787,0.5715727841712094,0.7593555743108621,0.5752435488696979,0.5781818181818181,0.5751170089752767,0.7486942807002999,0.8866432986596472
multiclass_table6_valence_3class,Table-6 Valence,subject_loo,GazeMAE_MLP,GazeMAE_MLP,results/quick_v1_v2_comparison/2026-06-03_09-24-45/model_runs/2026-06-03_09-24-48,results/quick_v1_v2_comparison/2026-06-03_09-24-45/model_runs/2026-06-03_09-24-48/multiclass_table6_valence_3class_emotion-elicitation_2026-06-03_09-33-29,results/quick_v1_v2_comparison/2026-06-03_09-24-45/model_runs/2026-06-03_09-24-48/multiclass_table6_valence_3class_emotion-elicitation_2026-06-03_09-33-29/subject_loo/fold_metrics.csv,GazeMAE_MLP,s_P7,aggregated,0.2652173913043478,0.4469098040526612,0.4349894291754757,0.4469098040526612,0.2903873744619799,0.6062610017875726,0.5401990072616969,0.2652173913043478,0.2368086831763458,0.5681005167920309,4.415902030491184
multiclass_table6_valence_3class,Table-6 Valence,subject_loo,GazeMAE_MLP,GazeMAE_MLP,results/quick_v1_v2_comparison/2026-06-03_09-24-45/model_runs/2026-06-03_09-24-48,results/quick_v1_v2_comparison/2026-06-03_09-24-45/model_runs/2026-06-03_09-24-48/multiclass_table6_valence_3class_emotion-elicitation_2026-06-03_09-33-29,results/quick_v1_v2_comparison/2026-06-03_09-24-45/model_runs/2026-06-03_09-24-48/multiclass_table6_valence_3class_emotion-elicitation_2026-06-03_09-33-29/subject_loo/fold_metrics.csv,GazeMAE_MLP,s_P8,aggregated,0.5205479452054794,0.4852563556917489,0.5723495395159562,0.4852563556917489,0.4835961140308966,0.6553500944344369,0.5624405018625717,0.5205479452054794,0.4974856392366815,0.6572847672065265,0.9949194355896503
multiclass_table6_valence_3class,Table-6 Valence,recording_loo,LightGBM,LightGBM,results/quick_v1_v2_comparison/2026-06-03_09-24-45/model_runs/2026-06-03_09-24-48,results/quick_v1_v2_comparison/2026-06-03_09-24-45/model_runs/2026-06-03_09-24-48/multiclass_table6_valence_3class_emotion-elicitation_2026-06-03_09-33-29,results/quick_v1_v2_comparison/2026-06-03_09-24-45/model_runs/2026-06-03_09-24-48/multiclass_table6_valence_3class_emotion-elicitation_2026-06-03_09-33-29/recording_loo/fold_metrics.csv,LightGBM,r_107.avi,aggregated,0.4177215189873418,0.4639181024837771,0.3524050366155629,0.4639181024837771,0.3170833024256361,0.5918614945791847,0.5664161830051236,0.4177215189873418,0.4622790256141085,0.5465865840006888,1.0843301466418214
multiclass_table6_valence_3class,Table-6 Valence,recording_loo,LightGBM,LightGBM,results/quick_v1_v2_comparison/2026-06-03_09-24-45/model_runs/2026-06-03_09-24-48,results/quick_v1_v2_comparison/2026-06-03_09-24-45/model_runs/2026-06-03_09-24-48/multiclass_table6_valence_3class_emotion-elicitation_2026-06-03_09-33-29,results/quick_v1_v2_comparison/2026-06-03_09-24-45/model_runs/2026-06-03_09-24-48/multiclass_table6_valence_3class_emotion-elicitation_2026-06-03_09-33-29/recording_loo/fold_metrics.csv,LightGBM,r_111.avi,aggregated,0.4652567975830816,0.2703323903818953,0.3185185185185185,0.1802215935879302,0.2301375739191714,0.5284653465346534,0.8285666330983551,0.4652567975830816,0.5958868065057294,0.4757314639534734,0.9897782034542078
multiclass_table6_valence_3class,Table-6 Valence,recording_loo,LightGBM,LightGBM,results/quick_v1_v2_comparison/2026-06-03_09-24-45/model_runs/2026-06-03_09-24-48,results/quick_v1_v2_comparison/2026-06-03_09-24-45/model_runs/2026-06-03_09-24-48/multiclass_table6_valence_3class_emotion-elicitation_2026-06-03_09-33-29,results/quick_v1_v2_comparison/2026-06-03_09-24-45/model_runs/2026-06-03_09-24-48/multiclass_table6_valence_3class_emotion-elicitation_2026-06-03_09-33-29/recording_loo/fold_metrics.csv,LightGBM,r_138.avi,aggregated,0.4913793103448275,0.3376732807828214,0.3304093567251462,0.2251155205218809,0.2675251801465394,0.5152215275890188,0.7071738253680178,0.4913793103448275,0.5796862634827148,0.5321297016618085,1.0474311742257305
multiclass_table6_valence_3class,Table-6 Valence,recording_loo,LightGBM,LightGBM,results/quick_v1_v2_comparison/2026-06-03_09-24-45/model_runs/2026-06-03_09-24-48,results/quick_v1_v2_comparison/2026-06-03_09-24-45/model_runs/2026-06-03_09-24-48/multiclass_table6_valence_3class_emotion-elicitation_2026-06-03_09-33-29,results/quick_v1_v2_comparison/2026-06-03_09-24-45/model_runs/2026-06-03_09-24-48/multiclass_table6_valence_3class_emotion-elicitation_2026-06-03_09-33-29/recording_loo/fold_metrics.csv,LightGBM,r_146.avi,aggregated,0.4386617100371747,0.3206636500754148,0.3375158058554615,0.2137757667169432,0.2569748476264057,0.5180618401206637,0.6330810543432159,0.4386617100371748,0.5141786665160403,0.5035069275064902,1.0879661759752524
multiclass_table6_valence_3class,Table-6 Valence,recording_loo,LightGBM,LightGBM,results/quick_v1_v2_comparison/2026-06-03_09-24-45/model_runs/2026-06-03_09-24-48,results/quick_v1_v2_comparison/2026-06-03_09-24-45/model_runs/2026-06-03_09-24-48/multiclass_table6_valence_3class_emotion-elicitation_2026-06-03_09-33-29,results/quick_v1_v2_comparison/2026-06-03_09-24-45/model_runs/2026-06-03_09-24-48/multiclass_table6_valence_3class_emotion-elicitation_2026-06-03_09-33-29/recording_loo/fold_metrics.csv,LightGBM,r_30.avi,aggregated,0.5560975609756098,0.4072234486141771,0.3634259259259259,0.271482299076118,0.2946368623597805,0.5239146431199411,0.6453590785907859,0.5560975609756098,0.5825001348023797,0.5113803191012043,0.9947569367273362
multiclass_table6_valence_3class,Table-6 Valence,recording_loo,LightGBM,LightGBM,results/quick_v1_v2_comparison/2026-06-03_09-24-45/model_runs/2026-06-03_09-24-48,results/quick_v1_v2_comparison/2026-06-03_09-24-45/model_runs/2026-06-03_09-24-48/multiclass_table6_valence_3class_emotion-elicitation_2026-06-03_09-33-29,results/quick_v1_v2_comparison/2026-06-03_09-24-45/model_runs/2026-06-03_09-24-48/multiclass_table6_valence_3class_emotion-elicitation_2026-06-03_09-33-29/recording_loo/fold_metrics.csv,LightGBM,r_52.avi,aggregated,0.4745762711864407,0.367300131061599,0.3373015873015872,0.2448667540410659,0.2821374703727645,0.4933277731442869,0.6225988700564972,0.4745762711864407,0.5371209448577345,0.5077071894052146,1.0571553449546671
multiclass_table6_valence_3class,Table-6 Valence,recording_loo,LightGBM,LightGBM,results/quick_v1_v2_comparison/2026-06-03_09-24-45/model_runs/2026-06-03_09-24-48,results/quick_v1_v2_comparison/2026-06-03_09-24-45/model_runs/2026-06-03_09-24-48/multiclass_table6_valence_3class_emotion-elicitation_2026-06-03_09-33-29,results/quick_v1_v2_comparison/2026-06-03_09-24-45/model_runs/2026-06-03_09-24-48/multiclass_table6_valence_3class_emotion-elicitation_2026-06-03_09-33-29/recording_loo/fold_metrics.csv,LightGBM,r_53.avi,aggregated,0.3815789473684211,0.3478875405104913,0.3523657628920786,0.3478875405104913,0.3194039649902627,0.5093076081734603,0.4540281625115419,0.3815789473684211,0.3866395649862469,0.5275290027827284,1.20769978929581
multiclass_table6_valence_3class,Table-6 Valence,recording_loo,LightGBM,LightGBM,results/quick_v1_v2_comparison/2026-06-03_09-24-45/model_runs/2026-06-03_09-24-48,results/quick_v1_v2_comparison/2026-06-03_09-24-45/model_runs/2026-06-03_09-24-48/multiclass_table6_valence_3class_emotion-elicitation_2026-06-03_09-33-29,results/quick_v1_v2_comparison/2026-06-03_09-24-45/model_runs/2026-06-03_09-24-48/multiclass_table6_valence_3class_emotion-elicitation_2026-06-03_09-33-29/recording_loo/fold_metrics.csv,LightGBM,r_55.avi,aggregated,0.4481327800829875,0.3785522273425499,0.3630591630591631,0.2523681515616999,0.2681814608066672,0.6003264208909371,0.8787878787878789,0.4481327800829875,0.5825045615749822,0.6674466667941437,1.1722833019290664
multiclass_table6_valence_3class,Table-6 Valence,recording_loo,LightGBM,LightGBM,results/quick_v1_v2_comparison/2026-06-03_09-24-45/model_runs/2026-06-03_09-24-48,results/quick_v1_v2_comparison/2026-06-03_09-24-45/model_runs/2026-06-03_09-24-48/multiclass_table6_valence_3class_emotion-elicitation_2026-06-03_09-33-29,results/quick_v1_v2_comparison/2026-06-03_09-24-45/model_runs/2026-06-03_09-24-48/multiclass_table6_valence_3class_emotion-elicitation_2026-06-03_09-33-29/recording_loo/fold_metrics.csv,LightGBM,r_58.avi,aggregated,0.6142131979695431,0.3492063492063492,0.3346029059105657,0.3492063492063492,0.3324786324786324,0.4563517766699695,0.6922736519652596,0.6142131979695431,0.6476506572953274,0.4826502125299732,0.9619124831557552
multiclass_table6_valence_3class,Table-6 Valence,recording_loo,LightGBM,LightGBM,results/quick_v1_v2_comparison/2026-06-03_09-24-45/model_runs/2026-06-03_09-24-48,results/quick_v1_v2_comparison/2026-06-03_09-24-45/model_runs/2026-06-03_09-24-48/multiclass_table6_valence_3class_emotion-elicitation_2026-06-03_09-33-29,results/quick_v1_v2_comparison/2026-06-03_09-24-45/model_runs/2026-06-03_09-24-48/multiclass_table6_valence_3class_emotion-elicitation_2026-06-03_09-33-29/recording_loo/fold_metrics.csv,LightGBM,r_69.avi,aggregated,0.6261682242990654,,0.3333333333333333,0.2087227414330218,0.2567049808429119,,1.0,0.6261682242990654,0.7701149425287356,,0.7969614323392442
multiclass_table6_valence_3class,Table-6 Valence,recording_loo,LightGBM,LightGBM,results/quick_v1_v2_comparison/2026-06-03_09-24-45/model_runs/2026-06-03_09-24-48,results/quick_v1_v2_comparison/2026-06-03_09-24-45/model_runs/2026-06-03_09-24-48/multiclass_table6_valence_3class_emotion-elicitation_2026-06-03_09-33-29,results/quick_v1_v2_comparison/2026-06-03_09-24-45/model_runs/2026-06-03_09-24-48/multiclass_table6_valence_3class_emotion-elicitation_2026-06-03_09-33-29/recording_loo/fold_metrics.csv,LightGBM,r_73.avi,aggregated,0.5040983606557377,0.2900943396226415,0.2907801418439716,0.1933962264150943,0.2322946175637393,0.5011055424528301,0.7579351238228114,0.5040983606557378,0.6054892490595829,0.5050746210949583,0.9978629567805624
multiclass_table6_valence_3class,Table-6 Valence,recording_loo,LightGBM,LightGBM,results/quick_v1_v2_comparison/2026-06-03_09-24-45/model_runs/2026-06-03_09-24-48,results/quick_v1_v2_comparison/2026-06-03_09-24-45/model_runs/2026-06-03_09-24-48/multiclass_table6_valence_3class_emotion-elicitation_2026-06-03_09-33-29,results/quick_v1_v2_comparison/2026-06-03_09-24-45/model_runs/2026-06-03_09-24-48/multiclass_table6_valence_3class_emotion-elicitation_2026-06-03_09-33-29/recording_loo/fold_metrics.csv,LightGBM,r_79.avi,aggregated,0.3742331288343558,0.2346153846153846,0.2711111111111111,0.1564102564102564,0.1983739837398374,0.4698135198135198,0.6486707566462168,0.3742331288343558,0.4746371390094269,0.4700215939479742,1.2574959123090637
multiclass_table6_valence_3class,Table-6 Valence,recording_loo,LightGBM,LightGBM,results/quick_v1_v2_comparison/2026-06-03_09-24-45/model_runs/2026-06-03_09-24-48,results/quick_v1_v2_comparison/2026-06-03_09-24-45/model_runs/2026-06-03_09-24-48/multiclass_table6_valence_3class_emotion-elicitation_2026-06-03_09-33-29,results/quick_v1_v2_comparison/2026-06-03_09-24-45/model_runs/2026-06-03_09-24-48/multiclass_table6_valence_3class_emotion-elicitation_2026-06-03_09-33-29/recording_loo/fold_metrics.csv,LightGBM,r_80.avi,aggregated,0.5698924731182796,0.3773408239700374,0.3418967280163599,0.2515605493133583,0.2737138830162086,0.5727215980024969,0.9244508212942808,0.5698924731182796,0.7027347746027416,0.5906930852563328,0.9395375733784898
multiclass_table6_valence_3class,Table-6 Valence,recording_loo,LightGBM,LightGBM,results/quick_v1_v2_comparison/2026-06-03_09-24-45/model_runs/2026-06-03_09-24-48,results/quick_v1_v2_comparison/2026-06-03_09-24-45/model_runs/2026-06-03_09-24-48/multiclass_table6_valence_3class_emotion-elicitation_2026-06-03_09-33-29,results/quick_v1_v2_comparison/2026-06-03_09-24-45/model_runs/2026-06-03_09-24-48/multiclass_table6_valence_3class_emotion-elicitation_2026-06-03_09-33-29/recording_loo/fold_metrics.csv,LightGBM,r_90.avi,aggregated,0.36328125,0.3278711484593837,0.3157323990657324,0.3278711484593837,0.2544169482105509,0.4620567203912766,0.6297039226726726,0.36328125,0.4454539003883111,0.404572756586995,1.2385208162990888
multiclass_table6_valence_3class,Table-6 Valence,recording_loo,LightGBM,LightGBM,results/quick_v1_v2_comparison/2026-06-03_09-24-45/model_runs/2026-06-03_09-24-48,results/quick_v1_v2_comparison/2026-06-03_09-24-45/model_runs/2026-06-03_09-24-48/multiclass_table6_valence_3class_emotion-elicitation_2026-06-03_09-33-29,results/quick_v1_v2_comparison/2026-06-03_09-24-45/model_runs/2026-06-03_09-24-48/multiclass_table6_valence_3class_emotion-elicitation_2026-06-03_09-33-29/recording_loo/fold_metrics.csv,LightGBM,r_cats_f.avi,aggregated,0.4178082191780822,,0.3333333333333333,0.139269406392694,0.1964573268921094,,1.0,0.4178082191780822,0.5893719806763285,,1.1392257614538055
multiclass_table6_valence_3class,Table-6 Valence,recording_loo,LightGBM,LightGBM,results/quick_v1_v2_comparison/2026-06-03_09-24-45/model_runs/2026-06-03_09-24-48,results/quick_v1_v2_comparison/2026-06-03_09-24-45/model_runs/2026-06-03_09-24-48/multiclass_table6_valence_3class_emotion-elicitation_2026-06-03_09-33-29,results/quick_v1_v2_comparison/2026-06-03_09-24-45/model_runs/2026-06-03_09-24-48/multiclass_table6_valence_3class_emotion-elicitation_2026-06-03_09-33-29/recording_loo/fold_metrics.csv,LightGBM,r_dallas_f.avi,aggregated,0.6363636363636364,,0.3333333333333333,0.2121212121212121,0.2592592592592592,,1.0,0.6363636363636364,0.7777777777777778,,0.7514129117148661
multiclass_table6_valence_3class,Table-6 Valence,recording_loo,LightGBM,LightGBM,results/quick_v1_v2_comparison/2026-06-03_09-24-45/model_runs/2026-06-03_09-24-48,results/quick_v1_v2_comparison/2026-06-03_09-24-45/model_runs/2026-06-03_09-24-48/multiclass_table6_valence_3class_emotion-elicitation_2026-06-03_09-33-29,results/quick_v1_v2_comparison/2026-06-03_09-24-45/model_runs/2026-06-03_09-24-48/multiclass_table6_valence_3class_emotion-elicitation_2026-06-03_09-33-29/recording_loo/fold_metrics.csv,LightGBM,r_detroit_f.avi,aggregated,0.6641221374045801,,0.3333333333333333,0.2213740458015267,0.2660550458715596,,1.0,0.6641221374045801,0.7981651376146789,,0.7803742059080335
multiclass_table6_valence_3class,Table-6 Valence,recording_loo,LightGBM,LightGBM,results/quick_v1_v2_comparison/2026-06-03_09-24-45/model_runs/2026-06-03_09-24-48,results/quick_v1_v2_comparison/2026-06-03_09-24-45/model_runs/2026-06-03_09-24-48/multiclass_table6_valence_3class_emotion-elicitation_2026-06-03_09-33-29,results/quick_v1_v2_comparison/2026-06-03_09-24-45/model_runs/2026-06-03_09-24-48/multiclass_table6_valence_3class_emotion-elicitation_2026-06-03_09-33-29/recording_loo/fold_metrics.csv,LightGBM,r_earworm_f.avi,aggregated,0.453125,0.3542767968610665,0.3422874579124579,0.3542767968610665,0.3445362565093217,0.5209068541345684,0.4253026686132155,0.453125,0.434881666438752,0.559742811378201,1.0904379472946684
multiclass_table6_valence_3class,Table-6 Valence,recording_loo,LightGBM,LightGBM,results/quick_v1_v2_comparison/2026-06-03_09-24-45/model_runs/2026-06-03_09-24-48,results/quick_v1_v2_comparison/2026-06-03_09-24-45/model_runs/2026-06-03_09-24-48/multiclass_table6_valence_3class_emotion-elicitation_2026-06-03_09-33-29,results/quick_v1_v2_comparison/2026-06-03_09-24-45/model_runs/2026-06-03_09-24-48/multiclass_table6_valence_3class_emotion-elicitation_2026-06-03_09-33-29/recording_loo/fold_metrics.csv,LightGBM,r_funny_f.avi,aggregated,0.4339622641509434,0.3604497354497355,0.355050505050505,0.3604497354497355,0.2965827288618501,0.5707159030747753,0.6119268153230417,0.4339622641509434,0.4971331288115724,0.5920512482080532,1.0923558760607155
multiclass_table6_valence_3class,Table-6 Valence,recording_loo,LightGBM,LightGBM,results/quick_v1_v2_comparison/2026-06-03_09-24-45/model_runs/2026-06-03_09-24-48,results/quick_v1_v2_comparison/2026-06-03_09-24-45/model_runs/2026-06-03_09-24-48/multiclass_table6_valence_3class_emotion-elicitation_2026-06-03_09-33-29,results/quick_v1_v2_comparison/2026-06-03_09-24-45/model_runs/2026-06-03_09-24-48/multiclass_table6_valence_3class_emotion-elicitation_2026-06-03_09-33-29/recording_loo/fold_metrics.csv,LightGBM,r_newyork_f.avi,aggregated,0.6,0.4376178660049628,0.3791015988101878,0.4376178660049628,0.3745894416406312,0.5899255711037722,0.7539203383528538,0.6,0.6583673796363053,0.5398402285437125,0.8743536822250972
multiclass_table6_valence_3class,Table-6 Valence,recording_loo,SVM,SVM,results/quick_v1_v2_comparison/2026-06-03_09-24-45/model_runs/2026-06-03_09-24-48,results/quick_v1_v2_comparison/2026-06-03_09-24-45/model_runs/2026-06-03_09-24-48/multiclass_table6_valence_3class_emotion-elicitation_2026-06-03_09-33-29,results/quick_v1_v2_comparison/2026-06-03_09-24-45/model_runs/2026-06-03_09-24-48/multiclass_table6_valence_3class_emotion-elicitation_2026-06-03_09-33-29/recording_loo/fold_metrics.csv,SVM,r_107.avi,aggregated,0.4113924050632911,0.4019635265159991,0.3015450269445223,0.4019635265159991,0.2755472015388601,0.5756858755363535,0.521156782934045,0.4113924050632911,0.4442451589155158,0.5506226002247703,1.13482222439545
multiclass_table6_valence_3class,Table-6 Valence,recording_loo,SVM,SVM,results/quick_v1_v2_comparison/2026-06-03_09-24-45/model_runs/2026-06-03_09-24-48,results/quick_v1_v2_comparison/2026-06-03_09-24-45/model_runs/2026-06-03_09-24-48/multiclass_table6_valence_3class_emotion-elicitation_2026-06-03_09-33-29,results/quick_v1_v2_comparison/2026-06-03_09-24-45/model_runs/2026-06-03_09-24-48/multiclass_table6_valence_3class_emotion-elicitation_2026-06-03_09-33-29/recording_loo/fold_metrics.csv,SVM,r_111.avi,aggregated,0.4924471299093655,0.2851838755304102,0.3157004830917874,0.1901225836869401,0.2372697897266924,0.4491984912776992,0.8115963921362582,0.4924471299093655,0.6129532966378998,0.3934778242606306,0.9873881010772496
multiclass_table6_valence_3class,Table-6 Valence,recording_loo,SVM,SVM,results/quick_v1_v2_comparison/2026-06-03_09-24-45/model_runs/2026-06-03_09-24-48,results/quick_v1_v2_comparison/2026-06-03_09-24-45/model_runs/2026-06-03_09-24-48/multiclass_table6_valence_3class_emotion-elicitation_2026-06-03_09-33-29,results/quick_v1_v2_comparison/2026-06-03_09-24-45/model_runs/2026-06-03_09-24-48/multiclass_table6_valence_3class_emotion-elicitation_2026-06-03_09-33-29/recording_loo/fold_metrics.csv,SVM,r_138.avi,aggregated,0.4856321839080459,0.3400652351182386,0.3311858437486578,0.2267101567454924,0.2689381849132886,0.5194074476759989,0.6955418856735786,0.4856321839080459,0.5717884055897363,0.5264397496821037,1.0634746633534482
multiclass_table6_valence_3class,Table-6 Valence,recording_loo,SVM,SVM,results/quick_v1_v2_comparison/2026-06-03_09-24-45/model_runs/2026-06-03_09-24-48,results/quick_v1_v2_comparison/2026-06-03_09-24-45/model_runs/2026-06-03_09-24-48/multiclass_table6_valence_3class_emotion-elicitation_2026-06-03_09-33-29,results/quick_v1_v2_comparison/2026-06-03_09-24-45/model_runs/2026-06-03_09-24-48/multiclass_table6_valence_3class_emotion-elicitation_2026-06-03_09-33-29/recording_loo/fold_metrics.csv,SVM,r_146.avi,aggregated,0.4721189591078067,0.3322398190045249,0.304040404040404,0.2214932126696832,0.2521847690387016,0.4753393665158371,0.6055987383124931,0.4721189591078067,0.5272962699970761,0.4617002248425821,1.096793933753691
multiclass_table6_valence_3class,Table-6 Valence,recording_loo,SVM,SVM,results/quick_v1_v2_comparison/2026-06-03_09-24-45/model_runs/2026-06-03_09-24-48,results/quick_v1_v2_comparison/2026-06-03_09-24-45/model_runs/2026-06-03_09-24-48/multiclass_table6_valence_3class_emotion-elicitation_2026-06-03_09-33-29,results/quick_v1_v2_comparison/2026-06-03_09-24-45/model_runs/2026-06-03_09-24-48/multiclass_table6_valence_3class_emotion-elicitation_2026-06-03_09-33-29/recording_loo/fold_metrics.csv,SVM,r_30.avi,aggregated,0.5707317073170731,0.4171572234486141,0.3305739514348786,0.2781048156324094,0.2922856631465902,0.4803777287220996,0.6121951219512195,0.5707317073170731,0.5819380355965722,0.4750390351585635,1.0102516867220557
multiclass_table6_valence_3class,Table-6 Valence,recording_loo,SVM,SVM,results/quick_v1_v2_comparison/2026-06-03_09-24-45/model_runs/2026-06-03_09-24-48,results/quick_v1_v2_comparison/2026-06-03_09-24-45/model_runs/2026-06-03_09-24-48/multiclass_table6_valence_3class_emotion-elicitation_2026-06-03_09-33-29,results/quick_v1_v2_comparison/2026-06-03_09-24-45/model_runs/2026-06-03_09-24-48/multiclass_table6_valence_3class_emotion-elicitation_2026-06-03_09-33-29/recording_loo/fold_metrics.csv,SVM,r_52.avi,aggregated,0.5084745762711864,0.4112355534373882,0.3547619047619048,0.2741570356249255,0.3092923868234938,0.5142082687954248,0.6590314769975787,0.5084745762711864,0.5740437776719387,0.54483215431746,1.0906880132169974
multiclass_table6_valence_3class,Table-6 Valence,recording_loo,SVM,SVM,results/quick_v1_v2_comparison/2026-06-03_09-24-45/model_runs/2026-06-03_09-24-48,results/quick_v1_v2_comparison/2026-06-03_09-24-45/model_runs/2026-06-03_09-24-48/multiclass_table6_valence_3class_emotion-elicitation_2026-06-03_09-33-29,results/quick_v1_v2_comparison/2026-06-03_09-24-45/model_runs/2026-06-03_09-24-48/multiclass_table6_valence_3class_emotion-elicitation_2026-06-03_09-33-29/recording_loo/fold_metrics.csv,SVM,r_53.avi,aggregated,0.4243421052631579,0.4103683202043857,0.4355440036855966,0.4103683202043857,0.386876841422296,0.5458880293654974,0.5113755926576141,0.4243421052631579,0.4325906135116661,0.5380114892932247,1.1607865704087543
multiclass_table6_valence_3class,Table-6 Valence,recording_loo,SVM,SVM,results/quick_v1_v2_comparison/2026-06-03_09-24-45/model_runs/2026-06-03_09-24-48,results/quick_v1_v2_comparison/2026-06-03_09-24-45/model_runs/2026-06-03_09-24-48/multiclass_table6_valence_3class_emotion-elicitation_2026-06-03_09-33-29,results/quick_v1_v2_comparison/2026-06-03_09-24-45/model_runs/2026-06-03_09-24-48/multiclass_table6_valence_3class_emotion-elicitation_2026-06-03_09-33-29/recording_loo/fold_metrics.csv,SVM,r_55.avi,aggregated,0.4024896265560166,0.4458525345622119,0.3783020770316596,0.2972350230414746,0.2664035087719298,0.6477534562211982,0.8954397009837515,0.4024896265560166,0.5274219261847565,0.7011882453423078,1.2179342966632614
multiclass_table6_valence_3class,Table-6 Valence,recording_loo,SVM,SVM,results/quick_v1_v2_comparison/2026-06-03_09-24-45/model_runs/2026-06-03_09-24-48,results/quick_v1_v2_comparison/2026-06-03_09-24-45/model_runs/2026-06-03_09-24-48/multiclass_table6_valence_3class_emotion-elicitation_2026-06-03_09-33-29,results/quick_v1_v2_comparison/2026-06-03_09-24-45/model_runs/2026-06-03_09-24-48/multiclass_table6_valence_3class_emotion-elicitation_2026-06-03_09-33-29/recording_loo/fold_metrics.csv,SVM,r_58.avi,aggregated,0.5786802030456852,0.4005060961582701,0.3691245738263833,0.4005060961582701,0.3646426213012169,0.508031931094841,0.7051204415564706,0.5786802030456852,0.62787158147343,0.5316329360015377,0.9487940009266986
multiclass_table6_valence_3class,Table-6 Valence,recording_loo,SVM,SVM,results/quick_v1_v2_comparison/2026-06-03_09-24-45/model_runs/2026-06-03_09-24-48,results/quick_v1_v2_comparison/2026-06-03_09-24-45/model_runs/2026-06-03_09-24-48/multiclass_table6_valence_3class_emotion-elicitation_2026-06-03_09-33-29,results/quick_v1_v2_comparison/2026-06-03_09-24-45/model_runs/2026-06-03_09-24-48/multiclass_table6_valence_3class_emotion-elicitation_2026-06-03_09-33-29/recording_loo/fold_metrics.csv,SVM,r_69.avi,aggregated,0.677570093457944,,0.3333333333333333,0.2258566978193146,0.2692664809656453,,1.0,0.677570093457944,0.807799442896936,,0.8161564137662268
multiclass_table6_valence_3class,Table-6 Valence,recording_loo,SVM,SVM,results/quick_v1_v2_comparison/2026-06-03_09-24-45/model_runs/2026-06-03_09-24-48,results/quick_v1_v2_comparison/2026-06-03_09-24-45/model_runs/2026-06-03_09-24-48/multiclass_table6_valence_3class_emotion-elicitation_2026-06-03_09-33-29,results/quick_v1_v2_comparison/2026-06-03_09-24-45/model_runs/2026-06-03_09-24-48/multiclass_table6_valence_3class_emotion-elicitation_2026-06-03_09-33-29/recording_loo/fold_metrics.csv,SVM,r_73.avi,aggregated,0.5081967213114754,0.2924528301886792,0.2910798122065727,0.1949685534591194,0.2335216572504708,0.4626326650943396,0.7587162318171322,0.5081967213114754,0.6086875984069648,0.4907424412310547,1.0353220539963182
multiclass_table6_valence_3class,Table-6 Valence,recording_loo,SVM,SVM,results/quick_v1_v2_comparison/2026-06-03_09-24-45/model_runs/2026-06-03_09-24-48,results/quick_v1_v2_comparison/2026-06-03_09-24-45/model_runs/2026-06-03_09-24-48/multiclass_table6_valence_3class_emotion-elicitation_2026-06-03_09-33-29,results/quick_v1_v2_comparison/2026-06-03_09-24-45/model_runs/2026-06-03_09-24-48/multiclass_table6_valence_3class_emotion-elicitation_2026-06-03_09-33-29/recording_loo/fold_metrics.csv,SVM,r_79.avi,aggregated,0.3496932515337423,0.2305361305361305,0.445273631840796,0.1536907536907537,0.2085569253081943,0.5188811188811189,0.7678326160608003,0.3496932515337423,0.4649959737873537,0.5030674846625767,1.2573781625331009
multiclass_table6_valence_3class,Table-6 Valence,recording_loo,SVM,SVM,results/quick_v1_v2_comparison/2026-06-03_09-24-45/model_runs/2026-06-03_09-24-48,results/quick_v1_v2_comparison/2026-06-03_09-24-45/model_runs/2026-06-03_09-24-48/multiclass_table6_valence_3class_emotion-elicitation_2026-06-03_09-33-29,results/quick_v1_v2_comparison/2026-06-03_09-24-45/model_runs/2026-06-03_09-24-48/multiclass_table6_valence_3class_emotion-elicitation_2026-06-03_09-33-29/recording_loo/fold_metrics.csv,SVM,r_80.avi,aggregated,0.6200716845878136,0.3239700374531835,0.3186003683241252,0.215980024968789,0.2574404761904762,0.5152933832709115,0.9146913800273272,0.6200716845878136,0.7391033026113671,0.5061650087927726,0.8797357958467573
multiclass_table6_valence_3class,Table-6 Valence,recording_loo,SVM,SVM,results/quick_v1_v2_comparison/2026-06-03_09-24-45/model_runs/2026-06-03_09-24-48,results/quick_v1_v2_comparison/2026-06-03_09-24-45/model_runs/2026-06-03_09-24-48/multiclass_table6_valence_3class_emotion-elicitation_2026-06-03_09-33-29,results/quick_v1_v2_comparison/2026-06-03_09-24-45/model_runs/2026-06-03_09-24-48/multiclass_table6_valence_3class_emotion-elicitation_2026-06-03_09-33-29/recording_loo/fold_metrics.csv,SVM,r_90.avi,aggregated,0.3515625,0.2707282913165266,0.3205554904488457,0.2707282913165266,0.2446051219381837,0.4206272720218676,0.6508332539845307,0.3515625,0.4458523455477359,0.3832113635095804,1.2917213113602208
multiclass_table6_valence_3class,Table-6 Valence,recording_loo,SVM,SVM,results/quick_v1_v2_comparison/2026-06-03_09-24-45/model_runs/2026-06-03_09-24-48,results/quick_v1_v2_comparison/2026-06-03_09-24-45/model_runs/2026-06-03_09-24-48/multiclass_table6_valence_3class_emotion-elicitation_2026-06-03_09-33-29,results/quick_v1_v2_comparison/2026-06-03_09-24-45/model_runs/2026-06-03_09-24-48/multiclass_table6_valence_3class_emotion-elicitation_2026-06-03_09-33-29/recording_loo/fold_metrics.csv,SVM,r_cats_f.avi,aggregated,0.4349315068493151,,0.3333333333333333,0.1449771689497717,0.2020684168655529,,1.0,0.4349315068493151,0.6062052505966588,,1.1382469442551229
multiclass_table6_valence_3class,Table-6 Valence,recording_loo,SVM,SVM,results/quick_v1_v2_comparison/2026-06-03_09-24-45/model_runs/2026-06-03_09-24-48,results/quick_v1_v2_comparison/2026-06-03_09-24-45/model_runs/2026-06-03_09-24-48/multiclass_table6_valence_3class_emotion-elicitation_2026-06-03_09-33-29,results/quick_v1_v2_comparison/2026-06-03_09-24-45/model_runs/2026-06-03_09-24-48/multiclass_table6_valence_3class_emotion-elicitation_2026-06-03_09-33-29/recording_loo/fold_metrics.csv,SVM,r_dallas_f.avi,aggregated,0.6060606060606061,,0.3333333333333333,0.202020202020202,0.2515723270440251,,1.0,0.6060606060606061,0.7547169811320755,,0.8200122504625366
multiclass_table6_valence_3class,Table-6 Valence,recording_loo,SVM,SVM,results/quick_v1_v2_comparison/2026-06-03_09-24-45/model_runs/2026-06-03_09-24-48,results/quick_v1_v2_comparison/2026-06-03_09-24-45/model_runs/2026-06-03_09-24-48/multiclass_table6_valence_3class_emotion-elicitation_2026-06-03_09-33-29,results/quick_v1_v2_comparison/2026-06-03_09-24-45/model_runs/2026-06-03_09-24-48/multiclass_table6_valence_3class_emotion-elicitation_2026-06-03_09-33-29/recording_loo/fold_metrics.csv,SVM,r_detroit_f.avi,aggregated,0.7213740458015268,,0.3333333333333333,0.2404580152671755,0.2793791574279379,,1.0,0.7213740458015268,0.8381374722838137,,0.718287092248461
multiclass_table6_valence_3class,Table-6 Valence,recording_loo,SVM,SVM,results/quick_v1_v2_comparison/2026-06-03_09-24-45/model_runs/2026-06-03_09-24-48,results/quick_v1_v2_comparison/2026-06-03_09-24-45/model_runs/2026-06-03_09-24-48/multiclass_table6_valence_3class_emotion-elicitation_2026-06-03_09-33-29,results/quick_v1_v2_comparison/2026-06-03_09-24-45/model_runs/2026-06-03_09-24-48/multiclass_table6_valence_3class_emotion-elicitation_2026-06-03_09-33-29/recording_loo/fold_metrics.csv,SVM,r_earworm_f.avi,aggregated,0.453125,0.3747904405207776,0.379436618228737,0.3747904405207776,0.373313492063492,0.5815941166028104,0.4361422689018973,0.453125,0.4420557415674603,0.5865940639603838,1.065633492891533
multiclass_table6_valence_3class,Table-6 Valence,recording_loo,SVM,SVM,results/quick_v1_v2_comparison/2026-06-03_09-24-45/model_runs/2026-06-03_09-24-48,results/quick_v1_v2_comparison/2026-06-03_09-24-45/model_runs/2026-06-03_09-24-48/multiclass_table6_valence_3class_emotion-elicitation_2026-06-03_09-33-29,results/quick_v1_v2_comparison/2026-06-03_09-24-45/model_runs/2026-06-03_09-24-48/multiclass_table6_valence_3class_emotion-elicitation_2026-06-03_09-33-29/recording_loo/fold_metrics.csv,SVM,r_funny_f.avi,aggregated,0.4641509433962264,0.4231426366843034,0.337854173984311,0.4231426366843034,0.3129475039324274,0.5789975025850141,0.5797732800498373,0.4641509433962264,0.5038345692786971,0.5637913247661236,1.093154458686322
multiclass_table6_valence_3class,Table-6 Valence,recording_loo,SVM,SVM,results/quick_v1_v2_comparison/2026-06-03_09-24-45/model_runs/2026-06-03_09-24-48,results/quick_v1_v2_comparison/2026-06-03_09-24-45/model_runs/2026-06-03_09-24-48/multiclass_table6_valence_3class_emotion-elicitation_2026-06-03_09-33-29,results/quick_v1_v2_comparison/2026-06-03_09-24-45/model_runs/2026-06-03_09-24-48/multiclass_table6_valence_3class_emotion-elicitation_2026-06-03_09-33-29/recording_loo/fold_metrics.csv,SVM,r_newyork_f.avi,aggregated,0.6,0.3653030840127614,0.3672637705292716,0.3653030840127614,0.3507501501337909,0.6010992646759036,0.7556563652985928,0.6,0.6638673991501866,0.5606290143570335,0.829332367399647
multiclass_table6_valence_3class,Table-6 Valence,recording_loo,MLP,MLP,results/quick_v1_v2_comparison/2026-06-03_09-24-45/model_runs/2026-06-03_09-24-48,results/quick_v1_v2_comparison/2026-06-03_09-24-45/model_runs/2026-06-03_09-24-48/multiclass_table6_valence_3class_emotion-elicitation_2026-06-03_09-33-29,results/quick_v1_v2_comparison/2026-06-03_09-24-45/model_runs/2026-06-03_09-24-48/multiclass_table6_valence_3class_emotion-elicitation_2026-06-03_09-33-29/recording_loo/fold_metrics.csv,MLP,r_107.avi,aggregated,0.430379746835443,0.4029611397031401,0.3612266112266112,0.4029611397031401,0.3215110911495371,0.5772124142318816,0.5908346272270323,0.430379746835443,0.4858439908239929,0.5813869955642107,1.0614336590752451
multiclass_table6_valence_3class,Table-6 Valence,recording_loo,MLP,MLP,results/quick_v1_v2_comparison/2026-06-03_09-24-45/model_runs/2026-06-03_09-24-48,results/quick_v1_v2_comparison/2026-06-03_09-24-45/model_runs/2026-06-03_09-24-48/multiclass_table6_valence_3class_emotion-elicitation_2026-06-03_09-33-29,results/quick_v1_v2_comparison/2026-06-03_09-24-45/model_runs/2026-06-03_09-24-48/multiclass_table6_valence_3class_emotion-elicitation_2026-06-03_09-33-29/recording_loo/fold_metrics.csv,MLP,r_111.avi,aggregated,0.486404833836858,0.2818835454974068,0.3049450549450549,0.1879223636649379,0.2318360333824251,0.484028760018859,0.8077753062647323,0.4864048338368579,0.6070015884386583,0.3886964764668093,1.049101006597631
multiclass_table6_valence_3class,Table-6 Valence,recording_loo,MLP,MLP,results/quick_v1_v2_comparison/2026-06-03_09-24-45/model_runs/2026-06-03_09-24-48,results/quick_v1_v2_comparison/2026-06-03_09-24-45/model_runs/2026-06-03_09-24-48/multiclass_table6_valence_3class_emotion-elicitation_2026-06-03_09-33-29,results/quick_v1_v2_comparison/2026-06-03_09-24-45/model_runs/2026-06-03_09-24-48/multiclass_table6_valence_3class_emotion-elicitation_2026-06-03_09-33-29/recording_loo/fold_metrics.csv,MLP,r_138.avi,aggregated,0.4195402298850574,0.2816526229953792,0.3034559983712526,0.1877684153302528,0.2319408922989485,0.4965751562924708,0.6726051007173158,0.4195402298850574,0.5167235009946007,0.506808603037432,1.1377054650390492
multiclass_table6_valence_3class,Table-6 Valence,recording_loo,MLP,MLP,results/quick_v1_v2_comparison/2026-06-03_09-24-45/model_runs/2026-06-03_09-24-48,results/quick_v1_v2_comparison/2026-06-03_09-24-45/model_runs/2026-06-03_09-24-48/multiclass_table6_valence_3class_emotion-elicitation_2026-06-03_09-33-29,results/quick_v1_v2_comparison/2026-06-03_09-24-45/model_runs/2026-06-03_09-24-48/multiclass_table6_valence_3class_emotion-elicitation_2026-06-03_09-33-29/recording_loo/fold_metrics.csv,MLP,r_146.avi,aggregated,0.5130111524163569,0.3801659125188537,0.3394328114192291,0.2534439416792358,0.2866666666666667,0.5229638009049773,0.6388918693183373,0.5130111524163569,0.5660718711276332,0.5029142626452926,1.0303441481280506
multiclass_table6_valence_3class,Table-6 Valence,recording_loo,MLP,MLP,results/quick_v1_v2_comparison/2026-06-03_09-24-45/model_runs/2026-06-03_09-24-48,results/quick_v1_v2_comparison/2026-06-03_09-24-45/model_runs/2026-06-03_09-24-48/multiclass_table6_valence_3class_emotion-elicitation_2026-06-03_09-33-29,results/quick_v1_v2_comparison/2026-06-03_09-24-45/model_runs/2026-06-03_09-24-48/multiclass_table6_valence_3class_emotion-elicitation_2026-06-03_09-33-29/recording_loo/fold_metrics.csv,MLP,r_30.avi,aggregated,0.5707317073170731,0.4112092224675006,0.3065817409766454,0.2741394816450004,0.2806247806247806,0.4662129016433652,0.5828367251825384,0.5707317073170731,0.5689587274953128,0.4633404523890713,1.0163279860047816
multiclass_table6_valence_3class,Table-6 Valence,recording_loo,MLP,MLP,results/quick_v1_v2_comparison/2026-06-03_09-24-45/model_runs/2026-06-03_09-24-48,results/quick_v1_v2_comparison/2026-06-03_09-24-45/model_runs/2026-06-03_09-24-48/multiclass_table6_valence_3class_emotion-elicitation_2026-06-03_09-33-29,results/quick_v1_v2_comparison/2026-06-03_09-24-45/model_runs/2026-06-03_09-24-48/multiclass_table6_valence_3class_emotion-elicitation_2026-06-03_09-33-29/recording_loo/fold_metrics.csv,MLP,r_52.avi,aggregated,0.447457627118644,0.3405516501846777,0.3299371069182389,0.2270344334564518,0.2689799331103679,0.5263612534254736,0.6502897345698753,0.447457627118644,0.5301349129867922,0.5664670114522392,1.1142997098019658
multiclass_table6_valence_3class,Table-6 Valence,recording_loo,MLP,MLP,results/quick_v1_v2_comparison/2026-06-03_09-24-45/model_runs/2026-06-03_09-24-48,results/quick_v1_v2_comparison/2026-06-03_09-24-45/model_runs/2026-06-03_09-24-48/multiclass_table6_valence_3class_emotion-elicitation_2026-06-03_09-33-29,results/quick_v1_v2_comparison/2026-06-03_09-24-45/model_runs/2026-06-03_09-24-48/multiclass_table6_valence_3class_emotion-elicitation_2026-06-03_09-33-29/recording_loo/fold_metrics.csv,MLP,r_53.avi,aggregated,0.3881578947368421,0.3479939914366143,0.3476217785108825,0.3479939914366143,0.3298158436650315,0.485093235194258,0.4588583249195467,0.3881578947368421,0.4024915425225986,0.5112529915361076,1.407224607945838
multiclass_table6_valence_3class,Table-6 Valence,recording_loo,MLP,MLP,results/quick_v1_v2_comparison/2026-06-03_09-24-45/model_runs/2026-06-03_09-24-48,results/quick_v1_v2_comparison/2026-06-03_09-24-45/model_runs/2026-06-03_09-24-48/multiclass_table6_valence_3class_emotion-elicitation_2026-06-03_09-33-29,results/quick_v1_v2_comparison/2026-06-03_09-24-45/model_runs/2026-06-03_09-24-48/multiclass_table6_valence_3class_emotion-elicitation_2026-06-03_09-33-29/recording_loo/fold_metrics.csv,MLP,r_55.avi,aggregated,0.3941908713692946,0.4227150537634409,0.3773946360153257,0.2818100358422939,0.265692007797271,0.6609062980030722,0.8859636571755616,0.3941908713692946,0.5219407439761229,0.6928902868870745,1.274889370637731
multiclass_table6_valence_3class,Table-6 Valence,recording_loo,MLP,MLP,results/quick_v1_v2_comparison/2026-06-03_09-24-45/model_runs/2026-06-03_09-24-48,results/quick_v1_v2_comparison/2026-06-03_09-24-45/model_runs/2026-06-03_09-24-48/multiclass_table6_valence_3class_emotion-elicitation_2026-06-03_09-33-29,results/quick_v1_v2_comparison/2026-06-03_09-24-45/model_runs/2026-06-03_09-24-48/multiclass_table6_valence_3class_emotion-elicitation_2026-06-03_09-33-29/recording_loo/fold_metrics.csv,MLP,r_58.avi,aggregated,0.583756345177665,0.386128364389234,0.3629553317053317,0.386128364389234,0.3564007579925423,0.5214245874313884,0.7101582498156103,0.583756345177665,0.633889862703062,0.5385602472846892,0.9391404714283164
multiclass_table6_valence_3class,Table-6 Valence,recording_loo,MLP,MLP,results/quick_v1_v2_comparison/2026-06-03_09-24-45/model_runs/2026-06-03_09-24-48,results/quick_v1_v2_comparison/2026-06-03_09-24-45/model_runs/2026-06-03_09-24-48/multiclass_table6_valence_3class_emotion-elicitation_2026-06-03_09-33-29,results/quick_v1_v2_comparison/2026-06-03_09-24-45/model_runs/2026-06-03_09-24-48/multiclass_table6_valence_3class_emotion-elicitation_2026-06-03_09-33-29/recording_loo/fold_metrics.csv,MLP,r_69.avi,aggregated,0.7242990654205608,,0.3333333333333333,0.2414330218068535,0.2800361336946703,,1.0,0.7242990654205608,0.8401084010840109,,0.7580759781304854
multiclass_table6_valence_3class,Table-6 Valence,recording_loo,MLP,MLP,results/quick_v1_v2_comparison/2026-06-03_09-24-45/model_runs/2026-06-03_09-24-48,results/quick_v1_v2_comparison/2026-06-03_09-24-45/model_runs/2026-06-03_09-24-48/multiclass_table6_valence_3class_emotion-elicitation_2026-06-03_09-33-29,results/quick_v1_v2_comparison/2026-06-03_09-24-45/model_runs/2026-06-03_09-24-48/multiclass_table6_valence_3class_emotion-elicitation_2026-06-03_09-33-29/recording_loo/fold_metrics.csv,MLP,r_73.avi,aggregated,0.3852459016393442,0.2482311320754717,0.3155898686170933,0.1654874213836478,0.2165099268547544,0.4299823113207547,0.7584548464238848,0.3852459016393442,0.5106942802816178,0.4559716207856479,1.3197098126159494
multiclass_table6_valence_3class,Table-6 Valence,recording_loo,MLP,MLP,results/quick_v1_v2_comparison/2026-06-03_09-24-45/model_runs/2026-06-03_09-24-48,results/quick_v1_v2_comparison/2026-06-03_09-24-45/model_runs/2026-06-03_09-24-48/multiclass_table6_valence_3class_emotion-elicitation_2026-06-03_09-33-29,results/quick_v1_v2_comparison/2026-06-03_09-24-45/model_runs/2026-06-03_09-24-48/multiclass_table6_valence_3class_emotion-elicitation_2026-06-03_09-33-29/recording_loo/fold_metrics.csv,MLP,r_79.avi,aggregated,0.3435582822085889,0.2266899766899767,0.3212962962962962,0.1511266511266511,0.1990620114643043,0.5134032634032635,0.6497273346966598,0.3435582822085889,0.4449627074428464,0.4835099460866332,1.328799972810151
multiclass_table6_valence_3class,Table-6 Valence,recording_loo,MLP,MLP,results/quick_v1_v2_comparison/2026-06-03_09-24-45/model_runs/2026-06-03_09-24-48,results/quick_v1_v2_comparison/2026-06-03_09-24-45/model_runs/2026-06-03_09-24-48/multiclass_table6_valence_3class_emotion-elicitation_2026-06-03_09-33-29,results/quick_v1_v2_comparison/2026-06-03_09-24-45/model_runs/2026-06-03_09-24-48/multiclass_table6_valence_3class_emotion-elicitation_2026-06-03_09-33-29/recording_loo/fold_metrics.csv,MLP,r_80.avi,aggregated,0.4050179211469534,0.2911985018726591,0.3219981405992991,0.1941323345817728,0.2068598068598068,0.5252808988764045,0.9013075785573726,0.4050179211469534,0.5537129537129537,0.5287040393057065,1.080752838906001
multiclass_table6_valence_3class,Table-6 Valence,recording_loo,MLP,MLP,results/quick_v1_v2_comparison/2026-06-03_09-24-45/model_runs/2026-06-03_09-24-48,results/quick_v1_v2_comparison/2026-06-03_09-24-45/model_runs/2026-06-03_09-24-48/multiclass_table6_valence_3class_emotion-elicitation_2026-06-03_09-33-29,results/quick_v1_v2_comparison/2026-06-03_09-24-45/model_runs/2026-06-03_09-24-48/multiclass_table6_valence_3class_emotion-elicitation_2026-06-03_09-33-29/recording_loo/fold_metrics.csv,MLP,r_90.avi,aggregated,0.35546875,0.2558823529411765,0.3041023104124297,0.2558823529411765,0.232133397187331,0.401184802290626,0.6299858633815203,0.35546875,0.4460157503906339,0.3793673883144548,1.2087619598159471
multiclass_table6_valence_3class,Table-6 Valence,recording_loo,MLP,MLP,results/quick_v1_v2_comparison/2026-06-03_09-24-45/model_runs/2026-06-03_09-24-48,results/quick_v1_v2_comparison/2026-06-03_09-24-45/model_runs/2026-06-03_09-24-48/multiclass_table6_valence_3class_emotion-elicitation_2026-06-03_09-33-29,results/quick_v1_v2_comparison/2026-06-03_09-24-45/model_runs/2026-06-03_09-24-48/multiclass_table6_valence_3class_emotion-elicitation_2026-06-03_09-33-29/recording_loo/fold_metrics.csv,MLP,r_cats_f.avi,aggregated,0.3356164383561644,,0.3333333333333333,0.1118721461187214,0.1675213675213675,,1.0,0.3356164383561644,0.5025641025641026,,1.1948419435551147
multiclass_table6_valence_3class,Table-6 Valence,recording_loo,MLP,MLP,results/quick_v1_v2_comparison/2026-06-03_09-24-45/model_runs/2026-06-03_09-24-48,results/quick_v1_v2_comparison/2026-06-03_09-24-45/model_runs/2026-06-03_09-24-48/multiclass_table6_valence_3class_emotion-elicitation_2026-06-03_09-33-29,results/quick_v1_v2_comparison/2026-06-03_09-24-45/model_runs/2026-06-03_09-24-48/multiclass_table6_valence_3class_emotion-elicitation_2026-06-03_09-33-29/recording_loo/fold_metrics.csv,MLP,r_dallas_f.avi,aggregated,0.034090909090909,,0.3333333333333333,0.0113636363636363,0.0219780219780219,,1.0,0.034090909090909,0.0659340659340659,,1.215402147657713
multiclass_table6_valence_3class,Table-6 Valence,recording_loo,MLP,MLP,results/quick_v1_v2_comparison/2026-06-03_09-24-45/model_runs/2026-06-03_09-24-48,results/quick_v1_v2_comparison/2026-06-03_09-24-45/model_runs/2026-06-03_09-24-48/multiclass_table6_valence_3class_emotion-elicitation_2026-06-03_09-33-29,results/quick_v1_v2_comparison/2026-06-03_09-24-45/model_runs/2026-06-03_09-24-48/multiclass_table6_valence_3class_emotion-elicitation_2026-06-03_09-33-29/recording_loo/fold_metrics.csv,MLP,r_detroit_f.avi,aggregated,0.5687022900763359,,0.3333333333333333,0.1895674300254453,0.2416869424168694,,1.0,0.5687022900763359,0.7250608272506083,,0.8819860661590849
multiclass_table6_valence_3class,Table-6 Valence,recording_loo,MLP,MLP,results/quick_v1_v2_comparison/2026-06-03_09-24-45/model_runs/2026-06-03_09-24-48,results/quick_v1_v2_comparison/2026-06-03_09-24-45/model_runs/2026-06-03_09-24-48/multiclass_table6_valence_3class_emotion-elicitation_2026-06-03_09-33-29,results/quick_v1_v2_comparison/2026-06-03_09-24-45/model_runs/2026-06-03_09-24-48/multiclass_table6_valence_3class_emotion-elicitation_2026-06-03_09-33-29/recording_loo/fold_metrics.csv,MLP,r_earworm_f.avi,aggregated,0.4791666666666667,0.4077385411093276,0.4141093474426808,0.4077385411093276,0.4076341883902021,0.5818457019843821,0.4781470458553792,0.4791666666666667,0.4745332404804054,0.595812570773906,1.0156659499175926
multiclass_table6_valence_3class,Table-6 Valence,recording_loo,MLP,MLP,results/quick_v1_v2_comparison/2026-06-03_09-24-45/model_runs/2026-06-03_09-24-48,results/quick_v1_v2_comparison/2026-06-03_09-24-45/model_runs/2026-06-03_09-24-48/multiclass_table6_valence_3class_emotion-elicitation_2026-06-03_09-33-29,results/quick_v1_v2_comparison/2026-06-03_09-24-45/model_runs/2026-06-03_09-24-48/multiclass_table6_valence_3class_emotion-elicitation_2026-06-03_09-33-29/recording_loo/fold_metrics.csv,MLP,r_funny_f.avi,aggregated,0.5433962264150943,0.4532903439153439,0.3611262753860542,0.4532903439153439,0.3398263217650127,0.6019486610225706,0.6179152221347365,0.5433962264150943,0.5646780919826518,0.6010915655774454,1.071531458944009
multiclass_table6_valence_3class,Table-6 Valence,recording_loo,MLP,MLP,results/quick_v1_v2_comparison/2026-06-03_09-24-45/model_runs/2026-06-03_09-24-48,results/quick_v1_v2_comparison/2026-06-03_09-24-45/model_runs/2026-06-03_09-24-48/multiclass_table6_valence_3class_emotion-elicitation_2026-06-03_09-33-29,results/quick_v1_v2_comparison/2026-06-03_09-24-45/model_runs/2026-06-03_09-24-48/multiclass_table6_valence_3class_emotion-elicitation_2026-06-03_09-33-29/recording_loo/fold_metrics.csv,MLP,r_newyork_f.avi,aggregated,0.3372549019607843,0.3572728346921895,0.3385483184333759,0.3572728346921895,0.2440637446459901,0.5366284622857497,0.73934465229259,0.3372549019607843,0.4178097105422487,0.5170784139440143,1.0983279727450737
multiclass_table6_valence_3class,Table-6 Valence,recording_loo,GazeMAE_MLP,GazeMAE_MLP,results/quick_v1_v2_comparison/2026-06-03_09-24-45/model_runs/2026-06-03_09-24-48,results/quick_v1_v2_comparison/2026-06-03_09-24-45/model_runs/2026-06-03_09-24-48/multiclass_table6_valence_3class_emotion-elicitation_2026-06-03_09-33-29,results/quick_v1_v2_comparison/2026-06-03_09-24-45/model_runs/2026-06-03_09-24-48/multiclass_table6_valence_3class_emotion-elicitation_2026-06-03_09-33-29/recording_loo/fold_metrics.csv,GazeMAE_MLP,r_107.avi,aggregated,0.310126582278481,0.4170023122249571,0.3434188034188034,0.4170023122249571,0.2631827236639082,0.5365029783249743,0.5611522233041221,0.310126582278481,0.3706283334054348,0.5124027449343905,1.151052962090541
multiclass_table6_valence_3class,Table-6 Valence,recording_loo,GazeMAE_MLP,GazeMAE_MLP,results/quick_v1_v2_comparison/2026-06-03_09-24-45/model_runs/2026-06-03_09-24-48,results/quick_v1_v2_comparison/2026-06-03_09-24-45/model_runs/2026-06-03_09-24-48/multiclass_table6_valence_3class_emotion-elicitation_2026-06-03_09-33-29,results/quick_v1_v2_comparison/2026-06-03_09-24-45/model_runs/2026-06-03_09-24-48/multiclass_table6_valence_3class_emotion-elicitation_2026-06-03_09-33-29/recording_loo/fold_metrics.csv,GazeMAE_MLP,r_111.avi,aggregated,0.5287009063444109,0.3211928335690712,0.355458089668616,0.2141285557127141,0.2671541635463929,0.5380127298444131,0.8887130969417503,0.5287009063444109,0.6629573394094327,0.6382413813241488,0.9726206585247932
multiclass_table6_valence_3class,Table-6 Valence,recording_loo,GazeMAE_MLP,GazeMAE_MLP,results/quick_v1_v2_comparison/2026-06-03_09-24-45/model_runs/2026-06-03_09-24-48,results/quick_v1_v2_comparison/2026-06-03_09-24-45/model_runs/2026-06-03_09-24-48/multiclass_table6_valence_3class_emotion-elicitation_2026-06-03_09-33-29,results/quick_v1_v2_comparison/2026-06-03_09-24-45/model_runs/2026-06-03_09-24-48/multiclass_table6_valence_3class_emotion-elicitation_2026-06-03_09-33-29/recording_loo/fold_metrics.csv,GazeMAE_MLP,r_138.avi,aggregated,0.4712643678160919,0.3016036966567001,0.2917540181691125,0.2010691311044667,0.2342460752099306,0.43370481108997,0.642175112653317,0.4712643678160919,0.5412899245886367,0.4096621708172823,1.0831958033304956
multiclass_table6_valence_3class,Table-6 Valence,recording_loo,GazeMAE_MLP,GazeMAE_MLP,results/quick_v1_v2_comparison/2026-06-03_09-24-45/model_runs/2026-06-03_09-24-48,results/quick_v1_v2_comparison/2026-06-03_09-24-45/model_runs/2026-06-03_09-24-48/multiclass_table6_valence_3class_emotion-elicitation_2026-06-03_09-33-29,results/quick_v1_v2_comparison/2026-06-03_09-24-45/model_runs/2026-06-03_09-24-48/multiclass_table6_valence_3class_emotion-elicitation_2026-06-03_09-33-29/recording_loo/fold_metrics.csv,GazeMAE_MLP,r_146.avi,aggregated,0.241635687732342,0.2326923076923077,0.2952941176470589,0.1551282051282051,0.1920392378796453,0.4215686274509804,0.5654362562869013,0.241635687732342,0.3281221401026249,0.3999798146310283,1.281883097349383
multiclass_table6_valence_3class,Table-6 Valence,recording_loo,GazeMAE_MLP,GazeMAE_MLP,results/quick_v1_v2_comparison/2026-06-03_09-24-45/model_runs/2026-06-03_09-24-48,results/quick_v1_v2_comparison/2026-06-03_09-24-45/model_runs/2026-06-03_09-24-48/multiclass_table6_valence_3class_emotion-elicitation_2026-06-03_09-33-29,results/quick_v1_v2_comparison/2026-06-03_09-24-45/model_runs/2026-06-03_09-24-48/multiclass_table6_valence_3class_emotion-elicitation_2026-06-03_09-33-29/recording_loo/fold_metrics.csv,GazeMAE_MLP,r_30.avi,aggregated,0.5024390243902439,0.3826956095168016,0.3072390572390572,0.2551304063445344,0.2780002617458448,0.4874908020603384,0.5869179600886918,0.5024390243902439,0.5407084374730674,0.4896378853413258,1.1222871915844088
multiclass_table6_valence_3class,Table-6 Valence,recording_loo,GazeMAE_MLP,GazeMAE_MLP,results/quick_v1_v2_comparison/2026-06-03_09-24-45/model_runs/2026-06-03_09-24-48,results/quick_v1_v2_comparison/2026-06-03_09-24-45/model_runs/2026-06-03_09-24-48/multiclass_table6_valence_3class_emotion-elicitation_2026-06-03_09-33-29,results/quick_v1_v2_comparison/2026-06-03_09-24-45/model_runs/2026-06-03_09-24-48/multiclass_table6_valence_3class_emotion-elicitation_2026-06-03_09-33-29/recording_loo/fold_metrics.csv,GazeMAE_MLP,r_52.avi,aggregated,0.4745762711864407,0.3547003455260336,0.3223505919269718,0.2364668970173557,0.271418819804511,0.548999165971643,0.6213731932145369,0.4745762711864407,0.5369127596079785,0.5619975887896895,1.0550005271611294
multiclass_table6_valence_3class,Table-6 Valence,recording_loo,GazeMAE_MLP,GazeMAE_MLP,results/quick_v1_v2_comparison/2026-06-03_09-24-45/model_runs/2026-06-03_09-24-48,results/quick_v1_v2_comparison/2026-06-03_09-24-45/model_runs/2026-06-03_09-24-48/multiclass_table6_valence_3class_emotion-elicitation_2026-06-03_09-33-29,results/quick_v1_v2_comparison/2026-06-03_09-24-45/model_runs/2026-06-03_09-24-48/multiclass_table6_valence_3class_emotion-elicitation_2026-06-03_09-33-29/recording_loo/fold_metrics.csv,GazeMAE_MLP,r_53.avi,aggregated,0.4111842105263157,0.3710642727036169,0.3513886493013627,0.3710642727036169,0.3352315969534512,0.5347312947488897,0.4669010643306559,0.4111842105263157,0.4117221447658882,0.5370845124565379,1.1037838999908964
multiclass_table6_valence_3class,Table-6 Valence,recording_loo,GazeMAE_MLP,GazeMAE_MLP,results/quick_v1_v2_comparison/2026-06-03_09-24-45/model_runs/2026-06-03_09-24-48,results/quick_v1_v2_comparison/2026-06-03_09-24-45/model_runs/2026-06-03_09-24-48/multiclass_table6_valence_3class_emotion-elicitation_2026-06-03_09-33-29,results/quick_v1_v2_comparison/2026-06-03_09-24-45/model_runs/2026-06-03_09-24-48/multiclass_table6_valence_3class_emotion-elicitation_2026-06-03_09-33-29/recording_loo/fold_metrics.csv,GazeMAE_MLP,r_55.avi,aggregated,0.3858921161825726,0.3625192012288786,0.3534621578099839,0.2416794674859191,0.2419296463638168,0.5122887864823349,0.8619379798344258,0.3858921161825726,0.5157340195335101,0.5342777788400864,1.201609297505216
multiclass_table6_valence_3class,Table-6 Valence,recording_loo,GazeMAE_MLP,GazeMAE_MLP,results/quick_v1_v2_comparison/2026-06-03_09-24-45/model_runs/2026-06-03_09-24-48,results/quick_v1_v2_comparison/2026-06-03_09-24-45/model_runs/2026-06-03_09-24-48/multiclass_table6_valence_3class_emotion-elicitation_2026-06-03_09-33-29,results/quick_v1_v2_comparison/2026-06-03_09-24-45/model_runs/2026-06-03_09-24-48/multiclass_table6_valence_3class_emotion-elicitation_2026-06-03_09-33-29/recording_loo/fold_metrics.csv,GazeMAE_MLP,r_58.avi,aggregated,0.3451776649746192,0.3381642512077294,0.3696153334765221,0.3381642512077294,0.2722271414756514,0.5050249770920162,0.7266965888717372,0.3451776649746192,0.4343529049586462,0.5474655524991572,1.1525882568768755
multiclass_table6_valence_3class,Table-6 Valence,recording_loo,GazeMAE_MLP,GazeMAE_MLP,results/quick_v1_v2_comparison/2026-06-03_09-24-45/model_runs/2026-06-03_09-24-48,results/quick_v1_v2_comparison/2026-06-03_09-24-45/model_runs/2026-06-03_09-24-48/multiclass_table6_valence_3class_emotion-elicitation_2026-06-03_09-33-29,results/quick_v1_v2_comparison/2026-06-03_09-24-45/model_runs/2026-06-03_09-24-48/multiclass_table6_valence_3class_emotion-elicitation_2026-06-03_09-33-29/recording_loo/fold_metrics.csv,GazeMAE_MLP,r_69.avi,aggregated,0.4626168224299065,,0.3333333333333333,0.1542056074766355,0.2108626198083067,,1.0,0.4626168224299065,0.6325878594249201,,1.090460477297507
multiclass_table6_valence_3class,Table-6 Valence,recording_loo,GazeMAE_MLP,GazeMAE_MLP,results/quick_v1_v2_comparison/2026-06-03_09-24-45/model_runs/2026-06-03_09-24-48,results/quick_v1_v2_comparison/2026-06-03_09-24-45/model_runs/2026-06-03_09-24-48/multiclass_table6_valence_3class_emotion-elicitation_2026-06-03_09-33-29,results/quick_v1_v2_comparison/2026-06-03_09-24-45/model_runs/2026-06-03_09-24-48/multiclass_table6_valence_3class_emotion-elicitation_2026-06-03_09-33-29/recording_loo/fold_metrics.csv,GazeMAE_MLP,r_73.avi,aggregated,0.5204918032786885,0.2995283018867924,0.2899543378995434,0.1996855345911949,0.2364990689013035,0.5229215801886793,0.7557826184594656,0.5204918032786885,0.6164483927099551,0.5087307647695639,1.0166449374466289
multiclass_table6_valence_3class,Table-6 Valence,recording_loo,GazeMAE_MLP,GazeMAE_MLP,results/quick_v1_v2_comparison/2026-06-03_09-24-45/model_runs/2026-06-03_09-24-48,results/quick_v1_v2_comparison/2026-06-03_09-24-45/model_runs/2026-06-03_09-24-48/multiclass_table6_valence_3class_emotion-elicitation_2026-06-03_09-33-29,results/quick_v1_v2_comparison/2026-06-03_09-24-45/model_runs/2026-06-03_09-24-48/multiclass_table6_valence_3class_emotion-elicitation_2026-06-03_09-33-29/recording_loo/fold_metrics.csv,GazeMAE_MLP,r_79.avi,aggregated,0.4969325153374233,0.3341491841491841,0.3572281959378733,0.2227661227661227,0.2679194248700975,0.5773892773892775,0.7224750973019328,0.4969325153374233,0.5843587758358454,0.5882091323809115,1.0359304992501903
multiclass_table6_valence_3class,Table-6 Valence,recording_loo,GazeMAE_MLP,GazeMAE_MLP,results/quick_v1_v2_comparison/2026-06-03_09-24-45/model_runs/2026-06-03_09-24-48,results/quick_v1_v2_comparison/2026-06-03_09-24-45/model_runs/2026-06-03_09-24-48/multiclass_table6_valence_3class_emotion-elicitation_2026-06-03_09-33-29,results/quick_v1_v2_comparison/2026-06-03_09-24-45/model_runs/2026-06-03_09-24-48/multiclass_table6_valence_3class_emotion-elicitation_2026-06-03_09-33-29/recording_loo/fold_metrics.csv,GazeMAE_MLP,r_80.avi,aggregated,0.5663082437275986,0.2958801498127341,0.3153692614770459,0.1972534332084894,0.2427035330261136,0.4377340823970037,0.9054149764986156,0.5663082437275986,0.6967940141717457,0.3608560535889278,0.933952252775242
multiclass_table6_valence_3class,Table-6 Valence,recording_loo,GazeMAE_MLP,GazeMAE_MLP,results/quick_v1_v2_comparison/2026-06-03_09-24-45/model_runs/2026-06-03_09-24-48,results/quick_v1_v2_comparison/2026-06-03_09-24-45/model_runs/2026-06-03_09-24-48/multiclass_table6_valence_3class_emotion-elicitation_2026-06-03_09-33-29,results/quick_v1_v2_comparison/2026-06-03_09-24-45/model_runs/2026-06-03_09-24-48/multiclass_table6_valence_3class_emotion-elicitation_2026-06-03_09-33-29/recording_loo/fold_metrics.csv,GazeMAE_MLP,r_90.avi,aggregated,0.39453125,0.2373482726423902,0.3369172048984883,0.2373482726423902,0.2445539380365808,0.4424236439581708,0.6874418430207827,0.39453125,0.4960706786914093,0.4405226388072856,1.091092709634205
multiclass_table6_valence_3class,Table-6 Valence,recording_loo,GazeMAE_MLP,GazeMAE_MLP,results/quick_v1_v2_comparison/2026-06-03_09-24-45/model_runs/2026-06-03_09-24-48,results/quick_v1_v2_comparison/2026-06-03_09-24-45/model_runs/2026-06-03_09-24-48/multiclass_table6_valence_3class_emotion-elicitation_2026-06-03_09-33-29,results/quick_v1_v2_comparison/2026-06-03_09-24-45/model_runs/2026-06-03_09-24-48/multiclass_table6_valence_3class_emotion-elicitation_2026-06-03_09-33-29/recording_loo/fold_metrics.csv,GazeMAE_MLP,r_cats_f.avi,aggregated,0.2808219178082192,,0.3333333333333333,0.093607305936073,0.1461675579322638,,1.0,0.2808219178082192,0.4385026737967914,,1.3733163555650083
multiclass_table6_valence_3class,Table-6 Valence,recording_loo,GazeMAE_MLP,GazeMAE_MLP,results/quick_v1_v2_comparison/2026-06-03_09-24-45/model_runs/2026-06-03_09-24-48,results/quick_v1_v2_comparison/2026-06-03_09-24-45/model_runs/2026-06-03_09-24-48/multiclass_table6_valence_3class_emotion-elicitation_2026-06-03_09-33-29,results/quick_v1_v2_comparison/2026-06-03_09-24-45/model_runs/2026-06-03_09-24-48/multiclass_table6_valence_3class_emotion-elicitation_2026-06-03_09-33-29/recording_loo/fold_metrics.csv,GazeMAE_MLP,r_dallas_f.avi,aggregated,0.6287878787878788,,0.3333333333333333,0.2095959595959595,0.2573643410852713,,1.0,0.6287878787878788,0.772093023255814,,0.7679178671096255
multiclass_table6_valence_3class,Table-6 Valence,recording_loo,GazeMAE_MLP,GazeMAE_MLP,results/quick_v1_v2_comparison/2026-06-03_09-24-45/model_runs/2026-06-03_09-24-48,results/quick_v1_v2_comparison/2026-06-03_09-24-45/model_runs/2026-06-03_09-24-48/multiclass_table6_valence_3class_emotion-elicitation_2026-06-03_09-33-29,results/quick_v1_v2_comparison/2026-06-03_09-24-45/model_runs/2026-06-03_09-24-48/multiclass_table6_valence_3class_emotion-elicitation_2026-06-03_09-33-29/recording_loo/fold_metrics.csv,GazeMAE_MLP,r_detroit_f.avi,aggregated,0.6030534351145038,,0.3333333333333333,0.2010178117048346,0.2507936507936508,,1.0,0.6030534351145038,0.7523809523809524,,0.8797479520129001
multiclass_table6_valence_3class,Table-6 Valence,recording_loo,GazeMAE_MLP,GazeMAE_MLP,results/quick_v1_v2_comparison/2026-06-03_09-24-45/model_runs/2026-06-03_09-24-48,results/quick_v1_v2_comparison/2026-06-03_09-24-45/model_runs/2026-06-03_09-24-48/multiclass_table6_valence_3class_emotion-elicitation_2026-06-03_09-33-29,results/quick_v1_v2_comparison/2026-06-03_09-24-45/model_runs/2026-06-03_09-24-48/multiclass_table6_valence_3class_emotion-elicitation_2026-06-03_09-33-29/recording_loo/fold_metrics.csv,GazeMAE_MLP,r_earworm_f.avi,aggregated,0.4375,0.3430408418048867,0.3394828335506301,0.3430408418048867,0.3327875733945513,0.5188760591467899,0.4118138173620165,0.4375,0.4157238064984913,0.5230696791346804,1.061571454665862
multiclass_table6_valence_3class,Table-6 Valence,recording_loo,GazeMAE_MLP,GazeMAE_MLP,results/quick_v1_v2_comparison/2026-06-03_09-24-45/model_runs/2026-06-03_09-24-48,results/quick_v1_v2_comparison/2026-06-03_09-24-45/model_runs/2026-06-03_09-24-48/multiclass_table6_valence_3class_emotion-elicitation_2026-06-03_09-33-29,results/quick_v1_v2_comparison/2026-06-03_09-24-45/model_runs/2026-06-03_09-24-48/multiclass_table6_valence_3class_emotion-elicitation_2026-06-03_09-33-29/recording_loo/fold_metrics.csv,GazeMAE_MLP,r_funny_f.avi,aggregated,0.3660377358490566,0.2958002645502645,0.3485450264338709,0.2958002645502645,0.2538673108876753,0.5119516873555959,0.5825242733095441,0.3660377358490566,0.4362140887821892,0.5335287043748642,1.1081417714671251
multiclass_table6_valence_3class,Table-6 Valence,recording_loo,GazeMAE_MLP,GazeMAE_MLP,results/quick_v1_v2_comparison/2026-06-03_09-24-45/model_runs/2026-06-03_09-24-48,results/quick_v1_v2_comparison/2026-06-03_09-24-45/model_runs/2026-06-03_09-24-48/multiclass_table6_valence_3class_emotion-elicitation_2026-06-03_09-33-29,results/quick_v1_v2_comparison/2026-06-03_09-24-45/model_runs/2026-06-03_09-24-48/multiclass_table6_valence_3class_emotion-elicitation_2026-06-03_09-33-29/recording_loo/fold_metrics.csv,GazeMAE_MLP,r_newyork_f.avi,aggregated,0.5725490196078431,0.3919839300484461,0.3563372281726711,0.3919839300484461,0.3330742240215924,0.5768896907754354,0.7540518739141227,0.5725490196078431,0.6420788441692465,0.5555978487996746,0.9010421115063024
multiclass_table6_arousal_3class,Table-6 Arousal,subject_loo,BasicGCN_mean,GNN,results/quick_v1_v2_comparison/2026-06-03_09-24-45/model_runs/2026-06-03_09-39-05,results/quick_v1_v2_comparison/2026-06-03_09-24-45/model_runs/2026-06-03_09-39-05/multiclass_table6_arousal_3class_emotion-elicitation_2026-06-03_09-40-04,results/quick_v1_v2_comparison/2026-06-03_09-24-45/model_runs/2026-06-03_09-39-05/multiclass_table6_arousal_3class_emotion-elicitation_2026-06-03_09-40-04/subject_loo/fold_metrics.csv,GNN,s_P1,aggregated,0.4875,0.3939112487100103,0.3229638009049774,0.3939112487100103,0.3540813310248722,0.6519899148769072,0.3983173076923076,0.4875,0.4373833452979181,0.6359985943999236,1.1297614574432373
multiclass_table6_arousal_3class,Table-6 Arousal,subject_loo,BasicGCN_mean,GNN,results/quick_v1_v2_comparison/2026-06-03_09-24-45/model_runs/2026-06-03_09-39-05,results/quick_v1_v2_comparison/2026-06-03_09-24-45/model_runs/2026-06-03_09-39-05/multiclass_table6_arousal_3class_emotion-elicitation_2026-06-03_09-40-04,results/quick_v1_v2_comparison/2026-06-03_09-24-45/model_runs/2026-06-03_09-39-05/multiclass_table6_arousal_3class_emotion-elicitation_2026-06-03_09-40-04/subject_loo/fold_metrics.csv,GNN,s_P10,aggregated,0.5633187772925764,0.4306286549707602,0.3772582972582972,0.4306286549707602,0.3988765848178462,0.7020140644283509,0.478292595323163,0.5633187772925764,0.5133243488151579,0.6762953370615248,0.9162309765815736
multiclass_table6_arousal_3class,Table-6 Arousal,subject_loo,BasicGCN_mean,GNN,results/quick_v1_v2_comparison/2026-06-03_09-24-45/model_runs/2026-06-03_09-39-05,results/quick_v1_v2_comparison/2026-06-03_09-24-45/model_runs/2026-06-03_09-39-05/multiclass_table6_arousal_3class_emotion-elicitation_2026-06-03_09-40-04,results/quick_v1_v2_comparison/2026-06-03_09-24-45/model_runs/2026-06-03_09-39-05/multiclass_table6_arousal_3class_emotion-elicitation_2026-06-03_09-40-04/subject_loo/fold_metrics.csv,GNN,s_P13,aggregated,0.5677966101694916,0.459156162464986,0.4602623456790123,0.459156162464986,0.4256290116755233,0.6663228854965318,0.5499480147520401,0.5677966101694916,0.5348672569799885,0.6845289399250034,0.9531471133232116
multiclass_table6_arousal_3class,Table-6 Arousal,subject_loo,BasicGCN_mean,GNN,results/quick_v1_v2_comparison/2026-06-03_09-24-45/model_runs/2026-06-03_09-39-05,results/quick_v1_v2_comparison/2026-06-03_09-24-45/model_runs/2026-06-03_09-39-05/multiclass_table6_arousal_3class_emotion-elicitation_2026-06-03_09-40-04,results/quick_v1_v2_comparison/2026-06-03_09-24-45/model_runs/2026-06-03_09-39-05/multiclass_table6_arousal_3class_emotion-elicitation_2026-06-03_09-40-04/subject_loo/fold_metrics.csv,GNN,s_P14,aggregated,0.5944700460829493,0.4708555074155407,0.5637297328486527,0.4708555074155407,0.4456266243693624,0.7369605005826978,0.5846049286500017,0.5944700460829493,0.5577495892622009,0.736730337603649,0.8519842624664307
multiclass_table6_arousal_3class,Table-6 Arousal,subject_loo,BasicGCN_mean,GNN,results/quick_v1_v2_comparison/2026-06-03_09-24-45/model_runs/2026-06-03_09-39-05,results/quick_v1_v2_comparison/2026-06-03_09-24-45/model_runs/2026-06-03_09-39-05/multiclass_table6_arousal_3class_emotion-elicitation_2026-06-03_09-40-04,results/quick_v1_v2_comparison/2026-06-03_09-24-45/model_runs/2026-06-03_09-39-05/multiclass_table6_arousal_3class_emotion-elicitation_2026-06-03_09-40-04/subject_loo/fold_metrics.csv,GNN,s_P16,aggregated,0.5233160621761658,0.4688212334113973,0.4544435143388383,0.4688212334113973,0.4242756211796459,0.6768197424553172,0.6281899529218654,0.5233160621761658,0.5317700858951119,0.6931368634420418,0.9361017942428588
multiclass_table6_arousal_3class,Table-6 Arousal,subject_loo,BasicGCN_mean,GNN,results/quick_v1_v2_comparison/2026-06-03_09-24-45/model_runs/2026-06-03_09-39-05,results/quick_v1_v2_comparison/2026-06-03_09-24-45/model_runs/2026-06-03_09-39-05/multiclass_table6_arousal_3class_emotion-elicitation_2026-06-03_09-40-04,results/quick_v1_v2_comparison/2026-06-03_09-24-45/model_runs/2026-06-03_09-39-05/multiclass_table6_arousal_3class_emotion-elicitation_2026-06-03_09-40-04/subject_loo/fold_metrics.csv,GNN,s_P17,aggregated,0.4602510460251046,0.3936238198983297,0.4203245133585332,0.3936238198983297,0.3526722147668602,0.6138100927549369,0.4338705236693944,0.4602510460251046,0.4060103202997535,0.6090949303646093,1.043695330619812
multiclass_table6_arousal_3class,Table-6 Arousal,subject_loo,BasicGCN_mean,GNN,results/quick_v1_v2_comparison/2026-06-03_09-24-45/model_runs/2026-06-03_09-39-05,results/quick_v1_v2_comparison/2026-06-03_09-24-45/model_runs/2026-06-03_09-39-05/multiclass_table6_arousal_3class_emotion-elicitation_2026-06-03_09-40-04,results/quick_v1_v2_comparison/2026-06-03_09-24-45/model_runs/2026-06-03_09-39-05/multiclass_table6_arousal_3class_emotion-elicitation_2026-06-03_09-40-04/subject_loo/fold_metrics.csv,GNN,s_P18,aggregated,0.5877192982456141,0.4684297769740808,0.3892153830291782,0.4684297769740808,0.424024024024024,0.761450778953115,0.4971158176914604,0.5877192982456141,0.5372530425162004,0.7630661603120925,0.8875538110733032
multiclass_table6_arousal_3class,Table-6 Arousal,subject_loo,BasicGCN_mean,GNN,results/quick_v1_v2_comparison/2026-06-03_09-24-45/model_runs/2026-06-03_09-39-05,results/quick_v1_v2_comparison/2026-06-03_09-24-45/model_runs/2026-06-03_09-39-05/multiclass_table6_arousal_3class_emotion-elicitation_2026-06-03_09-40-04,results/quick_v1_v2_comparison/2026-06-03_09-24-45/model_runs/2026-06-03_09-39-05/multiclass_table6_arousal_3class_emotion-elicitation_2026-06-03_09-40-04/subject_loo/fold_metrics.csv,GNN,s_P19,aggregated,0.4585152838427948,0.373252365485101,0.3332535885167464,0.373252365485101,0.2836460749174221,0.6722789442374157,0.3658375295125468,0.4585152838427948,0.3356488578433674,0.6703068444527474,1.0620232820510864
multiclass_table6_arousal_3class,Table-6 Arousal,subject_loo,BasicGCN_mean,GNN,results/quick_v1_v2_comparison/2026-06-03_09-24-45/model_runs/2026-06-03_09-39-05,results/quick_v1_v2_comparison/2026-06-03_09-24-45/model_runs/2026-06-03_09-39-05/multiclass_table6_arousal_3class_emotion-elicitation_2026-06-03_09-40-04,results/quick_v1_v2_comparison/2026-06-03_09-24-45/model_runs/2026-06-03_09-39-05/multiclass_table6_arousal_3class_emotion-elicitation_2026-06-03_09-40-04/subject_loo/fold_metrics.csv,GNN,s_P2,aggregated,0.4647302904564315,0.425789089582193,0.3058755493869998,0.425789089582193,0.3519380933436303,0.6320140697947343,0.3557116571306809,0.4647302904564315,0.3988698575698539,0.6209816889276916,1.082576036453247
multiclass_table6_arousal_3class,Table-6 Arousal,subject_loo,BasicGCN_mean,GNN,results/quick_v1_v2_comparison/2026-06-03_09-24-45/model_runs/2026-06-03_09-39-05,results/quick_v1_v2_comparison/2026-06-03_09-24-45/model_runs/2026-06-03_09-39-05/multiclass_table6_arousal_3class_emotion-elicitation_2026-06-03_09-40-04,results/quick_v1_v2_comparison/2026-06-03_09-24-45/model_runs/2026-06-03_09-39-05/multiclass_table6_arousal_3class_emotion-elicitation_2026-06-03_09-40-04/subject_loo/fold_metrics.csv,GNN,s_P20,aggregated,0.4026548672566372,0.3226577081000373,0.2024132730015083,0.3226577081000373,0.1971428571428571,0.6450737163674086,0.2534537300284307,0.4026548672566372,0.2460809102402022,0.6195714052736278,1.0151822566986084
multiclass_table6_arousal_3class,Table-6 Arousal,subject_loo,BasicGCN_mean,GNN,results/quick_v1_v2_comparison/2026-06-03_09-24-45/model_runs/2026-06-03_09-39-05,results/quick_v1_v2_comparison/2026-06-03_09-24-45/model_runs/2026-06-03_09-39-05/multiclass_table6_arousal_3class_emotion-elicitation_2026-06-03_09-40-04,results/quick_v1_v2_comparison/2026-06-03_09-24-45/model_runs/2026-06-03_09-39-05/multiclass_table6_arousal_3class_emotion-elicitation_2026-06-03_09-40-04/subject_loo/fold_metrics.csv,GNN,s_P21,aggregated,0.5205479452054794,0.4087343441001977,0.5626194631430234,0.4087343441001977,0.3666547367378115,0.710240248147337,0.584801612916079,0.5205479452054794,0.4375035567156421,0.6976589455900348,0.9834073781967164
multiclass_table6_arousal_3class,Table-6 Arousal,subject_loo,BasicGCN_mean,GNN,results/quick_v1_v2_comparison/2026-06-03_09-24-45/model_runs/2026-06-03_09-39-05,results/quick_v1_v2_comparison/2026-06-03_09-24-45/model_runs/2026-06-03_09-39-05/multiclass_table6_arousal_3class_emotion-elicitation_2026-06-03_09-40-04,results/quick_v1_v2_comparison/2026-06-03_09-24-45/model_runs/2026-06-03_09-39-05/multiclass_table6_arousal_3class_emotion-elicitation_2026-06-03_09-40-04/subject_loo/fold_metrics.csv,GNN,s_P22,aggregated,0.4392523364485981,0.3333333333333333,0.146417445482866,0.3333333333333333,0.2034632034632034,0.5851246479892119,0.1929426150755524,0.4392523364485981,0.2681150625075859,0.5629963342936781,1.0414364337921145
multiclass_table6_arousal_3class,Table-6 Arousal,subject_loo,BasicGCN_mean,GNN,results/quick_v1_v2_comparison/2026-06-03_09-24-45/model_runs/2026-06-03_09-39-05,results/quick_v1_v2_comparison/2026-06-03_09-24-45/model_runs/2026-06-03_09-39-05/multiclass_table6_arousal_3class_emotion-elicitation_2026-06-03_09-40-04,results/quick_v1_v2_comparison/2026-06-03_09-24-45/model_runs/2026-06-03_09-39-05/multiclass_table6_arousal_3class_emotion-elicitation_2026-06-03_09-40-04/subject_loo/fold_metrics.csv,GNN,s_P23,aggregated,0.5375,0.4099099099099099,0.3624288425047439,0.4099099099099099,0.3798030989074897,0.6885270334520682,0.4675759013282732,0.5375,0.4938276284634237,0.6768143151050443,0.9221109747886658
multiclass_table6_arousal_3class,Table-6 Arousal,subject_loo,BasicGCN_mean,GNN,results/quick_v1_v2_comparison/2026-06-03_09-24-45/model_runs/2026-06-03_09-39-05,results/quick_v1_v2_comparison/2026-06-03_09-24-45/model_runs/2026-06-03_09-39-05/multiclass_table6_arousal_3class_emotion-elicitation_2026-06-03_09-40-04,results/quick_v1_v2_comparison/2026-06-03_09-24-45/model_runs/2026-06-03_09-39-05/multiclass_table6_arousal_3class_emotion-elicitation_2026-06-03_09-40-04/subject_loo/fold_metrics.csv,GNN,s_P24,aggregated,0.4545454545454545,0.4073369565217391,0.5790693528258156,0.4073369565217391,0.3087265614510036,0.5904209934943205,0.684394051304374,0.4545454545454545,0.3966886064824452,0.5779494099954782,1.153755784034729
multiclass_table6_arousal_3class,Table-6 Arousal,subject_loo,BasicGCN_mean,GNN,results/quick_v1_v2_comparison/2026-06-03_09-24-45/model_runs/2026-06-03_09-39-05,results/quick_v1_v2_comparison/2026-06-03_09-24-45/model_runs/2026-06-03_09-39-05/multiclass_table6_arousal_3class_emotion-elicitation_2026-06-03_09-40-04,results/quick_v1_v2_comparison/2026-06-03_09-24-45/model_runs/2026-06-03_09-39-05/multiclass_table6_arousal_3class_emotion-elicitation_2026-06-03_09-40-04/subject_loo/fold_metrics.csv,GNN,s_P27,aggregated,0.4977578475336323,0.4097273097273097,0.3648168701442841,0.4097273097273097,0.3548433048433048,0.7348507307797799,0.4445832483090537,0.4977578475336323,0.4317484956498409,0.7300426460809146,1.0372867584228516
multiclass_table6_arousal_3class,Table-6 Arousal,subject_loo,BasicGCN_mean,GNN,results/quick_v1_v2_comparison/2026-06-03_09-24-45/model_runs/2026-06-03_09-39-05,results/quick_v1_v2_comparison/2026-06-03_09-24-45/model_runs/2026-06-03_09-39-05/multiclass_table6_arousal_3class_emotion-elicitation_2026-06-03_09-40-04,results/quick_v1_v2_comparison/2026-06-03_09-24-45/model_runs/2026-06-03_09-39-05/multiclass_table6_arousal_3class_emotion-elicitation_2026-06-03_09-40-04/subject_loo/fold_metrics.csv,GNN,s_P28,aggregated,0.5518867924528302,0.4018777722863066,0.4313386944181646,0.4018777722863066,0.3910731470746474,0.7031152652741882,0.5099506211956231,0.5518867924528302,0.5140396108890001,0.6950082660590943,0.8935250043869019
multiclass_table6_arousal_3class,Table-6 Arousal,subject_loo,BasicGCN_mean,GNN,results/quick_v1_v2_comparison/2026-06-03_09-24-45/model_runs/2026-06-03_09-39-05,results/quick_v1_v2_comparison/2026-06-03_09-24-45/model_runs/2026-06-03_09-39-05/multiclass_table6_arousal_3class_emotion-elicitation_2026-06-03_09-40-04,results/quick_v1_v2_comparison/2026-06-03_09-24-45/model_runs/2026-06-03_09-39-05/multiclass_table6_arousal_3class_emotion-elicitation_2026-06-03_09-40-04/subject_loo/fold_metrics.csv,GNN,s_P29,aggregated,0.5555555555555556,0.3860598965954541,0.4999278499278499,0.3860598965954541,0.3455374592833876,0.6840394142363376,0.6263057158890493,0.5555555555555556,0.5001520086862106,0.7024814063422233,0.9751935005187988
multiclass_table6_arousal_3class,Table-6 Arousal,subject_loo,BasicGCN_mean,GNN,results/quick_v1_v2_comparison/2026-06-03_09-24-45/model_runs/2026-06-03_09-39-05,results/quick_v1_v2_comparison/2026-06-03_09-24-45/model_runs/2026-06-03_09-39-05/multiclass_table6_arousal_3class_emotion-elicitation_2026-06-03_09-40-04,results/quick_v1_v2_comparison/2026-06-03_09-24-45/model_runs/2026-06-03_09-39-05/multiclass_table6_arousal_3class_emotion-elicitation_2026-06-03_09-40-04/subject_loo/fold_metrics.csv,GNN,s_P30,aggregated,0.5663716814159292,0.4272889321017663,0.3874112762823088,0.4272889321017663,0.3950617283950617,0.6818962872977048,0.5444358718183014,0.5663716814159292,0.5401507702392657,0.6835121159661909,0.8808450698852539
multiclass_table6_arousal_3class,Table-6 Arousal,subject_loo,BasicGCN_mean,GNN,results/quick_v1_v2_comparison/2026-06-03_09-24-45/model_runs/2026-06-03_09-39-05,results/quick_v1_v2_comparison/2026-06-03_09-24-45/model_runs/2026-06-03_09-39-05/multiclass_table6_arousal_3class_emotion-elicitation_2026-06-03_09-40-04,results/quick_v1_v2_comparison/2026-06-03_09-24-45/model_runs/2026-06-03_09-39-05/multiclass_table6_arousal_3class_emotion-elicitation_2026-06-03_09-40-04/subject_loo/fold_metrics.csv,GNN,s_P4,aggregated,0.4701195219123506,0.4169775158046739,0.4063364569388666,0.4169775158046739,0.3907575218009353,0.636973705032624,0.4292538013941557,0.4701195219123506,0.4311097878021933,0.6444026067606201,1.0422989130020142
multiclass_table6_arousal_3class,Table-6 Arousal,subject_loo,BasicGCN_mean,GNN,results/quick_v1_v2_comparison/2026-06-03_09-24-45/model_runs/2026-06-03_09-39-05,results/quick_v1_v2_comparison/2026-06-03_09-24-45/model_runs/2026-06-03_09-39-05/multiclass_table6_arousal_3class_emotion-elicitation_2026-06-03_09-40-04,results/quick_v1_v2_comparison/2026-06-03_09-24-45/model_runs/2026-06-03_09-39-05/multiclass_table6_arousal_3class_emotion-elicitation_2026-06-03_09-40-04/subject_loo/fold_metrics.csv,GNN,s_P5,aggregated,0.3454545454545454,0.3937368642286675,0.3067587361372672,0.3937368642286675,0.276505246324951,0.5984027545432823,0.3545306169034982,0.3454545454545454,0.2853893052544278,0.6099935335015549,1.3666539788246157
multiclass_table6_arousal_3class,Table-6 Arousal,subject_loo,BasicGCN_mean,GNN,results/quick_v1_v2_comparison/2026-06-03_09-24-45/model_runs/2026-06-03_09-39-05,results/quick_v1_v2_comparison/2026-06-03_09-24-45/model_runs/2026-06-03_09-39-05/multiclass_table6_arousal_3class_emotion-elicitation_2026-06-03_09-40-04,results/quick_v1_v2_comparison/2026-06-03_09-24-45/model_runs/2026-06-03_09-39-05/multiclass_table6_arousal_3class_emotion-elicitation_2026-06-03_09-40-04/subject_loo/fold_metrics.csv,GNN,s_P7,aggregated,0.5304347826086957,0.4022038567493113,0.2936115040075436,0.4022038567493113,0.3315907898966316,0.6241337031911464,0.3404141811696698,0.5304347826086957,0.4104358418161878,0.5892906204508844,1.084991693496704
multiclass_table6_arousal_3class,Table-6 Arousal,subject_loo,BasicGCN_mean,GNN,results/quick_v1_v2_comparison/2026-06-03_09-24-45/model_runs/2026-06-03_09-39-05,results/quick_v1_v2_comparison/2026-06-03_09-24-45/model_runs/2026-06-03_09-39-05/multiclass_table6_arousal_3class_emotion-elicitation_2026-06-03_09-40-04,results/quick_v1_v2_comparison/2026-06-03_09-24-45/model_runs/2026-06-03_09-39-05/multiclass_table6_arousal_3class_emotion-elicitation_2026-06-03_09-40-04/subject_loo/fold_metrics.csv,GNN,s_P8,aggregated,0.45662100456621,0.3939187796330652,0.6376725643306645,0.3939187796330652,0.3493548127346479,0.6262492288904185,0.5920993779176332,0.45662100456621,0.3938689836766643,0.6183195303526878,1.0294286012649536
multiclass_table6_arousal_3class,Table-6 Arousal,recording_loo,BasicGCN_mean,GNN,results/quick_v1_v2_comparison/2026-06-03_09-24-45/model_runs/2026-06-03_09-39-05,results/quick_v1_v2_comparison/2026-06-03_09-24-45/model_runs/2026-06-03_09-39-05/multiclass_table6_arousal_3class_emotion-elicitation_2026-06-03_09-40-04,results/quick_v1_v2_comparison/2026-06-03_09-24-45/model_runs/2026-06-03_09-39-05/multiclass_table6_arousal_3class_emotion-elicitation_2026-06-03_09-40-04/recording_loo/fold_metrics.csv,GNN,r_107.avi,aggregated,0.0569620253164556,0.2142857142857143,0.0206896551724137,0.2142857142857143,0.0377358490566037,0.3778526865291571,0.0054997817546922,0.0569620253164556,0.010031048483401,0.4628049482163406,1.5283912420272827
multiclass_table6_arousal_3class,Table-6 Arousal,recording_loo,BasicGCN_mean,GNN,results/quick_v1_v2_comparison/2026-06-03_09-24-45/model_runs/2026-06-03_09-39-05,results/quick_v1_v2_comparison/2026-06-03_09-24-45/model_runs/2026-06-03_09-39-05/multiclass_table6_arousal_3class_emotion-elicitation_2026-06-03_09-40-04,results/quick_v1_v2_comparison/2026-06-03_09-24-45/model_runs/2026-06-03_09-39-05/multiclass_table6_arousal_3class_emotion-elicitation_2026-06-03_09-40-04/recording_loo/fold_metrics.csv,GNN,r_111.avi,aggregated,0.3746223564954682,0.2338954149298976,0.2650750517598343,0.1559302766199317,0.196347499573306,0.4052671466464569,0.6355822277682911,0.3746223564954682,0.4713922186488213,0.3991138042080848,1.121837556362152
multiclass_table6_arousal_3class,Table-6 Arousal,recording_loo,BasicGCN_mean,GNN,results/quick_v1_v2_comparison/2026-06-03_09-24-45/model_runs/2026-06-03_09-39-05,results/quick_v1_v2_comparison/2026-06-03_09-24-45/model_runs/2026-06-03_09-39-05/multiclass_table6_arousal_3class_emotion-elicitation_2026-06-03_09-40-04,results/quick_v1_v2_comparison/2026-06-03_09-24-45/model_runs/2026-06-03_09-39-05/multiclass_table6_arousal_3class_emotion-elicitation_2026-06-03_09-40-04/recording_loo/fold_metrics.csv,GNN,r_138.avi,aggregated,0.7212643678160919,0.3791540785498489,0.323037323037323,0.2527693856998993,0.2836158192090395,0.5764172738581838,0.9217702924599476,0.7212643678160919,0.8092830703292422,0.732519625206057,0.8739258050918579
multiclass_table6_arousal_3class,Table-6 Arousal,recording_loo,BasicGCN_mean,GNN,results/quick_v1_v2_comparison/2026-06-03_09-24-45/model_runs/2026-06-03_09-39-05,results/quick_v1_v2_comparison/2026-06-03_09-24-45/model_runs/2026-06-03_09-39-05/multiclass_table6_arousal_3class_emotion-elicitation_2026-06-03_09-40-04,results/quick_v1_v2_comparison/2026-06-03_09-24-45/model_runs/2026-06-03_09-39-05/multiclass_table6_arousal_3class_emotion-elicitation_2026-06-03_09-40-04/recording_loo/fold_metrics.csv,GNN,r_146.avi,aggregated,0.2862453531598513,0.1492248062015503,0.329059829059829,0.0994832041343669,0.1527777777777777,0.5650105708245243,0.9468115527595082,0.2862453531598513,0.4395910780669145,0.5739080089386998,1.1386417746543884
multiclass_table6_arousal_3class,Table-6 Arousal,recording_loo,BasicGCN_mean,GNN,results/quick_v1_v2_comparison/2026-06-03_09-24-45/model_runs/2026-06-03_09-39-05,results/quick_v1_v2_comparison/2026-06-03_09-24-45/model_runs/2026-06-03_09-39-05/multiclass_table6_arousal_3class_emotion-elicitation_2026-06-03_09-40-04,results/quick_v1_v2_comparison/2026-06-03_09-24-45/model_runs/2026-06-03_09-39-05/multiclass_table6_arousal_3class_emotion-elicitation_2026-06-03_09-40-04/recording_loo/fold_metrics.csv,GNN,r_30.avi,aggregated,0.224390243902439,0.4791666666666667,0.0782312925170068,0.3194444444444445,0.1256830601092896,0.4731289808917197,0.054952712792434,0.224390243902439,0.0882846861255497,0.4491753404795194,1.2275742292404177
multiclass_table6_arousal_3class,Table-6 Arousal,recording_loo,BasicGCN_mean,GNN,results/quick_v1_v2_comparison/2026-06-03_09-24-45/model_runs/2026-06-03_09-39-05,results/quick_v1_v2_comparison/2026-06-03_09-24-45/model_runs/2026-06-03_09-39-05/multiclass_table6_arousal_3class_emotion-elicitation_2026-06-03_09-40-04,results/quick_v1_v2_comparison/2026-06-03_09-24-45/model_runs/2026-06-03_09-39-05/multiclass_table6_arousal_3class_emotion-elicitation_2026-06-03_09-40-04/recording_loo/fold_metrics.csv,GNN,r_52.avi,aggregated,0.4711864406779661,0.5036041939711664,0.3371681833184026,0.3357361293141109,0.3037934584620258,0.4795067318003098,0.6215535298014674,0.4711864406779661,0.5011134332805811,0.5187155559414928,0.9335438907146454
multiclass_table6_arousal_3class,Table-6 Arousal,recording_loo,BasicGCN_mean,GNN,results/quick_v1_v2_comparison/2026-06-03_09-24-45/model_runs/2026-06-03_09-39-05,results/quick_v1_v2_comparison/2026-06-03_09-24-45/model_runs/2026-06-03_09-39-05/multiclass_table6_arousal_3class_emotion-elicitation_2026-06-03_09-40-04,results/quick_v1_v2_comparison/2026-06-03_09-24-45/model_runs/2026-06-03_09-39-05/multiclass_table6_arousal_3class_emotion-elicitation_2026-06-03_09-40-04/recording_loo/fold_metrics.csv,GNN,r_53.avi,aggregated,0.3881578947368421,0.3285148080685421,0.3401111959935489,0.3285148080685421,0.3077998528329654,0.5344045419841515,0.4602815528125125,0.3881578947368421,0.3969806552805855,0.5120786942850957,1.2380924820899963
multiclass_table6_arousal_3class,Table-6 Arousal,recording_loo,BasicGCN_mean,GNN,results/quick_v1_v2_comparison/2026-06-03_09-24-45/model_runs/2026-06-03_09-39-05,results/quick_v1_v2_comparison/2026-06-03_09-24-45/model_runs/2026-06-03_09-39-05/multiclass_table6_arousal_3class_emotion-elicitation_2026-06-03_09-40-04,results/quick_v1_v2_comparison/2026-06-03_09-24-45/model_runs/2026-06-03_09-39-05/multiclass_table6_arousal_3class_emotion-elicitation_2026-06-03_09-40-04/recording_loo/fold_metrics.csv,GNN,r_55.avi,aggregated,0.3236514522821577,0.3861386138613861,0.1585365853658536,0.2574257425742574,0.1962264150943396,0.4615983026874116,0.1993219309786458,0.3236514522821577,0.246707899475456,0.4498676542224465,1.3975791931152344
multiclass_table6_arousal_3class,Table-6 Arousal,recording_loo,BasicGCN_mean,GNN,results/quick_v1_v2_comparison/2026-06-03_09-24-45/model_runs/2026-06-03_09-39-05,results/quick_v1_v2_comparison/2026-06-03_09-24-45/model_runs/2026-06-03_09-39-05/multiclass_table6_arousal_3class_emotion-elicitation_2026-06-03_09-40-04,results/quick_v1_v2_comparison/2026-06-03_09-24-45/model_runs/2026-06-03_09-39-05/multiclass_table6_arousal_3class_emotion-elicitation_2026-06-03_09-40-04/recording_loo/fold_metrics.csv,GNN,r_58.avi,aggregated,0.2588832487309644,0.427967563837129,0.2863175675675676,0.2853117092247527,0.1725761011475297,0.459023464458247,0.6028433255590616,0.2588832487309644,0.2612512779300306,0.4503201928163305,0.9351088404655457
multiclass_table6_arousal_3class,Table-6 Arousal,recording_loo,BasicGCN_mean,GNN,results/quick_v1_v2_comparison/2026-06-03_09-24-45/model_runs/2026-06-03_09-39-05,results/quick_v1_v2_comparison/2026-06-03_09-24-45/model_runs/2026-06-03_09-39-05/multiclass_table6_arousal_3class_emotion-elicitation_2026-06-03_09-40-04,results/quick_v1_v2_comparison/2026-06-03_09-24-45/model_runs/2026-06-03_09-39-05/multiclass_table6_arousal_3class_emotion-elicitation_2026-06-03_09-40-04/recording_loo/fold_metrics.csv,GNN,r_69.avi,aggregated,0.4252336448598131,0.2556179775280899,0.2732732732732733,0.1704119850187266,0.209919261822376,0.4462390761548065,0.6819062052706912,0.4252336448598131,0.523817223425929,0.4417346307769494,1.0703788995742798
multiclass_table6_arousal_3class,Table-6 Arousal,recording_loo,BasicGCN_mean,GNN,results/quick_v1_v2_comparison/2026-06-03_09-24-45/model_runs/2026-06-03_09-39-05,results/quick_v1_v2_comparison/2026-06-03_09-24-45/model_runs/2026-06-03_09-39-05/multiclass_table6_arousal_3class_emotion-elicitation_2026-06-03_09-40-04,results/quick_v1_v2_comparison/2026-06-03_09-24-45/model_runs/2026-06-03_09-39-05/multiclass_table6_arousal_3class_emotion-elicitation_2026-06-03_09-40-04/recording_loo/fold_metrics.csv,GNN,r_73.avi,aggregated,0.081967213114754,0.2461674528301886,0.3625730994152047,0.1641116352201257,0.0646220668467609,0.4418484669811321,0.8803566292781133,0.081967213114754,0.0594206938232175,0.5013846466130529,1.8427435159683228
multiclass_table6_arousal_3class,Table-6 Arousal,recording_loo,BasicGCN_mean,GNN,results/quick_v1_v2_comparison/2026-06-03_09-24-45/model_runs/2026-06-03_09-39-05,results/quick_v1_v2_comparison/2026-06-03_09-24-45/model_runs/2026-06-03_09-39-05/multiclass_table6_arousal_3class_emotion-elicitation_2026-06-03_09-40-04,results/quick_v1_v2_comparison/2026-06-03_09-24-45/model_runs/2026-06-03_09-39-05/multiclass_table6_arousal_3class_emotion-elicitation_2026-06-03_09-40-04/recording_loo/fold_metrics.csv,GNN,r_79.avi,aggregated,0.4171779141104294,0.4311188811188811,0.3050060663607111,0.2874125874125874,0.2577549411412881,0.4487179487179487,0.6294727072020598,0.4171779141104294,0.4703801719552695,0.445943626925222,1.1345164775848389
multiclass_table6_arousal_3class,Table-6 Arousal,recording_loo,BasicGCN_mean,GNN,results/quick_v1_v2_comparison/2026-06-03_09-24-45/model_runs/2026-06-03_09-39-05,results/quick_v1_v2_comparison/2026-06-03_09-24-45/model_runs/2026-06-03_09-39-05/multiclass_table6_arousal_3class_emotion-elicitation_2026-06-03_09-40-04,results/quick_v1_v2_comparison/2026-06-03_09-24-45/model_runs/2026-06-03_09-39-05/multiclass_table6_arousal_3class_emotion-elicitation_2026-06-03_09-40-04/recording_loo/fold_metrics.csv,GNN,r_80.avi,aggregated,0.057347670250896,0.5074906367041199,0.3478787878787879,0.3383270911360799,0.0377146628609143,0.5978464419475655,0.9588660801564026,0.057347670250896,0.0318473230815257,0.5842965110815782,1.14129638671875
multiclass_table6_arousal_3class,Table-6 Arousal,recording_loo,BasicGCN_mean,GNN,results/quick_v1_v2_comparison/2026-06-03_09-24-45/model_runs/2026-06-03_09-39-05,results/quick_v1_v2_comparison/2026-06-03_09-24-45/model_runs/2026-06-03_09-39-05/multiclass_table6_arousal_3class_emotion-elicitation_2026-06-03_09-40-04,results/quick_v1_v2_comparison/2026-06-03_09-24-45/model_runs/2026-06-03_09-39-05/multiclass_table6_arousal_3class_emotion-elicitation_2026-06-03_09-40-04/recording_loo/fold_metrics.csv,GNN,r_90.avi,aggregated,0.17578125,0.2686274509803921,0.2615207373271889,0.2686274509803921,0.1201067901830229,0.3081934630234492,0.5699254752304147,0.17578125,0.1676683272218469,0.2880979836081627,1.1472357511520386
multiclass_table6_arousal_3class,Table-6 Arousal,recording_loo,BasicGCN_mean,GNN,results/quick_v1_v2_comparison/2026-06-03_09-24-45/model_runs/2026-06-03_09-39-05,results/quick_v1_v2_comparison/2026-06-03_09-24-45/model_runs/2026-06-03_09-39-05/multiclass_table6_arousal_3class_emotion-elicitation_2026-06-03_09-40-04,results/quick_v1_v2_comparison/2026-06-03_09-24-45/model_runs/2026-06-03_09-39-05/multiclass_table6_arousal_3class_emotion-elicitation_2026-06-03_09-40-04/recording_loo/fold_metrics.csv,GNN,r_cats_f.avi,aggregated,0.0410958904109589,,0.3333333333333333,0.0136986301369863,0.0263157894736842,,1.0,0.0410958904109589,0.0789473684210526,,1.1536272764205933
multiclass_table6_arousal_3class,Table-6 Arousal,recording_loo,BasicGCN_mean,GNN,results/quick_v1_v2_comparison/2026-06-03_09-24-45/model_runs/2026-06-03_09-39-05,results/quick_v1_v2_comparison/2026-06-03_09-24-45/model_runs/2026-06-03_09-39-05/multiclass_table6_arousal_3class_emotion-elicitation_2026-06-03_09-40-04,results/quick_v1_v2_comparison/2026-06-03_09-24-45/model_runs/2026-06-03_09-39-05/multiclass_table6_arousal_3class_emotion-elicitation_2026-06-03_09-40-04/recording_loo/fold_metrics.csv,GNN,r_dallas_f.avi,aggregated,0.0643939393939393,0.0850914205344585,0.4102564102564103,0.056727613689639,0.0871845949535192,0.5160181278324738,0.9213286713286714,0.0643939393939393,0.1154857841361825,0.5730760488144454,1.16192889213562
multiclass_table6_arousal_3class,Table-6 Arousal,recording_loo,BasicGCN_mean,GNN,results/quick_v1_v2_comparison/2026-06-03_09-24-45/model_runs/2026-06-03_09-39-05,results/quick_v1_v2_comparison/2026-06-03_09-24-45/model_runs/2026-06-03_09-39-05/multiclass_table6_arousal_3class_emotion-elicitation_2026-06-03_09-40-04,results/quick_v1_v2_comparison/2026-06-03_09-24-45/model_runs/2026-06-03_09-39-05/multiclass_table6_arousal_3class_emotion-elicitation_2026-06-03_09-40-04/recording_loo/fold_metrics.csv,GNN,r_detroit_f.avi,aggregated,0.7977099236641222,0.4163346613545817,0.3195718654434251,0.2775564409030545,0.2970859985785359,0.515574067366896,0.918464178163737,0.7977099236641222,0.8538387669070135,0.4576793450763221,1.1828271746635437
multiclass_table6_arousal_3class,Table-6 Arousal,recording_loo,BasicGCN_mean,GNN,results/quick_v1_v2_comparison/2026-06-03_09-24-45/model_runs/2026-06-03_09-39-05,results/quick_v1_v2_comparison/2026-06-03_09-24-45/model_runs/2026-06-03_09-39-05/multiclass_table6_arousal_3class_emotion-elicitation_2026-06-03_09-40-04,results/quick_v1_v2_comparison/2026-06-03_09-24-45/model_runs/2026-06-03_09-39-05/multiclass_table6_arousal_3class_emotion-elicitation_2026-06-03_09-40-04/recording_loo/fold_metrics.csv,GNN,r_earworm_f.avi,aggregated,0.6354166666666666,0.5668376068376069,0.4078521059653135,0.3778917378917379,0.3660762211486849,0.6773789173789173,0.6196576615208691,0.6354166666666666,0.592265499194847,0.6826887464387464,0.8683244585990906
multiclass_table6_arousal_3class,Table-6 Arousal,recording_loo,BasicGCN_mean,GNN,results/quick_v1_v2_comparison/2026-06-03_09-24-45/model_runs/2026-06-03_09-39-05,results/quick_v1_v2_comparison/2026-06-03_09-24-45/model_runs/2026-06-03_09-39-05/multiclass_table6_arousal_3class_emotion-elicitation_2026-06-03_09-40-04,results/quick_v1_v2_comparison/2026-06-03_09-24-45/model_runs/2026-06-03_09-39-05/multiclass_table6_arousal_3class_emotion-elicitation_2026-06-03_09-40-04/recording_loo/fold_metrics.csv,GNN,r_funny_f.avi,aggregated,0.3849056603773585,0.3889407614897811,0.3110286538857967,0.3889407614897811,0.2636410858006642,0.5977900948688178,0.5733169974679407,0.3849056603773585,0.4112527663628774,0.6020390770710283,1.0308512151241302
multiclass_table6_arousal_3class,Table-6 Arousal,recording_loo,BasicGCN_mean,GNN,results/quick_v1_v2_comparison/2026-06-03_09-24-45/model_runs/2026-06-03_09-39-05,results/quick_v1_v2_comparison/2026-06-03_09-24-45/model_runs/2026-06-03_09-39-05/multiclass_table6_arousal_3class_emotion-elicitation_2026-06-03_09-40-04,results/quick_v1_v2_comparison/2026-06-03_09-24-45/model_runs/2026-06-03_09-39-05/multiclass_table6_arousal_3class_emotion-elicitation_2026-06-03_09-40-04/recording_loo/fold_metrics.csv,GNN,r_newyork_f.avi,aggregated,0.6745098039215687,0.2931338563522471,0.2752752752752753,0.2931338563522471,0.2830501089324618,0.4824024595603718,0.6190779014308426,0.6745098039215687,0.6453148788927334,0.4027164277669056,1.011486530303955
multiclass_table6_valence_3class,Table-6 Valence,subject_loo,BasicGCN_mean,GNN,results/quick_v1_v2_comparison/2026-06-03_09-24-45/model_runs/2026-06-03_09-39-05,results/quick_v1_v2_comparison/2026-06-03_09-24-45/model_runs/2026-06-03_09-39-05/multiclass_table6_valence_3class_emotion-elicitation_2026-06-03_10-42-41,results/quick_v1_v2_comparison/2026-06-03_09-24-45/model_runs/2026-06-03_09-39-05/multiclass_table6_valence_3class_emotion-elicitation_2026-06-03_10-42-41/subject_loo/fold_metrics.csv,GNN,s_P1,aggregated,0.4208333333333333,0.4088486676721971,0.6054489457474532,0.4088486676721971,0.3322532339052399,0.6218357514909566,0.6152807391613362,0.4208333333333333,0.3489700155383485,0.6218433530148507,1.110744833946228
multiclass_table6_valence_3class,Table-6 Valence,subject_loo,BasicGCN_mean,GNN,results/quick_v1_v2_comparison/2026-06-03_09-24-45/model_runs/2026-06-03_09-39-05,results/quick_v1_v2_comparison/2026-06-03_09-24-45/model_runs/2026-06-03_09-39-05/multiclass_table6_valence_3class_emotion-elicitation_2026-06-03_10-42-41,results/quick_v1_v2_comparison/2026-06-03_09-24-45/model_runs/2026-06-03_09-39-05/multiclass_table6_valence_3class_emotion-elicitation_2026-06-03_10-42-41/subject_loo/fold_metrics.csv,GNN,s_P10,aggregated,0.5633187772925764,0.5723101265822784,0.608302634618424,0.5723101265822784,0.5536915086760418,0.7228698682293621,0.6127667897376011,0.5633187772925764,0.5515993316149399,0.7207827452394262,1.049325942993164
multiclass_table6_valence_3class,Table-6 Valence,subject_loo,BasicGCN_mean,GNN,results/quick_v1_v2_comparison/2026-06-03_09-24-45/model_runs/2026-06-03_09-39-05,results/quick_v1_v2_comparison/2026-06-03_09-24-45/model_runs/2026-06-03_09-39-05/multiclass_table6_valence_3class_emotion-elicitation_2026-06-03_10-42-41,results/quick_v1_v2_comparison/2026-06-03_09-24-45/model_runs/2026-06-03_09-39-05/multiclass_table6_valence_3class_emotion-elicitation_2026-06-03_10-42-41/subject_loo/fold_metrics.csv,GNN,s_P13,aggregated,0.4703389830508475,0.46611166266788,0.4276636332363886,0.46611166266788,0.4115345747914946,0.6718443752231641,0.42749534490627,0.4703389830508475,0.4127831092249264,0.672028214944564,1.0490343570709229
multiclass_table6_valence_3class,Table-6 Valence,subject_loo,BasicGCN_mean,GNN,results/quick_v1_v2_comparison/2026-06-03_09-24-45/model_runs/2026-06-03_09-39-05,results/quick_v1_v2_comparison/2026-06-03_09-24-45/model_runs/2026-06-03_09-39-05/multiclass_table6_valence_3class_emotion-elicitation_2026-06-03_10-42-41,results/quick_v1_v2_comparison/2026-06-03_09-24-45/model_runs/2026-06-03_09-39-05/multiclass_table6_valence_3class_emotion-elicitation_2026-06-03_10-42-41/subject_loo/fold_metrics.csv,GNN,s_P14,aggregated,0.5714285714285714,0.5507402745309596,0.6005946562398176,0.5507402745309596,0.5434645727619541,0.7423948530440169,0.5987074926460982,0.5714285714285714,0.55351717242301,0.7461741981337553,0.9391787648200988
multiclass_table6_valence_3class,Table-6 Valence,subject_loo,BasicGCN_mean,GNN,results/quick_v1_v2_comparison/2026-06-03_09-24-45/model_runs/2026-06-03_09-39-05,results/quick_v1_v2_comparison/2026-06-03_09-24-45/model_runs/2026-06-03_09-39-05/multiclass_table6_valence_3class_emotion-elicitation_2026-06-03_10-42-41,results/quick_v1_v2_comparison/2026-06-03_09-24-45/model_runs/2026-06-03_09-39-05/multiclass_table6_valence_3class_emotion-elicitation_2026-06-03_10-42-41/subject_loo/fold_metrics.csv,GNN,s_P16,aggregated,0.5647668393782384,0.5669252299080368,0.6119331526648599,0.5669252299080368,0.5647505324437493,0.7534021872046663,0.6276221969473582,0.5647668393782384,0.5743874530315181,0.7534833648823286,0.9293699860572816
multiclass_table6_valence_3class,Table-6 Valence,subject_loo,BasicGCN_mean,GNN,results/quick_v1_v2_comparison/2026-06-03_09-24-45/model_runs/2026-06-03_09-39-05,results/quick_v1_v2_comparison/2026-06-03_09-24-45/model_runs/2026-06-03_09-39-05/multiclass_table6_valence_3class_emotion-elicitation_2026-06-03_10-42-41,results/quick_v1_v2_comparison/2026-06-03_09-24-45/model_runs/2026-06-03_09-39-05/multiclass_table6_valence_3class_emotion-elicitation_2026-06-03_10-42-41/subject_loo/fold_metrics.csv,GNN,s_P17,aggregated,0.5062761506276151,0.4210013565174497,0.4880527614038861,0.4210013565174497,0.3858205348195209,0.6951005006141876,0.4734712687231203,0.5062761506276151,0.4318501686966915,0.6830184156389492,0.9711005091667176
multiclass_table6_valence_3class,Table-6 Valence,subject_loo,BasicGCN_mean,GNN,results/quick_v1_v2_comparison/2026-06-03_09-24-45/model_runs/2026-06-03_09-39-05,results/quick_v1_v2_comparison/2026-06-03_09-24-45/model_runs/2026-06-03_09-39-05/multiclass_table6_valence_3class_emotion-elicitation_2026-06-03_10-42-41,results/quick_v1_v2_comparison/2026-06-03_09-24-45/model_runs/2026-06-03_09-39-05/multiclass_table6_valence_3class_emotion-elicitation_2026-06-03_10-42-41/subject_loo/fold_metrics.csv,GNN,s_P18,aggregated,0.3859649122807017,0.4649362826578017,0.5840490466158915,0.4649362826578017,0.346376075003583,0.6772224703727842,0.6527756455634305,0.3859649122807017,0.3089778738462183,0.6675360800416513,1.0983198881149292
multiclass_table6_valence_3class,Table-6 Valence,subject_loo,BasicGCN_mean,GNN,results/quick_v1_v2_comparison/2026-06-03_09-24-45/model_runs/2026-06-03_09-39-05,results/quick_v1_v2_comparison/2026-06-03_09-24-45/model_runs/2026-06-03_09-39-05/multiclass_table6_valence_3class_emotion-elicitation_2026-06-03_10-42-41,results/quick_v1_v2_comparison/2026-06-03_09-24-45/model_runs/2026-06-03_09-39-05/multiclass_table6_valence_3class_emotion-elicitation_2026-06-03_10-42-41/subject_loo/fold_metrics.csv,GNN,s_P19,aggregated,0.3930131004366812,0.4084018264840183,0.3431533903884134,0.4084018264840183,0.3030791891702322,0.7166749443461772,0.3340848524224452,0.3930131004366812,0.2933047827880766,0.7171252564265663,1.050686955451965
multiclass_table6_valence_3class,Table-6 Valence,subject_loo,BasicGCN_mean,GNN,results/quick_v1_v2_comparison/2026-06-03_09-24-45/model_runs/2026-06-03_09-39-05,results/quick_v1_v2_comparison/2026-06-03_09-24-45/model_runs/2026-06-03_09-39-05/multiclass_table6_valence_3class_emotion-elicitation_2026-06-03_10-42-41,results/quick_v1_v2_comparison/2026-06-03_09-24-45/model_runs/2026-06-03_09-39-05/multiclass_table6_valence_3class_emotion-elicitation_2026-06-03_10-42-41/subject_loo/fold_metrics.csv,GNN,s_P2,aggregated,0.4107883817427386,0.5150742775742776,0.5546628721262779,0.5150742775742776,0.4070225875764586,0.7340561108790427,0.6787278496572562,0.4107883817427386,0.3705657843123275,0.740501627972498,1.1332271099090576
multiclass_table6_valence_3class,Table-6 Valence,subject_loo,BasicGCN_mean,GNN,results/quick_v1_v2_comparison/2026-06-03_09-24-45/model_runs/2026-06-03_09-39-05,results/quick_v1_v2_comparison/2026-06-03_09-24-45/model_runs/2026-06-03_09-39-05/multiclass_table6_valence_3class_emotion-elicitation_2026-06-03_10-42-41,results/quick_v1_v2_comparison/2026-06-03_09-24-45/model_runs/2026-06-03_09-39-05/multiclass_table6_valence_3class_emotion-elicitation_2026-06-03_10-42-41/subject_loo/fold_metrics.csv,GNN,s_P20,aggregated,0.4424778761061947,0.4161106992834198,0.2967580383068275,0.4161106992834198,0.3395833333333333,0.680761167021006,0.3289534636190751,0.4424778761061947,0.3698285398230089,0.6736349227432312,1.0416945219039917
multiclass_table6_valence_3class,Table-6 Valence,subject_loo,BasicGCN_mean,GNN,results/quick_v1_v2_comparison/2026-06-03_09-24-45/model_runs/2026-06-03_09-39-05,results/quick_v1_v2_comparison/2026-06-03_09-24-45/model_runs/2026-06-03_09-39-05/multiclass_table6_valence_3class_emotion-elicitation_2026-06-03_10-42-41,results/quick_v1_v2_comparison/2026-06-03_09-24-45/model_runs/2026-06-03_09-39-05/multiclass_table6_valence_3class_emotion-elicitation_2026-06-03_10-42-41/subject_loo/fold_metrics.csv,GNN,s_P21,aggregated,0.4931506849315068,0.4908982662186466,0.6395278795278795,0.4908982662186466,0.4487189025807951,0.7490334233813152,0.6177455522661003,0.4931506849315068,0.4365199555375781,0.7450202320193513,1.0449345111846924
multiclass_table6_valence_3class,Table-6 Valence,subject_loo,BasicGCN_mean,GNN,results/quick_v1_v2_comparison/2026-06-03_09-24-45/model_runs/2026-06-03_09-39-05,results/quick_v1_v2_comparison/2026-06-03_09-24-45/model_runs/2026-06-03_09-39-05/multiclass_table6_valence_3class_emotion-elicitation_2026-06-03_10-42-41,results/quick_v1_v2_comparison/2026-06-03_09-24-45/model_runs/2026-06-03_09-39-05/multiclass_table6_valence_3class_emotion-elicitation_2026-06-03_10-42-41/subject_loo/fold_metrics.csv,GNN,s_P22,aggregated,0.5,0.452763497961238,0.716955684007707,0.452763497961238,0.3795782106184095,0.664861910585215,0.6884122953919292,0.5,0.411521380166879,0.6776976545977546,1.0715934038162231
multiclass_table6_valence_3class,Table-6 Valence,subject_loo,BasicGCN_mean,GNN,results/quick_v1_v2_comparison/2026-06-03_09-24-45/model_runs/2026-06-03_09-39-05,results/quick_v1_v2_comparison/2026-06-03_09-24-45/model_runs/2026-06-03_09-39-05/multiclass_table6_valence_3class_emotion-elicitation_2026-06-03_10-42-41,results/quick_v1_v2_comparison/2026-06-03_09-24-45/model_runs/2026-06-03_09-39-05/multiclass_table6_valence_3class_emotion-elicitation_2026-06-03_10-42-41/subject_loo/fold_metrics.csv,GNN,s_P23,aggregated,0.5416666666666666,0.5530305272712921,0.5420193312434692,0.5530305272712921,0.5429969533952358,0.7636763725536126,0.5411002808254963,0.5416666666666666,0.5358913188948122,0.739518694827544,0.8592380285263062
multiclass_table6_valence_3class,Table-6 Valence,subject_loo,BasicGCN_mean,GNN,results/quick_v1_v2_comparison/2026-06-03_09-24-45/model_runs/2026-06-03_09-39-05,results/quick_v1_v2_comparison/2026-06-03_09-24-45/model_runs/2026-06-03_09-39-05/multiclass_table6_valence_3class_emotion-elicitation_2026-06-03_10-42-41,results/quick_v1_v2_comparison/2026-06-03_09-24-45/model_runs/2026-06-03_09-39-05/multiclass_table6_valence_3class_emotion-elicitation_2026-06-03_10-42-41/subject_loo/fold_metrics.csv,GNN,s_P24,aggregated,0.341991341991342,0.3666666666666667,0.4029029029029029,0.3666666666666667,0.2214723063747108,0.6372532102104903,0.4061399061399061,0.341991341991342,0.2112189557831311,0.6355630572517988,1.273183822631836
multiclass_table6_valence_3class,Table-6 Valence,subject_loo,BasicGCN_mean,GNN,results/quick_v1_v2_comparison/2026-06-03_09-24-45/model_runs/2026-06-03_09-39-05,results/quick_v1_v2_comparison/2026-06-03_09-24-45/model_runs/2026-06-03_09-39-05/multiclass_table6_valence_3class_emotion-elicitation_2026-06-03_10-42-41,results/quick_v1_v2_comparison/2026-06-03_09-24-45/model_runs/2026-06-03_09-39-05/multiclass_table6_valence_3class_emotion-elicitation_2026-06-03_10-42-41/subject_loo/fold_metrics.csv,GNN,s_P27,aggregated,0.4798206278026906,0.5603916235495183,0.6098966067205631,0.5603916235495183,0.454863653455763,0.7674890498505734,0.695893135780255,0.4798206278026906,0.4609081818629865,0.7528178615498248,1.1500943899154663
multiclass_table6_valence_3class,Table-6 Valence,subject_loo,BasicGCN_mean,GNN,results/quick_v1_v2_comparison/2026-06-03_09-24-45/model_runs/2026-06-03_09-39-05,results/quick_v1_v2_comparison/2026-06-03_09-24-45/model_runs/2026-06-03_09-39-05/multiclass_table6_valence_3class_emotion-elicitation_2026-06-03_10-42-41,results/quick_v1_v2_comparison/2026-06-03_09-24-45/model_runs/2026-06-03_09-39-05/multiclass_table6_valence_3class_emotion-elicitation_2026-06-03_10-42-41/subject_loo/fold_metrics.csv,GNN,s_P28,aggregated,0.5660377358490566,0.5260568697035396,0.6989538239538239,0.5260568697035396,0.511648490595859,0.7914082636183847,0.656387833864249,0.5660377358490566,0.5136691806006602,0.7921330765576219,0.9114543795585632
multiclass_table6_valence_3class,Table-6 Valence,subject_loo,BasicGCN_mean,GNN,results/quick_v1_v2_comparison/2026-06-03_09-24-45/model_runs/2026-06-03_09-39-05,results/quick_v1_v2_comparison/2026-06-03_09-24-45/model_runs/2026-06-03_09-39-05/multiclass_table6_valence_3class_emotion-elicitation_2026-06-03_10-42-41,results/quick_v1_v2_comparison/2026-06-03_09-24-45/model_runs/2026-06-03_09-39-05/multiclass_table6_valence_3class_emotion-elicitation_2026-06-03_10-42-41/subject_loo/fold_metrics.csv,GNN,s_P29,aggregated,0.5601851851851852,0.4632357419319611,0.7290249433106576,0.4632357419319611,0.4263665481056785,0.7672012073840033,0.6679106827916351,0.5601851851851852,0.4580009988222548,0.7687216370911506,0.9367462396621704
multiclass_table6_valence_3class,Table-6 Valence,subject_loo,BasicGCN_mean,GNN,results/quick_v1_v2_comparison/2026-06-03_09-24-45/model_runs/2026-06-03_09-39-05,results/quick_v1_v2_comparison/2026-06-03_09-24-45/model_runs/2026-06-03_09-39-05/multiclass_table6_valence_3class_emotion-elicitation_2026-06-03_10-42-41,results/quick_v1_v2_comparison/2026-06-03_09-24-45/model_runs/2026-06-03_09-39-05/multiclass_table6_valence_3class_emotion-elicitation_2026-06-03_10-42-41/subject_loo/fold_metrics.csv,GNN,s_P30,aggregated,0.5530973451327433,0.5332163547237077,0.5985380856083585,0.5332163547237077,0.4971479432894654,0.7527694913268054,0.5911276810401138,0.5530973451327433,0.5006617166757531,0.7540328075593831,0.946757972240448
multiclass_table6_valence_3class,Table-6 Valence,subject_loo,BasicGCN_mean,GNN,results/quick_v1_v2_comparison/2026-06-03_09-24-45/model_runs/2026-06-03_09-39-05,results/quick_v1_v2_comparison/2026-06-03_09-24-45/model_runs/2026-06-03_09-39-05/multiclass_table6_valence_3class_emotion-elicitation_2026-06-03_10-42-41,results/quick_v1_v2_comparison/2026-06-03_09-24-45/model_runs/2026-06-03_09-39-05/multiclass_table6_valence_3class_emotion-elicitation_2026-06-03_10-42-41/subject_loo/fold_metrics.csv,GNN,s_P4,aggregated,0.4541832669322709,0.4652602142578084,0.5287814857435111,0.4652602142578084,0.4365791514345851,0.674261303393954,0.5328806752277427,0.4541832669322709,0.4335258311576369,0.6733606380820149,1.0546449422836304
multiclass_table6_valence_3class,Table-6 Valence,subject_loo,BasicGCN_mean,GNN,results/quick_v1_v2_comparison/2026-06-03_09-24-45/model_runs/2026-06-03_09-39-05,results/quick_v1_v2_comparison/2026-06-03_09-24-45/model_runs/2026-06-03_09-39-05/multiclass_table6_valence_3class_emotion-elicitation_2026-06-03_10-42-41,results/quick_v1_v2_comparison/2026-06-03_09-24-45/model_runs/2026-06-03_09-39-05/multiclass_table6_valence_3class_emotion-elicitation_2026-06-03_10-42-41/subject_loo/fold_metrics.csv,GNN,s_P5,aggregated,0.5636363636363636,0.5648119263621412,0.5491651607926747,0.5648119263621412,0.5550109942578562,0.719980279871783,0.5679549856937046,0.5636363636363636,0.5645541900972864,0.7110782406831655,0.9083005785942078
multiclass_table6_valence_3class,Table-6 Valence,subject_loo,BasicGCN_mean,GNN,results/quick_v1_v2_comparison/2026-06-03_09-24-45/model_runs/2026-06-03_09-39-05,results/quick_v1_v2_comparison/2026-06-03_09-24-45/model_runs/2026-06-03_09-39-05/multiclass_table6_valence_3class_emotion-elicitation_2026-06-03_10-42-41,results/quick_v1_v2_comparison/2026-06-03_09-24-45/model_runs/2026-06-03_09-39-05/multiclass_table6_valence_3class_emotion-elicitation_2026-06-03_10-42-41/subject_loo/fold_metrics.csv,GNN,s_P7,aggregated,0.4782608695652174,0.413029913029913,0.4239669687038108,0.413029913029913,0.3739556487014642,0.6457589091033137,0.5664527539584747,0.4782608695652173,0.4961812913815544,0.6567902393700367,1.0140690803527832
multiclass_table6_valence_3class,Table-6 Valence,subject_loo,BasicGCN_mean,GNN,results/quick_v1_v2_comparison/2026-06-03_09-24-45/model_runs/2026-06-03_09-39-05,results/quick_v1_v2_comparison/2026-06-03_09-24-45/model_runs/2026-06-03_09-39-05/multiclass_table6_valence_3class_emotion-elicitation_2026-06-03_10-42-41,results/quick_v1_v2_comparison/2026-06-03_09-24-45/model_runs/2026-06-03_09-39-05/multiclass_table6_valence_3class_emotion-elicitation_2026-06-03_10-42-41/subject_loo/fold_metrics.csv,GNN,s_P8,aggregated,0.5799086757990868,0.555933279423448,0.6166214995483289,0.555933279423448,0.5637536188479585,0.7133261327917276,0.6090519854970239,0.5799086757990868,0.5727621673292389,0.7154618334260143,0.9416374564170836
multiclass_table6_valence_3class,Table-6 Valence,recording_loo,BasicGCN_mean,GNN,results/quick_v1_v2_comparison/2026-06-03_09-24-45/model_runs/2026-06-03_09-39-05,results/quick_v1_v2_comparison/2026-06-03_09-24-45/model_runs/2026-06-03_09-39-05/multiclass_table6_valence_3class_emotion-elicitation_2026-06-03_10-42-41,results/quick_v1_v2_comparison/2026-06-03_09-24-45/model_runs/2026-06-03_09-39-05/multiclass_table6_valence_3class_emotion-elicitation_2026-06-03_10-42-41/recording_loo/fold_metrics.csv,GNN,r_107.avi,aggregated,0.4240506329113924,0.3593272171253822,0.2768031189083821,0.3593272171253822,0.2527986633249791,0.6161683518614599,0.5392331038566882,0.4240506329113924,0.4623171853684845,0.6223049102795939,1.083138346672058
multiclass_table6_valence_3class,Table-6 Valence,recording_loo,BasicGCN_mean,GNN,results/quick_v1_v2_comparison/2026-06-03_09-24-45/model_runs/2026-06-03_09-39-05,results/quick_v1_v2_comparison/2026-06-03_09-24-45/model_runs/2026-06-03_09-39-05/multiclass_table6_valence_3class_emotion-elicitation_2026-06-03_10-42-41,results/quick_v1_v2_comparison/2026-06-03_09-24-45/model_runs/2026-06-03_09-39-05/multiclass_table6_valence_3class_emotion-elicitation_2026-06-03_10-42-41/recording_loo/fold_metrics.csv,GNN,r_111.avi,aggregated,0.3927492447129909,0.2469354078264969,0.3112584814712474,0.1646236052176646,0.2048906048906048,0.4093587930221594,0.8332057477779662,0.3927492447129909,0.531025285103835,0.4289442647329041,1.108691394329071
multiclass_table6_valence_3class,Table-6 Valence,recording_loo,BasicGCN_mean,GNN,results/quick_v1_v2_comparison/2026-06-03_09-24-45/model_runs/2026-06-03_09-39-05,results/quick_v1_v2_comparison/2026-06-03_09-24-45/model_runs/2026-06-03_09-39-05/multiclass_table6_valence_3class_emotion-elicitation_2026-06-03_10-42-41,results/quick_v1_v2_comparison/2026-06-03_09-24-45/model_runs/2026-06-03_09-39-05/multiclass_table6_valence_3class_emotion-elicitation_2026-06-03_10-42-41/recording_loo/fold_metrics.csv,GNN,r_138.avi,aggregated,0.4425287356321839,0.3135634683337863,0.3399378399378399,0.2090423122225242,0.2583717357910906,0.4942375645555857,0.6964505800712698,0.4425287356321839,0.5408469728269505,0.5164582767056266,1.0780635476112366
multiclass_table6_valence_3class,Table-6 Valence,recording_loo,BasicGCN_mean,GNN,results/quick_v1_v2_comparison/2026-06-03_09-24-45/model_runs/2026-06-03_09-39-05,results/quick_v1_v2_comparison/2026-06-03_09-24-45/model_runs/2026-06-03_09-39-05/multiclass_table6_valence_3class_emotion-elicitation_2026-06-03_10-42-41,results/quick_v1_v2_comparison/2026-06-03_09-24-45/model_runs/2026-06-03_09-39-05/multiclass_table6_valence_3class_emotion-elicitation_2026-06-03_10-42-41/recording_loo/fold_metrics.csv,GNN,r_146.avi,aggregated,0.4907063197026022,0.4440799396681749,0.322328931572629,0.2960532931121166,0.2988439076263428,0.4788461538461538,0.616811036682331,0.4907063197026022,0.5375652279465472,0.4794891419536073,1.0245481431484222
multiclass_table6_valence_3class,Table-6 Valence,recording_loo,BasicGCN_mean,GNN,results/quick_v1_v2_comparison/2026-06-03_09-24-45/model_runs/2026-06-03_09-39-05,results/quick_v1_v2_comparison/2026-06-03_09-24-45/model_runs/2026-06-03_09-39-05/multiclass_table6_valence_3class_emotion-elicitation_2026-06-03_10-42-41,results/quick_v1_v2_comparison/2026-06-03_09-24-45/model_runs/2026-06-03_09-39-05/multiclass_table6_valence_3class_emotion-elicitation_2026-06-03_10-42-41/recording_loo/fold_metrics.csv,GNN,r_30.avi,aggregated,0.4439024390243902,0.4440765268579838,0.3184210526315789,0.2960510179053225,0.2882384823848238,0.4616752514103507,0.5853401797175866,0.4439024390243902,0.4855221098552449,0.4574100994873083,1.0762720108032229
multiclass_table6_valence_3class,Table-6 Valence,recording_loo,BasicGCN_mean,GNN,results/quick_v1_v2_comparison/2026-06-03_09-24-45/model_runs/2026-06-03_09-39-05,results/quick_v1_v2_comparison/2026-06-03_09-24-45/model_runs/2026-06-03_09-39-05/multiclass_table6_valence_3class_emotion-elicitation_2026-06-03_10-42-41,results/quick_v1_v2_comparison/2026-06-03_09-24-45/model_runs/2026-06-03_09-39-05/multiclass_table6_valence_3class_emotion-elicitation_2026-06-03_10-42-41/recording_loo/fold_metrics.csv,GNN,r_52.avi,aggregated,0.4949152542372881,0.372661741927797,0.3475748194014448,0.248441161285198,0.2875691020469147,0.5143274157035624,0.657353203547253,0.4949152542372881,0.5627139915975963,0.5516996609361715,1.1516886353492737
multiclass_table6_valence_3class,Table-6 Valence,recording_loo,BasicGCN_mean,GNN,results/quick_v1_v2_comparison/2026-06-03_09-24-45/model_runs/2026-06-03_09-39-05,results/quick_v1_v2_comparison/2026-06-03_09-24-45/model_runs/2026-06-03_09-39-05/multiclass_table6_valence_3class_emotion-elicitation_2026-06-03_10-42-41,results/quick_v1_v2_comparison/2026-06-03_09-24-45/model_runs/2026-06-03_09-39-05/multiclass_table6_valence_3class_emotion-elicitation_2026-06-03_10-42-41/recording_loo/fold_metrics.csv,GNN,r_53.avi,aggregated,0.3519736842105263,0.3261892934024081,0.3524058772618703,0.3261892934024081,0.3142009352055014,0.4738100858351717,0.4366477166541382,0.3519736842105263,0.367581729333712,0.4915446502309949,1.1515497863292694
multiclass_table6_valence_3class,Table-6 Valence,recording_loo,BasicGCN_mean,GNN,results/quick_v1_v2_comparison/2026-06-03_09-24-45/model_runs/2026-06-03_09-39-05,results/quick_v1_v2_comparison/2026-06-03_09-24-45/model_runs/2026-06-03_09-39-05/multiclass_table6_valence_3class_emotion-elicitation_2026-06-03_10-42-41,results/quick_v1_v2_comparison/2026-06-03_09-24-45/model_runs/2026-06-03_09-39-05/multiclass_table6_valence_3class_emotion-elicitation_2026-06-03_10-42-41/recording_loo/fold_metrics.csv,GNN,r_55.avi,aggregated,0.3858921161825726,0.4366359447004608,0.3856063208519409,0.2910906298003072,0.2648125330047526,0.7019009216589862,0.906265545911844,0.3858921161825726,0.5130085653495929,0.7341155643089788,1.3183820247650146
multiclass_table6_valence_3class,Table-6 Valence,recording_loo,BasicGCN_mean,GNN,results/quick_v1_v2_comparison/2026-06-03_09-24-45/model_runs/2026-06-03_09-39-05,results/quick_v1_v2_comparison/2026-06-03_09-24-45/model_runs/2026-06-03_09-39-05/multiclass_table6_valence_3class_emotion-elicitation_2026-06-03_10-42-41,results/quick_v1_v2_comparison/2026-06-03_09-24-45/model_runs/2026-06-03_09-39-05/multiclass_table6_valence_3class_emotion-elicitation_2026-06-03_10-42-41/recording_loo/fold_metrics.csv,GNN,r_58.avi,aggregated,0.583756345177665,0.4354727398205659,0.4076148978109762,0.4354727398205659,0.3972509776857603,0.536839764918463,0.7400218970837066,0.583756345177665,0.6429375413815935,0.5439128831920144,0.9673267602920532
multiclass_table6_valence_3class,Table-6 Valence,recording_loo,BasicGCN_mean,GNN,results/quick_v1_v2_comparison/2026-06-03_09-24-45/model_runs/2026-06-03_09-39-05,results/quick_v1_v2_comparison/2026-06-03_09-24-45/model_runs/2026-06-03_09-39-05/multiclass_table6_valence_3class_emotion-elicitation_2026-06-03_10-42-41,results/quick_v1_v2_comparison/2026-06-03_09-24-45/model_runs/2026-06-03_09-39-05/multiclass_table6_valence_3class_emotion-elicitation_2026-06-03_10-42-41/recording_loo/fold_metrics.csv,GNN,r_69.avi,aggregated,0.5700934579439252,,0.3333333333333333,0.190031152647975,0.242063492063492,,1.0,0.5700934579439252,0.7261904761904762,,0.8041523694992065
multiclass_table6_valence_3class,Table-6 Valence,recording_loo,BasicGCN_mean,GNN,results/quick_v1_v2_comparison/2026-06-03_09-24-45/model_runs/2026-06-03_09-39-05,results/quick_v1_v2_comparison/2026-06-03_09-24-45/model_runs/2026-06-03_09-39-05/multiclass_table6_valence_3class_emotion-elicitation_2026-06-03_10-42-41,results/quick_v1_v2_comparison/2026-06-03_09-24-45/model_runs/2026-06-03_09-39-05/multiclass_table6_valence_3class_emotion-elicitation_2026-06-03_10-42-41/recording_loo/fold_metrics.csv,GNN,r_73.avi,aggregated,0.5573770491803278,0.320754716981132,0.3002207505518764,0.2138364779874213,0.2497704315886134,0.4859964622641509,0.7825426120942351,0.5573770491803278,0.6510409610260579,0.5480880760903185,0.9737532734870912
multiclass_table6_valence_3class,Table-6 Valence,recording_loo,BasicGCN_mean,GNN,results/quick_v1_v2_comparison/2026-06-03_09-24-45/model_runs/2026-06-03_09-39-05,results/quick_v1_v2_comparison/2026-06-03_09-24-45/model_runs/2026-06-03_09-39-05/multiclass_table6_valence_3class_emotion-elicitation_2026-06-03_10-42-41,results/quick_v1_v2_comparison/2026-06-03_09-24-45/model_runs/2026-06-03_09-39-05/multiclass_table6_valence_3class_emotion-elicitation_2026-06-03_10-42-41/recording_loo/fold_metrics.csv,GNN,r_79.avi,aggregated,0.5153374233128835,0.3230769230769231,0.2799999999999999,0.2153846153846154,0.2434782608695652,0.5179487179487179,0.6699386503067485,0.5153374233128835,0.5825553480928247,0.5480501093998026,1.050633192062378
multiclass_table6_valence_3class,Table-6 Valence,recording_loo,BasicGCN_mean,GNN,results/quick_v1_v2_comparison/2026-06-03_09-24-45/model_runs/2026-06-03_09-39-05,results/quick_v1_v2_comparison/2026-06-03_09-24-45/model_runs/2026-06-03_09-39-05/multiclass_table6_valence_3class_emotion-elicitation_2026-06-03_10-42-41,results/quick_v1_v2_comparison/2026-06-03_09-24-45/model_runs/2026-06-03_09-39-05/multiclass_table6_valence_3class_emotion-elicitation_2026-06-03_10-42-41/recording_loo/fold_metrics.csv,GNN,r_80.avi,aggregated,0.2150537634408602,0.2715355805243445,0.3189559127805189,0.181023720349563,0.1370095440084835,0.4948501872659175,0.8802178262216358,0.2150537634408602,0.3297688685161746,0.4487804223215603,1.1303248405456543
multiclass_table6_valence_3class,Table-6 Valence,recording_loo,BasicGCN_mean,GNN,results/quick_v1_v2_comparison/2026-06-03_09-24-45/model_runs/2026-06-03_09-39-05,results/quick_v1_v2_comparison/2026-06-03_09-24-45/model_runs/2026-06-03_09-39-05/multiclass_table6_valence_3class_emotion-elicitation_2026-06-03_10-42-41,results/quick_v1_v2_comparison/2026-06-03_09-24-45/model_runs/2026-06-03_09-39-05/multiclass_table6_valence_3class_emotion-elicitation_2026-06-03_10-42-41/recording_loo/fold_metrics.csv,GNN,r_90.avi,aggregated,0.26171875,0.407796451914099,0.3031862284820031,0.407796451914099,0.2191571711307706,0.4124660701418489,0.5987681924882629,0.26171875,0.3206912986864409,0.3123456894171434,1.1667064428329468
multiclass_table6_valence_3class,Table-6 Valence,recording_loo,BasicGCN_mean,GNN,results/quick_v1_v2_comparison/2026-06-03_09-24-45/model_runs/2026-06-03_09-39-05,results/quick_v1_v2_comparison/2026-06-03_09-24-45/model_runs/2026-06-03_09-39-05/multiclass_table6_valence_3class_emotion-elicitation_2026-06-03_10-42-41,results/quick_v1_v2_comparison/2026-06-03_09-24-45/model_runs/2026-06-03_09-39-05/multiclass_table6_valence_3class_emotion-elicitation_2026-06-03_10-42-41/recording_loo/fold_metrics.csv,GNN,r_cats_f.avi,aggregated,0.4075342465753425,,0.3333333333333333,0.1358447488584475,0.1930251419302514,,1.0,0.4075342465753425,0.5790754257907542,,1.0525054335594175
multiclass_table6_valence_3class,Table-6 Valence,recording_loo,BasicGCN_mean,GNN,results/quick_v1_v2_comparison/2026-06-03_09-24-45/model_runs/2026-06-03_09-39-05,results/quick_v1_v2_comparison/2026-06-03_09-24-45/model_runs/2026-06-03_09-39-05/multiclass_table6_valence_3class_emotion-elicitation_2026-06-03_10-42-41,results/quick_v1_v2_comparison/2026-06-03_09-24-45/model_runs/2026-06-03_09-39-05/multiclass_table6_valence_3class_emotion-elicitation_2026-06-03_10-42-41/recording_loo/fold_metrics.csv,GNN,r_dallas_f.avi,aggregated,0.0113636363636363,,0.3333333333333333,0.0037878787878787,0.0074906367041198,,1.0,0.0113636363636363,0.0224719101123595,,1.255879521369934
multiclass_table6_valence_3class,Table-6 Valence,recording_loo,BasicGCN_mean,GNN,results/quick_v1_v2_comparison/2026-06-03_09-24-45/model_runs/2026-06-03_09-39-05,results/quick_v1_v2_comparison/2026-06-03_09-24-45/model_runs/2026-06-03_09-39-05/multiclass_table6_valence_3class_emotion-elicitation_2026-06-03_10-42-41,results/quick_v1_v2_comparison/2026-06-03_09-24-45/model_runs/2026-06-03_09-39-05/multiclass_table6_valence_3class_emotion-elicitation_2026-06-03_10-42-41/recording_loo/fold_metrics.csv,GNN,r_detroit_f.avi,aggregated,0.6793893129770993,,0.3333333333333333,0.2264631043256997,0.2696969696969697,,1.0,0.6793893129770993,0.8090909090909091,,0.7049102485179901
multiclass_table6_valence_3class,Table-6 Valence,recording_loo,BasicGCN_mean,GNN,results/quick_v1_v2_comparison/2026-06-03_09-24-45/model_runs/2026-06-03_09-39-05,results/quick_v1_v2_comparison/2026-06-03_09-24-45/model_runs/2026-06-03_09-39-05/multiclass_table6_valence_3class_emotion-elicitation_2026-06-03_10-42-41,results/quick_v1_v2_comparison/2026-06-03_09-24-45/model_runs/2026-06-03_09-39-05/multiclass_table6_valence_3class_emotion-elicitation_2026-06-03_10-42-41/recording_loo/fold_metrics.csv,GNN,r_earworm_f.avi,aggregated,0.46875,0.3792652042090244,0.3786112967257576,0.3792652042090244,0.3729590669251063,0.5370091470452055,0.4421292258722797,0.46875,0.4519162718983874,0.5509785346348143,1.12938392162323
multiclass_table6_valence_3class,Table-6 Valence,recording_loo,BasicGCN_mean,GNN,results/quick_v1_v2_comparison/2026-06-03_09-24-45/model_runs/2026-06-03_09-39-05,results/quick_v1_v2_comparison/2026-06-03_09-24-45/model_runs/2026-06-03_09-39-05/multiclass_table6_valence_3class_emotion-elicitation_2026-06-03_10-42-41,results/quick_v1_v2_comparison/2026-06-03_09-24-45/model_runs/2026-06-03_09-39-05/multiclass_table6_valence_3class_emotion-elicitation_2026-06-03_10-42-41/recording_loo/fold_metrics.csv,GNN,r_funny_f.avi,aggregated,0.4075471698113208,0.4208002645502646,0.3894192243357841,0.4208002645502646,0.3185593969232989,0.5691155225568044,0.6296382528508865,0.4075471698113208,0.4791636577824191,0.5478904555609992,1.480668842792511
multiclass_table6_valence_3class,Table-6 Valence,recording_loo,BasicGCN_mean,GNN,results/quick_v1_v2_comparison/2026-06-03_09-24-45/model_runs/2026-06-03_09-39-05,results/quick_v1_v2_comparison/2026-06-03_09-24-45/model_runs/2026-06-03_09-39-05/multiclass_table6_valence_3class_emotion-elicitation_2026-06-03_10-42-41,results/quick_v1_v2_comparison/2026-06-03_09-24-45/model_runs/2026-06-03_09-39-05/multiclass_table6_valence_3class_emotion-elicitation_2026-06-03_10-42-41/recording_loo/fold_metrics.csv,GNN,r_newyork_f.avi,aggregated,0.1098039215686274,0.3025499231950845,0.237037037037037,0.3025499231950845,0.0833909510545689,0.431210524883381,0.5214814814814814,0.1098039215686274,0.0643298080971587,0.3757684333638518,1.182729959487915
multiclass_table6_arousal_3class,Table-6 Arousal,subject_loo,BasicGCN_attention,GNN,results/quick_v1_v2_comparison/2026-06-03_09-24-45/model_runs/2026-06-03_11-46-08,results/quick_v1_v2_comparison/2026-06-03_09-24-45/model_runs/2026-06-03_11-46-08/multiclass_table6_arousal_3class_emotion-elicitation_2026-06-03_11-47-09,results/quick_v1_v2_comparison/2026-06-03_09-24-45/model_runs/2026-06-03_11-46-08/multiclass_table6_arousal_3class_emotion-elicitation_2026-06-03_11-47-09/subject_loo/fold_metrics.csv,GNN,s_P1,aggregated,0.4416666666666666,0.3625386996904025,0.3020833333333333,0.3625386996904025,0.3180205415499533,0.5823672844549008,0.3729427083333333,0.4416666666666666,0.3901493930905695,0.574686812685028,1.090790033340454
multiclass_table6_arousal_3class,Table-6 Arousal,subject_loo,BasicGCN_attention,GNN,results/quick_v1_v2_comparison/2026-06-03_09-24-45/model_runs/2026-06-03_11-46-08,results/quick_v1_v2_comparison/2026-06-03_09-24-45/model_runs/2026-06-03_11-46-08/multiclass_table6_arousal_3class_emotion-elicitation_2026-06-03_11-47-09,results/quick_v1_v2_comparison/2026-06-03_09-24-45/model_runs/2026-06-03_11-46-08/multiclass_table6_arousal_3class_emotion-elicitation_2026-06-03_11-47-09/subject_loo/fold_metrics.csv,GNN,s_P10,aggregated,0.5720524017467249,0.4637322472848788,0.5792335115864528,0.4637322472848788,0.4551111111111111,0.7045580899648337,0.57539756672816,0.5720524017467249,0.541330422125182,0.6949294000780385,0.9130644798278807
multiclass_table6_arousal_3class,Table-6 Arousal,subject_loo,BasicGCN_attention,GNN,results/quick_v1_v2_comparison/2026-06-03_09-24-45/model_runs/2026-06-03_11-46-08,results/quick_v1_v2_comparison/2026-06-03_09-24-45/model_runs/2026-06-03_11-46-08/multiclass_table6_arousal_3class_emotion-elicitation_2026-06-03_11-47-09,results/quick_v1_v2_comparison/2026-06-03_09-24-45/model_runs/2026-06-03_11-46-08/multiclass_table6_arousal_3class_emotion-elicitation_2026-06-03_11-47-09/subject_loo/fold_metrics.csv,GNN,s_P13,aggregated,0.5211864406779662,0.4128851540616247,0.3543556726173056,0.4128851540616247,0.3727211994738184,0.6078344865639129,0.4704549287461,0.5211864406779662,0.4835628345031642,0.6100418356353364,1.0148695707321167
multiclass_table6_arousal_3class,Table-6 Arousal,subject_loo,BasicGCN_attention,GNN,results/quick_v1_v2_comparison/2026-06-03_09-24-45/model_runs/2026-06-03_11-46-08,results/quick_v1_v2_comparison/2026-06-03_09-24-45/model_runs/2026-06-03_11-46-08/multiclass_table6_arousal_3class_emotion-elicitation_2026-06-03_11-47-09,results/quick_v1_v2_comparison/2026-06-03_09-24-45/model_runs/2026-06-03_11-46-08/multiclass_table6_arousal_3class_emotion-elicitation_2026-06-03_11-47-09/subject_loo/fold_metrics.csv,GNN,s_P14,aggregated,0.5668202764976958,0.438439472174412,0.3774434812170661,0.438439472174412,0.4047619047619048,0.6427532826602596,0.4933848290512929,0.5668202764976958,0.5264062614293029,0.6539217519130498,0.93174946308136
multiclass_table6_arousal_3class,Table-6 Arousal,subject_loo,BasicGCN_attention,GNN,results/quick_v1_v2_comparison/2026-06-03_09-24-45/model_runs/2026-06-03_11-46-08,results/quick_v1_v2_comparison/2026-06-03_09-24-45/model_runs/2026-06-03_11-46-08/multiclass_table6_arousal_3class_emotion-elicitation_2026-06-03_11-47-09,results/quick_v1_v2_comparison/2026-06-03_09-24-45/model_runs/2026-06-03_11-46-08/multiclass_table6_arousal_3class_emotion-elicitation_2026-06-03_11-47-09/subject_loo/fold_metrics.csv,GNN,s_P16,aggregated,0.5544041450777202,0.4668019776216497,0.4618822352986423,0.4668019776216497,0.4132033864078669,0.6862865498492375,0.6282907413086743,0.5544041450777202,0.5484876327183796,0.7158992033289632,0.9190980792045592
multiclass_table6_arousal_3class,Table-6 Arousal,subject_loo,BasicGCN_attention,GNN,results/quick_v1_v2_comparison/2026-06-03_09-24-45/model_runs/2026-06-03_11-46-08,results/quick_v1_v2_comparison/2026-06-03_09-24-45/model_runs/2026-06-03_11-46-08/multiclass_table6_arousal_3class_emotion-elicitation_2026-06-03_11-47-09,results/quick_v1_v2_comparison/2026-06-03_09-24-45/model_runs/2026-06-03_11-46-08/multiclass_table6_arousal_3class_emotion-elicitation_2026-06-03_11-47-09/subject_loo/fold_metrics.csv,GNN,s_P17,aggregated,0.4602510460251046,0.3901960784313725,0.3093681917211329,0.3901960784313725,0.341315973029528,0.6066558859533892,0.3587934476440507,0.4602510460251046,0.3988952651859692,0.602609384006693,1.0506523847579956
multiclass_table6_arousal_3class,Table-6 Arousal,subject_loo,BasicGCN_attention,GNN,results/quick_v1_v2_comparison/2026-06-03_09-24-45/model_runs/2026-06-03_11-46-08,results/quick_v1_v2_comparison/2026-06-03_09-24-45/model_runs/2026-06-03_11-46-08/multiclass_table6_arousal_3class_emotion-elicitation_2026-06-03_11-47-09,results/quick_v1_v2_comparison/2026-06-03_09-24-45/model_runs/2026-06-03_11-46-08/multiclass_table6_arousal_3class_emotion-elicitation_2026-06-03_11-47-09/subject_loo/fold_metrics.csv,GNN,s_P18,aggregated,0.6096491228070176,0.4943164231138914,0.5721908349026993,0.4943164231138914,0.4570847169312642,0.776558938128807,0.5983455578683055,0.6096491228070176,0.5638501774320861,0.7733725980638835,0.8620522618293762
multiclass_table6_arousal_3class,Table-6 Arousal,subject_loo,BasicGCN_attention,GNN,results/quick_v1_v2_comparison/2026-06-03_09-24-45/model_runs/2026-06-03_11-46-08,results/quick_v1_v2_comparison/2026-06-03_09-24-45/model_runs/2026-06-03_11-46-08/multiclass_table6_arousal_3class_emotion-elicitation_2026-06-03_11-47-09,results/quick_v1_v2_comparison/2026-06-03_09-24-45/model_runs/2026-06-03_11-46-08/multiclass_table6_arousal_3class_emotion-elicitation_2026-06-03_11-47-09/subject_loo/fold_metrics.csv,GNN,s_P19,aggregated,0.3930131004366812,0.3352171044180456,0.5873563218390805,0.3352171044180456,0.2877691054121279,0.5650776106124368,0.5424936003613914,0.3930131004366812,0.3265479760686156,0.5473324004533868,1.0808804035186768
multiclass_table6_arousal_3class,Table-6 Arousal,subject_loo,BasicGCN_attention,GNN,results/quick_v1_v2_comparison/2026-06-03_09-24-45/model_runs/2026-06-03_11-46-08,results/quick_v1_v2_comparison/2026-06-03_09-24-45/model_runs/2026-06-03_11-46-08/multiclass_table6_arousal_3class_emotion-elicitation_2026-06-03_11-47-09,results/quick_v1_v2_comparison/2026-06-03_09-24-45/model_runs/2026-06-03_11-46-08/multiclass_table6_arousal_3class_emotion-elicitation_2026-06-03_11-47-09/subject_loo/fold_metrics.csv,GNN,s_P2,aggregated,0.4647302904564315,0.4475460682357234,0.3188283735728991,0.4475460682357234,0.3551515151515151,0.6449693545436991,0.3769107289717884,0.4647302904564315,0.398476046774802,0.6374044779730847,1.0930501222610474
multiclass_table6_arousal_3class,Table-6 Arousal,subject_loo,BasicGCN_attention,GNN,results/quick_v1_v2_comparison/2026-06-03_09-24-45/model_runs/2026-06-03_11-46-08,results/quick_v1_v2_comparison/2026-06-03_09-24-45/model_runs/2026-06-03_11-46-08/multiclass_table6_arousal_3class_emotion-elicitation_2026-06-03_11-47-09,results/quick_v1_v2_comparison/2026-06-03_09-24-45/model_runs/2026-06-03_11-46-08/multiclass_table6_arousal_3class_emotion-elicitation_2026-06-03_11-47-09/subject_loo/fold_metrics.csv,GNN,s_P20,aggregated,0.4646017699115044,0.3715938783128032,0.3737090845440224,0.3715938783128032,0.3022576950079444,0.6906275437949555,0.469361137229328,0.4646017699115044,0.3785807550327505,0.6711010066242113,1.0253968238830566
multiclass_table6_arousal_3class,Table-6 Arousal,subject_loo,BasicGCN_attention,GNN,results/quick_v1_v2_comparison/2026-06-03_09-24-45/model_runs/2026-06-03_11-46-08,results/quick_v1_v2_comparison/2026-06-03_09-24-45/model_runs/2026-06-03_11-46-08/multiclass_table6_arousal_3class_emotion-elicitation_2026-06-03_11-47-09,results/quick_v1_v2_comparison/2026-06-03_09-24-45/model_runs/2026-06-03_11-46-08/multiclass_table6_arousal_3class_emotion-elicitation_2026-06-03_11-47-09/subject_loo/fold_metrics.csv,GNN,s_P21,aggregated,0.45662100456621,0.3333333333333333,0.15220700152207,0.3333333333333333,0.2089864158829676,0.5769922461831477,0.2085027418110548,0.45662100456621,0.2862827614835173,0.5386233193099565,1.0337187051773071
multiclass_table6_arousal_3class,Table-6 Arousal,subject_loo,BasicGCN_attention,GNN,results/quick_v1_v2_comparison/2026-06-03_09-24-45/model_runs/2026-06-03_11-46-08,results/quick_v1_v2_comparison/2026-06-03_09-24-45/model_runs/2026-06-03_11-46-08/multiclass_table6_arousal_3class_emotion-elicitation_2026-06-03_11-47-09,results/quick_v1_v2_comparison/2026-06-03_09-24-45/model_runs/2026-06-03_11-46-08/multiclass_table6_arousal_3class_emotion-elicitation_2026-06-03_11-47-09/subject_loo/fold_metrics.csv,GNN,s_P22,aggregated,0.4532710280373832,0.3462481393923474,0.3712606837606838,0.3462481393923474,0.2359493542412017,0.6313138165066745,0.4487329259525521,0.4532710280373832,0.3053379233512537,0.6010478298550114,1.0183707475662231
multiclass_table6_arousal_3class,Table-6 Arousal,subject_loo,BasicGCN_attention,GNN,results/quick_v1_v2_comparison/2026-06-03_09-24-45/model_runs/2026-06-03_11-46-08,results/quick_v1_v2_comparison/2026-06-03_09-24-45/model_runs/2026-06-03_11-46-08/multiclass_table6_arousal_3class_emotion-elicitation_2026-06-03_11-47-09,results/quick_v1_v2_comparison/2026-06-03_09-24-45/model_runs/2026-06-03_11-46-08/multiclass_table6_arousal_3class_emotion-elicitation_2026-06-03_11-47-09/subject_loo/fold_metrics.csv,GNN,s_P23,aggregated,0.5083333333333333,0.3860735735735736,0.3428466598527138,0.3860735735735736,0.3560784313725491,0.6664987449542029,0.4424718924443745,0.5083333333333333,0.4640588235294117,0.6495489153840394,0.9378795623779296
multiclass_table6_arousal_3class,Table-6 Arousal,subject_loo,BasicGCN_attention,GNN,results/quick_v1_v2_comparison/2026-06-03_09-24-45/model_runs/2026-06-03_11-46-08,results/quick_v1_v2_comparison/2026-06-03_09-24-45/model_runs/2026-06-03_11-46-08/multiclass_table6_arousal_3class_emotion-elicitation_2026-06-03_11-47-09,results/quick_v1_v2_comparison/2026-06-03_09-24-45/model_runs/2026-06-03_11-46-08/multiclass_table6_arousal_3class_emotion-elicitation_2026-06-03_11-47-09/subject_loo/fold_metrics.csv,GNN,s_P24,aggregated,0.5151515151515151,0.416893115942029,0.2669720767888307,0.416893115942029,0.3251231527093596,0.5864838525983472,0.3415250107658484,0.5151515151515151,0.4105943317765978,0.5588219111735475,1.1054401397705078
multiclass_table6_arousal_3class,Table-6 Arousal,subject_loo,BasicGCN_attention,GNN,results/quick_v1_v2_comparison/2026-06-03_09-24-45/model_runs/2026-06-03_11-46-08,results/quick_v1_v2_comparison/2026-06-03_09-24-45/model_runs/2026-06-03_11-46-08/multiclass_table6_arousal_3class_emotion-elicitation_2026-06-03_11-47-09,results/quick_v1_v2_comparison/2026-06-03_09-24-45/model_runs/2026-06-03_11-46-08/multiclass_table6_arousal_3class_emotion-elicitation_2026-06-03_11-47-09/subject_loo/fold_metrics.csv,GNN,s_P27,aggregated,0.5919282511210763,0.4908017908017907,0.5215623895369388,0.4908017908017907,0.4508422630114142,0.7547192309914031,0.5628563548259776,0.5919282511210763,0.5392512879700483,0.7645771041559525,0.9858106970787048
multiclass_table6_arousal_3class,Table-6 Arousal,subject_loo,BasicGCN_attention,GNN,results/quick_v1_v2_comparison/2026-06-03_09-24-45/model_runs/2026-06-03_11-46-08,results/quick_v1_v2_comparison/2026-06-03_09-24-45/model_runs/2026-06-03_11-46-08/multiclass_table6_arousal_3class_emotion-elicitation_2026-06-03_11-47-09,results/quick_v1_v2_comparison/2026-06-03_09-24-45/model_runs/2026-06-03_11-46-08/multiclass_table6_arousal_3class_emotion-elicitation_2026-06-03_11-47-09/subject_loo/fold_metrics.csv,GNN,s_P28,aggregated,0.5566037735849056,0.394956964480543,0.3590172465060957,0.394956964480543,0.3703640175338288,0.6765643544777107,0.4813482529076128,0.5566037735849056,0.5093285111708038,0.6737696159677138,0.9018824100494384
multiclass_table6_arousal_3class,Table-6 Arousal,subject_loo,BasicGCN_attention,GNN,results/quick_v1_v2_comparison/2026-06-03_09-24-45/model_runs/2026-06-03_11-46-08,results/quick_v1_v2_comparison/2026-06-03_09-24-45/model_runs/2026-06-03_11-46-08/multiclass_table6_arousal_3class_emotion-elicitation_2026-06-03_11-47-09,results/quick_v1_v2_comparison/2026-06-03_09-24-45/model_runs/2026-06-03_11-46-08/multiclass_table6_arousal_3class_emotion-elicitation_2026-06-03_11-47-09/subject_loo/fold_metrics.csv,GNN,s_P29,aggregated,0.625,0.3507085783205186,0.4746031746031746,0.3507085783205186,0.2923976608187135,0.686535369218018,0.6293650793650793,0.625,0.5026261641758718,0.7130938432679239,0.9560805559158324
multiclass_table6_arousal_3class,Table-6 Arousal,subject_loo,BasicGCN_attention,GNN,results/quick_v1_v2_comparison/2026-06-03_09-24-45/model_runs/2026-06-03_11-46-08,results/quick_v1_v2_comparison/2026-06-03_09-24-45/model_runs/2026-06-03_11-46-08/multiclass_table6_arousal_3class_emotion-elicitation_2026-06-03_11-47-09,results/quick_v1_v2_comparison/2026-06-03_09-24-45/model_runs/2026-06-03_11-46-08/multiclass_table6_arousal_3class_emotion-elicitation_2026-06-03_11-47-09/subject_loo/fold_metrics.csv,GNN,s_P30,aggregated,0.5796460176991151,0.4413871333657429,0.4015151515151515,0.4413871333657429,0.4040451720413958,0.6950934678841197,0.5652654867256637,0.5796460176991151,0.5503998696690136,0.7061627996152056,0.8683520555496216
multiclass_table6_arousal_3class,Table-6 Arousal,subject_loo,BasicGCN_attention,GNN,results/quick_v1_v2_comparison/2026-06-03_09-24-45/model_runs/2026-06-03_11-46-08,results/quick_v1_v2_comparison/2026-06-03_09-24-45/model_runs/2026-06-03_11-46-08/multiclass_table6_arousal_3class_emotion-elicitation_2026-06-03_11-47-09,results/quick_v1_v2_comparison/2026-06-03_09-24-45/model_runs/2026-06-03_11-46-08/multiclass_table6_arousal_3class_emotion-elicitation_2026-06-03_11-47-09/subject_loo/fold_metrics.csv,GNN,s_P4,aggregated,0.4701195219123506,0.418167859144331,0.4206758925860049,0.418167859144331,0.3904088695722161,0.6085629410841057,0.4371282385965228,0.4701195219123506,0.4294530053154519,0.6164110722222307,1.087044596672058
multiclass_table6_arousal_3class,Table-6 Arousal,subject_loo,BasicGCN_attention,GNN,results/quick_v1_v2_comparison/2026-06-03_09-24-45/model_runs/2026-06-03_11-46-08,results/quick_v1_v2_comparison/2026-06-03_09-24-45/model_runs/2026-06-03_11-46-08/multiclass_table6_arousal_3class_emotion-elicitation_2026-06-03_11-47-09,results/quick_v1_v2_comparison/2026-06-03_09-24-45/model_runs/2026-06-03_11-46-08/multiclass_table6_arousal_3class_emotion-elicitation_2026-06-03_11-47-09/subject_loo/fold_metrics.csv,GNN,s_P5,aggregated,0.3381818181818182,0.3810844892812106,0.2920616113744076,0.3810844892812106,0.2713884992987377,0.6161820248104984,0.336643688065489,0.3381818181818182,0.2815886778018615,0.6320891111265442,1.3949355483055117
multiclass_table6_arousal_3class,Table-6 Arousal,subject_loo,BasicGCN_attention,GNN,results/quick_v1_v2_comparison/2026-06-03_09-24-45/model_runs/2026-06-03_11-46-08,results/quick_v1_v2_comparison/2026-06-03_09-24-45/model_runs/2026-06-03_11-46-08/multiclass_table6_arousal_3class_emotion-elicitation_2026-06-03_11-47-09,results/quick_v1_v2_comparison/2026-06-03_09-24-45/model_runs/2026-06-03_11-46-08/multiclass_table6_arousal_3class_emotion-elicitation_2026-06-03_11-47-09/subject_loo/fold_metrics.csv,GNN,s_P7,aggregated,0.5304347826086957,0.3507805325987144,0.3984336759667156,0.3507805325987144,0.2669220945083014,0.6056441092715366,0.3737598161271787,0.5304347826086957,0.3787606196901549,0.5725250240719616,1.0981401205062866
multiclass_table6_arousal_3class,Table-6 Arousal,subject_loo,BasicGCN_attention,GNN,results/quick_v1_v2_comparison/2026-06-03_09-24-45/model_runs/2026-06-03_11-46-08,results/quick_v1_v2_comparison/2026-06-03_09-24-45/model_runs/2026-06-03_11-46-08/multiclass_table6_arousal_3class_emotion-elicitation_2026-06-03_11-47-09,results/quick_v1_v2_comparison/2026-06-03_09-24-45/model_runs/2026-06-03_11-46-08/multiclass_table6_arousal_3class_emotion-elicitation_2026-06-03_11-47-09/subject_loo/fold_metrics.csv,GNN,s_P8,aggregated,0.4794520547945205,0.4191713048855905,0.6499339903595223,0.4191713048855905,0.3694161487048517,0.6197177698227342,0.6078518456833816,0.4794520547945205,0.4153458690485113,0.6140432770783267,1.0396078824996948
multiclass_table6_arousal_3class,Table-6 Arousal,recording_loo,BasicGCN_attention,GNN,results/quick_v1_v2_comparison/2026-06-03_09-24-45/model_runs/2026-06-03_11-46-08,results/quick_v1_v2_comparison/2026-06-03_09-24-45/model_runs/2026-06-03_11-46-08/multiclass_table6_arousal_3class_emotion-elicitation_2026-06-03_11-47-09,results/quick_v1_v2_comparison/2026-06-03_09-24-45/model_runs/2026-06-03_11-46-08/multiclass_table6_arousal_3class_emotion-elicitation_2026-06-03_11-47-09/recording_loo/fold_metrics.csv,GNN,r_107.avi,aggregated,0.0759493670886076,0.3392857142857142,0.0611888111888111,0.3392857142857142,0.0999194198227236,0.5787328820417056,0.0118836859343188,0.0759493670886076,0.0198594436907761,0.7011691279887483,1.504843831062317
multiclass_table6_arousal_3class,Table-6 Arousal,recording_loo,BasicGCN_attention,GNN,results/quick_v1_v2_comparison/2026-06-03_09-24-45/model_runs/2026-06-03_11-46-08,results/quick_v1_v2_comparison/2026-06-03_09-24-45/model_runs/2026-06-03_11-46-08/multiclass_table6_arousal_3class_emotion-elicitation_2026-06-03_11-47-09,results/quick_v1_v2_comparison/2026-06-03_09-24-45/model_runs/2026-06-03_11-46-08/multiclass_table6_arousal_3class_emotion-elicitation_2026-06-03_11-47-09/recording_loo/fold_metrics.csv,GNN,r_111.avi,aggregated,0.404833836858006,0.2589996210685866,0.2906432748538011,0.1726664140457244,0.2152922152922153,0.4225401035745864,0.6541898553029099,0.404833836858006,0.4993917924431519,0.4148894478095437,1.0744035840034485
multiclass_table6_arousal_3class,Table-6 Arousal,recording_loo,BasicGCN_attention,GNN,results/quick_v1_v2_comparison/2026-06-03_09-24-45/model_runs/2026-06-03_11-46-08,results/quick_v1_v2_comparison/2026-06-03_09-24-45/model_runs/2026-06-03_11-46-08/multiclass_table6_arousal_3class_emotion-elicitation_2026-06-03_11-47-09,results/quick_v1_v2_comparison/2026-06-03_09-24-45/model_runs/2026-06-03_11-46-08/multiclass_table6_arousal_3class_emotion-elicitation_2026-06-03_11-47-09/recording_loo/fold_metrics.csv,GNN,r_138.avi,aggregated,0.6149425287356322,0.323262839879154,0.3227752639517345,0.215508559919436,0.2584541062801932,0.5007997156566554,0.9210225204140012,0.6149425287356322,0.7374854239546893,0.6377400423655241,0.9108037352561952
multiclass_table6_arousal_3class,Table-6 Arousal,recording_loo,BasicGCN_attention,GNN,results/quick_v1_v2_comparison/2026-06-03_09-24-45/model_runs/2026-06-03_11-46-08,results/quick_v1_v2_comparison/2026-06-03_09-24-45/model_runs/2026-06-03_11-46-08/multiclass_table6_arousal_3class_emotion-elicitation_2026-06-03_11-47-09,results/quick_v1_v2_comparison/2026-06-03_09-24-45/model_runs/2026-06-03_11-46-08/multiclass_table6_arousal_3class_emotion-elicitation_2026-06-03_11-47-09/recording_loo/fold_metrics.csv,GNN,r_146.avi,aggregated,0.2453531598513011,0.127906976744186,0.3142857142857143,0.0852713178294573,0.1341463414634146,0.6451726568005638,0.9043016463090812,0.2453531598513011,0.3859824100099737,0.4804891658872813,1.1008484959602356
multiclass_table6_arousal_3class,Table-6 Arousal,recording_loo,BasicGCN_attention,GNN,results/quick_v1_v2_comparison/2026-06-03_09-24-45/model_runs/2026-06-03_11-46-08,results/quick_v1_v2_comparison/2026-06-03_09-24-45/model_runs/2026-06-03_11-46-08/multiclass_table6_arousal_3class_emotion-elicitation_2026-06-03_11-47-09,results/quick_v1_v2_comparison/2026-06-03_09-24-45/model_runs/2026-06-03_11-46-08/multiclass_table6_arousal_3class_emotion-elicitation_2026-06-03_11-47-09/recording_loo/fold_metrics.csv,GNN,r_30.avi,aggregated,0.2292682926829268,0.4895833333333333,0.0791245791245791,0.3263888888888889,0.1273712737127371,0.4891188959660297,0.055580192165558,0.2292682926829268,0.0894705532421177,0.4906005644451349,1.1888148784637451
multiclass_table6_arousal_3class,Table-6 Arousal,recording_loo,BasicGCN_attention,GNN,results/quick_v1_v2_comparison/2026-06-03_09-24-45/model_runs/2026-06-03_11-46-08,results/quick_v1_v2_comparison/2026-06-03_09-24-45/model_runs/2026-06-03_11-46-08/multiclass_table6_arousal_3class_emotion-elicitation_2026-06-03_11-47-09,results/quick_v1_v2_comparison/2026-06-03_09-24-45/model_runs/2026-06-03_11-46-08/multiclass_table6_arousal_3class_emotion-elicitation_2026-06-03_11-47-09/recording_loo/fold_metrics.csv,GNN,r_52.avi,aggregated,0.4915254237288136,0.5425652329322054,0.360228002569043,0.3617101552881369,0.3207100591715976,0.5388121053258668,0.660466673198132,0.4915254237288136,0.5198114532143215,0.5906491890942209,0.9464748501777648
multiclass_table6_arousal_3class,Table-6 Arousal,recording_loo,BasicGCN_attention,GNN,results/quick_v1_v2_comparison/2026-06-03_09-24-45/model_runs/2026-06-03_11-46-08,results/quick_v1_v2_comparison/2026-06-03_09-24-45/model_runs/2026-06-03_11-46-08/multiclass_table6_arousal_3class_emotion-elicitation_2026-06-03_11-47-09,results/quick_v1_v2_comparison/2026-06-03_09-24-45/model_runs/2026-06-03_11-46-08/multiclass_table6_arousal_3class_emotion-elicitation_2026-06-03_11-47-09/recording_loo/fold_metrics.csv,GNN,r_53.avi,aggregated,0.3289473684210526,0.2892160831140795,0.3052582917866254,0.2892160831140795,0.259656145728715,0.5057969138491428,0.41537978510897,0.3289473684210526,0.3324285763226663,0.4913531692469137,1.3083352446556091
multiclass_table6_arousal_3class,Table-6 Arousal,recording_loo,BasicGCN_attention,GNN,results/quick_v1_v2_comparison/2026-06-03_09-24-45/model_runs/2026-06-03_11-46-08,results/quick_v1_v2_comparison/2026-06-03_09-24-45/model_runs/2026-06-03_11-46-08/multiclass_table6_arousal_3class_emotion-elicitation_2026-06-03_11-47-09,results/quick_v1_v2_comparison/2026-06-03_09-24-45/model_runs/2026-06-03_11-46-08/multiclass_table6_arousal_3class_emotion-elicitation_2026-06-03_11-47-09/recording_loo/fold_metrics.csv,GNN,r_55.avi,aggregated,0.3153526970954357,0.3762376237623762,0.1554192229038854,0.2508250825082508,0.1919191919191919,0.4441301272984441,0.195402591451773,0.3153526970954357,0.2412925939896894,0.4327084812808489,1.381042242050171
multiclass_table6_arousal_3class,Table-6 Arousal,recording_loo,BasicGCN_attention,GNN,results/quick_v1_v2_comparison/2026-06-03_09-24-45/model_runs/2026-06-03_11-46-08,results/quick_v1_v2_comparison/2026-06-03_09-24-45/model_runs/2026-06-03_11-46-08/multiclass_table6_arousal_3class_emotion-elicitation_2026-06-03_11-47-09,results/quick_v1_v2_comparison/2026-06-03_09-24-45/model_runs/2026-06-03_11-46-08/multiclass_table6_arousal_3class_emotion-elicitation_2026-06-03_11-47-09/recording_loo/fold_metrics.csv,GNN,r_58.avi,aggregated,0.182741116751269,0.4892167011732229,0.2264957264957265,0.3261444674488152,0.1051000805602032,0.4472049689440994,0.4414291292463881,0.182741116751269,0.0654038123441131,0.4571672044084315,1.058568239212036
multiclass_table6_arousal_3class,Table-6 Arousal,recording_loo,BasicGCN_attention,GNN,results/quick_v1_v2_comparison/2026-06-03_09-24-45/model_runs/2026-06-03_11-46-08,results/quick_v1_v2_comparison/2026-06-03_09-24-45/model_runs/2026-06-03_11-46-08/multiclass_table6_arousal_3class_emotion-elicitation_2026-06-03_11-47-09,results/quick_v1_v2_comparison/2026-06-03_09-24-45/model_runs/2026-06-03_11-46-08/multiclass_table6_arousal_3class_emotion-elicitation_2026-06-03_11-47-09/recording_loo/fold_metrics.csv,GNN,r_69.avi,aggregated,0.4158878504672897,0.25,0.279874213836478,0.1666666666666666,0.2089201877934272,0.317103620474407,0.6983777111620526,0.4158878504672897,0.5213242069237857,0.3692930565764756,1.1032278537750244
multiclass_table6_arousal_3class,Table-6 Arousal,recording_loo,BasicGCN_attention,GNN,results/quick_v1_v2_comparison/2026-06-03_09-24-45/model_runs/2026-06-03_11-46-08,results/quick_v1_v2_comparison/2026-06-03_09-24-45/model_runs/2026-06-03_11-46-08/multiclass_table6_arousal_3class_emotion-elicitation_2026-06-03_11-47-09,results/quick_v1_v2_comparison/2026-06-03_09-24-45/model_runs/2026-06-03_11-46-08/multiclass_table6_arousal_3class_emotion-elicitation_2026-06-03_11-47-09/recording_loo/fold_metrics.csv,GNN,r_73.avi,aggregated,0.1229508196721311,0.3095518867924528,0.3703703703703704,0.2063679245283018,0.0975699558173785,0.5487175707547169,0.8834244080145719,0.1229508196721311,0.117427991984355,0.5738913161150634,1.9010884761810305
multiclass_table6_arousal_3class,Table-6 Arousal,recording_loo,BasicGCN_attention,GNN,results/quick_v1_v2_comparison/2026-06-03_09-24-45/model_runs/2026-06-03_11-46-08,results/quick_v1_v2_comparison/2026-06-03_09-24-45/model_runs/2026-06-03_11-46-08/multiclass_table6_arousal_3class_emotion-elicitation_2026-06-03_11-47-09,results/quick_v1_v2_comparison/2026-06-03_09-24-45/model_runs/2026-06-03_11-46-08/multiclass_table6_arousal_3class_emotion-elicitation_2026-06-03_11-47-09/recording_loo/fold_metrics.csv,GNN,r_79.avi,aggregated,0.4662576687116564,0.4505827505827506,0.313477366255144,0.3003885003885004,0.2784884452459841,0.4066433566433566,0.6458967658865409,0.4662576687116564,0.5188656160481308,0.4051868377021751,1.1097378730773926
multiclass_table6_arousal_3class,Table-6 Arousal,recording_loo,BasicGCN_attention,GNN,results/quick_v1_v2_comparison/2026-06-03_09-24-45/model_runs/2026-06-03_11-46-08,results/quick_v1_v2_comparison/2026-06-03_09-24-45/model_runs/2026-06-03_11-46-08/multiclass_table6_arousal_3class_emotion-elicitation_2026-06-03_11-47-09,results/quick_v1_v2_comparison/2026-06-03_09-24-45/model_runs/2026-06-03_11-46-08/multiclass_table6_arousal_3class_emotion-elicitation_2026-06-03_11-47-09/recording_loo/fold_metrics.csv,GNN,r_80.avi,aggregated,0.078853046594982,0.5187265917602997,0.3482032218091697,0.3458177278401997,0.052537139578007,0.5608614232209739,0.9589079425990328,0.078853046594982,0.0727702128006403,0.5956633509188783,1.1419864892959597
multiclass_table6_arousal_3class,Table-6 Arousal,recording_loo,BasicGCN_attention,GNN,results/quick_v1_v2_comparison/2026-06-03_09-24-45/model_runs/2026-06-03_11-46-08,results/quick_v1_v2_comparison/2026-06-03_09-24-45/model_runs/2026-06-03_11-46-08/multiclass_table6_arousal_3class_emotion-elicitation_2026-06-03_11-47-09,results/quick_v1_v2_comparison/2026-06-03_09-24-45/model_runs/2026-06-03_11-46-08/multiclass_table6_arousal_3class_emotion-elicitation_2026-06-03_11-47-09/recording_loo/fold_metrics.csv,GNN,r_90.avi,aggregated,0.1328125,0.3333333333333333,0.0442708333333333,0.3333333333333333,0.0781609195402298,0.3852377453521011,0.01763916015625,0.1328125,0.0311422413793103,0.3148261781081241,1.1662828922271729
multiclass_table6_arousal_3class,Table-6 Arousal,recording_loo,BasicGCN_attention,GNN,results/quick_v1_v2_comparison/2026-06-03_09-24-45/model_runs/2026-06-03_11-46-08,results/quick_v1_v2_comparison/2026-06-03_09-24-45/model_runs/2026-06-03_11-46-08/multiclass_table6_arousal_3class_emotion-elicitation_2026-06-03_11-47-09,results/quick_v1_v2_comparison/2026-06-03_09-24-45/model_runs/2026-06-03_11-46-08/multiclass_table6_arousal_3class_emotion-elicitation_2026-06-03_11-47-09/recording_loo/fold_metrics.csv,GNN,r_cats_f.avi,aggregated,0.2294520547945205,,0.3333333333333333,0.0764840182648401,0.1244196843082637,,1.0,0.2294520547945205,0.3732590529247911,,1.0872665643692017
multiclass_table6_arousal_3class,Table-6 Arousal,recording_loo,BasicGCN_attention,GNN,results/quick_v1_v2_comparison/2026-06-03_09-24-45/model_runs/2026-06-03_11-46-08,results/quick_v1_v2_comparison/2026-06-03_09-24-45/model_runs/2026-06-03_11-46-08/multiclass_table6_arousal_3class_emotion-elicitation_2026-06-03_11-47-09,results/quick_v1_v2_comparison/2026-06-03_09-24-45/model_runs/2026-06-03_11-46-08/multiclass_table6_arousal_3class_emotion-elicitation_2026-06-03_11-47-09/recording_loo/fold_metrics.csv,GNN,r_dallas_f.avi,aggregated,0.303030303030303,0.2508204406938584,0.3369293308317698,0.1672136271292389,0.1989339047392299,0.5517268323175496,0.8309259338222753,0.303030303030303,0.4350747264718932,0.5740403330065778,1.0812686681747437
multiclass_table6_arousal_3class,Table-6 Arousal,recording_loo,BasicGCN_attention,GNN,results/quick_v1_v2_comparison/2026-06-03_09-24-45/model_runs/2026-06-03_11-46-08,results/quick_v1_v2_comparison/2026-06-03_09-24-45/model_runs/2026-06-03_11-46-08/multiclass_table6_arousal_3class_emotion-elicitation_2026-06-03_11-47-09,results/quick_v1_v2_comparison/2026-06-03_09-24-45/model_runs/2026-06-03_11-46-08/multiclass_table6_arousal_3class_emotion-elicitation_2026-06-03_11-47-09/recording_loo/fold_metrics.csv,GNN,r_detroit_f.avi,aggregated,0.7977099236641222,0.4163346613545817,0.3210445468509985,0.2775564409030545,0.2977207977207977,0.4858746830858385,0.9226967319801598,0.7977099236641222,0.8556632087166438,0.490685419322018,1.3900389075279236
multiclass_table6_arousal_3class,Table-6 Arousal,recording_loo,BasicGCN_attention,GNN,results/quick_v1_v2_comparison/2026-06-03_09-24-45/model_runs/2026-06-03_11-46-08,results/quick_v1_v2_comparison/2026-06-03_09-24-45/model_runs/2026-06-03_11-46-08/multiclass_table6_arousal_3class_emotion-elicitation_2026-06-03_11-47-09,results/quick_v1_v2_comparison/2026-06-03_09-24-45/model_runs/2026-06-03_11-46-08/multiclass_table6_arousal_3class_emotion-elicitation_2026-06-03_11-47-09/recording_loo/fold_metrics.csv,GNN,r_earworm_f.avi,aggregated,0.5520833333333334,0.4673504273504273,0.2841951805162507,0.3115669515669515,0.2739165596308453,0.5622222222222222,0.4624790969899666,0.5520833333333334,0.4739679962894248,0.5601157407407408,0.8992099165916443
multiclass_table6_arousal_3class,Table-6 Arousal,recording_loo,BasicGCN_attention,GNN,results/quick_v1_v2_comparison/2026-06-03_09-24-45/model_runs/2026-06-03_11-46-08,results/quick_v1_v2_comparison/2026-06-03_09-24-45/model_runs/2026-06-03_11-46-08/multiclass_table6_arousal_3class_emotion-elicitation_2026-06-03_11-47-09,results/quick_v1_v2_comparison/2026-06-03_09-24-45/model_runs/2026-06-03_11-46-08/multiclass_table6_arousal_3class_emotion-elicitation_2026-06-03_11-47-09/recording_loo/fold_metrics.csv,GNN,r_funny_f.avi,aggregated,0.4415094339622641,0.4054881211743956,0.4781662781662781,0.4054881211743956,0.304036747265314,0.598361209900775,0.6475709196463914,0.4415094339622641,0.46669101589634,0.5997815256321853,1.0444356203079224
multiclass_table6_arousal_3class,Table-6 Arousal,recording_loo,BasicGCN_attention,GNN,results/quick_v1_v2_comparison/2026-06-03_09-24-45/model_runs/2026-06-03_11-46-08,results/quick_v1_v2_comparison/2026-06-03_09-24-45/model_runs/2026-06-03_11-46-08/multiclass_table6_arousal_3class_emotion-elicitation_2026-06-03_11-47-09,results/quick_v1_v2_comparison/2026-06-03_09-24-45/model_runs/2026-06-03_11-46-08/multiclass_table6_arousal_3class_emotion-elicitation_2026-06-03_11-47-09/recording_loo/fold_metrics.csv,GNN,r_newyork_f.avi,aggregated,0.7647058823529411,0.3523079729976281,0.4322268326417703,0.3523079729976281,0.3488943488943489,0.4990562040560024,0.6871613375640713,0.7647058823529411,0.707751601869249,0.4415577783070043,1.0059584379196167
multiclass_table6_valence_3class,Table-6 Valence,subject_loo,BasicGCN_attention,GNN,results/quick_v1_v2_comparison/2026-06-03_09-24-45/model_runs/2026-06-03_11-46-08,results/quick_v1_v2_comparison/2026-06-03_09-24-45/model_runs/2026-06-03_11-46-08/multiclass_table6_valence_3class_emotion-elicitation_2026-06-03_12-50-01,results/quick_v1_v2_comparison/2026-06-03_09-24-45/model_runs/2026-06-03_11-46-08/multiclass_table6_valence_3class_emotion-elicitation_2026-06-03_12-50-01/subject_loo/fold_metrics.csv,GNN,s_P1,aggregated,0.4958333333333333,0.4745349421820009,0.6519101123595505,0.4745349421820009,0.3882726312851196,0.6508875870427447,0.658432584269663,0.4958333333333333,0.4056032076410549,0.6509621578099839,1.094983458518982
multiclass_table6_valence_3class,Table-6 Valence,subject_loo,BasicGCN_attention,GNN,results/quick_v1_v2_comparison/2026-06-03_09-24-45/model_runs/2026-06-03_11-46-08,results/quick_v1_v2_comparison/2026-06-03_09-24-45/model_runs/2026-06-03_11-46-08/multiclass_table6_valence_3class_emotion-elicitation_2026-06-03_12-50-01,results/quick_v1_v2_comparison/2026-06-03_09-24-45/model_runs/2026-06-03_11-46-08/multiclass_table6_valence_3class_emotion-elicitation_2026-06-03_12-50-01/subject_loo/fold_metrics.csv,GNN,s_P10,aggregated,0.5502183406113537,0.5585669077757686,0.5924086963629923,0.5585669077757686,0.5405729705515321,0.7403162748592876,0.5968104643469062,0.5502183406113537,0.5387351805533891,0.7379011173516964,1.0178056955337524
multiclass_table6_valence_3class,Table-6 Valence,subject_loo,BasicGCN_attention,GNN,results/quick_v1_v2_comparison/2026-06-03_09-24-45/model_runs/2026-06-03_11-46-08,results/quick_v1_v2_comparison/2026-06-03_09-24-45/model_runs/2026-06-03_11-46-08/multiclass_table6_valence_3class_emotion-elicitation_2026-06-03_12-50-01,results/quick_v1_v2_comparison/2026-06-03_09-24-45/model_runs/2026-06-03_11-46-08/multiclass_table6_valence_3class_emotion-elicitation_2026-06-03_12-50-01/subject_loo/fold_metrics.csv,GNN,s_P13,aggregated,0.4788135593220339,0.473954799922782,0.4485735735735736,0.473954799922782,0.4205914632654743,0.6564779514425753,0.4456930447396549,0.4788135593220339,0.4203694289340896,0.6545524437072666,1.0759907960891724
multiclass_table6_valence_3class,Table-6 Valence,subject_loo,BasicGCN_attention,GNN,results/quick_v1_v2_comparison/2026-06-03_09-24-45/model_runs/2026-06-03_11-46-08,results/quick_v1_v2_comparison/2026-06-03_09-24-45/model_runs/2026-06-03_11-46-08/multiclass_table6_valence_3class_emotion-elicitation_2026-06-03_12-50-01,results/quick_v1_v2_comparison/2026-06-03_09-24-45/model_runs/2026-06-03_11-46-08/multiclass_table6_valence_3class_emotion-elicitation_2026-06-03_12-50-01/subject_loo/fold_metrics.csv,GNN,s_P14,aggregated,0.5161290322580645,0.4948750224779716,0.5384202024827025,0.4948750224779716,0.4790409475014276,0.6953373693780095,0.536163413359554,0.5161290322580645,0.4891476974792637,0.6969314716738887,1.002323865890503
multiclass_table6_valence_3class,Table-6 Valence,subject_loo,BasicGCN_attention,GNN,results/quick_v1_v2_comparison/2026-06-03_09-24-45/model_runs/2026-06-03_11-46-08,results/quick_v1_v2_comparison/2026-06-03_09-24-45/model_runs/2026-06-03_11-46-08/multiclass_table6_valence_3class_emotion-elicitation_2026-06-03_12-50-01,results/quick_v1_v2_comparison/2026-06-03_09-24-45/model_runs/2026-06-03_11-46-08/multiclass_table6_valence_3class_emotion-elicitation_2026-06-03_12-50-01/subject_loo/fold_metrics.csv,GNN,s_P16,aggregated,0.5803108808290155,0.5845208583233373,0.634516711833785,0.5845208583233373,0.5835467419616083,0.7702711777801742,0.6483405647527979,0.5803108808290155,0.5913462078247902,0.7706735686010296,0.8869303464889526
multiclass_table6_valence_3class,Table-6 Valence,subject_loo,BasicGCN_attention,GNN,results/quick_v1_v2_comparison/2026-06-03_09-24-45/model_runs/2026-06-03_11-46-08,results/quick_v1_v2_comparison/2026-06-03_09-24-45/model_runs/2026-06-03_11-46-08/multiclass_table6_valence_3class_emotion-elicitation_2026-06-03_12-50-01,results/quick_v1_v2_comparison/2026-06-03_09-24-45/model_runs/2026-06-03_11-46-08/multiclass_table6_valence_3class_emotion-elicitation_2026-06-03_12-50-01/subject_loo/fold_metrics.csv,GNN,s_P17,aggregated,0.602510460251046,0.5446186336169688,0.5966898820780099,0.5446186336169688,0.5490227408108203,0.7131748691943284,0.5945292901503137,0.602510460251046,0.5797522966810006,0.7211256335621774,0.9412139058113098
multiclass_table6_valence_3class,Table-6 Valence,subject_loo,BasicGCN_attention,GNN,results/quick_v1_v2_comparison/2026-06-03_09-24-45/model_runs/2026-06-03_11-46-08,results/quick_v1_v2_comparison/2026-06-03_09-24-45/model_runs/2026-06-03_11-46-08/multiclass_table6_valence_3class_emotion-elicitation_2026-06-03_12-50-01,results/quick_v1_v2_comparison/2026-06-03_09-24-45/model_runs/2026-06-03_11-46-08/multiclass_table6_valence_3class_emotion-elicitation_2026-06-03_12-50-01/subject_loo/fold_metrics.csv,GNN,s_P18,aggregated,0.3596491228070175,0.4420670843455653,0.576601510695958,0.4420670843455653,0.3242260622752314,0.6979519509409968,0.6500962014099424,0.3596491228070175,0.2908525960622897,0.6927294208371315,1.1249011754989624
multiclass_table6_valence_3class,Table-6 Valence,subject_loo,BasicGCN_attention,GNN,results/quick_v1_v2_comparison/2026-06-03_09-24-45/model_runs/2026-06-03_11-46-08,results/quick_v1_v2_comparison/2026-06-03_09-24-45/model_runs/2026-06-03_11-46-08/multiclass_table6_valence_3class_emotion-elicitation_2026-06-03_12-50-01,results/quick_v1_v2_comparison/2026-06-03_09-24-45/model_runs/2026-06-03_11-46-08/multiclass_table6_valence_3class_emotion-elicitation_2026-06-03_12-50-01/subject_loo/fold_metrics.csv,GNN,s_P19,aggregated,0.537117903930131,0.5361587462652911,0.6467784624503101,0.5361587462652911,0.4980179605717625,0.7480149529160184,0.648411573558476,0.537117903930131,0.5013731128834535,0.7487133229491306,0.9681821465492249
multiclass_table6_valence_3class,Table-6 Valence,subject_loo,BasicGCN_attention,GNN,results/quick_v1_v2_comparison/2026-06-03_09-24-45/model_runs/2026-06-03_11-46-08,results/quick_v1_v2_comparison/2026-06-03_09-24-45/model_runs/2026-06-03_11-46-08/multiclass_table6_valence_3class_emotion-elicitation_2026-06-03_12-50-01,results/quick_v1_v2_comparison/2026-06-03_09-24-45/model_runs/2026-06-03_11-46-08/multiclass_table6_valence_3class_emotion-elicitation_2026-06-03_12-50-01/subject_loo/fold_metrics.csv,GNN,s_P2,aggregated,0.4273858921161825,0.5154100529100529,0.5775898817579451,0.5154100529100529,0.4267093133335171,0.7326449549887869,0.6933778373541456,0.4273858921161825,0.3970800243972007,0.7351485503128261,1.0998235940933228
multiclass_table6_valence_3class,Table-6 Valence,subject_loo,BasicGCN_attention,GNN,results/quick_v1_v2_comparison/2026-06-03_09-24-45/model_runs/2026-06-03_11-46-08,results/quick_v1_v2_comparison/2026-06-03_09-24-45/model_runs/2026-06-03_11-46-08/multiclass_table6_valence_3class_emotion-elicitation_2026-06-03_12-50-01,results/quick_v1_v2_comparison/2026-06-03_09-24-45/model_runs/2026-06-03_11-46-08/multiclass_table6_valence_3class_emotion-elicitation_2026-06-03_12-50-01/subject_loo/fold_metrics.csv,GNN,s_P20,aggregated,0.4867256637168141,0.4576641133349806,0.5466937669376694,0.4576641133349806,0.3913992841827893,0.6659053303538035,0.536957694798187,0.4867256637168141,0.4213428362228654,0.6647137234579634,1.0446778535842896
multiclass_table6_valence_3class,Table-6 Valence,subject_loo,BasicGCN_attention,GNN,results/quick_v1_v2_comparison/2026-06-03_09-24-45/model_runs/2026-06-03_11-46-08,results/quick_v1_v2_comparison/2026-06-03_09-24-45/model_runs/2026-06-03_11-46-08/multiclass_table6_valence_3class_emotion-elicitation_2026-06-03_12-50-01,results/quick_v1_v2_comparison/2026-06-03_09-24-45/model_runs/2026-06-03_11-46-08/multiclass_table6_valence_3class_emotion-elicitation_2026-06-03_12-50-01/subject_loo/fold_metrics.csv,GNN,s_P21,aggregated,0.5068493150684932,0.5060542782742038,0.6384286653517423,0.5060542782742038,0.4692642770007365,0.722737348908332,0.6217304765249971,0.5068493150684932,0.4573209651047433,0.7168572533999554,1.0489952564239502
multiclass_table6_valence_3class,Table-6 Valence,subject_loo,BasicGCN_attention,GNN,results/quick_v1_v2_comparison/2026-06-03_09-24-45/model_runs/2026-06-03_11-46-08,results/quick_v1_v2_comparison/2026-06-03_09-24-45/model_runs/2026-06-03_11-46-08/multiclass_table6_valence_3class_emotion-elicitation_2026-06-03_12-50-01,results/quick_v1_v2_comparison/2026-06-03_09-24-45/model_runs/2026-06-03_11-46-08/multiclass_table6_valence_3class_emotion-elicitation_2026-06-03_12-50-01/subject_loo/fold_metrics.csv,GNN,s_P22,aggregated,0.4766355140186916,0.4500036759923765,0.5863101795025126,0.4500036759923765,0.4045686508959901,0.6803156579662613,0.5641508204667985,0.4766355140186916,0.4239173499864479,0.6795451660504895,1.068524956703186
multiclass_table6_valence_3class,Table-6 Valence,subject_loo,BasicGCN_attention,GNN,results/quick_v1_v2_comparison/2026-06-03_09-24-45/model_runs/2026-06-03_11-46-08,results/quick_v1_v2_comparison/2026-06-03_09-24-45/model_runs/2026-06-03_11-46-08/multiclass_table6_valence_3class_emotion-elicitation_2026-06-03_12-50-01,results/quick_v1_v2_comparison/2026-06-03_09-24-45/model_runs/2026-06-03_11-46-08/multiclass_table6_valence_3class_emotion-elicitation_2026-06-03_12-50-01/subject_loo/fold_metrics.csv,GNN,s_P23,aggregated,0.5625,0.5726897347856973,0.5504302575731147,0.5726897347856973,0.5581620241696643,0.7321899345151559,0.5675159529623814,0.5625,0.562605541971822,0.7139134322684659,0.8992527723312378
multiclass_table6_valence_3class,Table-6 Valence,subject_loo,BasicGCN_attention,GNN,results/quick_v1_v2_comparison/2026-06-03_09-24-45/model_runs/2026-06-03_11-46-08,results/quick_v1_v2_comparison/2026-06-03_09-24-45/model_runs/2026-06-03_11-46-08/multiclass_table6_valence_3class_emotion-elicitation_2026-06-03_12-50-01,results/quick_v1_v2_comparison/2026-06-03_09-24-45/model_runs/2026-06-03_11-46-08/multiclass_table6_valence_3class_emotion-elicitation_2026-06-03_12-50-01/subject_loo/fold_metrics.csv,GNN,s_P24,aggregated,0.3722943722943723,0.3958333333333333,0.4429012345679012,0.3958333333333333,0.2701876642826579,0.652467509249759,0.4473504890171557,0.3722943722943723,0.2614375660405368,0.6509174048909147,1.2256826162338257
multiclass_table6_valence_3class,Table-6 Valence,subject_loo,BasicGCN_attention,GNN,results/quick_v1_v2_comparison/2026-06-03_09-24-45/model_runs/2026-06-03_11-46-08,results/quick_v1_v2_comparison/2026-06-03_09-24-45/model_runs/2026-06-03_11-46-08/multiclass_table6_valence_3class_emotion-elicitation_2026-06-03_12-50-01,results/quick_v1_v2_comparison/2026-06-03_09-24-45/model_runs/2026-06-03_11-46-08/multiclass_table6_valence_3class_emotion-elicitation_2026-06-03_12-50-01/subject_loo/fold_metrics.csv,GNN,s_P27,aggregated,0.4932735426008968,0.5770351033508928,0.6544566544566545,0.5770351033508928,0.4608724608724608,0.7887220424518812,0.7508336207887777,0.4932735426008968,0.4653194339292994,0.7746704578330682,1.101805567741394
multiclass_table6_valence_3class,Table-6 Valence,subject_loo,BasicGCN_attention,GNN,results/quick_v1_v2_comparison/2026-06-03_09-24-45/model_runs/2026-06-03_11-46-08,results/quick_v1_v2_comparison/2026-06-03_09-24-45/model_runs/2026-06-03_11-46-08/multiclass_table6_valence_3class_emotion-elicitation_2026-06-03_12-50-01,results/quick_v1_v2_comparison/2026-06-03_09-24-45/model_runs/2026-06-03_11-46-08/multiclass_table6_valence_3class_emotion-elicitation_2026-06-03_12-50-01/subject_loo/fold_metrics.csv,GNN,s_P28,aggregated,0.5424528301886793,0.4810831324766138,0.71222810111699,0.4810831324766138,0.4596007217274896,0.7836484937372582,0.6692996905261056,0.5424528301886793,0.4907950094059585,0.7792244638251662,0.9224463701248168
multiclass_table6_valence_3class,Table-6 Valence,subject_loo,BasicGCN_attention,GNN,results/quick_v1_v2_comparison/2026-06-03_09-24-45/model_runs/2026-06-03_11-46-08,results/quick_v1_v2_comparison/2026-06-03_09-24-45/model_runs/2026-06-03_11-46-08/multiclass_table6_valence_3class_emotion-elicitation_2026-06-03_12-50-01,results/quick_v1_v2_comparison/2026-06-03_09-24-45/model_runs/2026-06-03_11-46-08/multiclass_table6_valence_3class_emotion-elicitation_2026-06-03_12-50-01/subject_loo/fold_metrics.csv,GNN,s_P29,aggregated,0.5416666666666666,0.4365214871190691,0.6152987158012283,0.4365214871190691,0.3902449279932723,0.7791164280653624,0.5607745517712016,0.5416666666666666,0.4303569968581006,0.773925942553379,0.9332919716835022
multiclass_table6_valence_3class,Table-6 Valence,subject_loo,BasicGCN_attention,GNN,results/quick_v1_v2_comparison/2026-06-03_09-24-45/model_runs/2026-06-03_11-46-08,results/quick_v1_v2_comparison/2026-06-03_09-24-45/model_runs/2026-06-03_11-46-08/multiclass_table6_valence_3class_emotion-elicitation_2026-06-03_12-50-01,results/quick_v1_v2_comparison/2026-06-03_09-24-45/model_runs/2026-06-03_11-46-08/multiclass_table6_valence_3class_emotion-elicitation_2026-06-03_12-50-01/subject_loo/fold_metrics.csv,GNN,s_P30,aggregated,0.5442477876106194,0.5290401387827859,0.5778634817295948,0.5290401387827859,0.5202882752359824,0.7296918420175397,0.5677863324010758,0.5442477876106194,0.5222663180138315,0.7313298709724052,0.9293965101242064
multiclass_table6_valence_3class,Table-6 Valence,subject_loo,BasicGCN_attention,GNN,results/quick_v1_v2_comparison/2026-06-03_09-24-45/model_runs/2026-06-03_11-46-08,results/quick_v1_v2_comparison/2026-06-03_09-24-45/model_runs/2026-06-03_11-46-08/multiclass_table6_valence_3class_emotion-elicitation_2026-06-03_12-50-01,results/quick_v1_v2_comparison/2026-06-03_09-24-45/model_runs/2026-06-03_11-46-08/multiclass_table6_valence_3class_emotion-elicitation_2026-06-03_12-50-01/subject_loo/fold_metrics.csv,GNN,s_P4,aggregated,0.50199203187251,0.512830793905373,0.6125059780009564,0.512830793905373,0.492756241217331,0.7126594562697801,0.6193771065903769,0.50199203187251,0.4911667925706502,0.7126924461049121,1.0609909296035769
multiclass_table6_valence_3class,Table-6 Valence,subject_loo,BasicGCN_attention,GNN,results/quick_v1_v2_comparison/2026-06-03_09-24-45/model_runs/2026-06-03_11-46-08,results/quick_v1_v2_comparison/2026-06-03_09-24-45/model_runs/2026-06-03_11-46-08/multiclass_table6_valence_3class_emotion-elicitation_2026-06-03_12-50-01,results/quick_v1_v2_comparison/2026-06-03_09-24-45/model_runs/2026-06-03_11-46-08/multiclass_table6_valence_3class_emotion-elicitation_2026-06-03_12-50-01/subject_loo/fold_metrics.csv,GNN,s_P5,aggregated,0.5527272727272727,0.5690201071674889,0.5512244494914584,0.5690201071674889,0.5444727385903857,0.730707772843966,0.5896325753835382,0.5527272727272727,0.55624230077706,0.7250242894056848,0.8480757772922516
multiclass_table6_valence_3class,Table-6 Valence,subject_loo,BasicGCN_attention,GNN,results/quick_v1_v2_comparison/2026-06-03_09-24-45/model_runs/2026-06-03_11-46-08,results/quick_v1_v2_comparison/2026-06-03_09-24-45/model_runs/2026-06-03_11-46-08/multiclass_table6_valence_3class_emotion-elicitation_2026-06-03_12-50-01,results/quick_v1_v2_comparison/2026-06-03_09-24-45/model_runs/2026-06-03_11-46-08/multiclass_table6_valence_3class_emotion-elicitation_2026-06-03_12-50-01/subject_loo/fold_metrics.csv,GNN,s_P7,aggregated,0.591304347826087,0.3298525798525799,0.2611111111111111,0.3298525798525799,0.2854081023154492,0.503965576622533,0.4290579710144928,0.591304347826087,0.4943579543631789,0.5034471776292269,1.057575225830078
multiclass_table6_valence_3class,Table-6 Valence,subject_loo,BasicGCN_attention,GNN,results/quick_v1_v2_comparison/2026-06-03_09-24-45/model_runs/2026-06-03_11-46-08,results/quick_v1_v2_comparison/2026-06-03_09-24-45/model_runs/2026-06-03_11-46-08/multiclass_table6_valence_3class_emotion-elicitation_2026-06-03_12-50-01,results/quick_v1_v2_comparison/2026-06-03_09-24-45/model_runs/2026-06-03_11-46-08/multiclass_table6_valence_3class_emotion-elicitation_2026-06-03_12-50-01/subject_loo/fold_metrics.csv,GNN,s_P8,aggregated,0.5570776255707762,0.531512456020883,0.5755821395165658,0.531512456020883,0.5346152308753782,0.7236144126009915,0.5725092710046673,0.5570776255707762,0.5463413575013282,0.7243676500025438,0.9321572184562684
multiclass_table6_valence_3class,Table-6 Valence,recording_loo,BasicGCN_attention,GNN,results/quick_v1_v2_comparison/2026-06-03_09-24-45/model_runs/2026-06-03_11-46-08,results/quick_v1_v2_comparison/2026-06-03_09-24-45/model_runs/2026-06-03_11-46-08/multiclass_table6_valence_3class_emotion-elicitation_2026-06-03_12-50-01,results/quick_v1_v2_comparison/2026-06-03_09-24-45/model_runs/2026-06-03_11-46-08/multiclass_table6_valence_3class_emotion-elicitation_2026-06-03_12-50-01/recording_loo/fold_metrics.csv,GNN,r_107.avi,aggregated,0.379746835443038,0.3765290519877675,0.271466755763448,0.3765290519877675,0.2385022385022384,0.5848082328195329,0.522855016134694,0.379746835443038,0.4225823403038592,0.5976175020478819,1.077634334564209
multiclass_table6_valence_3class,Table-6 Valence,recording_loo,BasicGCN_attention,GNN,results/quick_v1_v2_comparison/2026-06-03_09-24-45/model_runs/2026-06-03_11-46-08,results/quick_v1_v2_comparison/2026-06-03_09-24-45/model_runs/2026-06-03_11-46-08/multiclass_table6_valence_3class_emotion-elicitation_2026-06-03_12-50-01,results/quick_v1_v2_comparison/2026-06-03_09-24-45/model_runs/2026-06-03_11-46-08/multiclass_table6_valence_3class_emotion-elicitation_2026-06-03_12-50-01/recording_loo/fold_metrics.csv,GNN,r_111.avi,aggregated,0.4471299093655589,0.2604314002828854,0.3163243474540009,0.1736209335219236,0.2240345042295017,0.5721357850070722,0.8249702345171012,0.4471299093655589,0.5798949748792828,0.4690182764500015,0.9807201027870178
multiclass_table6_valence_3class,Table-6 Valence,recording_loo,BasicGCN_attention,GNN,results/quick_v1_v2_comparison/2026-06-03_09-24-45/model_runs/2026-06-03_11-46-08,results/quick_v1_v2_comparison/2026-06-03_09-24-45/model_runs/2026-06-03_11-46-08/multiclass_table6_valence_3class_emotion-elicitation_2026-06-03_12-50-01,results/quick_v1_v2_comparison/2026-06-03_09-24-45/model_runs/2026-06-03_11-46-08/multiclass_table6_valence_3class_emotion-elicitation_2026-06-03_12-50-01/recording_loo/fold_metrics.csv,GNN,r_138.avi,aggregated,0.4367816091954023,0.2922533297091601,0.3037690906543365,0.1948355531394401,0.2373720699900957,0.4914922533297092,0.6768419069153948,0.4367816091954024,0.5309185535987371,0.4982691448513308,1.0775320529937744
multiclass_table6_valence_3class,Table-6 Valence,recording_loo,BasicGCN_attention,GNN,results/quick_v1_v2_comparison/2026-06-03_09-24-45/model_runs/2026-06-03_11-46-08,results/quick_v1_v2_comparison/2026-06-03_09-24-45/model_runs/2026-06-03_11-46-08/multiclass_table6_valence_3class_emotion-elicitation_2026-06-03_12-50-01,results/quick_v1_v2_comparison/2026-06-03_09-24-45/model_runs/2026-06-03_11-46-08/multiclass_table6_valence_3class_emotion-elicitation_2026-06-03_12-50-01/recording_loo/fold_metrics.csv,GNN,r_146.avi,aggregated,0.4758364312267658,0.3608974358974359,0.3431510051425899,0.2405982905982906,0.2798515981735159,0.5019230769230769,0.6306824402884299,0.4758364312267658,0.5398017772572186,0.491732689644345,0.9489084780216216
multiclass_table6_valence_3class,Table-6 Valence,recording_loo,BasicGCN_attention,GNN,results/quick_v1_v2_comparison/2026-06-03_09-24-45/model_runs/2026-06-03_11-46-08,results/quick_v1_v2_comparison/2026-06-03_09-24-45/model_runs/2026-06-03_11-46-08/multiclass_table6_valence_3class_emotion-elicitation_2026-06-03_12-50-01,results/quick_v1_v2_comparison/2026-06-03_09-24-45/model_runs/2026-06-03_11-46-08/multiclass_table6_valence_3class_emotion-elicitation_2026-06-03_12-50-01/recording_loo/fold_metrics.csv,GNN,r_30.avi,aggregated,0.624390243902439,0.4654770664704439,0.3888052208835341,0.3103180443136293,0.3211356466876972,0.5751165072357125,0.6521525124889802,0.624390243902439,0.6149973070708625,0.5708513553126701,1.029478669166565
multiclass_table6_valence_3class,Table-6 Valence,recording_loo,BasicGCN_attention,GNN,results/quick_v1_v2_comparison/2026-06-03_09-24-45/model_runs/2026-06-03_11-46-08,results/quick_v1_v2_comparison/2026-06-03_09-24-45/model_runs/2026-06-03_11-46-08/multiclass_table6_valence_3class_emotion-elicitation_2026-06-03_12-50-01,results/quick_v1_v2_comparison/2026-06-03_09-24-45/model_runs/2026-06-03_11-46-08/multiclass_table6_valence_3class_emotion-elicitation_2026-06-03_12-50-01/recording_loo/fold_metrics.csv,GNN,r_52.avi,aggregated,0.4305084745762711,0.3080841177171452,0.2871787102964197,0.2053894118114301,0.2389577091066291,0.493536280233528,0.5900297592301115,0.4305084745762711,0.4973526092265665,0.5701173496073202,1.1247742176055908
multiclass_table6_valence_3class,Table-6 Valence,recording_loo,BasicGCN_attention,GNN,results/quick_v1_v2_comparison/2026-06-03_09-24-45/model_runs/2026-06-03_11-46-08,results/quick_v1_v2_comparison/2026-06-03_09-24-45/model_runs/2026-06-03_11-46-08/multiclass_table6_valence_3class_emotion-elicitation_2026-06-03_12-50-01,results/quick_v1_v2_comparison/2026-06-03_09-24-45/model_runs/2026-06-03_11-46-08/multiclass_table6_valence_3class_emotion-elicitation_2026-06-03_12-50-01/recording_loo/fold_metrics.csv,GNN,r_53.avi,aggregated,0.3552631578947368,0.32903981264637,0.338662486938349,0.32903981264637,0.3055772469744817,0.486334482282899,0.4345807210031348,0.3552631578947368,0.3643003429746677,0.4940564995624488,1.197015345096588
multiclass_table6_valence_3class,Table-6 Valence,recording_loo,BasicGCN_attention,GNN,results/quick_v1_v2_comparison/2026-06-03_09-24-45/model_runs/2026-06-03_11-46-08,results/quick_v1_v2_comparison/2026-06-03_09-24-45/model_runs/2026-06-03_11-46-08/multiclass_table6_valence_3class_emotion-elicitation_2026-06-03_12-50-01,results/quick_v1_v2_comparison/2026-06-03_09-24-45/model_runs/2026-06-03_11-46-08/multiclass_table6_valence_3class_emotion-elicitation_2026-06-03_12-50-01/recording_loo/fold_metrics.csv,GNN,r_55.avi,aggregated,0.8879668049792531,0.5672043010752689,0.6403508771929824,0.3781362007168459,0.4098448368111289,0.7462557603686637,0.9289146101768944,0.8879668049792531,0.878282703822356,0.7672452530737901,0.9401551485061646
multiclass_table6_valence_3class,Table-6 Valence,recording_loo,BasicGCN_attention,GNN,results/quick_v1_v2_comparison/2026-06-03_09-24-45/model_runs/2026-06-03_11-46-08,results/quick_v1_v2_comparison/2026-06-03_09-24-45/model_runs/2026-06-03_11-46-08/multiclass_table6_valence_3class_emotion-elicitation_2026-06-03_12-50-01,results/quick_v1_v2_comparison/2026-06-03_09-24-45/model_runs/2026-06-03_11-46-08/multiclass_table6_valence_3class_emotion-elicitation_2026-06-03_12-50-01/recording_loo/fold_metrics.csv,GNN,r_58.avi,aggregated,0.5279187817258884,0.3962502875546354,0.3774600107836089,0.3962502875546354,0.3488599132938412,0.5085678429739638,0.7343784782156503,0.5279187817258884,0.5994147409877353,0.5568277420147651,1.014715552330017
multiclass_table6_valence_3class,Table-6 Valence,recording_loo,BasicGCN_attention,GNN,results/quick_v1_v2_comparison/2026-06-03_09-24-45/model_runs/2026-06-03_11-46-08,results/quick_v1_v2_comparison/2026-06-03_09-24-45/model_runs/2026-06-03_11-46-08/multiclass_table6_valence_3class_emotion-elicitation_2026-06-03_12-50-01,results/quick_v1_v2_comparison/2026-06-03_09-24-45/model_runs/2026-06-03_11-46-08/multiclass_table6_valence_3class_emotion-elicitation_2026-06-03_12-50-01/recording_loo/fold_metrics.csv,GNN,r_69.avi,aggregated,0.3457943925233644,,0.3333333333333333,0.1152647975077881,0.1712962962962962,,1.0,0.3457943925233644,0.5138888888888888,,1.1039583683013916
multiclass_table6_valence_3class,Table-6 Valence,recording_loo,BasicGCN_attention,GNN,results/quick_v1_v2_comparison/2026-06-03_09-24-45/model_runs/2026-06-03_11-46-08,results/quick_v1_v2_comparison/2026-06-03_09-24-45/model_runs/2026-06-03_11-46-08/multiclass_table6_valence_3class_emotion-elicitation_2026-06-03_12-50-01,results/quick_v1_v2_comparison/2026-06-03_09-24-45/model_runs/2026-06-03_11-46-08/multiclass_table6_valence_3class_emotion-elicitation_2026-06-03_12-50-01/recording_loo/fold_metrics.csv,GNN,r_73.avi,aggregated,0.5327868852459017,0.3066037735849056,0.2988505747126437,0.2044025157232704,0.2427637721755368,0.4903449292452829,0.7789711701526286,0.5327868852459017,0.6327777012444321,0.5306337960098978,1.009831190109253
multiclass_table6_valence_3class,Table-6 Valence,recording_loo,BasicGCN_attention,GNN,results/quick_v1_v2_comparison/2026-06-03_09-24-45/model_runs/2026-06-03_11-46-08,results/quick_v1_v2_comparison/2026-06-03_09-24-45/model_runs/2026-06-03_11-46-08/multiclass_table6_valence_3class_emotion-elicitation_2026-06-03_12-50-01,results/quick_v1_v2_comparison/2026-06-03_09-24-45/model_runs/2026-06-03_11-46-08/multiclass_table6_valence_3class_emotion-elicitation_2026-06-03_12-50-01/recording_loo/fold_metrics.csv,GNN,r_79.avi,aggregated,0.2699386503067484,0.1918414918414918,0.3136752136752136,0.1278943278943279,0.1816239316239316,0.4925407925407925,0.6711656441717792,0.2699386503067484,0.3849693251533742,0.4775594548600682,1.112202286720276
multiclass_table6_valence_3class,Table-6 Valence,recording_loo,BasicGCN_attention,GNN,results/quick_v1_v2_comparison/2026-06-03_09-24-45/model_runs/2026-06-03_11-46-08,results/quick_v1_v2_comparison/2026-06-03_09-24-45/model_runs/2026-06-03_11-46-08/multiclass_table6_valence_3class_emotion-elicitation_2026-06-03_12-50-01,results/quick_v1_v2_comparison/2026-06-03_09-24-45/model_runs/2026-06-03_11-46-08/multiclass_table6_valence_3class_emotion-elicitation_2026-06-03_12-50-01/recording_loo/fold_metrics.csv,GNN,r_80.avi,aggregated,0.2867383512544803,0.149812734082397,0.3065134099616858,0.0998751560549313,0.1506591337099811,0.4406991260923845,0.8799901124706464,0.2867383512544803,0.4325375129093008,0.4241539473507578,1.1088101863861084
multiclass_table6_valence_3class,Table-6 Valence,recording_loo,BasicGCN_attention,GNN,results/quick_v1_v2_comparison/2026-06-03_09-24-45/model_runs/2026-06-03_11-46-08,results/quick_v1_v2_comparison/2026-06-03_09-24-45/model_runs/2026-06-03_11-46-08/multiclass_table6_valence_3class_emotion-elicitation_2026-06-03_12-50-01,results/quick_v1_v2_comparison/2026-06-03_09-24-45/model_runs/2026-06-03_11-46-08/multiclass_table6_valence_3class_emotion-elicitation_2026-06-03_12-50-01/recording_loo/fold_metrics.csv,GNN,r_90.avi,aggregated,0.31640625,0.3745564892623716,0.3462612884753203,0.3745564892623716,0.2604186118892001,0.5059925425224575,0.680422070073207,0.31640625,0.3925458464635855,0.4324438828194731,1.105818271636963
multiclass_table6_valence_3class,Table-6 Valence,recording_loo,BasicGCN_attention,GNN,results/quick_v1_v2_comparison/2026-06-03_09-24-45/model_runs/2026-06-03_11-46-08,results/quick_v1_v2_comparison/2026-06-03_09-24-45/model_runs/2026-06-03_11-46-08/multiclass_table6_valence_3class_emotion-elicitation_2026-06-03_12-50-01,results/quick_v1_v2_comparison/2026-06-03_09-24-45/model_runs/2026-06-03_11-46-08/multiclass_table6_valence_3class_emotion-elicitation_2026-06-03_12-50-01/recording_loo/fold_metrics.csv,GNN,r_cats_f.avi,aggregated,0.4589041095890411,,0.3333333333333333,0.1529680365296803,0.2097026604068857,,1.0,0.4589041095890411,0.6291079812206573,,1.0073253214359283
multiclass_table6_valence_3class,Table-6 Valence,recording_loo,BasicGCN_attention,GNN,results/quick_v1_v2_comparison/2026-06-03_09-24-45/model_runs/2026-06-03_11-46-08,results/quick_v1_v2_comparison/2026-06-03_09-24-45/model_runs/2026-06-03_11-46-08/multiclass_table6_valence_3class_emotion-elicitation_2026-06-03_12-50-01,results/quick_v1_v2_comparison/2026-06-03_09-24-45/model_runs/2026-06-03_11-46-08/multiclass_table6_valence_3class_emotion-elicitation_2026-06-03_12-50-01/recording_loo/fold_metrics.csv,GNN,r_dallas_f.avi,aggregated,0.0,,0.0,0.0,0.0,,0.0,0.0,0.0,,1.2754499912261963
multiclass_table6_valence_3class,Table-6 Valence,recording_loo,BasicGCN_attention,GNN,results/quick_v1_v2_comparison/2026-06-03_09-24-45/model_runs/2026-06-03_11-46-08,results/quick_v1_v2_comparison/2026-06-03_09-24-45/model_runs/2026-06-03_11-46-08/multiclass_table6_valence_3class_emotion-elicitation_2026-06-03_12-50-01,results/quick_v1_v2_comparison/2026-06-03_09-24-45/model_runs/2026-06-03_11-46-08/multiclass_table6_valence_3class_emotion-elicitation_2026-06-03_12-50-01/recording_loo/fold_metrics.csv,GNN,r_detroit_f.avi,aggregated,0.6297709923664122,,0.3333333333333333,0.2099236641221374,0.2576112412177986,,1.0,0.6297709923664122,0.7728337236533958,,0.7368216514587402
multiclass_table6_valence_3class,Table-6 Valence,recording_loo,BasicGCN_attention,GNN,results/quick_v1_v2_comparison/2026-06-03_09-24-45/model_runs/2026-06-03_11-46-08,results/quick_v1_v2_comparison/2026-06-03_09-24-45/model_runs/2026-06-03_11-46-08/multiclass_table6_valence_3class_emotion-elicitation_2026-06-03_12-50-01,results/quick_v1_v2_comparison/2026-06-03_09-24-45/model_runs/2026-06-03_11-46-08/multiclass_table6_valence_3class_emotion-elicitation_2026-06-03_12-50-01/recording_loo/fold_metrics.csv,GNN,r_earworm_f.avi,aggregated,0.4479166666666667,0.3887622614588906,0.3885823754789272,0.3887622614588906,0.3885823754789272,0.5335141280308795,0.451448754789272,0.4479166666666667,0.4496228448275862,0.5634307100690965,1.088772892951965
multiclass_table6_valence_3class,Table-6 Valence,recording_loo,BasicGCN_attention,GNN,results/quick_v1_v2_comparison/2026-06-03_09-24-45/model_runs/2026-06-03_11-46-08,results/quick_v1_v2_comparison/2026-06-03_09-24-45/model_runs/2026-06-03_11-46-08/multiclass_table6_valence_3class_emotion-elicitation_2026-06-03_12-50-01,results/quick_v1_v2_comparison/2026-06-03_09-24-45/model_runs/2026-06-03_11-46-08/multiclass_table6_valence_3class_emotion-elicitation_2026-06-03_12-50-01/recording_loo/fold_metrics.csv,GNN,r_funny_f.avi,aggregated,0.2792452830188679,0.3696263227513227,0.3914265758686922,0.3696263227513227,0.2410791557559483,0.5310894146076786,0.663806596360833,0.2792452830188679,0.3654550895898346,0.5454002444220174,1.3672232031822205
multiclass_table6_valence_3class,Table-6 Valence,recording_loo,BasicGCN_attention,GNN,results/quick_v1_v2_comparison/2026-06-03_09-24-45/model_runs/2026-06-03_11-46-08,results/quick_v1_v2_comparison/2026-06-03_09-24-45/model_runs/2026-06-03_11-46-08/multiclass_table6_valence_3class_emotion-elicitation_2026-06-03_12-50-01,results/quick_v1_v2_comparison/2026-06-03_09-24-45/model_runs/2026-06-03_11-46-08/multiclass_table6_valence_3class_emotion-elicitation_2026-06-03_12-50-01/recording_loo/fold_metrics.csv,GNN,r_newyork_f.avi,aggregated,0.2784313725490196,0.2978187403993855,0.3166425934841919,0.2978187403993855,0.2006963481110375,0.4192900077323465,0.7112162149404778,0.2784313725490196,0.3506604834957898,0.3738595415850399,1.1595219373703003
multiclass_table6_arousal_3class,Table-6 Arousal,subject_loo,GNN_v2,GNN,results/quick_v1_v2_comparison/2026-06-03_09-24-45/model_runs/2026-06-03_13-48-09,results/quick_v1_v2_comparison/2026-06-03_09-24-45/model_runs/2026-06-03_13-48-09/multiclass_table6_arousal_3class_emotion-elicitation_2026-06-03_13-49-14,results/quick_v1_v2_comparison/2026-06-03_09-24-45/model_runs/2026-06-03_13-48-09/multiclass_table6_arousal_3class_emotion-elicitation_2026-06-03_13-49-14/subject_loo/fold_metrics.csv,GNN,s_P1,aggregated,0.4791666666666667,0.3837633298933608,0.3192643444359691,0.3837633298933608,0.3343905417076149,0.6786645135561103,0.3931127637935418,0.4791666666666667,0.4146101357991602,0.6725798479778723,1.1084691286087036
multiclass_table6_arousal_3class,Table-6 Arousal,subject_loo,GNN_v2,GNN,results/quick_v1_v2_comparison/2026-06-03_09-24-45/model_runs/2026-06-03_13-48-09,results/quick_v1_v2_comparison/2026-06-03_09-24-45/model_runs/2026-06-03_13-48-09/multiclass_table6_arousal_3class_emotion-elicitation_2026-06-03_13-49-14,results/quick_v1_v2_comparison/2026-06-03_09-24-45/model_runs/2026-06-03_13-48-09/multiclass_table6_arousal_3class_emotion-elicitation_2026-06-03_13-49-14/subject_loo/fold_metrics.csv,GNN,s_P10,aggregated,0.5807860262008734,0.4547514619883041,0.3860425890786422,0.4547514619883041,0.4175722543352601,0.7075915068680004,0.491922364099887,0.5807860262008734,0.5326521442814953,0.693546018125097,0.9282535314559937
multiclass_table6_arousal_3class,Table-6 Arousal,subject_loo,GNN_v2,GNN,results/quick_v1_v2_comparison/2026-06-03_09-24-45/model_runs/2026-06-03_13-48-09,results/quick_v1_v2_comparison/2026-06-03_09-24-45/model_runs/2026-06-03_13-48-09/multiclass_table6_arousal_3class_emotion-elicitation_2026-06-03_13-49-14,results/quick_v1_v2_comparison/2026-06-03_09-24-45/model_runs/2026-06-03_13-48-09/multiclass_table6_arousal_3class_emotion-elicitation_2026-06-03_13-49-14/subject_loo/fold_metrics.csv,GNN,s_P13,aggregated,0.5508474576271186,0.4358543417366947,0.3748902546093064,0.4358543417366947,0.393919984572684,0.6514986743055744,0.4982924361244624,0.5508474576271186,0.5116834253124014,0.6688398218769852,0.956487476825714
multiclass_table6_arousal_3class,Table-6 Arousal,subject_loo,GNN_v2,GNN,results/quick_v1_v2_comparison/2026-06-03_09-24-45/model_runs/2026-06-03_13-48-09,results/quick_v1_v2_comparison/2026-06-03_09-24-45/model_runs/2026-06-03_13-48-09/multiclass_table6_arousal_3class_emotion-elicitation_2026-06-03_13-49-14,results/quick_v1_v2_comparison/2026-06-03_09-24-45/model_runs/2026-06-03_13-48-09/multiclass_table6_arousal_3class_emotion-elicitation_2026-06-03_13-49-14/subject_loo/fold_metrics.csv,GNN,s_P14,aggregated,0.5483870967741935,0.4257410594759992,0.3661397246302906,0.4257410594759992,0.3917688636992882,0.6572823842854555,0.479431870789144,0.5483870967741935,0.5091214608927622,0.651092120741801,0.92912358045578
multiclass_table6_arousal_3class,Table-6 Arousal,subject_loo,GNN_v2,GNN,results/quick_v1_v2_comparison/2026-06-03_09-24-45/model_runs/2026-06-03_13-48-09,results/quick_v1_v2_comparison/2026-06-03_09-24-45/model_runs/2026-06-03_13-48-09/multiclass_table6_arousal_3class_emotion-elicitation_2026-06-03_13-49-14,results/quick_v1_v2_comparison/2026-06-03_09-24-45/model_runs/2026-06-03_13-48-09/multiclass_table6_arousal_3class_emotion-elicitation_2026-06-03_13-49-14/subject_loo/fold_metrics.csv,GNN,s_P16,aggregated,0.5595854922279793,0.4734686442883164,0.4426961926961927,0.4734686442883164,0.4193181818181817,0.7059909806862281,0.6412853122697683,0.5595854922279793,0.5589908148845972,0.7296204971989767,0.9029788970947266
multiclass_table6_arousal_3class,Table-6 Arousal,subject_loo,GNN_v2,GNN,results/quick_v1_v2_comparison/2026-06-03_09-24-45/model_runs/2026-06-03_13-48-09,results/quick_v1_v2_comparison/2026-06-03_09-24-45/model_runs/2026-06-03_13-48-09/multiclass_table6_arousal_3class_emotion-elicitation_2026-06-03_13-49-14,results/quick_v1_v2_comparison/2026-06-03_09-24-45/model_runs/2026-06-03_13-48-09/multiclass_table6_arousal_3class_emotion-elicitation_2026-06-03_13-49-14/subject_loo/fold_metrics.csv,GNN,s_P17,aggregated,0.4686192468619247,0.4031299927378358,0.4001436781609195,0.4031299927378358,0.3689446951901909,0.622785094232407,0.4245779829750396,0.4686192468619247,0.4207719825559655,0.626686838471553,1.035248637199402
multiclass_table6_arousal_3class,Table-6 Arousal,subject_loo,GNN_v2,GNN,results/quick_v1_v2_comparison/2026-06-03_09-24-45/model_runs/2026-06-03_13-48-09,results/quick_v1_v2_comparison/2026-06-03_09-24-45/model_runs/2026-06-03_13-48-09/multiclass_table6_arousal_3class_emotion-elicitation_2026-06-03_13-49-14,results/quick_v1_v2_comparison/2026-06-03_09-24-45/model_runs/2026-06-03_13-48-09/multiclass_table6_arousal_3class_emotion-elicitation_2026-06-03_13-49-14/subject_loo/fold_metrics.csv,GNN,s_P18,aggregated,0.6008771929824561,0.4798447860156721,0.3982369316424374,0.4798447860156721,0.4340802340802341,0.79342498555536,0.5076798476240091,0.6008771929824561,0.5489432752590647,0.7813391576449216,0.8887964487075806
multiclass_table6_arousal_3class,Table-6 Arousal,subject_loo,GNN_v2,GNN,results/quick_v1_v2_comparison/2026-06-03_09-24-45/model_runs/2026-06-03_13-48-09,results/quick_v1_v2_comparison/2026-06-03_09-24-45/model_runs/2026-06-03_13-48-09/multiclass_table6_arousal_3class_emotion-elicitation_2026-06-03_13-49-14,results/quick_v1_v2_comparison/2026-06-03_09-24-45/model_runs/2026-06-03_13-48-09/multiclass_table6_arousal_3class_emotion-elicitation_2026-06-03_13-49-14/subject_loo/fold_metrics.csv,GNN,s_P19,aggregated,0.4497816593886463,0.3607305936073059,0.3963046757164404,0.3607305936073059,0.252737013743303,0.6553935085839584,0.4249985180501492,0.4497816593886463,0.3056371853438674,0.6548809440409749,1.0765644311904907
multiclass_table6_arousal_3class,Table-6 Arousal,subject_loo,GNN_v2,GNN,results/quick_v1_v2_comparison/2026-06-03_09-24-45/model_runs/2026-06-03_13-48-09,results/quick_v1_v2_comparison/2026-06-03_09-24-45/model_runs/2026-06-03_13-48-09/multiclass_table6_arousal_3class_emotion-elicitation_2026-06-03_13-49-14,results/quick_v1_v2_comparison/2026-06-03_09-24-45/model_runs/2026-06-03_13-48-09/multiclass_table6_arousal_3class_emotion-elicitation_2026-06-03_13-49-14/subject_loo/fold_metrics.csv,GNN,s_P2,aggregated,0.4315352697095436,0.4173052362707535,0.2981848184818482,0.4173052362707535,0.3298903543619895,0.6441596883270618,0.3536029744053243,0.4315352697095436,0.370189362744484,0.6342392261649108,1.103812575340271
multiclass_table6_arousal_3class,Table-6 Arousal,subject_loo,GNN_v2,GNN,results/quick_v1_v2_comparison/2026-06-03_09-24-45/model_runs/2026-06-03_13-48-09,results/quick_v1_v2_comparison/2026-06-03_09-24-45/model_runs/2026-06-03_13-48-09/multiclass_table6_arousal_3class_emotion-elicitation_2026-06-03_13-49-14,results/quick_v1_v2_comparison/2026-06-03_09-24-45/model_runs/2026-06-03_13-48-09/multiclass_table6_arousal_3class_emotion-elicitation_2026-06-03_13-49-14/subject_loo/fold_metrics.csv,GNN,s_P20,aggregated,0.4734513274336283,0.3787607316162747,0.4070107803241236,0.3787607316162747,0.3014704483631037,0.7146644637556422,0.5113258794117481,0.4734513274336283,0.377521022938752,0.6992736772511143,1.0234696865081787
multiclass_table6_arousal_3class,Table-6 Arousal,subject_loo,GNN_v2,GNN,results/quick_v1_v2_comparison/2026-06-03_09-24-45/model_runs/2026-06-03_13-48-09,results/quick_v1_v2_comparison/2026-06-03_09-24-45/model_runs/2026-06-03_13-48-09/multiclass_table6_arousal_3class_emotion-elicitation_2026-06-03_13-49-14,results/quick_v1_v2_comparison/2026-06-03_09-24-45/model_runs/2026-06-03_13-48-09/multiclass_table6_arousal_3class_emotion-elicitation_2026-06-03_13-49-14/subject_loo/fold_metrics.csv,GNN,s_P21,aggregated,0.4977168949771689,0.3713821138211382,0.4212543554006968,0.3713821138211382,0.2905965391621129,0.610152396681421,0.5124815044627942,0.4977168949771689,0.3792418344686478,0.5813361779529869,1.0202147960662842
multiclass_table6_arousal_3class,Table-6 Arousal,subject_loo,GNN_v2,GNN,results/quick_v1_v2_comparison/2026-06-03_09-24-45/model_runs/2026-06-03_13-48-09,results/quick_v1_v2_comparison/2026-06-03_09-24-45/model_runs/2026-06-03_13-48-09/multiclass_table6_arousal_3class_emotion-elicitation_2026-06-03_13-49-14,results/quick_v1_v2_comparison/2026-06-03_09-24-45/model_runs/2026-06-03_13-48-09/multiclass_table6_arousal_3class_emotion-elicitation_2026-06-03_13-49-14/subject_loo/fold_metrics.csv,GNN,s_P22,aggregated,0.4532710280373832,0.3490937746256895,0.3253707574400318,0.3490937746256895,0.2628281553171096,0.66853536431955,0.3965990684902454,0.4532710280373832,0.3351859098008603,0.6644315812896727,1.0107755661010742
multiclass_table6_arousal_3class,Table-6 Arousal,subject_loo,GNN_v2,GNN,results/quick_v1_v2_comparison/2026-06-03_09-24-45/model_runs/2026-06-03_13-48-09,results/quick_v1_v2_comparison/2026-06-03_09-24-45/model_runs/2026-06-03_13-48-09/multiclass_table6_arousal_3class_emotion-elicitation_2026-06-03_13-49-14,results/quick_v1_v2_comparison/2026-06-03_09-24-45/model_runs/2026-06-03_13-48-09/multiclass_table6_arousal_3class_emotion-elicitation_2026-06-03_13-49-14/subject_loo/fold_metrics.csv,GNN,s_P23,aggregated,0.5083333333333333,0.3879504504504504,0.3418225527758996,0.3879504504504504,0.3594966053982447,0.6666477665408613,0.4412328149650665,0.5083333333333333,0.4673807749627421,0.645111621353406,0.9422978162765504
multiclass_table6_arousal_3class,Table-6 Arousal,subject_loo,GNN_v2,GNN,results/quick_v1_v2_comparison/2026-06-03_09-24-45/model_runs/2026-06-03_13-48-09,results/quick_v1_v2_comparison/2026-06-03_09-24-45/model_runs/2026-06-03_13-48-09/multiclass_table6_arousal_3class_emotion-elicitation_2026-06-03_13-49-14,results/quick_v1_v2_comparison/2026-06-03_09-24-45/model_runs/2026-06-03_13-48-09/multiclass_table6_arousal_3class_emotion-elicitation_2026-06-03_13-49-14/subject_loo/fold_metrics.csv,GNN,s_P24,aggregated,0.5454545454545454,0.3875679347826087,0.2917635658914728,0.3875679347826087,0.3206498716702798,0.5772264560535304,0.3429641095338769,0.5454545454545454,0.4164782415511279,0.5497997215390966,1.1054707765579224
multiclass_table6_arousal_3class,Table-6 Arousal,subject_loo,GNN_v2,GNN,results/quick_v1_v2_comparison/2026-06-03_09-24-45/model_runs/2026-06-03_13-48-09,results/quick_v1_v2_comparison/2026-06-03_09-24-45/model_runs/2026-06-03_13-48-09/multiclass_table6_arousal_3class_emotion-elicitation_2026-06-03_13-49-14,results/quick_v1_v2_comparison/2026-06-03_09-24-45/model_runs/2026-06-03_13-48-09/multiclass_table6_arousal_3class_emotion-elicitation_2026-06-03_13-49-14/subject_loo/fold_metrics.csv,GNN,s_P27,aggregated,0.5695067264573991,0.4682946682946682,0.3997521010943829,0.4682946682946682,0.4180550272600481,0.7628946403880978,0.4870953205590699,0.5695067264573991,0.5089373954188109,0.762833737466576,0.951768398284912
multiclass_table6_arousal_3class,Table-6 Arousal,subject_loo,GNN_v2,GNN,results/quick_v1_v2_comparison/2026-06-03_09-24-45/model_runs/2026-06-03_13-48-09,results/quick_v1_v2_comparison/2026-06-03_09-24-45/model_runs/2026-06-03_13-48-09/multiclass_table6_arousal_3class_emotion-elicitation_2026-06-03_13-49-14,results/quick_v1_v2_comparison/2026-06-03_09-24-45/model_runs/2026-06-03_13-48-09/multiclass_table6_arousal_3class_emotion-elicitation_2026-06-03_13-49-14/subject_loo/fold_metrics.csv,GNN,s_P28,aggregated,0.6132075471698113,0.4416696973370509,0.4095301813856675,0.4416696973370509,0.4182961692395654,0.7266146803769401,0.5397356218336056,0.6132075471698113,0.5659632997831644,0.7216295740036089,0.8671558499336243
multiclass_table6_arousal_3class,Table-6 Arousal,subject_loo,GNN_v2,GNN,results/quick_v1_v2_comparison/2026-06-03_09-24-45/model_runs/2026-06-03_13-48-09,results/quick_v1_v2_comparison/2026-06-03_09-24-45/model_runs/2026-06-03_13-48-09/multiclass_table6_arousal_3class_emotion-elicitation_2026-06-03_13-49-14,results/quick_v1_v2_comparison/2026-06-03_09-24-45/model_runs/2026-06-03_13-48-09/multiclass_table6_arousal_3class_emotion-elicitation_2026-06-03_13-49-14/subject_loo/fold_metrics.csv,GNN,s_P29,aggregated,0.5046296296296297,0.3192171938879577,0.3835925174667567,0.3192171938879577,0.2861002178649237,0.6192427862028637,0.5214719029374202,0.5046296296296297,0.4506608569353667,0.6409042916784365,1.0031242370605469
multiclass_table6_arousal_3class,Table-6 Arousal,subject_loo,GNN_v2,GNN,results/quick_v1_v2_comparison/2026-06-03_09-24-45/model_runs/2026-06-03_13-48-09,results/quick_v1_v2_comparison/2026-06-03_09-24-45/model_runs/2026-06-03_13-48-09/multiclass_table6_arousal_3class_emotion-elicitation_2026-06-03_13-49-14,results/quick_v1_v2_comparison/2026-06-03_09-24-45/model_runs/2026-06-03_13-48-09/multiclass_table6_arousal_3class_emotion-elicitation_2026-06-03_13-49-14/subject_loo/fold_metrics.csv,GNN,s_P30,aggregated,0.5707964601769911,0.4358774914924647,0.396843853820598,0.4358774914924647,0.3976811594202898,0.6933289032147988,0.558900273424867,0.5707964601769911,0.5410542516352443,0.696051108782242,0.8863528370857239
multiclass_table6_arousal_3class,Table-6 Arousal,subject_loo,GNN_v2,GNN,results/quick_v1_v2_comparison/2026-06-03_09-24-45/model_runs/2026-06-03_13-48-09,results/quick_v1_v2_comparison/2026-06-03_09-24-45/model_runs/2026-06-03_13-48-09/multiclass_table6_arousal_3class_emotion-elicitation_2026-06-03_13-49-14,results/quick_v1_v2_comparison/2026-06-03_09-24-45/model_runs/2026-06-03_13-48-09/multiclass_table6_arousal_3class_emotion-elicitation_2026-06-03_13-49-14/subject_loo/fold_metrics.csv,GNN,s_P4,aggregated,0.4741035856573705,0.4255703067878231,0.4081996434937611,0.4255703067878231,0.3970234126262495,0.5995572515343132,0.4300303243354568,0.4741035856573705,0.4358525785668279,0.606986438591469,1.0998965501785278
multiclass_table6_arousal_3class,Table-6 Arousal,subject_loo,GNN_v2,GNN,results/quick_v1_v2_comparison/2026-06-03_09-24-45/model_runs/2026-06-03_13-48-09,results/quick_v1_v2_comparison/2026-06-03_09-24-45/model_runs/2026-06-03_13-48-09/multiclass_table6_arousal_3class_emotion-elicitation_2026-06-03_13-49-14,results/quick_v1_v2_comparison/2026-06-03_09-24-45/model_runs/2026-06-03_13-48-09/multiclass_table6_arousal_3class_emotion-elicitation_2026-06-03_13-49-14/subject_loo/fold_metrics.csv,GNN,s_P5,aggregated,0.36,0.3902900378310214,0.2940040782680376,0.3902900378310214,0.290559796437659,0.5940123969715448,0.3386854093453078,0.36,0.3075969465648855,0.6097459545801791,1.4414904713630676
multiclass_table6_arousal_3class,Table-6 Arousal,subject_loo,GNN_v2,GNN,results/quick_v1_v2_comparison/2026-06-03_09-24-45/model_runs/2026-06-03_13-48-09,results/quick_v1_v2_comparison/2026-06-03_09-24-45/model_runs/2026-06-03_13-48-09/multiclass_table6_arousal_3class_emotion-elicitation_2026-06-03_13-49-14,results/quick_v1_v2_comparison/2026-06-03_09-24-45/model_runs/2026-06-03_13-48-09/multiclass_table6_arousal_3class_emotion-elicitation_2026-06-03_13-49-14/subject_loo/fold_metrics.csv,GNN,s_P7,aggregated,0.5304347826086957,0.3728191000918273,0.2811378072355703,0.3728191000918273,0.3001996007984032,0.6205248188737469,0.3311768308058067,0.5304347826086957,0.3972715438687841,0.5960095607307778,1.0714606046676636
multiclass_table6_arousal_3class,Table-6 Arousal,subject_loo,GNN_v2,GNN,results/quick_v1_v2_comparison/2026-06-03_09-24-45/model_runs/2026-06-03_13-48-09,results/quick_v1_v2_comparison/2026-06-03_09-24-45/model_runs/2026-06-03_13-48-09/multiclass_table6_arousal_3class_emotion-elicitation_2026-06-03_13-49-14,results/quick_v1_v2_comparison/2026-06-03_09-24-45/model_runs/2026-06-03_13-48-09/multiclass_table6_arousal_3class_emotion-elicitation_2026-06-03_13-49-14/subject_loo/fold_metrics.csv,GNN,s_P8,aggregated,0.4611872146118721,0.397320140177283,0.422403350880172,0.397320140177283,0.3539940229462202,0.6148334196124043,0.4319256317986246,0.4611872146118721,0.3992988399888592,0.6112369576678455,1.031245231628418
multiclass_table6_arousal_3class,Table-6 Arousal,recording_loo,GNN_v2,GNN,results/quick_v1_v2_comparison/2026-06-03_09-24-45/model_runs/2026-06-03_13-48-09,results/quick_v1_v2_comparison/2026-06-03_09-24-45/model_runs/2026-06-03_13-48-09/multiclass_table6_arousal_3class_emotion-elicitation_2026-06-03_13-49-14,results/quick_v1_v2_comparison/2026-06-03_09-24-45/model_runs/2026-06-03_13-48-09/multiclass_table6_arousal_3class_emotion-elicitation_2026-06-03_13-49-14/recording_loo/fold_metrics.csv,GNN,r_107.avi,aggregated,0.1012658227848101,0.4523809523809524,0.0900178253119429,0.4523809523809524,0.1422222222222222,0.5983585504909036,0.017024301089826,0.1012658227848101,0.0276793248945147,0.6707404743638922,1.5703485012054443
multiclass_table6_arousal_3class,Table-6 Arousal,recording_loo,GNN_v2,GNN,results/quick_v1_v2_comparison/2026-06-03_09-24-45/model_runs/2026-06-03_13-48-09,results/quick_v1_v2_comparison/2026-06-03_09-24-45/model_runs/2026-06-03_13-48-09/multiclass_table6_arousal_3class_emotion-elicitation_2026-06-03_13-49-14,results/quick_v1_v2_comparison/2026-06-03_09-24-45/model_runs/2026-06-03_13-48-09/multiclass_table6_arousal_3class_emotion-elicitation_2026-06-03_13-49-14/recording_loo/fold_metrics.csv,GNN,r_111.avi,aggregated,0.3836858006042296,0.2393899204244031,0.2877492877492877,0.1595932802829354,0.2045761256287571,0.4067828723001137,0.6758979523329977,0.3836858006042296,0.4890935110365861,0.4140438163773928,1.1180464625358582
multiclass_table6_arousal_3class,Table-6 Arousal,recording_loo,GNN_v2,GNN,results/quick_v1_v2_comparison/2026-06-03_09-24-45/model_runs/2026-06-03_13-48-09,results/quick_v1_v2_comparison/2026-06-03_09-24-45/model_runs/2026-06-03_13-48-09/multiclass_table6_arousal_3class_emotion-elicitation_2026-06-03_13-49-14,results/quick_v1_v2_comparison/2026-06-03_09-24-45/model_runs/2026-06-03_13-48-09/multiclass_table6_arousal_3class_emotion-elicitation_2026-06-03_13-49-14/recording_loo/fold_metrics.csv,GNN,r_138.avi,aggregated,0.6724137931034483,0.3534743202416918,0.3236514522821577,0.2356495468277945,0.2727272727272727,0.43202416918429,0.9235226784947774,0.6724137931034483,0.7782131661442007,0.6438487260723647,0.8798828721046448
multiclass_table6_arousal_3class,Table-6 Arousal,recording_loo,GNN_v2,GNN,results/quick_v1_v2_comparison/2026-06-03_09-24-45/model_runs/2026-06-03_13-48-09,results/quick_v1_v2_comparison/2026-06-03_09-24-45/model_runs/2026-06-03_13-48-09/multiclass_table6_arousal_3class_emotion-elicitation_2026-06-03_13-49-14,results/quick_v1_v2_comparison/2026-06-03_09-24-45/model_runs/2026-06-03_13-48-09/multiclass_table6_arousal_3class_emotion-elicitation_2026-06-03_13-49-14/recording_loo/fold_metrics.csv,GNN,r_146.avi,aggregated,0.7286245353159851,0.3798449612403101,0.3250414593698176,0.2532299741602067,0.2846768336964415,0.4735729386892178,0.9352494035399213,0.7286245353159851,0.819107320747382,0.6097846276371391,1.0058454871177671
multiclass_table6_arousal_3class,Table-6 Arousal,recording_loo,GNN_v2,GNN,results/quick_v1_v2_comparison/2026-06-03_09-24-45/model_runs/2026-06-03_13-48-09,results/quick_v1_v2_comparison/2026-06-03_09-24-45/model_runs/2026-06-03_13-48-09/multiclass_table6_arousal_3class_emotion-elicitation_2026-06-03_13-49-14,results/quick_v1_v2_comparison/2026-06-03_09-24-45/model_runs/2026-06-03_13-48-09/multiclass_table6_arousal_3class_emotion-elicitation_2026-06-03_13-49-14/recording_loo/fold_metrics.csv,GNN,r_30.avi,aggregated,0.1804878048780487,0.3854166666666667,0.0734126984126984,0.2569444444444445,0.1141975308641975,0.5145966029723992,0.051567944250871,0.1804878048780487,0.0802168021680216,0.5356927398891823,1.204490303993225
multiclass_table6_arousal_3class,Table-6 Arousal,recording_loo,GNN_v2,GNN,results/quick_v1_v2_comparison/2026-06-03_09-24-45/model_runs/2026-06-03_13-48-09,results/quick_v1_v2_comparison/2026-06-03_09-24-45/model_runs/2026-06-03_13-48-09/multiclass_table6_arousal_3class_emotion-elicitation_2026-06-03_13-49-14,results/quick_v1_v2_comparison/2026-06-03_09-24-45/model_runs/2026-06-03_13-48-09/multiclass_table6_arousal_3class_emotion-elicitation_2026-06-03_13-49-14/recording_loo/fold_metrics.csv,GNN,r_52.avi,aggregated,0.335593220338983,0.4370606457762421,0.2910157814627894,0.2913737638508281,0.2237237237237237,0.4511497676635291,0.5360425093381236,0.335593220338983,0.3345090853565429,0.5031434589357152,0.9530095160007476
multiclass_table6_arousal_3class,Table-6 Arousal,recording_loo,GNN_v2,GNN,results/quick_v1_v2_comparison/2026-06-03_09-24-45/model_runs/2026-06-03_13-48-09,results/quick_v1_v2_comparison/2026-06-03_09-24-45/model_runs/2026-06-03_13-48-09/multiclass_table6_arousal_3class_emotion-elicitation_2026-06-03_13-49-14,results/quick_v1_v2_comparison/2026-06-03_09-24-45/model_runs/2026-06-03_13-48-09/multiclass_table6_arousal_3class_emotion-elicitation_2026-06-03_13-49-14/recording_loo/fold_metrics.csv,GNN,r_53.avi,aggregated,0.3256578947368421,0.2881333063482426,0.2597176759410802,0.2881333063482426,0.2335702597029468,0.5260759207502749,0.3932135762124214,0.3256578947368421,0.3126763223311924,0.5035418966685327,1.2429261803627014
multiclass_table6_arousal_3class,Table-6 Arousal,recording_loo,GNN_v2,GNN,results/quick_v1_v2_comparison/2026-06-03_09-24-45/model_runs/2026-06-03_13-48-09,results/quick_v1_v2_comparison/2026-06-03_09-24-45/model_runs/2026-06-03_13-48-09/multiclass_table6_arousal_3class_emotion-elicitation_2026-06-03_13-49-14,results/quick_v1_v2_comparison/2026-06-03_09-24-45/model_runs/2026-06-03_13-48-09/multiclass_table6_arousal_3class_emotion-elicitation_2026-06-03_13-49-14/recording_loo/fold_metrics.csv,GNN,r_55.avi,aggregated,0.3817427385892116,0.4554455445544554,0.1406727828746177,0.3036303630363036,0.1922675026123302,0.4788896746817538,0.1768624614564696,0.3817427385892116,0.2417305115831371,0.4625297117737855,1.3008756637573242
multiclass_table6_arousal_3class,Table-6 Arousal,recording_loo,GNN_v2,GNN,results/quick_v1_v2_comparison/2026-06-03_09-24-45/model_runs/2026-06-03_13-48-09,results/quick_v1_v2_comparison/2026-06-03_09-24-45/model_runs/2026-06-03_13-48-09/multiclass_table6_arousal_3class_emotion-elicitation_2026-06-03_13-49-14,results/quick_v1_v2_comparison/2026-06-03_09-24-45/model_runs/2026-06-03_13-48-09/multiclass_table6_arousal_3class_emotion-elicitation_2026-06-03_13-49-14/recording_loo/fold_metrics.csv,GNN,r_58.avi,aggregated,0.5177664974619289,0.5324361628709455,0.3462516319659177,0.3549574419139636,0.3098336431669765,0.4966356107660455,0.7207462588173249,0.5177664974619289,0.5716376274751909,0.5086231358577419,1.068050742149353
multiclass_table6_arousal_3class,Table-6 Arousal,recording_loo,GNN_v2,GNN,results/quick_v1_v2_comparison/2026-06-03_09-24-45/model_runs/2026-06-03_13-48-09,results/quick_v1_v2_comparison/2026-06-03_09-24-45/model_runs/2026-06-03_13-48-09/multiclass_table6_arousal_3class_emotion-elicitation_2026-06-03_13-49-14,results/quick_v1_v2_comparison/2026-06-03_09-24-45/model_runs/2026-06-03_13-48-09/multiclass_table6_arousal_3class_emotion-elicitation_2026-06-03_13-49-14/recording_loo/fold_metrics.csv,GNN,r_69.avi,aggregated,0.6915887850467289,0.4157303370786517,0.2740740740740741,0.2771535580524344,0.2756052141527002,0.495396379525593,0.6839044652128764,0.6915887850467289,0.6877251605492612,0.4850931079141727,1.0207595825195312
multiclass_table6_arousal_3class,Table-6 Arousal,recording_loo,GNN_v2,GNN,results/quick_v1_v2_comparison/2026-06-03_09-24-45/model_runs/2026-06-03_13-48-09,results/quick_v1_v2_comparison/2026-06-03_09-24-45/model_runs/2026-06-03_13-48-09/multiclass_table6_arousal_3class_emotion-elicitation_2026-06-03_13-49-14,results/quick_v1_v2_comparison/2026-06-03_09-24-45/model_runs/2026-06-03_13-48-09/multiclass_table6_arousal_3class_emotion-elicitation_2026-06-03_13-49-14/recording_loo/fold_metrics.csv,GNN,r_73.avi,aggregated,0.1229508196721311,0.2166863207547169,0.3672839506172839,0.1444575471698113,0.1072150072150072,0.5154775943396226,0.8822100789313905,0.1229508196721311,0.1635370094386488,0.5907269757191462,2.0349810123443604
multiclass_table6_arousal_3class,Table-6 Arousal,recording_loo,GNN_v2,GNN,results/quick_v1_v2_comparison/2026-06-03_09-24-45/model_runs/2026-06-03_13-48-09,results/quick_v1_v2_comparison/2026-06-03_09-24-45/model_runs/2026-06-03_13-48-09/multiclass_table6_arousal_3class_emotion-elicitation_2026-06-03_13-49-14,results/quick_v1_v2_comparison/2026-06-03_09-24-45/model_runs/2026-06-03_13-48-09/multiclass_table6_arousal_3class_emotion-elicitation_2026-06-03_13-49-14/recording_loo/fold_metrics.csv,GNN,r_79.avi,aggregated,0.3987730061349693,0.4082750582750583,0.2941391941391941,0.2721833721833722,0.245268817204301,0.4121212121212121,0.6122160048540416,0.3987730061349693,0.4524638828418761,0.4150342500035751,1.1576014757156372
multiclass_table6_arousal_3class,Table-6 Arousal,recording_loo,GNN_v2,GNN,results/quick_v1_v2_comparison/2026-06-03_09-24-45/model_runs/2026-06-03_13-48-09,results/quick_v1_v2_comparison/2026-06-03_09-24-45/model_runs/2026-06-03_13-48-09/multiclass_table6_arousal_3class_emotion-elicitation_2026-06-03_13-49-14,results/quick_v1_v2_comparison/2026-06-03_09-24-45/model_runs/2026-06-03_13-48-09/multiclass_table6_arousal_3class_emotion-elicitation_2026-06-03_13-49-14/recording_loo/fold_metrics.csv,GNN,r_80.avi,aggregated,0.043010752688172,0.5,0.014336917562724,0.3333333333333333,0.0274914089347079,0.4809612983770287,0.001849924846803,0.043010752688172,0.0035472785722203,0.4738297558159827,1.116337537765503
multiclass_table6_arousal_3class,Table-6 Arousal,recording_loo,GNN_v2,GNN,results/quick_v1_v2_comparison/2026-06-03_09-24-45/model_runs/2026-06-03_13-48-09,results/quick_v1_v2_comparison/2026-06-03_09-24-45/model_runs/2026-06-03_13-48-09/multiclass_table6_arousal_3class_emotion-elicitation_2026-06-03_13-49-14,results/quick_v1_v2_comparison/2026-06-03_09-24-45/model_runs/2026-06-03_13-48-09/multiclass_table6_arousal_3class_emotion-elicitation_2026-06-03_13-49-14/recording_loo/fold_metrics.csv,GNN,r_90.avi,aggregated,0.23046875,0.2004668534080298,0.2517834109873911,0.2004668534080298,0.1495739640500127,0.3664941244424285,0.5723348781884229,0.23046875,0.2879352264816823,0.2703474381031958,1.0653250217437744
multiclass_table6_arousal_3class,Table-6 Arousal,recording_loo,GNN_v2,GNN,results/quick_v1_v2_comparison/2026-06-03_09-24-45/model_runs/2026-06-03_13-48-09,results/quick_v1_v2_comparison/2026-06-03_09-24-45/model_runs/2026-06-03_13-48-09/multiclass_table6_arousal_3class_emotion-elicitation_2026-06-03_13-49-14,results/quick_v1_v2_comparison/2026-06-03_09-24-45/model_runs/2026-06-03_13-48-09/multiclass_table6_arousal_3class_emotion-elicitation_2026-06-03_13-49-14/recording_loo/fold_metrics.csv,GNN,r_cats_f.avi,aggregated,0.3424657534246575,,0.3333333333333333,0.1141552511415525,0.1700680272108843,,1.0,0.3424657534246575,0.5102040816326531,,1.1174485087394714
multiclass_table6_arousal_3class,Table-6 Arousal,recording_loo,GNN_v2,GNN,results/quick_v1_v2_comparison/2026-06-03_09-24-45/model_runs/2026-06-03_13-48-09,results/quick_v1_v2_comparison/2026-06-03_09-24-45/model_runs/2026-06-03_13-48-09/multiclass_table6_arousal_3class_emotion-elicitation_2026-06-03_13-49-14,results/quick_v1_v2_comparison/2026-06-03_09-24-45/model_runs/2026-06-03_13-48-09/multiclass_table6_arousal_3class_emotion-elicitation_2026-06-03_13-49-14/recording_loo/fold_metrics.csv,GNN,r_dallas_f.avi,aggregated,0.5189393939393939,0.3710736052508204,0.353453196347032,0.2473824035005469,0.2862621881960732,0.5754805438349742,0.8276239492528019,0.5189393939393939,0.6361333161682765,0.6033879583457643,1.0570849180221558
multiclass_table6_arousal_3class,Table-6 Arousal,recording_loo,GNN_v2,GNN,results/quick_v1_v2_comparison/2026-06-03_09-24-45/model_runs/2026-06-03_13-48-09,results/quick_v1_v2_comparison/2026-06-03_09-24-45/model_runs/2026-06-03_13-48-09/multiclass_table6_arousal_3class_emotion-elicitation_2026-06-03_13-49-14,results/quick_v1_v2_comparison/2026-06-03_09-24-45/model_runs/2026-06-03_13-48-09/multiclass_table6_arousal_3class_emotion-elicitation_2026-06-03_13-49-14/recording_loo/fold_metrics.csv,GNN,r_detroit_f.avi,aggregated,0.7709923664122137,0.4023904382470119,0.3206349206349206,0.2682602921646746,0.292118582791034,0.6052155016298442,0.921519447473646,0.7709923664122137,0.8395621864185061,0.5942669295061254,1.2378397285938263
multiclass_table6_arousal_3class,Table-6 Arousal,recording_loo,GNN_v2,GNN,results/quick_v1_v2_comparison/2026-06-03_09-24-45/model_runs/2026-06-03_13-48-09,results/quick_v1_v2_comparison/2026-06-03_09-24-45/model_runs/2026-06-03_13-48-09/multiclass_table6_arousal_3class_emotion-elicitation_2026-06-03_13-49-14,results/quick_v1_v2_comparison/2026-06-03_09-24-45/model_runs/2026-06-03_13-48-09/multiclass_table6_arousal_3class_emotion-elicitation_2026-06-03_13-49-14/recording_loo/fold_metrics.csv,GNN,r_earworm_f.avi,aggregated,0.5729166666666666,0.4796581196581196,0.2885122410546139,0.3197720797720798,0.2699924414210128,0.5177777777777778,0.4691031073446328,0.5729166666666666,0.4741354875283447,0.5106356837606838,0.8873712420463562
multiclass_table6_arousal_3class,Table-6 Arousal,recording_loo,GNN_v2,GNN,results/quick_v1_v2_comparison/2026-06-03_09-24-45/model_runs/2026-06-03_13-48-09,results/quick_v1_v2_comparison/2026-06-03_09-24-45/model_runs/2026-06-03_13-48-09/multiclass_table6_arousal_3class_emotion-elicitation_2026-06-03_13-49-14,results/quick_v1_v2_comparison/2026-06-03_09-24-45/model_runs/2026-06-03_13-48-09/multiclass_table6_arousal_3class_emotion-elicitation_2026-06-03_13-49-14/recording_loo/fold_metrics.csv,GNN,r_funny_f.avi,aggregated,0.5320754716981132,0.4175225645813881,0.3245550745550745,0.4175225645813881,0.3318277008992731,0.601668170846326,0.5806937297503336,0.5320754716981132,0.5369857961786895,0.6113284676975611,1.0581312775611875
multiclass_table6_arousal_3class,Table-6 Arousal,recording_loo,GNN_v2,GNN,results/quick_v1_v2_comparison/2026-06-03_09-24-45/model_runs/2026-06-03_13-48-09,results/quick_v1_v2_comparison/2026-06-03_09-24-45/model_runs/2026-06-03_13-48-09/multiclass_table6_arousal_3class_emotion-elicitation_2026-06-03_13-49-14,results/quick_v1_v2_comparison/2026-06-03_09-24-45/model_runs/2026-06-03_13-48-09/multiclass_table6_arousal_3class_emotion-elicitation_2026-06-03_13-49-14/recording_loo/fold_metrics.csv,GNN,r_newyork_f.avi,aggregated,0.788235294117647,0.411888341543514,0.4024847632442569,0.411888341543514,0.4024665257223397,0.5470729440562156,0.6897686219354127,0.788235294117647,0.7339161795796543,0.5888950612809813,0.9791256189346312
multiclass_table6_valence_3class,Table-6 Valence,subject_loo,GNN_v2,GNN,results/quick_v1_v2_comparison/2026-06-03_09-24-45/model_runs/2026-06-03_13-48-09,results/quick_v1_v2_comparison/2026-06-03_09-24-45/model_runs/2026-06-03_13-48-09/multiclass_table6_valence_3class_emotion-elicitation_2026-06-03_15-04-16,results/quick_v1_v2_comparison/2026-06-03_09-24-45/model_runs/2026-06-03_13-48-09/multiclass_table6_valence_3class_emotion-elicitation_2026-06-03_15-04-16/subject_loo/fold_metrics.csv,GNN,s_P1,aggregated,0.425,0.4347159376571141,0.3634639696586599,0.4347159376571141,0.3610858168173609,0.592873172281148,0.3753950695322376,0.425,0.3668684576585211,0.5778377169439971,1.2027381658554075
multiclass_table6_valence_3class,Table-6 Valence,subject_loo,GNN_v2,GNN,results/quick_v1_v2_comparison/2026-06-03_09-24-45/model_runs/2026-06-03_13-48-09,results/quick_v1_v2_comparison/2026-06-03_09-24-45/model_runs/2026-06-03_13-48-09/multiclass_table6_valence_3class_emotion-elicitation_2026-06-03_15-04-16,results/quick_v1_v2_comparison/2026-06-03_09-24-45/model_runs/2026-06-03_13-48-09/multiclass_table6_valence_3class_emotion-elicitation_2026-06-03_15-04-16/subject_loo/fold_metrics.csv,GNN,s_P10,aggregated,0.5545851528384279,0.5615958408679927,0.5992540159206826,0.5615958408679927,0.5467330051061068,0.7364082323960575,0.6037091364602282,0.5545851528384279,0.5453732138670851,0.7346754935589013,1.0250084400177002
multiclass_table6_valence_3class,Table-6 Valence,subject_loo,GNN_v2,GNN,results/quick_v1_v2_comparison/2026-06-03_09-24-45/model_runs/2026-06-03_13-48-09,results/quick_v1_v2_comparison/2026-06-03_09-24-45/model_runs/2026-06-03_13-48-09/multiclass_table6_valence_3class_emotion-elicitation_2026-06-03_15-04-16,results/quick_v1_v2_comparison/2026-06-03_09-24-45/model_runs/2026-06-03_13-48-09/multiclass_table6_valence_3class_emotion-elicitation_2026-06-03_15-04-16/subject_loo/fold_metrics.csv,GNN,s_P13,aggregated,0.4322033898305085,0.4324584264085381,0.3582353319195424,0.4324584264085381,0.3668968130610501,0.6573915042098505,0.3555993144530165,0.4322033898305085,0.3649026989678054,0.6545844820882639,1.0758216381072998
multiclass_table6_valence_3class,Table-6 Valence,subject_loo,GNN_v2,GNN,results/quick_v1_v2_comparison/2026-06-03_09-24-45/model_runs/2026-06-03_13-48-09,results/quick_v1_v2_comparison/2026-06-03_09-24-45/model_runs/2026-06-03_13-48-09/multiclass_table6_valence_3class_emotion-elicitation_2026-06-03_15-04-16,results/quick_v1_v2_comparison/2026-06-03_09-24-45/model_runs/2026-06-03_13-48-09/multiclass_table6_valence_3class_emotion-elicitation_2026-06-03_15-04-16/subject_loo/fold_metrics.csv,GNN,s_P14,aggregated,0.5576036866359447,0.5367739615177126,0.5817922691879867,0.5367739615177126,0.5269043427797659,0.7647277667885471,0.5780656502616834,0.5576036866359447,0.5355786594804782,0.7671123644450558,0.9262705445289612
multiclass_table6_valence_3class,Table-6 Valence,subject_loo,GNN_v2,GNN,results/quick_v1_v2_comparison/2026-06-03_09-24-45/model_runs/2026-06-03_13-48-09,results/quick_v1_v2_comparison/2026-06-03_09-24-45/model_runs/2026-06-03_13-48-09/multiclass_table6_valence_3class_emotion-elicitation_2026-06-03_15-04-16,results/quick_v1_v2_comparison/2026-06-03_09-24-45/model_runs/2026-06-03_13-48-09/multiclass_table6_valence_3class_emotion-elicitation_2026-06-03_15-04-16/subject_loo/fold_metrics.csv,GNN,s_P16,aggregated,0.5958549222797928,0.5995148607223778,0.6417325364693786,0.5995148607223778,0.5996172353455819,0.7817718541429057,0.6524097209943951,0.5958549222797928,0.6055747079542517,0.7806895993424491,0.8514519929885864
multiclass_table6_valence_3class,Table-6 Valence,subject_loo,GNN_v2,GNN,results/quick_v1_v2_comparison/2026-06-03_09-24-45/model_runs/2026-06-03_13-48-09,results/quick_v1_v2_comparison/2026-06-03_09-24-45/model_runs/2026-06-03_13-48-09/multiclass_table6_valence_3class_emotion-elicitation_2026-06-03_15-04-16,results/quick_v1_v2_comparison/2026-06-03_09-24-45/model_runs/2026-06-03_13-48-09/multiclass_table6_valence_3class_emotion-elicitation_2026-06-03_15-04-16/subject_loo/fold_metrics.csv,GNN,s_P17,aggregated,0.5857740585774058,0.5335090640029597,0.5816422651795289,0.5335090640029597,0.5371893448383888,0.6953787817708994,0.5779227223835599,0.5857740585774058,0.5630396292839638,0.7098504851882744,0.934575855731964
multiclass_table6_valence_3class,Table-6 Valence,subject_loo,GNN_v2,GNN,results/quick_v1_v2_comparison/2026-06-03_09-24-45/model_runs/2026-06-03_13-48-09,results/quick_v1_v2_comparison/2026-06-03_09-24-45/model_runs/2026-06-03_13-48-09/multiclass_table6_valence_3class_emotion-elicitation_2026-06-03_15-04-16,results/quick_v1_v2_comparison/2026-06-03_09-24-45/model_runs/2026-06-03_13-48-09/multiclass_table6_valence_3class_emotion-elicitation_2026-06-03_15-04-16/subject_loo/fold_metrics.csv,GNN,s_P18,aggregated,0.3728070175438596,0.4586574606827771,0.5713007693684022,0.4586574606827771,0.3449172576832151,0.6462880522947043,0.6410171295119172,0.3728070175438596,0.3136151549085479,0.6365290806049994,1.1151001453399658
multiclass_table6_valence_3class,Table-6 Valence,subject_loo,GNN_v2,GNN,results/quick_v1_v2_comparison/2026-06-03_09-24-45/model_runs/2026-06-03_13-48-09,results/quick_v1_v2_comparison/2026-06-03_09-24-45/model_runs/2026-06-03_13-48-09/multiclass_table6_valence_3class_emotion-elicitation_2026-06-03_15-04-16,results/quick_v1_v2_comparison/2026-06-03_09-24-45/model_runs/2026-06-03_13-48-09/multiclass_table6_valence_3class_emotion-elicitation_2026-06-03_15-04-16/subject_loo/fold_metrics.csv,GNN,s_P19,aggregated,0.519650655021834,0.5185884209932916,0.6522556390977443,0.5185884209932916,0.4756219713032568,0.7377448440766553,0.6534048002101323,0.519650655021834,0.4790802754771802,0.7386934832349679,0.9873778223991394
multiclass_table6_valence_3class,Table-6 Valence,subject_loo,GNN_v2,GNN,results/quick_v1_v2_comparison/2026-06-03_09-24-45/model_runs/2026-06-03_13-48-09,results/quick_v1_v2_comparison/2026-06-03_09-24-45/model_runs/2026-06-03_13-48-09/multiclass_table6_valence_3class_emotion-elicitation_2026-06-03_15-04-16,results/quick_v1_v2_comparison/2026-06-03_09-24-45/model_runs/2026-06-03_13-48-09/multiclass_table6_valence_3class_emotion-elicitation_2026-06-03_15-04-16/subject_loo/fold_metrics.csv,GNN,s_P2,aggregated,0.4024896265560166,0.4901912901912902,0.5533769063180828,0.4901912901912902,0.3967452300785634,0.7062405991075141,0.6770604507363112,0.4024896265560166,0.3675073197894774,0.7076992214659418,1.1343261003494265
multiclass_table6_valence_3class,Table-6 Valence,subject_loo,GNN_v2,GNN,results/quick_v1_v2_comparison/2026-06-03_09-24-45/model_runs/2026-06-03_13-48-09,results/quick_v1_v2_comparison/2026-06-03_09-24-45/model_runs/2026-06-03_13-48-09/multiclass_table6_valence_3class_emotion-elicitation_2026-06-03_15-04-16,results/quick_v1_v2_comparison/2026-06-03_09-24-45/model_runs/2026-06-03_13-48-09/multiclass_table6_valence_3class_emotion-elicitation_2026-06-03_15-04-16/subject_loo/fold_metrics.csv,GNN,s_P20,aggregated,0.5265486725663717,0.5468783460999918,0.5622569444444445,0.5468783460999918,0.5179346616532546,0.7410348403900504,0.5702687131268437,0.5265486725663717,0.5085206961846798,0.7392854133857333,0.982537031173706
multiclass_table6_valence_3class,Table-6 Valence,subject_loo,GNN_v2,GNN,results/quick_v1_v2_comparison/2026-06-03_09-24-45/model_runs/2026-06-03_13-48-09,results/quick_v1_v2_comparison/2026-06-03_09-24-45/model_runs/2026-06-03_13-48-09/multiclass_table6_valence_3class_emotion-elicitation_2026-06-03_15-04-16,results/quick_v1_v2_comparison/2026-06-03_09-24-45/model_runs/2026-06-03_13-48-09/multiclass_table6_valence_3class_emotion-elicitation_2026-06-03_15-04-16/subject_loo/fold_metrics.csv,GNN,s_P21,aggregated,0.4840182648401826,0.4859375386452691,0.7145541240368827,0.4859375386452691,0.4309893809893809,0.7405065556628799,0.7046865510493285,0.4840182648401826,0.4140560859738942,0.736661957326726,1.0574969053268433
multiclass_table6_valence_3class,Table-6 Valence,subject_loo,GNN_v2,GNN,results/quick_v1_v2_comparison/2026-06-03_09-24-45/model_runs/2026-06-03_13-48-09,results/quick_v1_v2_comparison/2026-06-03_09-24-45/model_runs/2026-06-03_13-48-09/multiclass_table6_valence_3class_emotion-elicitation_2026-06-03_15-04-16,results/quick_v1_v2_comparison/2026-06-03_09-24-45/model_runs/2026-06-03_13-48-09/multiclass_table6_valence_3class_emotion-elicitation_2026-06-03_15-04-16/subject_loo/fold_metrics.csv,GNN,s_P22,aggregated,0.4392523364485981,0.412134356578801,0.2906773977196512,0.412134356578801,0.3286526040389175,0.6127849412752485,0.3150952443633765,0.4392523364485981,0.3535028963481027,0.6240281892551699,1.0711023807525637
multiclass_table6_valence_3class,Table-6 Valence,subject_loo,GNN_v2,GNN,results/quick_v1_v2_comparison/2026-06-03_09-24-45/model_runs/2026-06-03_13-48-09,results/quick_v1_v2_comparison/2026-06-03_09-24-45/model_runs/2026-06-03_13-48-09/multiclass_table6_valence_3class_emotion-elicitation_2026-06-03_15-04-16,results/quick_v1_v2_comparison/2026-06-03_09-24-45/model_runs/2026-06-03_13-48-09/multiclass_table6_valence_3class_emotion-elicitation_2026-06-03_15-04-16/subject_loo/fold_metrics.csv,GNN,s_P23,aggregated,0.5416666666666666,0.5597505064856474,0.5298107468832715,0.5597505064856474,0.5381288981288982,0.7387273569272294,0.5519037609123453,0.5416666666666666,0.5427418572418573,0.7203736403445316,0.9101037383079528
multiclass_table6_valence_3class,Table-6 Valence,subject_loo,GNN_v2,GNN,results/quick_v1_v2_comparison/2026-06-03_09-24-45/model_runs/2026-06-03_13-48-09,results/quick_v1_v2_comparison/2026-06-03_09-24-45/model_runs/2026-06-03_13-48-09/multiclass_table6_valence_3class_emotion-elicitation_2026-06-03_15-04-16,results/quick_v1_v2_comparison/2026-06-03_09-24-45/model_runs/2026-06-03_13-48-09/multiclass_table6_valence_3class_emotion-elicitation_2026-06-03_15-04-16/subject_loo/fold_metrics.csv,GNN,s_P24,aggregated,0.3766233766233766,0.3999999999999999,0.7767441860465117,0.3999999999999999,0.2810521082446355,0.6736170055654013,0.7941407429779522,0.3766233766233766,0.2726578983124721,0.6718379991972707,1.2068192958831787
multiclass_table6_valence_3class,Table-6 Valence,subject_loo,GNN_v2,GNN,results/quick_v1_v2_comparison/2026-06-03_09-24-45/model_runs/2026-06-03_13-48-09,results/quick_v1_v2_comparison/2026-06-03_09-24-45/model_runs/2026-06-03_13-48-09/multiclass_table6_valence_3class_emotion-elicitation_2026-06-03_15-04-16,results/quick_v1_v2_comparison/2026-06-03_09-24-45/model_runs/2026-06-03_13-48-09/multiclass_table6_valence_3class_emotion-elicitation_2026-06-03_15-04-16/subject_loo/fold_metrics.csv,GNN,s_P27,aggregated,0.5067264573991032,0.577177871914714,0.6474323062558357,0.577177871914714,0.4696152768107814,0.7814142643143067,0.7390410872869326,0.5067264573991032,0.4743527306446821,0.7724843317815796,1.1021236181259155
multiclass_table6_valence_3class,Table-6 Valence,subject_loo,GNN_v2,GNN,results/quick_v1_v2_comparison/2026-06-03_09-24-45/model_runs/2026-06-03_13-48-09,results/quick_v1_v2_comparison/2026-06-03_09-24-45/model_runs/2026-06-03_13-48-09/multiclass_table6_valence_3class_emotion-elicitation_2026-06-03_15-04-16,results/quick_v1_v2_comparison/2026-06-03_09-24-45/model_runs/2026-06-03_13-48-09/multiclass_table6_valence_3class_emotion-elicitation_2026-06-03_15-04-16/subject_loo/fold_metrics.csv,GNN,s_P28,aggregated,0.5094339622641509,0.4535566779307922,0.7094017094017094,0.4535566779307922,0.4210905265737979,0.7978925715156229,0.664247701983551,0.5094339622641509,0.439091130865347,0.7944850940002716,1.0118199586868286
multiclass_table6_valence_3class,Table-6 Valence,subject_loo,GNN_v2,GNN,results/quick_v1_v2_comparison/2026-06-03_09-24-45/model_runs/2026-06-03_13-48-09,results/quick_v1_v2_comparison/2026-06-03_09-24-45/model_runs/2026-06-03_13-48-09/multiclass_table6_valence_3class_emotion-elicitation_2026-06-03_15-04-16,results/quick_v1_v2_comparison/2026-06-03_09-24-45/model_runs/2026-06-03_13-48-09/multiclass_table6_valence_3class_emotion-elicitation_2026-06-03_15-04-16/subject_loo/fold_metrics.csv,GNN,s_P29,aggregated,0.5416666666666666,0.4319789822520996,0.6717171717171717,0.4319789822520996,0.3912419160191896,0.7694250616767541,0.6137065095398428,0.5416666666666666,0.436799264091615,0.7738534659440647,0.9702562689781188
multiclass_table6_valence_3class,Table-6 Valence,subject_loo,GNN_v2,GNN,results/quick_v1_v2_comparison/2026-06-03_09-24-45/model_runs/2026-06-03_13-48-09,results/quick_v1_v2_comparison/2026-06-03_09-24-45/model_runs/2026-06-03_13-48-09/multiclass_table6_valence_3class_emotion-elicitation_2026-06-03_15-04-16,results/quick_v1_v2_comparison/2026-06-03_09-24-45/model_runs/2026-06-03_13-48-09/multiclass_table6_valence_3class_emotion-elicitation_2026-06-03_15-04-16/subject_loo/fold_metrics.csv,GNN,s_P30,aggregated,0.5353982300884956,0.5182804940157881,0.5666666666666667,0.5182804940157881,0.5013631513724814,0.7007889065056894,0.5566371681415929,0.5353982300884956,0.5039665178381455,0.7017669215729508,0.9828854203224182
multiclass_table6_valence_3class,Table-6 Valence,subject_loo,GNN_v2,GNN,results/quick_v1_v2_comparison/2026-06-03_09-24-45/model_runs/2026-06-03_13-48-09,results/quick_v1_v2_comparison/2026-06-03_09-24-45/model_runs/2026-06-03_13-48-09/multiclass_table6_valence_3class_emotion-elicitation_2026-06-03_15-04-16,results/quick_v1_v2_comparison/2026-06-03_09-24-45/model_runs/2026-06-03_13-48-09/multiclass_table6_valence_3class_emotion-elicitation_2026-06-03_15-04-16/subject_loo/fold_metrics.csv,GNN,s_P4,aggregated,0.4661354581673306,0.4751677530346335,0.5192299141878974,0.4751677530346335,0.4526322458029775,0.6844700754491583,0.5237864069930762,0.4661354581673306,0.4505319110002814,0.6841628517310393,1.0624370574951172
multiclass_table6_valence_3class,Table-6 Valence,subject_loo,GNN_v2,GNN,results/quick_v1_v2_comparison/2026-06-03_09-24-45/model_runs/2026-06-03_13-48-09,results/quick_v1_v2_comparison/2026-06-03_09-24-45/model_runs/2026-06-03_13-48-09/multiclass_table6_valence_3class_emotion-elicitation_2026-06-03_15-04-16,results/quick_v1_v2_comparison/2026-06-03_09-24-45/model_runs/2026-06-03_13-48-09/multiclass_table6_valence_3class_emotion-elicitation_2026-06-03_15-04-16/subject_loo/fold_metrics.csv,GNN,s_P5,aggregated,0.5345454545454545,0.5502212318955912,0.5306397306397307,0.5502212318955912,0.5220697035110053,0.7353562963958064,0.5716877869605143,0.5345454545454545,0.5402053970825764,0.7270684464342467,0.8722317218780518
multiclass_table6_valence_3class,Table-6 Valence,subject_loo,GNN_v2,GNN,results/quick_v1_v2_comparison/2026-06-03_09-24-45/model_runs/2026-06-03_13-48-09,results/quick_v1_v2_comparison/2026-06-03_09-24-45/model_runs/2026-06-03_13-48-09/multiclass_table6_valence_3class_emotion-elicitation_2026-06-03_15-04-16,results/quick_v1_v2_comparison/2026-06-03_09-24-45/model_runs/2026-06-03_13-48-09/multiclass_table6_valence_3class_emotion-elicitation_2026-06-03_15-04-16/subject_loo/fold_metrics.csv,GNN,s_P7,aggregated,0.6260869565217392,0.3557193557193557,0.2975237043174077,0.3557193557193557,0.3118744228993537,0.5886616574652624,0.4567030486413794,0.6260869565217392,0.5220532337709262,0.5922250827973882,1.0212315320968628
multiclass_table6_valence_3class,Table-6 Valence,subject_loo,GNN_v2,GNN,results/quick_v1_v2_comparison/2026-06-03_09-24-45/model_runs/2026-06-03_13-48-09,results/quick_v1_v2_comparison/2026-06-03_09-24-45/model_runs/2026-06-03_13-48-09/multiclass_table6_valence_3class_emotion-elicitation_2026-06-03_15-04-16,results/quick_v1_v2_comparison/2026-06-03_09-24-45/model_runs/2026-06-03_13-48-09/multiclass_table6_valence_3class_emotion-elicitation_2026-06-03_15-04-16/subject_loo/fold_metrics.csv,GNN,s_P8,aggregated,0.5570776255707762,0.5372066876631484,0.5674468235835857,0.5372066876631484,0.541809093646492,0.7143594665499359,0.5649586503369038,0.5570776255707762,0.550525580263413,0.7148128967681358,0.931554079055786
multiclass_table6_valence_3class,Table-6 Valence,recording_loo,GNN_v2,GNN,results/quick_v1_v2_comparison/2026-06-03_09-24-45/model_runs/2026-06-03_13-48-09,results/quick_v1_v2_comparison/2026-06-03_09-24-45/model_runs/2026-06-03_13-48-09/multiclass_table6_valence_3class_emotion-elicitation_2026-06-03_15-04-16,results/quick_v1_v2_comparison/2026-06-03_09-24-45/model_runs/2026-06-03_13-48-09/multiclass_table6_valence_3class_emotion-elicitation_2026-06-03_15-04-16/recording_loo/fold_metrics.csv,GNN,r_107.avi,aggregated,0.4873417721518987,0.4254120981576788,0.4236111111111111,0.4254120981576788,0.3471016788089958,0.553652649533879,0.6082542194092827,0.4873417721518987,0.5174973837524007,0.5436680598886747,1.0393333435058594
multiclass_table6_valence_3class,Table-6 Valence,recording_loo,GNN_v2,GNN,results/quick_v1_v2_comparison/2026-06-03_09-24-45/model_runs/2026-06-03_13-48-09,results/quick_v1_v2_comparison/2026-06-03_09-24-45/model_runs/2026-06-03_13-48-09/multiclass_table6_valence_3class_emotion-elicitation_2026-06-03_15-04-16,results/quick_v1_v2_comparison/2026-06-03_09-24-45/model_runs/2026-06-03_13-48-09/multiclass_table6_valence_3class_emotion-elicitation_2026-06-03_15-04-16/recording_loo/fold_metrics.csv,GNN,r_111.avi,aggregated,0.4712990936555891,0.2736327204148986,0.3119845857418112,0.1824218136099324,0.2296654510860948,0.4952263083451202,0.823546792867995,0.4712990936555891,0.5993611376033056,0.4276074672637743,0.9849804639816284
multiclass_table6_valence_3class,Table-6 Valence,recording_loo,GNN_v2,GNN,results/quick_v1_v2_comparison/2026-06-03_09-24-45/model_runs/2026-06-03_13-48-09,results/quick_v1_v2_comparison/2026-06-03_09-24-45/model_runs/2026-06-03_13-48-09/multiclass_table6_valence_3class_emotion-elicitation_2026-06-03_15-04-16,results/quick_v1_v2_comparison/2026-06-03_09-24-45/model_runs/2026-06-03_13-48-09/multiclass_table6_valence_3class_emotion-elicitation_2026-06-03_15-04-16/recording_loo/fold_metrics.csv,GNN,r_138.avi,aggregated,0.4511494252873563,0.3010872519706442,0.3012857417002494,0.2007248346470961,0.2406883545497407,0.474096221799402,0.6654292312680736,0.4511494252873563,0.5375778341380937,0.4784552274012491,1.0454275608062744
multiclass_table6_valence_3class,Table-6 Valence,recording_loo,GNN_v2,GNN,results/quick_v1_v2_comparison/2026-06-03_09-24-45/model_runs/2026-06-03_13-48-09,results/quick_v1_v2_comparison/2026-06-03_09-24-45/model_runs/2026-06-03_13-48-09/multiclass_table6_valence_3class_emotion-elicitation_2026-06-03_15-04-16,results/quick_v1_v2_comparison/2026-06-03_09-24-45/model_runs/2026-06-03_13-48-09/multiclass_table6_valence_3class_emotion-elicitation_2026-06-03_15-04-16/recording_loo/fold_metrics.csv,GNN,r_146.avi,aggregated,0.4386617100371747,0.3311463046757164,0.3383219954648526,0.2207642031171443,0.2650672264707352,0.5185897435897436,0.6319196823710899,0.4386617100371747,0.5160245958524182,0.5032554514513841,0.8961691558361053
multiclass_table6_valence_3class,Table-6 Valence,recording_loo,GNN_v2,GNN,results/quick_v1_v2_comparison/2026-06-03_09-24-45/model_runs/2026-06-03_13-48-09,results/quick_v1_v2_comparison/2026-06-03_09-24-45/model_runs/2026-06-03_13-48-09/multiclass_table6_valence_3class_emotion-elicitation_2026-06-03_15-04-16,results/quick_v1_v2_comparison/2026-06-03_09-24-45/model_runs/2026-06-03_13-48-09/multiclass_table6_valence_3class_emotion-elicitation_2026-06-03_15-04-16/recording_loo/fold_metrics.csv,GNN,r_30.avi,aggregated,0.526829268292683,0.3754598969830758,0.3391360412637008,0.2503065979887172,0.270495258166491,0.4646185921020358,0.6203613718922489,0.526829268292683,0.5540512477832892,0.4640092846844583,1.044674038887024
multiclass_table6_valence_3class,Table-6 Valence,recording_loo,GNN_v2,GNN,results/quick_v1_v2_comparison/2026-06-03_09-24-45/model_runs/2026-06-03_13-48-09,results/quick_v1_v2_comparison/2026-06-03_09-24-45/model_runs/2026-06-03_13-48-09/multiclass_table6_valence_3class_emotion-elicitation_2026-06-03_15-04-16,results/quick_v1_v2_comparison/2026-06-03_09-24-45/model_runs/2026-06-03_13-48-09/multiclass_table6_valence_3class_emotion-elicitation_2026-06-03_15-04-16/recording_loo/fold_metrics.csv,GNN,r_52.avi,aggregated,0.4203389830508474,0.3096032407959013,0.3300124533001245,0.2064021605306009,0.2524808524808525,0.5060764923150244,0.6447179010912468,0.4203389830508474,0.5075954553920656,0.5859747933608919,1.1207118034362793
multiclass_table6_valence_3class,Table-6 Valence,recording_loo,GNN_v2,GNN,results/quick_v1_v2_comparison/2026-06-03_09-24-45/model_runs/2026-06-03_13-48-09,results/quick_v1_v2_comparison/2026-06-03_09-24-45/model_runs/2026-06-03_13-48-09/multiclass_table6_valence_3class_emotion-elicitation_2026-06-03_15-04-16,results/quick_v1_v2_comparison/2026-06-03_09-24-45/model_runs/2026-06-03_13-48-09/multiclass_table6_valence_3class_emotion-elicitation_2026-06-03_15-04-16/recording_loo/fold_metrics.csv,GNN,r_53.avi,aggregated,0.3322368421052631,0.3037518037518037,0.3149185400353624,0.3037518037518037,0.2852525448480635,0.4807343954452451,0.4204761116410311,0.3322368421052631,0.3473603698002949,0.4912948634607388,1.2224804162979126
multiclass_table6_valence_3class,Table-6 Valence,recording_loo,GNN_v2,GNN,results/quick_v1_v2_comparison/2026-06-03_09-24-45/model_runs/2026-06-03_13-48-09,results/quick_v1_v2_comparison/2026-06-03_09-24-45/model_runs/2026-06-03_13-48-09/multiclass_table6_valence_3class_emotion-elicitation_2026-06-03_15-04-16,results/quick_v1_v2_comparison/2026-06-03_09-24-45/model_runs/2026-06-03_13-48-09/multiclass_table6_valence_3class_emotion-elicitation_2026-06-03_15-04-16/recording_loo/fold_metrics.csv,GNN,r_55.avi,aggregated,0.4439834024896265,0.4503648233486943,0.3542679127725856,0.3002432155657962,0.2578723882453986,0.6320084485407067,0.8746360569279094,0.4439834024896265,0.5620859377896119,0.6843668534205278,1.071494698524475
multiclass_table6_valence_3class,Table-6 Valence,recording_loo,GNN_v2,GNN,results/quick_v1_v2_comparison/2026-06-03_09-24-45/model_runs/2026-06-03_13-48-09,results/quick_v1_v2_comparison/2026-06-03_09-24-45/model_runs/2026-06-03_13-48-09/multiclass_table6_valence_3class_emotion-elicitation_2026-06-03_15-04-16,results/quick_v1_v2_comparison/2026-06-03_09-24-45/model_runs/2026-06-03_13-48-09/multiclass_table6_valence_3class_emotion-elicitation_2026-06-03_15-04-16/recording_loo/fold_metrics.csv,GNN,r_58.avi,aggregated,0.5583756345177665,0.3922245226593053,0.3638138138138138,0.3922245226593053,0.354698289806892,0.5362116427819609,0.7046325513330591,0.5583756345177664,0.613873436955214,0.558143253709428,0.9769261479377748
multiclass_table6_valence_3class,Table-6 Valence,recording_loo,GNN_v2,GNN,results/quick_v1_v2_comparison/2026-06-03_09-24-45/model_runs/2026-06-03_13-48-09,results/quick_v1_v2_comparison/2026-06-03_09-24-45/model_runs/2026-06-03_13-48-09/multiclass_table6_valence_3class_emotion-elicitation_2026-06-03_15-04-16,results/quick_v1_v2_comparison/2026-06-03_09-24-45/model_runs/2026-06-03_13-48-09/multiclass_table6_valence_3class_emotion-elicitation_2026-06-03_15-04-16/recording_loo/fold_metrics.csv,GNN,r_69.avi,aggregated,0.5887850467289719,,0.3333333333333333,0.1962616822429906,0.2470588235294117,,1.0,0.5887850467289719,0.7411764705882353,,0.8959943652153015
multiclass_table6_valence_3class,Table-6 Valence,recording_loo,GNN_v2,GNN,results/quick_v1_v2_comparison/2026-06-03_09-24-45/model_runs/2026-06-03_13-48-09,results/quick_v1_v2_comparison/2026-06-03_09-24-45/model_runs/2026-06-03_13-48-09/multiclass_table6_valence_3class_emotion-elicitation_2026-06-03_15-04-16,results/quick_v1_v2_comparison/2026-06-03_09-24-45/model_runs/2026-06-03_13-48-09/multiclass_table6_valence_3class_emotion-elicitation_2026-06-03_15-04-16/recording_loo/fold_metrics.csv,GNN,r_73.avi,aggregated,0.5,0.301002358490566,0.3074220465524813,0.2006682389937107,0.2428218694885361,0.3992482311320754,0.7677811615801639,0.5000000000000001,0.6056067308526325,0.447257771419734,1.0141924619674685
multiclass_table6_valence_3class,Table-6 Valence,recording_loo,GNN_v2,GNN,results/quick_v1_v2_comparison/2026-06-03_09-24-45/model_runs/2026-06-03_13-48-09,results/quick_v1_v2_comparison/2026-06-03_09-24-45/model_runs/2026-06-03_13-48-09/multiclass_table6_valence_3class_emotion-elicitation_2026-06-03_15-04-16,results/quick_v1_v2_comparison/2026-06-03_09-24-45/model_runs/2026-06-03_13-48-09/multiclass_table6_valence_3class_emotion-elicitation_2026-06-03_15-04-16/recording_loo/fold_metrics.csv,GNN,r_79.avi,aggregated,0.0490797546012269,0.042074592074592,0.4027777777777777,0.028049728049728,0.0523349436392914,0.5363636363636364,0.7653374233128835,0.0490797546012269,0.0921579087756735,0.5359474880947275,1.171786904335022
multiclass_table6_valence_3class,Table-6 Valence,recording_loo,GNN_v2,GNN,results/quick_v1_v2_comparison/2026-06-03_09-24-45/model_runs/2026-06-03_13-48-09,results/quick_v1_v2_comparison/2026-06-03_09-24-45/model_runs/2026-06-03_13-48-09/multiclass_table6_valence_3class_emotion-elicitation_2026-06-03_15-04-16,results/quick_v1_v2_comparison/2026-06-03_09-24-45/model_runs/2026-06-03_13-48-09/multiclass_table6_valence_3class_emotion-elicitation_2026-06-03_15-04-16/recording_loo/fold_metrics.csv,GNN,r_80.avi,aggregated,0.1397849462365591,0.3515917602996254,0.3328511732561877,0.2343945068664169,0.1057007322193021,0.5706928838951311,0.9031635922481102,0.1397849462365591,0.2079731020175086,0.5551461211120509,1.1706008315086365
multiclass_table6_valence_3class,Table-6 Valence,recording_loo,GNN_v2,GNN,results/quick_v1_v2_comparison/2026-06-03_09-24-45/model_runs/2026-06-03_13-48-09,results/quick_v1_v2_comparison/2026-06-03_09-24-45/model_runs/2026-06-03_13-48-09/multiclass_table6_valence_3class_emotion-elicitation_2026-06-03_15-04-16,results/quick_v1_v2_comparison/2026-06-03_09-24-45/model_runs/2026-06-03_13-48-09/multiclass_table6_valence_3class_emotion-elicitation_2026-06-03_15-04-16/recording_loo/fold_metrics.csv,GNN,r_90.avi,aggregated,0.16015625,0.311577964519141,0.2920597484276729,0.311577964519141,0.1360753205863022,0.4617054768521164,0.5890238060141509,0.16015625,0.1211422893071667,0.3233763438966853,1.133465051651001
multiclass_table6_valence_3class,Table-6 Valence,recording_loo,GNN_v2,GNN,results/quick_v1_v2_comparison/2026-06-03_09-24-45/model_runs/2026-06-03_13-48-09,results/quick_v1_v2_comparison/2026-06-03_09-24-45/model_runs/2026-06-03_13-48-09/multiclass_table6_valence_3class_emotion-elicitation_2026-06-03_15-04-16,results/quick_v1_v2_comparison/2026-06-03_09-24-45/model_runs/2026-06-03_13-48-09/multiclass_table6_valence_3class_emotion-elicitation_2026-06-03_15-04-16/recording_loo/fold_metrics.csv,GNN,r_cats_f.avi,aggregated,0.2568493150684932,,0.3333333333333333,0.0856164383561643,0.1362397820163487,,1.0,0.2568493150684932,0.4087193460490463,,1.1431632041931152
multiclass_table6_valence_3class,Table-6 Valence,recording_loo,GNN_v2,GNN,results/quick_v1_v2_comparison/2026-06-03_09-24-45/model_runs/2026-06-03_13-48-09,results/quick_v1_v2_comparison/2026-06-03_09-24-45/model_runs/2026-06-03_13-48-09/multiclass_table6_valence_3class_emotion-elicitation_2026-06-03_15-04-16,results/quick_v1_v2_comparison/2026-06-03_09-24-45/model_runs/2026-06-03_13-48-09/multiclass_table6_valence_3class_emotion-elicitation_2026-06-03_15-04-16/recording_loo/fold_metrics.csv,GNN,r_dallas_f.avi,aggregated,0.1136363636363636,,0.3333333333333333,0.0378787878787878,0.0680272108843537,,1.0,0.1136363636363636,0.2040816326530612,,1.2296441793441772
multiclass_table6_valence_3class,Table-6 Valence,recording_loo,GNN_v2,GNN,results/quick_v1_v2_comparison/2026-06-03_09-24-45/model_runs/2026-06-03_13-48-09,results/quick_v1_v2_comparison/2026-06-03_09-24-45/model_runs/2026-06-03_13-48-09/multiclass_table6_valence_3class_emotion-elicitation_2026-06-03_15-04-16,results/quick_v1_v2_comparison/2026-06-03_09-24-45/model_runs/2026-06-03_13-48-09/multiclass_table6_valence_3class_emotion-elicitation_2026-06-03_15-04-16/recording_loo/fold_metrics.csv,GNN,r_detroit_f.avi,aggregated,0.6145038167938931,,0.3333333333333333,0.2048346055979643,0.2537431048069345,,1.0,0.6145038167938931,0.7612293144208038,,0.8536147773265839
multiclass_table6_valence_3class,Table-6 Valence,recording_loo,GNN_v2,GNN,results/quick_v1_v2_comparison/2026-06-03_09-24-45/model_runs/2026-06-03_13-48-09,results/quick_v1_v2_comparison/2026-06-03_09-24-45/model_runs/2026-06-03_13-48-09/multiclass_table6_valence_3class_emotion-elicitation_2026-06-03_15-04-16,results/quick_v1_v2_comparison/2026-06-03_09-24-45/model_runs/2026-06-03_13-48-09/multiclass_table6_valence_3class_emotion-elicitation_2026-06-03_15-04-16/recording_loo/fold_metrics.csv,GNN,r_earworm_f.avi,aggregated,0.4010416666666667,0.3499304440877475,0.3600989653621232,0.3499304440877475,0.3390204796602933,0.4960827715752503,0.4182305724246514,0.4010416666666667,0.3915210536634948,0.5130957710303702,1.084452986717224
multiclass_table6_valence_3class,Table-6 Valence,recording_loo,GNN_v2,GNN,results/quick_v1_v2_comparison/2026-06-03_09-24-45/model_runs/2026-06-03_13-48-09,results/quick_v1_v2_comparison/2026-06-03_09-24-45/model_runs/2026-06-03_13-48-09/multiclass_table6_valence_3class_emotion-elicitation_2026-06-03_15-04-16,results/quick_v1_v2_comparison/2026-06-03_09-24-45/model_runs/2026-06-03_13-48-09/multiclass_table6_valence_3class_emotion-elicitation_2026-06-03_15-04-16/recording_loo/fold_metrics.csv,GNN,r_funny_f.avi,aggregated,0.3584905660377358,0.3737599206349206,0.3715219421101774,0.3737599206349206,0.2682353039495896,0.5717741909284909,0.6229596744358121,0.3584905660377358,0.4356973979615489,0.561169008844173,1.5047126412391665
multiclass_table6_valence_3class,Table-6 Valence,recording_loo,GNN_v2,GNN,results/quick_v1_v2_comparison/2026-06-03_09-24-45/model_runs/2026-06-03_13-48-09,results/quick_v1_v2_comparison/2026-06-03_09-24-45/model_runs/2026-06-03_13-48-09/multiclass_table6_valence_3class_emotion-elicitation_2026-06-03_15-04-16,results/quick_v1_v2_comparison/2026-06-03_09-24-45/model_runs/2026-06-03_13-48-09/multiclass_table6_valence_3class_emotion-elicitation_2026-06-03_15-04-16/recording_loo/fold_metrics.csv,GNN,r_newyork_f.avi,aggregated,0.1294117647058823,0.2512442396313364,0.2847653554175293,0.2512442396313364,0.0990444024499752,0.3934858669228036,0.6574239840863881,0.1294117647058823,0.1303664950359541,0.3969215719648299,1.20007061958313
multiclass_table6_arousal_3class,Table-6 Arousal,subject_loo,Random,Random,results/quick_v1_v2_comparison/RETAIN_2026-06-03_09-24-45/model_runs/2026-06-03_09-24-48,results/quick_v1_v2_comparison/RETAIN_2026-06-03_09-24-45/model_runs/2026-06-03_09-24-48/multiclass_table6_arousal_3class_emotion-elicitation_2026-06-03_09-25-46,post_hoc_from_saved_test_targets,Random,s_P1,aggregated,0.3125,0.3186182510539916,0.3159663865546219,0.3186182510539916,0.3043876262626262,0.48791855177833715,0.34864145658263307,0.3125,0.3212851167929293,0.485828278754024,24.780011705018037
multiclass_table6_arousal_3class,Table-6 Arousal,subject_loo,Majority,Majority,results/quick_v1_v2_comparison/RETAIN_2026-06-03_09-24-45/model_runs/2026-06-03_09-24-48,results/quick_v1_v2_comparison/RETAIN_2026-06-03_09-24-45/model_runs/2026-06-03_09-24-48/multiclass_table6_arousal_3class_emotion-elicitation_2026-06-03_09-25-46,post_hoc_from_saved_test_targets,Majority,s_P1,aggregated,0.3958333333333333,0.3333333333333333,0.13194444444444445,0.3333333333333333,0.1890547263681592,0.5,0.15668402777777776,0.3958333333333333,0.22450248756218905,0.5,21.77637392259161
multiclass_table6_arousal_3class,Table-6 Arousal,subject_loo,Random,Random,results/quick_v1_v2_comparison/RETAIN_2026-06-03_09-24-45/model_runs/2026-06-03_09-24-48,results/quick_v1_v2_comparison/RETAIN_2026-06-03_09-24-45/model_runs/2026-06-03_09-24-48/multiclass_table6_arousal_3class_emotion-elicitation_2026-06-03_09-25-46,post_hoc_from_saved_test_targets,Random,s_P10,aggregated,0.30131004366812225,0.3305764411027569,0.3102293410993811,0.3305764411027569,0.29596732303914625,0.4914650736594539,0.3556646949510622,0.30131004366812225,0.30901490927064523,0.47853055932422633,25.183338612483592
multiclass_table6_arousal_3class,Table-6 Arousal,subject_loo,Majority,Majority,results/quick_v1_v2_comparison/RETAIN_2026-06-03_09-24-45/model_runs/2026-06-03_09-24-48,results/quick_v1_v2_comparison/RETAIN_2026-06-03_09-24-45/model_runs/2026-06-03_09-24-48/multiclass_table6_arousal_3class_emotion-elicitation_2026-06-03_09-25-46,post_hoc_from_saved_test_targets,Majority,s_P10,aggregated,0.4978165938864629,0.3333333333333333,0.16593886462882096,0.3333333333333333,0.22157434402332363,0.5,0.2478213611487195,0.4978165938864629,0.3309101557029549,0.5,18.10052462772259
multiclass_table6_arousal_3class,Table-6 Arousal,subject_loo,Random,Random,results/quick_v1_v2_comparison/RETAIN_2026-06-03_09-24-45/model_runs/2026-06-03_09-24-48,results/quick_v1_v2_comparison/RETAIN_2026-06-03_09-24-45/model_runs/2026-06-03_09-24-48/multiclass_table6_arousal_3class_emotion-elicitation_2026-06-03_09-25-46,post_hoc_from_saved_test_targets,Random,s_P13,aggregated,0.2627118644067797,0.27447478991596636,0.27357411681533694,0.27447478991596636,0.25118738700086646,0.45418216403559214,0.3318165862962544,0.2627118644067797,0.27900007819991146,0.450834307232827,26.574558007230433
multiclass_table6_arousal_3class,Table-6 Arousal,subject_loo,Majority,Majority,results/quick_v1_v2_comparison/RETAIN_2026-06-03_09-24-45/model_runs/2026-06-03_09-24-48,results/quick_v1_v2_comparison/RETAIN_2026-06-03_09-24-45/model_runs/2026-06-03_09-24-48/multiclass_table6_arousal_3class_emotion-elicitation_2026-06-03_09-25-46,post_hoc_from_saved_test_targets,Majority,s_P13,aggregated,0.5042372881355932,0.3333333333333333,0.16807909604519775,0.3333333333333333,0.22347417840375586,0.5,0.25425524274633726,0.5042372881355932,0.3380520410599188,0.5,17.869099349689435
multiclass_table6_arousal_3class,Table-6 Arousal,subject_loo,Random,Random,results/quick_v1_v2_comparison/RETAIN_2026-06-03_09-24-45/model_runs/2026-06-03_09-24-48,results/quick_v1_v2_comparison/RETAIN_2026-06-03_09-24-45/model_runs/2026-06-03_09-24-48/multiclass_table6_arousal_3class_emotion-elicitation_2026-06-03_09-25-46,post_hoc_from_saved_test_targets,Random,s_P14,aggregated,0.3456221198156682,0.36317486695550677,0.35746417325364693,0.36317486695550677,0.33150489961458046,0.5212200076887653,0.42499860072016277,0.3456221198156682,0.3644028922312322,0.5188977226330355,23.586169498869282
multiclass_table6_arousal_3class,Table-6 Arousal,subject_loo,Majority,Majority,results/quick_v1_v2_comparison/RETAIN_2026-06-03_09-24-45/model_runs/2026-06-03_09-24-48,results/quick_v1_v2_comparison/RETAIN_2026-06-03_09-24-45/model_runs/2026-06-03_09-24-48/multiclass_table6_arousal_3class_emotion-elicitation_2026-06-03_09-25-46,post_hoc_from_saved_test_targets,Majority,s_P14,aggregated,0.4838709677419355,0.3333333333333333,0.16129032258064516,0.3333333333333333,0.21739130434782608,0.5,0.23413111342351717,0.4838709677419355,0.3155680224403927,0.5,18.60317594277014
multiclass_table6_arousal_3class,Table-6 Arousal,subject_loo,Random,Random,results/quick_v1_v2_comparison/RETAIN_2026-06-03_09-24-45/model_runs/2026-06-03_09-24-48,results/quick_v1_v2_comparison/RETAIN_2026-06-03_09-24-45/model_runs/2026-06-03_09-24-48/multiclass_table6_arousal_3class_emotion-elicitation_2026-06-03_09-25-46,post_hoc_from_saved_test_targets,Random,s_P16,aggregated,0.32124352331606215,0.3532136351808483,0.3382149961433849,0.3532136351808483,0.2993107355301671,0.5097145331088831,0.47168274834150825,0.32124352331606215,0.3481282132693562,0.4993231465553771,24.46486318121423
multiclass_table6_arousal_3class,Table-6 Arousal,subject_loo,Majority,Majority,results/quick_v1_v2_comparison/RETAIN_2026-06-03_09-24-45/model_runs/2026-06-03_09-24-48,results/quick_v1_v2_comparison/RETAIN_2026-06-03_09-24-45/model_runs/2026-06-03_09-24-48/multiclass_table6_arousal_3class_emotion-elicitation_2026-06-03_09-25-46,post_hoc_from_saved_test_targets,Majority,s_P16,aggregated,0.6321243523316062,0.3333333333333333,0.21070811744386875,0.3333333333333333,0.2582010582010582,0.5,0.39958119681065263,0.6321243523316062,0.48964553006003786,0.5,13.25958233485657
multiclass_table6_arousal_3class,Table-6 Arousal,subject_loo,Random,Random,results/quick_v1_v2_comparison/RETAIN_2026-06-03_09-24-45/model_runs/2026-06-03_09-24-48,results/quick_v1_v2_comparison/RETAIN_2026-06-03_09-24-45/model_runs/2026-06-03_09-24-48/multiclass_table6_arousal_3class_emotion-elicitation_2026-06-03_09-25-46,post_hoc_from_saved_test_targets,Random,s_P17,aggregated,0.3179916317991632,0.3306100217864924,0.3204481792717087,0.3306100217864924,0.3171018354129784,0.49524896026165593,0.3322703139833339,0.3179916317991632,0.31759759941996524,0.4898318481052294,24.582073231908343
multiclass_table6_arousal_3class,Table-6 Arousal,subject_loo,Majority,Majority,results/quick_v1_v2_comparison/RETAIN_2026-06-03_09-24-45/model_runs/2026-06-03_09-24-48,results/quick_v1_v2_comparison/RETAIN_2026-06-03_09-24-45/model_runs/2026-06-03_09-24-48/multiclass_table6_arousal_3class_emotion-elicitation_2026-06-03_09-25-46,post_hoc_from_saved_test_targets,Majority,s_P17,aggregated,0.41841004184100417,0.3333333333333333,0.1394700139470014,0.3333333333333333,0.19665683382497542,0.5,0.17506696311339084,0.41841004184100417,0.2468495822070821,0.5,20.962626866473986
multiclass_table6_arousal_3class,Table-6 Arousal,subject_loo,Random,Random,results/quick_v1_v2_comparison/RETAIN_2026-06-03_09-24-45/model_runs/2026-06-03_09-24-48,results/quick_v1_v2_comparison/RETAIN_2026-06-03_09-24-45/model_runs/2026-06-03_09-24-48/multiclass_table6_arousal_3class_emotion-elicitation_2026-06-03_09-25-46,post_hoc_from_saved_test_targets,Random,s_P18,aggregated,0.3026315789473684,0.319653853672841,0.31240524761189425,0.319653853672841,0.29515343369509606,0.48724471237423606,0.36025424865403405,0.3026315789473684,0.31359288790494144,0.4822533566134464,25.135705652936952
multiclass_table6_arousal_3class,Table-6 Arousal,subject_loo,Majority,Majority,results/quick_v1_v2_comparison/RETAIN_2026-06-03_09-24-45/model_runs/2026-06-03_09-24-48,results/quick_v1_v2_comparison/RETAIN_2026-06-03_09-24-45/model_runs/2026-06-03_09-24-48/multiclass_table6_arousal_3class_emotion-elicitation_2026-06-03_09-25-46,post_hoc_from_saved_test_targets,Majority,s_P18,aggregated,0.49122807017543857,0.3333333333333333,0.16374269005847952,0.3333333333333333,0.2196078431372549,0.5,0.24130501692828563,0.49122807017543857,0.32363261093911244,0.5,18.337999092708728
multiclass_table6_arousal_3class,Table-6 Arousal,subject_loo,Random,Random,results/quick_v1_v2_comparison/RETAIN_2026-06-03_09-24-45/model_runs/2026-06-03_09-24-48,results/quick_v1_v2_comparison/RETAIN_2026-06-03_09-24-45/model_runs/2026-06-03_09-24-48/multiclass_table6_arousal_3class_emotion-elicitation_2026-06-03_09-25-46,post_hoc_from_saved_test_targets,Random,s_P19,aggregated,0.3406113537117904,0.3482750449400281,0.3468147069530397,0.3482750449400281,0.3400015602158524,0.5107285458257432,0.3607036179206216,0.3406113537117904,0.34268503076568224,0.5097730700671878,23.766775815531393
multiclass_table6_arousal_3class,Table-6 Arousal,subject_loo,Majority,Majority,results/quick_v1_v2_comparison/RETAIN_2026-06-03_09-24-45/model_runs/2026-06-03_09-24-48,results/quick_v1_v2_comparison/RETAIN_2026-06-03_09-24-45/model_runs/2026-06-03_09-24-48/multiclass_table6_arousal_3class_emotion-elicitation_2026-06-03_09-25-46,post_hoc_from_saved_test_targets,Majority,s_P19,aggregated,0.42358078602620086,0.3333333333333333,0.14119359534206696,0.3333333333333333,0.1983640081799591,0.5,0.17942068229057417,0.42358078602620086,0.25206954751252447,0.5,20.776254355298967
multiclass_table6_arousal_3class,Table-6 Arousal,subject_loo,Random,Random,results/quick_v1_v2_comparison/RETAIN_2026-06-03_09-24-45/model_runs/2026-06-03_09-24-48,results/quick_v1_v2_comparison/RETAIN_2026-06-03_09-24-45/model_runs/2026-06-03_09-24-48/multiclass_table6_arousal_3class_emotion-elicitation_2026-06-03_09-25-46,post_hoc_from_saved_test_targets,Random,s_P2,aggregated,0.3070539419087137,0.3136362566284702,0.315713891190279,0.3136362566284702,0.3030058870395005,0.4856944909614847,0.3487340444915036,0.3070539419087137,0.3140028019730938,0.4866290879417488,24.976307535197357
multiclass_table6_arousal_3class,Table-6 Arousal,subject_loo,Majority,Majority,results/quick_v1_v2_comparison/RETAIN_2026-06-03_09-24-45/model_runs/2026-06-03_09-24-48,results/quick_v1_v2_comparison/RETAIN_2026-06-03_09-24-45/model_runs/2026-06-03_09-24-48/multiclass_table6_arousal_3class_emotion-elicitation_2026-06-03_09-25-46,post_hoc_from_saved_test_targets,Majority,s_P2,aggregated,0.48132780082987553,0.3333333333333333,0.16044260027662519,0.3333333333333333,0.2166199813258637,0.5,0.2316764518517243,0.48132780082987553,0.31279565768216,0.5,18.694840969459097
multiclass_table6_arousal_3class,Table-6 Arousal,subject_loo,Random,Random,results/quick_v1_v2_comparison/RETAIN_2026-06-03_09-24-45/model_runs/2026-06-03_09-24-48,results/quick_v1_v2_comparison/RETAIN_2026-06-03_09-24-45/model_runs/2026-06-03_09-24-48/multiclass_table6_arousal_3class_emotion-elicitation_2026-06-03_09-25-46,post_hoc_from_saved_test_targets,Random,s_P20,aggregated,0.33185840707964603,0.346631962309454,0.33638077419171947,0.346631962309454,0.32342741280341647,0.5073676024200887,0.37495451416994147,0.33185840707964603,0.34118614411791887,0.5021548637960852,24.082263990073844
multiclass_table6_arousal_3class,Table-6 Arousal,subject_loo,Majority,Majority,results/quick_v1_v2_comparison/RETAIN_2026-06-03_09-24-45/model_runs/2026-06-03_09-24-48,results/quick_v1_v2_comparison/RETAIN_2026-06-03_09-24-45/model_runs/2026-06-03_09-24-48/multiclass_table6_arousal_3class_emotion-elicitation_2026-06-03_09-25-46,post_hoc_from_saved_test_targets,Majority,s_P20,aggregated,0.415929203539823,0.3333333333333333,0.13864306784660765,0.3333333333333333,0.19583333333333333,0.5,0.17299710235727153,0.415929203539823,0.244358407079646,0.5,21.052045342316212
multiclass_table6_arousal_3class,Table-6 Arousal,subject_loo,Random,Random,results/quick_v1_v2_comparison/RETAIN_2026-06-03_09-24-45/model_runs/2026-06-03_09-24-48,results/quick_v1_v2_comparison/RETAIN_2026-06-03_09-24-45/model_runs/2026-06-03_09-24-48/multiclass_table6_arousal_3class_emotion-elicitation_2026-06-03_09-25-46,post_hoc_from_saved_test_targets,Random,s_P21,aggregated,0.3515981735159817,0.3588090529553944,0.36069486069486073,0.3588090529553944,0.34121975674227617,0.5200174701391596,0.4093790532146696,0.3515981735159817,0.36533300759530574,0.521838830984387,23.37077069066043
multiclass_table6_arousal_3class,Table-6 Arousal,subject_loo,Majority,Majority,results/quick_v1_v2_comparison/RETAIN_2026-06-03_09-24-45/model_runs/2026-06-03_09-24-48,results/quick_v1_v2_comparison/RETAIN_2026-06-03_09-24-45/model_runs/2026-06-03_09-24-48/multiclass_table6_arousal_3class_emotion-elicitation_2026-06-03_09-25-46,post_hoc_from_saved_test_targets,Majority,s_P21,aggregated,0.45662100456621,0.3333333333333333,0.15220700152207,0.3333333333333333,0.20898641588296762,0.5,0.20850274181105483,0.45662100456621,0.2862827614835173,0.5,19.585364170342196
multiclass_table6_arousal_3class,Table-6 Arousal,subject_loo,Random,Random,results/quick_v1_v2_comparison/RETAIN_2026-06-03_09-24-45/model_runs/2026-06-03_09-24-48,results/quick_v1_v2_comparison/RETAIN_2026-06-03_09-24-45/model_runs/2026-06-03_09-24-48/multiclass_table6_arousal_3class_emotion-elicitation_2026-06-03_09-25-46,post_hoc_from_saved_test_targets,Random,s_P22,aggregated,0.32710280373831774,0.3220181447131802,0.33443239245655115,0.3220181447131802,0.3151737363288769,0.4956561066088874,0.3776077335210249,0.32710280373831774,0.341042014061301,0.5039411027568922,24.253673308564803
multiclass_table6_arousal_3class,Table-6 Arousal,subject_loo,Majority,Majority,results/quick_v1_v2_comparison/RETAIN_2026-06-03_09-24-45/model_runs/2026-06-03_09-24-48,results/quick_v1_v2_comparison/RETAIN_2026-06-03_09-24-45/model_runs/2026-06-03_09-24-48/multiclass_table6_arousal_3class_emotion-elicitation_2026-06-03_09-25-46,post_hoc_from_saved_test_targets,Majority,s_P22,aggregated,0.4392523364485981,0.3333333333333333,0.14641744548286603,0.3333333333333333,0.20346320346320346,0.5,0.19294261507555244,0.4392523364485981,0.2681150625075859,0.5,20.21139442380401
multiclass_table6_arousal_3class,Table-6 Arousal,subject_loo,Random,Random,results/quick_v1_v2_comparison/RETAIN_2026-06-03_09-24-45/model_runs/2026-06-03_09-24-48,results/quick_v1_v2_comparison/RETAIN_2026-06-03_09-24-45/model_runs/2026-06-03_09-24-48/multiclass_table6_arousal_3class_emotion-elicitation_2026-06-03_09-25-46,post_hoc_from_saved_test_targets,Random,s_P23,aggregated,0.30833333333333335,0.3015885203385203,0.31708683473389354,0.3015885203385203,0.2902581390267503,0.48032184133991507,0.38128151260504206,0.30833333333333335,0.3303668414645566,0.4885827435119649,24.93019359413936
multiclass_table6_arousal_3class,Table-6 Arousal,subject_loo,Majority,Majority,results/quick_v1_v2_comparison/RETAIN_2026-06-03_09-24-45/model_runs/2026-06-03_09-24-48,results/quick_v1_v2_comparison/RETAIN_2026-06-03_09-24-45/model_runs/2026-06-03_09-24-48/multiclass_table6_arousal_3class_emotion-elicitation_2026-06-03_09-25-46,post_hoc_from_saved_test_targets,Majority,s_P23,aggregated,0.4625,0.3333333333333333,0.15416666666666667,0.3333333333333333,0.2108262108262108,0.5,0.21390625000000002,0.4625,0.29252136752136754,0.5,19.373463696650465
multiclass_table6_arousal_3class,Table-6 Arousal,subject_loo,Random,Random,results/quick_v1_v2_comparison/RETAIN_2026-06-03_09-24-45/model_runs/2026-06-03_09-24-48,results/quick_v1_v2_comparison/RETAIN_2026-06-03_09-24-45/model_runs/2026-06-03_09-24-48/multiclass_table6_arousal_3class_emotion-elicitation_2026-06-03_09-25-46,post_hoc_from_saved_test_targets,Random,s_P24,aggregated,0.2727272727272727,0.27601902173913045,0.28334691298982706,0.27601902173913045,0.25119787045252884,0.45653512304431265,0.37106008810137614,0.2727272727272727,0.2985146175918137,0.45557683652424213,26.213566101176106
multiclass_table6_arousal_3class,Table-6 Arousal,subject_loo,Majority,Majority,results/quick_v1_v2_comparison/RETAIN_2026-06-03_09-24-45/model_runs/2026-06-03_09-24-48,results/quick_v1_v2_comparison/RETAIN_2026-06-03_09-24-45/model_runs/2026-06-03_09-24-48/multiclass_table6_arousal_3class_emotion-elicitation_2026-06-03_09-25-46,post_hoc_from_saved_test_targets,Majority,s_P24,aggregated,0.5541125541125541,0.3333333333333333,0.1847041847041847,0.3333333333333333,0.23769730733519034,0.5,0.3070407226251382,0.5541125541125541,0.3951331862195372,0.5,16.071412550125828
multiclass_table6_arousal_3class,Table-6 Arousal,subject_loo,Random,Random,results/quick_v1_v2_comparison/RETAIN_2026-06-03_09-24-45/model_runs/2026-06-03_09-24-48,results/quick_v1_v2_comparison/RETAIN_2026-06-03_09-24-45/model_runs/2026-06-03_09-24-48/multiclass_table6_arousal_3class_emotion-elicitation_2026-06-03_09-25-46,post_hoc_from_saved_test_targets,Random,s_P27,aggregated,0.3094170403587444,0.3263736263736264,0.3135683760683761,0.3263736263736264,0.30657563023018825,0.49066600421645495,0.335526618374152,0.3094170403587444,0.3126893808455988,0.48243757308892526,24.89113283374009
multiclass_table6_arousal_3class,Table-6 Arousal,subject_loo,Majority,Majority,results/quick_v1_v2_comparison/RETAIN_2026-06-03_09-24-45/model_runs/2026-06-03_09-24-48,results/quick_v1_v2_comparison/RETAIN_2026-06-03_09-24-45/model_runs/2026-06-03_09-24-48/multiclass_table6_arousal_3class_emotion-elicitation_2026-06-03_09-25-46,post_hoc_from_saved_test_targets,Majority,s_P27,aggregated,0.40358744394618834,0.3333333333333333,0.13452914798206278,0.3333333333333333,0.1916932907348243,0.5,0.16288282491101772,0.40358744394618834,0.23209501568790383,0.5,21.496887447320987
multiclass_table6_arousal_3class,Table-6 Arousal,subject_loo,Random,Random,results/quick_v1_v2_comparison/RETAIN_2026-06-03_09-24-45/model_runs/2026-06-03_09-24-48,results/quick_v1_v2_comparison/RETAIN_2026-06-03_09-24-45/model_runs/2026-06-03_09-24-48/multiclass_table6_arousal_3class_emotion-elicitation_2026-06-03_09-25-46,post_hoc_from_saved_test_targets,Random,s_P28,aggregated,0.32547169811320753,0.35414238244884383,0.3386645575687854,0.35414238244884383,0.3116179059383927,0.5112529172023884,0.4167382692735551,0.32547169811320753,0.3434891989467366,0.5025451779338992,24.312464314357317
multiclass_table6_arousal_3class,Table-6 Arousal,subject_loo,Majority,Majority,results/quick_v1_v2_comparison/RETAIN_2026-06-03_09-24-45/model_runs/2026-06-03_09-24-48,results/quick_v1_v2_comparison/RETAIN_2026-06-03_09-24-45/model_runs/2026-06-03_09-24-48/multiclass_table6_arousal_3class_emotion-elicitation_2026-06-03_09-25-46,post_hoc_from_saved_test_targets,Majority,s_P28,aggregated,0.5330188679245284,0.3333333333333333,0.17767295597484278,0.3333333333333333,0.2317948717948718,0.5,0.2841091135635458,0.5330188679245284,0.3706531204644412,0.5,16.831706063785838
multiclass_table6_arousal_3class,Table-6 Arousal,subject_loo,Random,Random,results/quick_v1_v2_comparison/RETAIN_2026-06-03_09-24-45/model_runs/2026-06-03_09-24-48,results/quick_v1_v2_comparison/RETAIN_2026-06-03_09-24-45/model_runs/2026-06-03_09-24-48/multiclass_table6_arousal_3class_emotion-elicitation_2026-06-03_09-25-46,post_hoc_from_saved_test_targets,Random,s_P29,aggregated,0.3333333333333333,0.3480103936644762,0.3547298768011841,0.3480103936644762,0.30077442904355545,0.5141244840106464,0.5064353484344996,0.3333333333333333,0.3747407151639382,0.5203578615352248,24.02910225941143
multiclass_table6_arousal_3class,Table-6 Arousal,subject_loo,Majority,Majority,results/quick_v1_v2_comparison/RETAIN_2026-06-03_09-24-45/model_runs/2026-06-03_09-24-48,results/quick_v1_v2_comparison/RETAIN_2026-06-03_09-24-45/model_runs/2026-06-03_09-24-48/multiclass_table6_arousal_3class_emotion-elicitation_2026-06-03_09-25-46,post_hoc_from_saved_test_targets,Majority,s_P29,aggregated,0.6111111111111112,0.3333333333333333,0.20370370370370372,0.3333333333333333,0.2528735632183908,0.5,0.37345679012345684,0.6111111111111112,0.4636015325670498,0.5,14.01697631799
multiclass_table6_arousal_3class,Table-6 Arousal,subject_loo,Random,Random,results/quick_v1_v2_comparison/RETAIN_2026-06-03_09-24-45/model_runs/2026-06-03_09-24-48,results/quick_v1_v2_comparison/RETAIN_2026-06-03_09-24-45/model_runs/2026-06-03_09-24-48/multiclass_table6_arousal_3class_emotion-elicitation_2026-06-03_09-25-46,post_hoc_from_saved_test_targets,Random,s_P30,aggregated,0.33185840707964603,0.35290876681251016,0.34520654089476643,0.35290876681251016,0.30671034078998555,0.5130362584615861,0.44906421175518174,0.33185840707964603,0.36320495559483834,0.5097456251659929,24.082263990073844
multiclass_table6_arousal_3class,Table-6 Arousal,subject_loo,Majority,Majority,results/quick_v1_v2_comparison/RETAIN_2026-06-03_09-24-45/model_runs/2026-06-03_09-24-48,results/quick_v1_v2_comparison/RETAIN_2026-06-03_09-24-45/model_runs/2026-06-03_09-24-48/multiclass_table6_arousal_3class_emotion-elicitation_2026-06-03_09-25-46,post_hoc_from_saved_test_targets,Majority,s_P30,aggregated,0.5353982300884956,0.3333333333333333,0.1784660766961652,0.3333333333333333,0.2324687800192123,0.5,0.2866512647818937,0.5353982300884956,0.37339012011935424,0.5,16.74594515866062
multiclass_table6_arousal_3class,Table-6 Arousal,subject_loo,Random,Random,results/quick_v1_v2_comparison/RETAIN_2026-06-03_09-24-45/model_runs/2026-06-03_09-24-48,results/quick_v1_v2_comparison/RETAIN_2026-06-03_09-24-45/model_runs/2026-06-03_09-24-48/multiclass_table6_arousal_3class_emotion-elicitation_2026-06-03_09-25-46,post_hoc_from_saved_test_targets,Random,s_P4,aggregated,0.3107569721115538,0.3158849245333299,0.3142175728615093,0.3158849245333299,0.3092694328649385,0.4862540537040587,0.3263808410938449,0.3107569721115538,0.3129658436073226,0.4849347743121813,24.84283679807676
multiclass_table6_arousal_3class,Table-6 Arousal,subject_loo,Majority,Majority,results/quick_v1_v2_comparison/RETAIN_2026-06-03_09-24-45/model_runs/2026-06-03_09-24-48,results/quick_v1_v2_comparison/RETAIN_2026-06-03_09-24-45/model_runs/2026-06-03_09-24-48/multiclass_table6_arousal_3class_emotion-elicitation_2026-06-03_09-25-46,post_hoc_from_saved_test_targets,Majority,s_P4,aggregated,0.4103585657370518,0.3333333333333333,0.13678618857901728,0.3333333333333333,0.19397363465160075,0.5,0.16839415247377026,0.4103585657370518,0.23879622751930132,0.5,21.25283148043561
multiclass_table6_arousal_3class,Table-6 Arousal,subject_loo,Random,Random,results/quick_v1_v2_comparison/RETAIN_2026-06-03_09-24-45/model_runs/2026-06-03_09-24-48,results/quick_v1_v2_comparison/RETAIN_2026-06-03_09-24-45/model_runs/2026-06-03_09-24-48/multiclass_table6_arousal_3class_emotion-elicitation_2026-06-03_09-25-46,post_hoc_from_saved_test_targets,Random,s_P5,aggregated,0.2872727272727273,0.27367018227673967,0.2810924369747899,0.27367018227673967,0.2746801346801347,0.4579863799367175,0.3090603514132926,0.2872727272727273,0.295287419651056,0.4634538663950428,25.689294779152583
multiclass_table6_arousal_3class,Table-6 Arousal,subject_loo,Majority,Majority,results/quick_v1_v2_comparison/RETAIN_2026-06-03_09-24-45/model_runs/2026-06-03_09-24-48,results/quick_v1_v2_comparison/RETAIN_2026-06-03_09-24-45/model_runs/2026-06-03_09-24-48/multiclass_table6_arousal_3class_emotion-elicitation_2026-06-03_09-25-46,post_hoc_from_saved_test_targets,Majority,s_P5,aggregated,0.23636363636363636,0.3333333333333333,0.07878787878787878,0.3333333333333333,0.12745098039215685,0.5,0.05586776859504132,0.23636363636363636,0.09037433155080213,0.5,27.52424440623491
multiclass_table6_arousal_3class,Table-6 Arousal,subject_loo,Random,Random,results/quick_v1_v2_comparison/RETAIN_2026-06-03_09-24-45/model_runs/2026-06-03_09-24-48,results/quick_v1_v2_comparison/RETAIN_2026-06-03_09-24-45/model_runs/2026-06-03_09-24-48/multiclass_table6_arousal_3class_emotion-elicitation_2026-06-03_09-25-46,post_hoc_from_saved_test_targets,Random,s_P7,aggregated,0.3130434782608696,0.34197235513024987,0.32172405547584887,0.34197235513024987,0.30448321867611666,0.4999434828531711,0.3811579127939617,0.3130434782608696,0.3238330100687093,0.48687191586413864,24.760422762958733
multiclass_table6_arousal_3class,Table-6 Arousal,subject_loo,Majority,Majority,results/quick_v1_v2_comparison/RETAIN_2026-06-03_09-24-45/model_runs/2026-06-03_09-24-48,results/quick_v1_v2_comparison/RETAIN_2026-06-03_09-24-45/model_runs/2026-06-03_09-24-48/multiclass_table6_arousal_3class_emotion-elicitation_2026-06-03_09-25-46,post_hoc_from_saved_test_targets,Majority,s_P7,aggregated,0.5260869565217391,0.3333333333333333,0.1753623188405797,0.3333333333333333,0.2298195631528965,0.5,0.2767674858223062,0.5260869565217391,0.3627152235847888,0.5,17.08155747571204
multiclass_table6_arousal_3class,Table-6 Arousal,subject_loo,Random,Random,results/quick_v1_v2_comparison/RETAIN_2026-06-03_09-24-45/model_runs/2026-06-03_09-24-48,results/quick_v1_v2_comparison/RETAIN_2026-06-03_09-24-45/model_runs/2026-06-03_09-24-48/multiclass_table6_arousal_3class_emotion-elicitation_2026-06-03_09-25-46,post_hoc_from_saved_test_targets,Random,s_P8,aggregated,0.3105022831050228,0.31544011544011546,0.3179945054945055,0.31544011544011546,0.30801600392243667,0.4872448170739549,0.33983767374178336,0.3105022831050228,0.31539476512640013,0.4885742780616916,24.852016720350175
multiclass_table6_arousal_3class,Table-6 Arousal,subject_loo,Majority,Majority,results/quick_v1_v2_comparison/RETAIN_2026-06-03_09-24-45/model_runs/2026-06-03_09-24-48,results/quick_v1_v2_comparison/RETAIN_2026-06-03_09-24-45/model_runs/2026-06-03_09-24-48/multiclass_table6_arousal_3class_emotion-elicitation_2026-06-03_09-25-46,post_hoc_from_saved_test_targets,Majority,s_P8,aggregated,0.4474885844748858,0.3333333333333333,0.1491628614916286,0.3333333333333333,0.2060988433228181,0.5,0.20024603323533702,0.4474885844748858,0.27668063898131745,0.5,19.914529954717693
multiclass_table6_arousal_3class,Table-6 Arousal,recording_loo,Random,Random,results/quick_v1_v2_comparison/RETAIN_2026-06-03_09-24-45/model_runs/2026-06-03_09-24-48,results/quick_v1_v2_comparison/RETAIN_2026-06-03_09-24-45/model_runs/2026-06-03_09-24-48/multiclass_table6_arousal_3class_emotion-elicitation_2026-06-03_09-25-46,post_hoc_from_saved_test_targets,Random,r_107.avi,aggregated,0.31645569620253167,0.2650560224089636,0.29701823729283683,0.2650560224089636,0.2099377690051265,0.4329615128879835,0.6871669216569717,0.31645569620253167,0.413465984981693,0.401300505050505,24.63743396218134
multiclass_table6_arousal_3class,Table-6 Arousal,recording_loo,Majority,Majority,results/quick_v1_v2_comparison/RETAIN_2026-06-03_09-24-45/model_runs/2026-06-03_09-24-48,results/quick_v1_v2_comparison/RETAIN_2026-06-03_09-24-45/model_runs/2026-06-03_09-24-48/multiclass_table6_arousal_3class_emotion-elicitation_2026-06-03_09-25-46,post_hoc_from_saved_test_targets,Majority,r_107.avi,aggregated,0.08860759493670886,0.3333333333333333,0.029535864978902954,0.3333333333333333,0.054263565891472874,0.5,0.007851305880467873,0.08860759493670886,0.014424492198999116,0.5,32.849911949575116
multiclass_table6_arousal_3class,Table-6 Arousal,recording_loo,Random,Random,results/quick_v1_v2_comparison/RETAIN_2026-06-03_09-24-45/model_runs/2026-06-03_09-24-48,results/quick_v1_v2_comparison/RETAIN_2026-06-03_09-24-45/model_runs/2026-06-03_09-24-48/multiclass_table6_arousal_3class_emotion-elicitation_2026-06-03_09-25-46,post_hoc_from_saved_test_targets,Random,r_111.avi,aggregated,0.33534743202416917,0.35265883541745613,0.34579439252336447,0.23510589027830409,0.2450292397660819,0.5209043829733485,0.7220543806646526,0.33534743202416917,0.43306832034769704,0.512412770408395,23.95650678430747
multiclass_table6_arousal_3class,Table-6 Arousal,recording_loo,Majority,Majority,results/quick_v1_v2_comparison/RETAIN_2026-06-03_09-24-45/model_runs/2026-06-03_09-24-48,results/quick_v1_v2_comparison/RETAIN_2026-06-03_09-24-45/model_runs/2026-06-03_09-24-48/multiclass_table6_arousal_3class_emotion-elicitation_2026-06-03_09-25-46,post_hoc_from_saved_test_targets,Majority,r_111.avi,aggregated,0.0,0.0,0.0,0.0,0.0,0.5,0.0,0.0,0.0,0.5,36.04365338911714
multiclass_table6_arousal_3class,Table-6 Arousal,recording_loo,Random,Random,results/quick_v1_v2_comparison/RETAIN_2026-06-03_09-24-45/model_runs/2026-06-03_09-24-48,results/quick_v1_v2_comparison/RETAIN_2026-06-03_09-24-45/model_runs/2026-06-03_09-24-48/multiclass_table6_arousal_3class_emotion-elicitation_2026-06-03_09-25-46,post_hoc_from_saved_test_targets,Random,r_138.avi,aggregated,0.31896551724137934,0.2792784787631064,0.3301482873851295,0.18618565250873761,0.18137955990557098,0.4830282566198685,0.9104014526258174,0.3189655172413793,0.46245497260674717,0.5114906781547913,24.546970842588404
multiclass_table6_arousal_3class,Table-6 Arousal,recording_loo,Majority,Majority,results/quick_v1_v2_comparison/RETAIN_2026-06-03_09-24-45/model_runs/2026-06-03_09-24-48,results/quick_v1_v2_comparison/RETAIN_2026-06-03_09-24-45/model_runs/2026-06-03_09-24-48/multiclass_table6_arousal_3class_emotion-elicitation_2026-06-03_09-25-46,post_hoc_from_saved_test_targets,Majority,r_138.avi,aggregated,0.9511494252873564,0.5,0.3170498084291188,0.3333333333333333,0.32498772704958273,0.5,0.9046852292244683,0.9511494252873564,0.9273356694259645,0.5,1.7607531828017
multiclass_table6_arousal_3class,Table-6 Arousal,recording_loo,Random,Random,results/quick_v1_v2_comparison/RETAIN_2026-06-03_09-24-45/model_runs/2026-06-03_09-24-48,results/quick_v1_v2_comparison/RETAIN_2026-06-03_09-24-45/model_runs/2026-06-03_09-24-48/multiclass_table6_arousal_3class_emotion-elicitation_2026-06-03_09-25-46,post_hoc_from_saved_test_targets,Random,r_146.avi,aggregated,0.31970260223048325,0.4277660324171952,0.3471812740105423,0.2851773549447968,0.19607843137254902,0.5860641296687807,0.9384111219273065,0.31970260223048325,0.45615569647933524,0.5659235652103292,24.52040360672282
multiclass_table6_arousal_3class,Table-6 Arousal,recording_loo,Majority,Majority,results/quick_v1_v2_comparison/RETAIN_2026-06-03_09-24-45/model_runs/2026-06-03_09-24-48,results/quick_v1_v2_comparison/RETAIN_2026-06-03_09-24-45/model_runs/2026-06-03_09-24-48/multiclass_table6_arousal_3class_emotion-elicitation_2026-06-03_09-25-46,post_hoc_from_saved_test_targets,Majority,r_146.avi,aggregated,0.0,0.0,0.0,0.0,0.0,0.5,0.0,0.0,0.0,0.5,36.04365338911714
multiclass_table6_arousal_3class,Table-6 Arousal,recording_loo,Random,Random,results/quick_v1_v2_comparison/RETAIN_2026-06-03_09-24-45/model_runs/2026-06-03_09-24-48,results/quick_v1_v2_comparison/RETAIN_2026-06-03_09-24-45/model_runs/2026-06-03_09-24-48/multiclass_table6_arousal_3class_emotion-elicitation_2026-06-03_09-25-46,post_hoc_from_saved_test_targets,Random,r_30.avi,aggregated,0.37073170731707317,0.36498142250530785,0.3708492975734355,0.2433209483368719,0.2786795199252973,0.549495753715499,0.6962036258293617,0.37073170731707317,0.4697355596774226,0.5510832556573975,22.681128230224935
multiclass_table6_arousal_3class,Table-6 Arousal,recording_loo,Majority,Majority,results/quick_v1_v2_comparison/RETAIN_2026-06-03_09-24-45/model_runs/2026-06-03_09-24-48,results/quick_v1_v2_comparison/RETAIN_2026-06-03_09-24-45/model_runs/2026-06-03_09-24-48/multiclass_table6_arousal_3class_emotion-elicitation_2026-06-03_09-25-46,post_hoc_from_saved_test_targets,Majority,r_30.avi,aggregated,0.23414634146341465,0.5,0.07804878048780488,0.3333333333333333,0.12648221343873517,0.5,0.05482450922070197,0.23414634146341465,0.08884604261062372,0.5,27.604163815079957
multiclass_table6_arousal_3class,Table-6 Arousal,recording_loo,Random,Random,results/quick_v1_v2_comparison/RETAIN_2026-06-03_09-24-45/model_runs/2026-06-03_09-24-48,results/quick_v1_v2_comparison/RETAIN_2026-06-03_09-24-45/model_runs/2026-06-03_09-24-48/multiclass_table6_arousal_3class_emotion-elicitation_2026-06-03_09-25-46,post_hoc_from_saved_test_targets,Random,r_52.avi,aggregated,0.36271186440677966,0.35041105683307516,0.3470268049707302,0.2336073712220501,0.26741147741147736,0.518348623853211,0.6380314125918435,0.36271186440677966,0.4505858322468491,0.5218794112123298,22.970192668318727
multiclass_table6_arousal_3class,Table-6 Arousal,recording_loo,Majority,Majority,results/quick_v1_v2_comparison/RETAIN_2026-06-03_09-24-45/model_runs/2026-06-03_09-24-48,results/quick_v1_v2_comparison/RETAIN_2026-06-03_09-24-45/model_runs/2026-06-03_09-24-48/multiclass_table6_arousal_3class_emotion-elicitation_2026-06-03_09-25-46,post_hoc_from_saved_test_targets,Majority,r_52.avi,aggregated,0.26101694915254237,0.5,0.08700564971751412,0.3333333333333333,0.13799283154121864,0.5,0.06812984774490088,0.26101694915254237,0.10805540368142884,0.5,26.635648945178097
multiclass_table6_arousal_3class,Table-6 Arousal,recording_loo,Random,Random,results/quick_v1_v2_comparison/RETAIN_2026-06-03_09-24-45/model_runs/2026-06-03_09-24-48,results/quick_v1_v2_comparison/RETAIN_2026-06-03_09-24-45/model_runs/2026-06-03_09-24-48/multiclass_table6_arousal_3class_emotion-elicitation_2026-06-03_09-25-46,post_hoc_from_saved_test_targets,Random,r_53.avi,aggregated,0.3355263157894737,0.3170596370505296,0.3258349451966473,0.3170596370505296,0.2993239070372176,0.48953735619301436,0.44388361498523876,0.3355263157894737,0.3669369242218174,0.49302261300324896,23.9500591598739
multiclass_table6_arousal_3class,Table-6 Arousal,recording_loo,Majority,Majority,results/quick_v1_v2_comparison/RETAIN_2026-06-03_09-24-45/model_runs/2026-06-03_09-24-48,results/quick_v1_v2_comparison/RETAIN_2026-06-03_09-24-45/model_runs/2026-06-03_09-24-48/multiclass_table6_arousal_3class_emotion-elicitation_2026-06-03_09-25-46,post_hoc_from_saved_test_targets,Majority,r_53.avi,aggregated,0.26644736842105265,0.3333333333333333,0.08881578947368422,0.3333333333333333,0.14025974025974025,0.5,0.07099420013850416,0.26644736842105265,0.11211551606288447,0.5,26.43991679530633
multiclass_table6_arousal_3class,Table-6 Arousal,recording_loo,Random,Random,results/quick_v1_v2_comparison/RETAIN_2026-06-03_09-24-45/model_runs/2026-06-03_09-24-48,results/quick_v1_v2_comparison/RETAIN_2026-06-03_09-24-45/model_runs/2026-06-03_09-24-48/multiclass_table6_arousal_3class_emotion-elicitation_2026-06-03_09-25-46,post_hoc_from_saved_test_targets,Random,r_55.avi,aggregated,0.31950207468879666,0.3136138613861386,0.32361226180613084,0.20907590759075909,0.25371231696813096,0.49091230551626597,0.5001529803669466,0.31950207468879666,0.38946679961830016,0.49186220192855096,24.527631351930342
multiclass_table6_arousal_3class,Table-6 Arousal,recording_loo,Majority,Majority,results/quick_v1_v2_comparison/RETAIN_2026-06-03_09-24-45/model_runs/2026-06-03_09-24-48,results/quick_v1_v2_comparison/RETAIN_2026-06-03_09-24-45/model_runs/2026-06-03_09-24-48/multiclass_table6_arousal_3class_emotion-elicitation_2026-06-03_09-25-46,post_hoc_from_saved_test_targets,Majority,r_55.avi,aggregated,0.4190871369294606,0.5,0.1396957123098202,0.3333333333333333,0.19688109161793374,0.5,0.17563402833973246,0.4190871369294606,0.24753099900512002,0.5,20.938221885794196
multiclass_table6_arousal_3class,Table-6 Arousal,recording_loo,Random,Random,results/quick_v1_v2_comparison/RETAIN_2026-06-03_09-24-45/model_runs/2026-06-03_09-24-48,results/quick_v1_v2_comparison/RETAIN_2026-06-03_09-24-45/model_runs/2026-06-03_09-24-48/multiclass_table6_arousal_3class_emotion-elicitation_2026-06-03_09-25-46,post_hoc_from_saved_test_targets,Random,r_58.avi,aggregated,0.34517766497461927,0.32979641131815046,0.33193311918293383,0.2198642742121003,0.24264615004325796,0.4962474120082816,0.6913750738467676,0.34517766497461927,0.444813187805966,0.48757150914511327,23.602189275107165
multiclass_table6_arousal_3class,Table-6 Arousal,recording_loo,Majority,Majority,results/quick_v1_v2_comparison/RETAIN_2026-06-03_09-24-45/model_runs/2026-06-03_09-24-48,results/quick_v1_v2_comparison/RETAIN_2026-06-03_09-24-45/model_runs/2026-06-03_09-24-48/multiclass_table6_arousal_3class_emotion-elicitation_2026-06-03_09-25-46,post_hoc_from_saved_test_targets,Majority,r_58.avi,aggregated,0.18274111675126903,0.5,0.06091370558375634,0.3333333333333333,0.10300429184549358,0.5,0.03339431575150094,0.18274111675126903,0.05646935796605739,0.5,29.45699591699421
multiclass_table6_arousal_3class,Table-6 Arousal,recording_loo,Random,Random,results/quick_v1_v2_comparison/RETAIN_2026-06-03_09-24-45/model_runs/2026-06-03_09-24-48,results/quick_v1_v2_comparison/RETAIN_2026-06-03_09-24-45/model_runs/2026-06-03_09-24-48/multiclass_table6_arousal_3class_emotion-elicitation_2026-06-03_09-25-46,post_hoc_from_saved_test_targets,Random,r_69.avi,aggregated,0.2850467289719626,0.2710674157303371,0.32311404442551983,0.1807116104868914,0.19814615963762483,0.47752808988764045,0.7287172762889018,0.2850467289719626,0.38874102906515406,0.5064186705869999,25.76952789035011
multiclass_table6_arousal_3class,Table-6 Arousal,recording_loo,Majority,Majority,results/quick_v1_v2_comparison/RETAIN_2026-06-03_09-24-45/model_runs/2026-06-03_09-24-48,results/quick_v1_v2_comparison/RETAIN_2026-06-03_09-24-45/model_runs/2026-06-03_09-24-48/multiclass_table6_arousal_3class_emotion-elicitation_2026-06-03_09-25-46,post_hoc_from_saved_test_targets,Majority,r_69.avi,aggregated,0.8317757009345794,0.5,0.2772585669781931,0.3333333333333333,0.30272108843537415,0.5,0.6918508166652109,0.8317757009345794,0.7553881365630364,0.5,6.063418327141203
multiclass_table6_arousal_3class,Table-6 Arousal,recording_loo,Random,Random,results/quick_v1_v2_comparison/RETAIN_2026-06-03_09-24-45/model_runs/2026-06-03_09-24-48,results/quick_v1_v2_comparison/RETAIN_2026-06-03_09-24-45/model_runs/2026-06-03_09-24-48/multiclass_table6_arousal_3class_emotion-elicitation_2026-06-03_09-25-46,post_hoc_from_saved_test_targets,Random,r_73.avi,aggregated,0.32786885245901637,0.29481132075471694,0.3193899782135076,0.19654088050314464,0.2128982128982129,0.47037146226415094,0.750541090753241,0.32786885245901637,0.44143834307768737,0.46765291524899466,24.22606211399677
multiclass_table6_arousal_3class,Table-6 Arousal,recording_loo,Majority,Majority,results/quick_v1_v2_comparison/RETAIN_2026-06-03_09-24-45/model_runs/2026-06-03_09-24-48,results/quick_v1_v2_comparison/RETAIN_2026-06-03_09-24-45/model_runs/2026-06-03_09-24-48/multiclass_table6_arousal_3class_emotion-elicitation_2026-06-03_09-25-46,post_hoc_from_saved_test_targets,Majority,r_73.avi,aggregated,0.13114754098360656,0.5,0.04371584699453552,0.3333333333333333,0.07729468599033816,0.5,0.017199677506046764,0.13114754098360656,0.030411023996198622,0.5,31.31661687906899
multiclass_table6_arousal_3class,Table-6 Arousal,recording_loo,Random,Random,results/quick_v1_v2_comparison/RETAIN_2026-06-03_09-24-45/model_runs/2026-06-03_09-24-48,results/quick_v1_v2_comparison/RETAIN_2026-06-03_09-24-45/model_runs/2026-06-03_09-24-48/multiclass_table6_arousal_3class_emotion-elicitation_2026-06-03_09-25-46,post_hoc_from_saved_test_targets,Random,r_79.avi,aggregated,0.2883435582822086,0.2486013986013986,0.2791104447776112,0.16573426573426572,0.1960229823143909,0.4185897435897436,0.5901895677927906,0.2883435582822086,0.37861831832774584,0.407596493486064,25.650698117408524
multiclass_table6_arousal_3class,Table-6 Arousal,recording_loo,Majority,Majority,results/quick_v1_v2_comparison/RETAIN_2026-06-03_09-24-45/model_runs/2026-06-03_09-24-48,results/quick_v1_v2_comparison/RETAIN_2026-06-03_09-24-45/model_runs/2026-06-03_09-24-48/multiclass_table6_arousal_3class_emotion-elicitation_2026-06-03_09-25-46,post_hoc_from_saved_test_targets,Majority,r_79.avi,aggregated,0.20245398773006135,0.5,0.06748466257668712,0.3333333333333333,0.11224489795918367,0.5,0.04098761714780383,0.20245398773006135,0.06817328158257167,0.5,28.746472028130242
multiclass_table6_arousal_3class,Table-6 Arousal,recording_loo,Random,Random,results/quick_v1_v2_comparison/RETAIN_2026-06-03_09-24-45/model_runs/2026-06-03_09-24-48,results/quick_v1_v2_comparison/RETAIN_2026-06-03_09-24-45/model_runs/2026-06-03_09-24-48/multiclass_table6_arousal_3class_emotion-elicitation_2026-06-03_09-25-46,post_hoc_from_saved_test_targets,Random,r_80.avi,aggregated,0.35125448028673834,0.30290262172284643,0.3282945736434108,0.2019350811485643,0.1929785538193479,0.46956928838951306,0.9106401600400099,0.35125448028673834,0.4980773358829336,0.46956928838951306,23.383158650287474
multiclass_table6_arousal_3class,Table-6 Arousal,recording_loo,Majority,Majority,results/quick_v1_v2_comparison/RETAIN_2026-06-03_09-24-45/model_runs/2026-06-03_09-24-48,results/quick_v1_v2_comparison/RETAIN_2026-06-03_09-24-45/model_runs/2026-06-03_09-24-48/multiclass_table6_arousal_3class_emotion-elicitation_2026-06-03_09-25-46,post_hoc_from_saved_test_targets,Majority,r_80.avi,aggregated,0.043010752688172046,0.5,0.014336917562724016,0.3333333333333333,0.027491408934707903,0.5,0.0018499248468030985,0.043010752688172046,0.003547278572220375,0.5,34.49338872721963
multiclass_table6_arousal_3class,Table-6 Arousal,recording_loo,Random,Random,results/quick_v1_v2_comparison/RETAIN_2026-06-03_09-24-45/model_runs/2026-06-03_09-24-48,results/quick_v1_v2_comparison/RETAIN_2026-06-03_09-24-45/model_runs/2026-06-03_09-24-48/multiclass_table6_arousal_3class_emotion-elicitation_2026-06-03_09-25-46,post_hoc_from_saved_test_targets,Random,r_90.avi,aggregated,0.3046875,0.2337068160597572,0.2903246179108248,0.2337068160597572,0.20795860040046088,0.42577985050942163,0.6349918490274093,0.3046875,0.3945856181730092,0.4267793274386289,25.061602747120517
multiclass_table6_arousal_3class,Table-6 Arousal,recording_loo,Majority,Majority,results/quick_v1_v2_comparison/RETAIN_2026-06-03_09-24-45/model_runs/2026-06-03_09-24-48,results/quick_v1_v2_comparison/RETAIN_2026-06-03_09-24-45/model_runs/2026-06-03_09-24-48/multiclass_table6_arousal_3class_emotion-elicitation_2026-06-03_09-25-46,post_hoc_from_saved_test_targets,Majority,r_90.avi,aggregated,0.1328125,0.3333333333333333,0.044270833333333336,0.3333333333333333,0.07816091954022988,0.5,0.01763916015625,0.1328125,0.031142241379310345,0.5,31.256605673375027
multiclass_table6_arousal_3class,Table-6 Arousal,recording_loo,Random,Random,results/quick_v1_v2_comparison/RETAIN_2026-06-03_09-24-45/model_runs/2026-06-03_09-24-48,results/quick_v1_v2_comparison/RETAIN_2026-06-03_09-24-45/model_runs/2026-06-03_09-24-48/multiclass_table6_arousal_3class_emotion-elicitation_2026-06-03_09-25-46,post_hoc_from_saved_test_targets,Random,r_cats_f.avi,aggregated,0.363013698630137,,0.3333333333333333,0.12100456621004567,0.17755443886097153,,1.0,0.363013698630137,0.5326633165829145,,22.959313460191062
multiclass_table6_arousal_3class,Table-6 Arousal,recording_loo,Majority,Majority,results/quick_v1_v2_comparison/RETAIN_2026-06-03_09-24-45/model_runs/2026-06-03_09-24-48,results/quick_v1_v2_comparison/RETAIN_2026-06-03_09-24-45/model_runs/2026-06-03_09-24-48/multiclass_table6_arousal_3class_emotion-elicitation_2026-06-03_09-25-46,post_hoc_from_saved_test_targets,Majority,r_cats_f.avi,aggregated,0.0,,0.0,0.0,0.0,,0.0,0.0,0.0,,36.043653389117146
multiclass_table6_arousal_3class,Table-6 Arousal,recording_loo,Random,Random,results/quick_v1_v2_comparison/RETAIN_2026-06-03_09-24-45/model_runs/2026-06-03_09-24-48,results/quick_v1_v2_comparison/RETAIN_2026-06-03_09-24-45/model_runs/2026-06-03_09-24-48/multiclass_table6_arousal_3class_emotion-elicitation_2026-06-03_09-25-46,post_hoc_from_saved_test_targets,Random,r_dallas_f.avi,aggregated,0.30303030303030304,0.30004688232536336,0.32231255645889795,0.20003125488357557,0.1960542650197823,0.4709329582747305,0.797339246119734,0.30303030303030304,0.4192296731481685,0.4675766099816733,25.12133418029377
multiclass_table6_arousal_3class,Table-6 Arousal,recording_loo,Majority,Majority,results/quick_v1_v2_comparison/RETAIN_2026-06-03_09-24-45/model_runs/2026-06-03_09-24-48,results/quick_v1_v2_comparison/RETAIN_2026-06-03_09-24-45/model_runs/2026-06-03_09-24-48/multiclass_table6_arousal_3class_emotion-elicitation_2026-06-03_09-25-46,post_hoc_from_saved_test_targets,Majority,r_dallas_f.avi,aggregated,0.8977272727272727,0.5,0.29924242424242425,0.3333333333333333,0.3153692614770459,0.5,0.8059142561983471,0.8977272727272727,0.8493467610234077,0.5,3.686282732977891
multiclass_table6_arousal_3class,Table-6 Arousal,recording_loo,Random,Random,results/quick_v1_v2_comparison/RETAIN_2026-06-03_09-24-45/model_runs/2026-06-03_09-24-48,results/quick_v1_v2_comparison/RETAIN_2026-06-03_09-24-45/model_runs/2026-06-03_09-24-48/multiclass_table6_arousal_3class_emotion-elicitation_2026-06-03_09-25-46,post_hoc_from_saved_test_targets,Random,r_detroit_f.avi,aggregated,0.29389312977099236,0.24031148134733793,0.3161326120127618,0.1602076542315586,0.16393574297188754,0.3971387178558493,0.8879946504528372,0.29389312977099236,0.4345176124344707,0.37839343528039127,25.450671286208674
multiclass_table6_arousal_3class,Table-6 Arousal,recording_loo,Majority,Majority,results/quick_v1_v2_comparison/RETAIN_2026-06-03_09-24-45/model_runs/2026-06-03_09-24-48,results/quick_v1_v2_comparison/RETAIN_2026-06-03_09-24-45/model_runs/2026-06-03_09-24-48/multiclass_table6_arousal_3class_emotion-elicitation_2026-06-03_09-25-46,post_hoc_from_saved_test_targets,Majority,r_detroit_f.avi,aggregated,0.9580152671755725,0.5,0.3193384223918575,0.3333333333333333,0.32618583495776476,0.5,0.9177932521414836,0.9580152671755725,0.9374730294778506,0.5,1.5132831575583539
multiclass_table6_arousal_3class,Table-6 Arousal,recording_loo,Random,Random,results/quick_v1_v2_comparison/RETAIN_2026-06-03_09-24-45/model_runs/2026-06-03_09-24-48,results/quick_v1_v2_comparison/RETAIN_2026-06-03_09-24-45/model_runs/2026-06-03_09-24-48/multiclass_table6_arousal_3class_emotion-elicitation_2026-06-03_09-25-46,post_hoc_from_saved_test_targets,Random,r_earworm_f.avi,aggregated,0.2760416666666667,0.2791452991452992,0.2923669467787115,0.18609686609686613,0.22202460352749367,0.457948717948718,0.46371126575630256,0.2760416666666667,0.3385810360160071,0.45966880341880345,26.0941032348296
multiclass_table6_arousal_3class,Table-6 Arousal,recording_loo,Majority,Majority,results/quick_v1_v2_comparison/RETAIN_2026-06-03_09-24-45/model_runs/2026-06-03_09-24-48,results/quick_v1_v2_comparison/RETAIN_2026-06-03_09-24-45/model_runs/2026-06-03_09-24-48/multiclass_table6_arousal_3class_emotion-elicitation_2026-06-03_09-25-46,post_hoc_from_saved_test_targets,Majority,r_earworm_f.avi,aggregated,0.609375,0.5,0.203125,0.3333333333333333,0.2524271844660194,0.5,0.371337890625,0.609375,0.4614684466019417,0.5,14.079552105123886
multiclass_table6_arousal_3class,Table-6 Arousal,recording_loo,Random,Random,results/quick_v1_v2_comparison/RETAIN_2026-06-03_09-24-45/model_runs/2026-06-03_09-24-48,results/quick_v1_v2_comparison/RETAIN_2026-06-03_09-24-45/model_runs/2026-06-03_09-24-48/multiclass_table6_arousal_3class_emotion-elicitation_2026-06-03_09-25-46,post_hoc_from_saved_test_targets,Random,r_funny_f.avi,aggregated,0.38113207547169814,0.3937649133727565,0.37240278279514766,0.3937649133727565,0.3310117544444004,0.5442942495194597,0.5943482416461069,0.38113207547169814,0.4269917425487534,0.5422353784992443,22.306260965340424
multiclass_table6_arousal_3class,Table-6 Arousal,recording_loo,Majority,Majority,results/quick_v1_v2_comparison/RETAIN_2026-06-03_09-24-45/model_runs/2026-06-03_09-24-48,results/quick_v1_v2_comparison/RETAIN_2026-06-03_09-24-45/model_runs/2026-06-03_09-24-48/multiclass_table6_arousal_3class_emotion-elicitation_2026-06-03_09-25-46,post_hoc_from_saved_test_targets,Majority,r_funny_f.avi,aggregated,0.12830188679245283,0.3333333333333333,0.042767295597484274,0.3333333333333333,0.0758082497212932,0.5,0.016461374154503383,0.12830188679245283,0.02917902442102606,0.5,31.419184652400226
multiclass_table6_arousal_3class,Table-6 Arousal,recording_loo,Random,Random,results/quick_v1_v2_comparison/RETAIN_2026-06-03_09-24-45/model_runs/2026-06-03_09-24-48,results/quick_v1_v2_comparison/RETAIN_2026-06-03_09-24-45/model_runs/2026-06-03_09-24-48/multiclass_table6_arousal_3class_emotion-elicitation_2026-06-03_09-25-46,post_hoc_from_saved_test_targets,Random,r_newyork_f.avi,aggregated,0.3176470588235294,0.355966672748282,0.33918189090602885,0.355966672748282,0.26128971854924665,0.5117254396814617,0.6537431466437552,0.3176470588235294,0.3825091633749689,0.501226309921962,24.59449290080935
multiclass_table6_arousal_3class,Table-6 Arousal,recording_loo,Majority,Majority,results/quick_v1_v2_comparison/RETAIN_2026-06-03_09-24-45/model_runs/2026-06-03_09-24-48,results/quick_v1_v2_comparison/RETAIN_2026-06-03_09-24-45/model_runs/2026-06-03_09-24-48/multiclass_table6_arousal_3class_emotion-elicitation_2026-06-03_09-25-46,post_hoc_from_saved_test_targets,Majority,r_newyork_f.avi,aggregated,0.796078431372549,0.3333333333333333,0.265359477124183,0.3333333333333333,0.2954876273653566,0.5,0.6337408688965782,0.796078431372549,0.7056939806490281,0.5,7.350078338172909
multiclass_table6_valence_3class,Table-6 Valence,subject_loo,Random,Random,results/quick_v1_v2_comparison/RETAIN_2026-06-03_09-24-45/model_runs/2026-06-03_09-24-48,results/quick_v1_v2_comparison/RETAIN_2026-06-03_09-24-45/model_runs/2026-06-03_09-24-48/multiclass_table6_valence_3class_emotion-elicitation_2026-06-03_09-33-29,post_hoc_from_saved_test_targets,Random,s_P1,aggregated,0.31666666666666665,0.314228255404726,0.31484593837535013,0.314228255404726,0.31038635906790063,0.48630986933771814,0.3316806722689076,0.31666666666666665,0.3204397187155808,0.4875872249060655,24.629829815896713
multiclass_table6_valence_3class,Table-6 Valence,subject_loo,Majority,Majority,results/quick_v1_v2_comparison/RETAIN_2026-06-03_09-24-45/model_runs/2026-06-03_09-24-48,results/quick_v1_v2_comparison/RETAIN_2026-06-03_09-24-45/model_runs/2026-06-03_09-24-48/multiclass_table6_valence_3class_emotion-elicitation_2026-06-03_09-33-29,post_hoc_from_saved_test_targets,Majority,s_P1,aggregated,0.325,0.3333333333333333,0.10833333333333334,0.3333333333333333,0.16352201257861634,0.5,0.10562500000000001,0.325,0.15943396226415094,0.5,24.329466037654072
multiclass_table6_valence_3class,Table-6 Valence,subject_loo,Random,Random,results/quick_v1_v2_comparison/RETAIN_2026-06-03_09-24-45/model_runs/2026-06-03_09-24-48,results/quick_v1_v2_comparison/RETAIN_2026-06-03_09-24-45/model_runs/2026-06-03_09-24-48/multiclass_table6_valence_3class_emotion-elicitation_2026-06-03_09-33-29,post_hoc_from_saved_test_targets,Random,s_P10,aggregated,0.3318777292576419,0.32896323086196505,0.32837337701735225,0.32896323086196505,0.32860374184648466,0.49716069187351347,0.33077748174666133,0.3318777292576419,0.33126551234197776,0.4980372293275928,24.081567548187437
multiclass_table6_valence_3class,Table-6 Valence,subject_loo,Majority,Majority,results/quick_v1_v2_comparison/RETAIN_2026-06-03_09-24-45/model_runs/2026-06-03_09-24-48,results/quick_v1_v2_comparison/RETAIN_2026-06-03_09-24-45/model_runs/2026-06-03_09-24-48/multiclass_table6_valence_3class_emotion-elicitation_2026-06-03_09-33-29,post_hoc_from_saved_test_targets,Majority,s_P10,aggregated,0.3056768558951965,0.3333333333333333,0.10189228529839883,0.3333333333333333,0.1560758082497213,0.5,0.09343834022997273,0.3056768558951965,0.14312628704122915,0.5,25.025942746155568
multiclass_table6_valence_3class,Table-6 Valence,subject_loo,Random,Random,results/quick_v1_v2_comparison/RETAIN_2026-06-03_09-24-45/model_runs/2026-06-03_09-24-48,results/quick_v1_v2_comparison/RETAIN_2026-06-03_09-24-45/model_runs/2026-06-03_09-24-48/multiclass_table6_valence_3class_emotion-elicitation_2026-06-03_09-33-29,post_hoc_from_saved_test_targets,Random,s_P13,aggregated,0.3474576271186441,0.34906511127657813,0.3449691223254943,0.34906511127657813,0.34603335191570483,0.5111289641636432,0.3448514477775581,0.3474576271186441,0.3452155380121482,0.5097892255760623,23.520011109847626
multiclass_table6_valence_3class,Table-6 Valence,subject_loo,Majority,Majority,results/quick_v1_v2_comparison/RETAIN_2026-06-03_09-24-45/model_runs/2026-06-03_09-24-48,results/quick_v1_v2_comparison/RETAIN_2026-06-03_09-24-45/model_runs/2026-06-03_09-24-48/multiclass_table6_valence_3class_emotion-elicitation_2026-06-03_09-33-29,post_hoc_from_saved_test_targets,Majority,s_P13,aggregated,0.3347457627118644,0.3333333333333333,0.1115819209039548,0.3333333333333333,0.1671957671957672,0.5,0.11205472565354782,0.3347457627118644,0.16790422383642722,0.5,23.978193144455048
multiclass_table6_valence_3class,Table-6 Valence,subject_loo,Random,Random,results/quick_v1_v2_comparison/RETAIN_2026-06-03_09-24-45/model_runs/2026-06-03_09-24-48,results/quick_v1_v2_comparison/RETAIN_2026-06-03_09-24-45/model_runs/2026-06-03_09-24-48/multiclass_table6_valence_3class_emotion-elicitation_2026-06-03_09-33-29,post_hoc_from_saved_test_targets,Random,s_P14,aggregated,0.3225806451612903,0.32044596295630284,0.3191418717734507,0.32044596295630284,0.3191504148025887,0.4903888189574217,0.32302412062295643,0.3225806451612903,0.3221806844728103,0.49049751243781087,24.416668424885806
multiclass_table6_valence_3class,Table-6 Valence,subject_loo,Majority,Majority,results/quick_v1_v2_comparison/RETAIN_2026-06-03_09-24-45/model_runs/2026-06-03_09-24-48,results/quick_v1_v2_comparison/RETAIN_2026-06-03_09-24-45/model_runs/2026-06-03_09-24-48/multiclass_table6_valence_3class_emotion-elicitation_2026-06-03_09-33-29,post_hoc_from_saved_test_targets,Majority,s_P14,aggregated,0.3087557603686636,0.3333333333333333,0.10291858678955453,0.3333333333333333,0.1572769953051643,0.5,0.09533011956083161,0.3087557603686636,0.14568053482183424,0.5,24.914967780495722
multiclass_table6_valence_3class,Table-6 Valence,subject_loo,Random,Random,results/quick_v1_v2_comparison/RETAIN_2026-06-03_09-24-45/model_runs/2026-06-03_09-24-48,results/quick_v1_v2_comparison/RETAIN_2026-06-03_09-24-45/model_runs/2026-06-03_09-24-48/multiclass_table6_valence_3class_emotion-elicitation_2026-06-03_09-33-29,post_hoc_from_saved_test_targets,Random,s_P16,aggregated,0.31088082901554404,0.3165133946421432,0.3144714407502131,0.3165133946421432,0.30927196115110633,0.4871144011787754,0.3264083060572731,0.31088082901554404,0.31187286564241984,0.48657311157311156,24.838372542759487
multiclass_table6_valence_3class,Table-6 Valence,subject_loo,Majority,Majority,results/quick_v1_v2_comparison/RETAIN_2026-06-03_09-24-45/model_runs/2026-06-03_09-24-48,results/quick_v1_v2_comparison/RETAIN_2026-06-03_09-24-45/model_runs/2026-06-03_09-24-48/multiclass_table6_valence_3class_emotion-elicitation_2026-06-03_09-33-29,post_hoc_from_saved_test_targets,Majority,s_P16,aggregated,0.42487046632124353,0.3333333333333333,0.14162348877374784,0.3333333333333333,0.19878787878787876,0.5,0.18051491315203094,0.42487046632124353,0.2533772962788507,0.5,20.729769565761675
multiclass_table6_valence_3class,Table-6 Valence,subject_loo,Random,Random,results/quick_v1_v2_comparison/RETAIN_2026-06-03_09-24-45/model_runs/2026-06-03_09-24-48,results/quick_v1_v2_comparison/RETAIN_2026-06-03_09-24-45/model_runs/2026-06-03_09-24-48/multiclass_table6_valence_3class_emotion-elicitation_2026-06-03_09-33-29,post_hoc_from_saved_test_targets,Random,s_P17,aggregated,0.3179916317991632,0.33294333456653097,0.32329598506069096,0.33294333456653097,0.3156120023767082,0.4966858867920565,0.3463239689181112,0.3179916317991632,0.32112970711297073,0.49064265852637307,24.58207323190834
multiclass_table6_valence_3class,Table-6 Valence,subject_loo,Majority,Majority,results/quick_v1_v2_comparison/RETAIN_2026-06-03_09-24-45/model_runs/2026-06-03_09-24-48,results/quick_v1_v2_comparison/RETAIN_2026-06-03_09-24-45/model_runs/2026-06-03_09-24-48/multiclass_table6_valence_3class_emotion-elicitation_2026-06-03_09-33-29,post_hoc_from_saved_test_targets,Majority,s_P17,aggregated,0.4435146443514644,0.3333333333333333,0.14783821478382148,0.3333333333333333,0.20483091787439614,0.5,0.19670523975420598,0.4435146443514644,0.2725365350797405,0.5,20.057765275115397
multiclass_table6_valence_3class,Table-6 Valence,subject_loo,Random,Random,results/quick_v1_v2_comparison/RETAIN_2026-06-03_09-24-45/model_runs/2026-06-03_09-24-48,results/quick_v1_v2_comparison/RETAIN_2026-06-03_09-24-45/model_runs/2026-06-03_09-24-48/multiclass_table6_valence_3class_emotion-elicitation_2026-06-03_09-33-29,post_hoc_from_saved_test_targets,Random,s_P18,aggregated,0.35526315789473684,0.34364233047777354,0.34787547289793697,0.34364233047777354,0.3421769928853466,0.5099400045156064,0.37722385416153825,0.35526315789473684,0.3626978167383896,0.5143565178301588,23.238671264036054
multiclass_table6_valence_3class,Table-6 Valence,subject_loo,Majority,Majority,results/quick_v1_v2_comparison/RETAIN_2026-06-03_09-24-45/model_runs/2026-06-03_09-24-48,results/quick_v1_v2_comparison/RETAIN_2026-06-03_09-24-45/model_runs/2026-06-03_09-24-48/multiclass_table6_valence_3class_emotion-elicitation_2026-06-03_09-33-29,post_hoc_from_saved_test_targets,Majority,s_P18,aggregated,0.21929824561403508,0.3333333333333333,0.07309941520467836,0.3333333333333333,0.1199040767386091,0.5,0.04809172052939366,0.21929824561403508,0.07888426101224283,0.5,28.13934343536338
multiclass_table6_valence_3class,Table-6 Valence,subject_loo,Random,Random,results/quick_v1_v2_comparison/RETAIN_2026-06-03_09-24-45/model_runs/2026-06-03_09-24-48,results/quick_v1_v2_comparison/RETAIN_2026-06-03_09-24-45/model_runs/2026-06-03_09-24-48/multiclass_table6_valence_3class_emotion-elicitation_2026-06-03_09-33-29,post_hoc_from_saved_test_targets,Random,s_P19,aggregated,0.31004366812227074,0.3097108066971081,0.30865337944424226,0.3097108066971081,0.30853000189072727,0.48232523081838147,0.3094421584165656,0.31004366812227074,0.3091114039097795,0.4824094824094825,24.868546879827548
multiclass_table6_valence_3class,Table-6 Valence,subject_loo,Majority,Majority,results/quick_v1_v2_comparison/RETAIN_2026-06-03_09-24-45/model_runs/2026-06-03_09-24-48,results/quick_v1_v2_comparison/RETAIN_2026-06-03_09-24-45/model_runs/2026-06-03_09-24-48/multiclass_table6_valence_3class_emotion-elicitation_2026-06-03_09-33-29,post_hoc_from_saved_test_targets,Majority,s_P19,aggregated,0.32751091703056767,0.3333333333333333,0.10917030567685589,0.3333333333333333,0.1644736842105263,0.5,0.10726340077420339,0.32751091703056767,0.16160078142955642,0.5,24.23896341451546
multiclass_table6_valence_3class,Table-6 Valence,subject_loo,Random,Random,results/quick_v1_v2_comparison/RETAIN_2026-06-03_09-24-45/model_runs/2026-06-03_09-24-48,results/quick_v1_v2_comparison/RETAIN_2026-06-03_09-24-45/model_runs/2026-06-03_09-24-48/multiclass_table6_valence_3class_emotion-elicitation_2026-06-03_09-33-29,post_hoc_from_saved_test_targets,Random,s_P2,aggregated,0.3236514522821577,0.35032560032560034,0.33294669980668323,0.35032560032560034,0.31994046565924017,0.506925050857344,0.3835090602192604,0.3236514522821577,0.32900748193958923,0.49528675208363154,24.37807262417467
multiclass_table6_valence_3class,Table-6 Valence,subject_loo,Majority,Majority,results/quick_v1_v2_comparison/RETAIN_2026-06-03_09-24-45/model_runs/2026-06-03_09-24-48,results/quick_v1_v2_comparison/RETAIN_2026-06-03_09-24-45/model_runs/2026-06-03_09-24-48/multiclass_table6_valence_3class_emotion-elicitation_2026-06-03_09-33-29,post_hoc_from_saved_test_targets,Majority,s_P2,aggregated,0.5394190871369294,0.3333333333333333,0.1798063623789765,0.3333333333333333,0.23360287511230907,0.5,0.29097295156763825,0.5394190871369294,0.3780295489369317,0.5,16.60101878087968
multiclass_table6_valence_3class,Table-6 Valence,subject_loo,Random,Random,results/quick_v1_v2_comparison/RETAIN_2026-06-03_09-24-45/model_runs/2026-06-03_09-24-48,results/quick_v1_v2_comparison/RETAIN_2026-06-03_09-24-45/model_runs/2026-06-03_09-24-48/multiclass_table6_valence_3class_emotion-elicitation_2026-06-03_09-33-29,post_hoc_from_saved_test_targets,Random,s_P20,aggregated,0.2743362831858407,0.26840869780084015,0.2721364686538816,0.26840869780084015,0.26822573561703994,0.4523023998088061,0.2864538588353143,0.2743362831858407,0.2784185642496531,0.45429415272515816,26.15557148590802
multiclass_table6_valence_3class,Table-6 Valence,subject_loo,Majority,Majority,results/quick_v1_v2_comparison/RETAIN_2026-06-03_09-24-45/model_runs/2026-06-03_09-24-48,results/quick_v1_v2_comparison/RETAIN_2026-06-03_09-24-45/model_runs/2026-06-03_09-24-48/multiclass_table6_valence_3class_emotion-elicitation_2026-06-03_09-33-29,post_hoc_from_saved_test_targets,Majority,s_P20,aggregated,0.3141592920353982,0.3333333333333333,0.1047197640117994,0.3333333333333333,0.15937149270482603,0.5,0.09869606077218263,0.3141592920353982,0.15020410595631833,0.5,24.72020475802282
multiclass_table6_valence_3class,Table-6 Valence,subject_loo,Random,Random,results/quick_v1_v2_comparison/RETAIN_2026-06-03_09-24-45/model_runs/2026-06-03_09-24-48,results/quick_v1_v2_comparison/RETAIN_2026-06-03_09-24-45/model_runs/2026-06-03_09-24-48/multiclass_table6_valence_3class_emotion-elicitation_2026-06-03_09-33-29,post_hoc_from_saved_test_targets,Random,s_P21,aggregated,0.3105022831050228,0.31249403758705124,0.31133970196470195,0.31249403758705124,0.30913076498204917,0.484000800005239,0.31645224068169275,0.3105022831050228,0.31095143247343315,0.48326134363514006,24.85201672035018
multiclass_table6_valence_3class,Table-6 Valence,subject_loo,Majority,Majority,results/quick_v1_v2_comparison/RETAIN_2026-06-03_09-24-45/model_runs/2026-06-03_09-24-48,results/quick_v1_v2_comparison/RETAIN_2026-06-03_09-24-45/model_runs/2026-06-03_09-24-48/multiclass_table6_valence_3class_emotion-elicitation_2026-06-03_09-33-29,post_hoc_from_saved_test_targets,Majority,s_P21,aggregated,0.3561643835616438,0.3333333333333333,0.1187214611872146,0.3333333333333333,0.1750841750841751,0.5,0.12685306811784575,0.3561643835616438,0.18707624187076244,0.5,23.20618779847268
multiclass_table6_valence_3class,Table-6 Valence,subject_loo,Random,Random,results/quick_v1_v2_comparison/RETAIN_2026-06-03_09-24-45/model_runs/2026-06-03_09-24-48,results/quick_v1_v2_comparison/RETAIN_2026-06-03_09-24-45/model_runs/2026-06-03_09-24-48/multiclass_table6_valence_3class_emotion-elicitation_2026-06-03_09-33-29,post_hoc_from_saved_test_targets,Random,s_P22,aggregated,0.32710280373831774,0.3307780473505521,0.3303993964045733,0.3307780473505521,0.3277074542897328,0.49692350503997806,0.3330807850999283,0.32710280373831774,0.3274642796114463,0.4946034440941062,24.253673308564807
multiclass_table6_valence_3class,Table-6 Valence,subject_loo,Majority,Majority,results/quick_v1_v2_comparison/RETAIN_2026-06-03_09-24-45/model_runs/2026-06-03_09-24-48,results/quick_v1_v2_comparison/RETAIN_2026-06-03_09-24-45/model_runs/2026-06-03_09-24-48/multiclass_table6_valence_3class_emotion-elicitation_2026-06-03_09-33-29,post_hoc_from_saved_test_targets,Majority,s_P22,aggregated,0.34579439252336447,0.3333333333333333,0.11526479750778816,0.3333333333333333,0.17129629629629628,0.5,0.11957376190060268,0.34579439252336447,0.17769989615784004,0.5,23.579960161104673
multiclass_table6_valence_3class,Table-6 Valence,subject_loo,Random,Random,results/quick_v1_v2_comparison/RETAIN_2026-06-03_09-24-45/model_runs/2026-06-03_09-24-48,results/quick_v1_v2_comparison/RETAIN_2026-06-03_09-24-45/model_runs/2026-06-03_09-24-48/multiclass_table6_valence_3class_emotion-elicitation_2026-06-03_09-33-29,post_hoc_from_saved_test_targets,Random,s_P23,aggregated,0.3458333333333333,0.36961447891177945,0.35070028011204485,0.36961447891177945,0.3413662395235544,0.5218412792819462,0.3821148459383753,0.3458333333333333,0.3506413377509248,0.5111021194781694,23.578556592047462
multiclass_table6_valence_3class,Table-6 Valence,subject_loo,Majority,Majority,results/quick_v1_v2_comparison/RETAIN_2026-06-03_09-24-45/model_runs/2026-06-03_09-24-48,results/quick_v1_v2_comparison/RETAIN_2026-06-03_09-24-45/model_runs/2026-06-03_09-24-48/multiclass_table6_valence_3class_emotion-elicitation_2026-06-03_09-33-29,post_hoc_from_saved_test_targets,Majority,s_P23,aggregated,0.42916666666666664,0.3333333333333333,0.14305555555555555,0.3333333333333333,0.20019436345966957,0.5,0.1841840277777778,0.42916666666666664,0.2577502429543246,0.5,20.574918809621035
multiclass_table6_valence_3class,Table-6 Valence,subject_loo,Random,Random,results/quick_v1_v2_comparison/RETAIN_2026-06-03_09-24-45/model_runs/2026-06-03_09-24-48,results/quick_v1_v2_comparison/RETAIN_2026-06-03_09-24-45/model_runs/2026-06-03_09-24-48/multiclass_table6_valence_3class_emotion-elicitation_2026-06-03_09-33-29,post_hoc_from_saved_test_targets,Random,s_P24,aggregated,0.3116883116883117,0.31003521126760564,0.3100397942977251,0.31003521126760564,0.30997534615509803,0.48256313543512735,0.3112330941519527,0.3116883116883117,0.3114010884092955,0.4826365894039736,24.809267917184524
multiclass_table6_valence_3class,Table-6 Valence,subject_loo,Majority,Majority,results/quick_v1_v2_comparison/RETAIN_2026-06-03_09-24-45/model_runs/2026-06-03_09-24-48,results/quick_v1_v2_comparison/RETAIN_2026-06-03_09-24-45/model_runs/2026-06-03_09-24-48/multiclass_table6_valence_3class_emotion-elicitation_2026-06-03_09-33-29,post_hoc_from_saved_test_targets,Majority,s_P24,aggregated,0.30735930735930733,0.3333333333333333,0.10245310245310245,0.3333333333333333,0.15673289183222958,0.5,0.09446974382039316,0.30735930735930733,0.144519939221926,0.5,24.965301048739143
multiclass_table6_valence_3class,Table-6 Valence,subject_loo,Random,Random,results/quick_v1_v2_comparison/RETAIN_2026-06-03_09-24-45/model_runs/2026-06-03_09-24-48,results/quick_v1_v2_comparison/RETAIN_2026-06-03_09-24-45/model_runs/2026-06-03_09-24-48/multiclass_table6_valence_3class_emotion-elicitation_2026-06-03_09-33-29,post_hoc_from_saved_test_targets,Random,s_P27,aggregated,0.3183856502242152,0.34190778401304717,0.3206196581196581,0.34190778401304717,0.313611322993474,0.5001442329156145,0.3494581464872945,0.3183856502242152,0.32192737318698056,0.4875710227272727,24.567871368366838
multiclass_table6_valence_3class,Table-6 Valence,subject_loo,Majority,Majority,results/quick_v1_v2_comparison/RETAIN_2026-06-03_09-24-45/model_runs/2026-06-03_09-24-48,results/quick_v1_v2_comparison/RETAIN_2026-06-03_09-24-45/model_runs/2026-06-03_09-24-48/multiclass_table6_valence_3class_emotion-elicitation_2026-06-03_09-33-29,post_hoc_from_saved_test_targets,Majority,s_P27,aggregated,0.4260089686098655,0.3333333333333333,0.14200298953662183,0.3333333333333333,0.19916142557651992,0.5,0.18148364133604133,0.4260089686098655,0.2545336604901712,0.5,20.688733783887866
multiclass_table6_valence_3class,Table-6 Valence,subject_loo,Random,Random,results/quick_v1_v2_comparison/RETAIN_2026-06-03_09-24-45/model_runs/2026-06-03_09-24-48,results/quick_v1_v2_comparison/RETAIN_2026-06-03_09-24-45/model_runs/2026-06-03_09-24-48/multiclass_table6_valence_3class_emotion-elicitation_2026-06-03_09-33-29,post_hoc_from_saved_test_targets,Random,s_P28,aggregated,0.30660377358490565,0.31494030820908475,0.3110046975361902,0.31494030820908475,0.3062494138169243,0.48492099343307943,0.3210788551179991,0.30660377358490565,0.30724768118079543,0.48235251798561146,24.992533246227453
multiclass_table6_valence_3class,Table-6 Valence,subject_loo,Majority,Majority,results/quick_v1_v2_comparison/RETAIN_2026-06-03_09-24-45/model_runs/2026-06-03_09-24-48,results/quick_v1_v2_comparison/RETAIN_2026-06-03_09-24-45/model_runs/2026-06-03_09-24-48/multiclass_table6_valence_3class_emotion-elicitation_2026-06-03_09-33-29,post_hoc_from_saved_test_targets,Majority,s_P28,aggregated,0.41037735849056606,0.3333333333333333,0.13679245283018868,0.3333333333333333,0.19397993311036787,0.5,0.16840957636169457,0.41037735849056606,0.23881491765002838,0.5,21.25215412094171
multiclass_table6_valence_3class,Table-6 Valence,subject_loo,Random,Random,results/quick_v1_v2_comparison/RETAIN_2026-06-03_09-24-45/model_runs/2026-06-03_09-24-48,results/quick_v1_v2_comparison/RETAIN_2026-06-03_09-24-45/model_runs/2026-06-03_09-24-48/multiclass_table6_valence_3class_emotion-elicitation_2026-06-03_09-33-29,post_hoc_from_saved_test_targets,Random,s_P29,aggregated,0.2962962962962963,0.2997780199887015,0.3070610770101432,0.2997780199887015,0.29022617355008534,0.47667374063543416,0.3457850236288266,0.2962962962962963,0.3063441398470605,0.4803541919232502,25.364052384934286
multiclass_table6_valence_3class,Table-6 Valence,subject_loo,Majority,Majority,results/quick_v1_v2_comparison/RETAIN_2026-06-03_09-24-45/model_runs/2026-06-03_09-24-48,results/quick_v1_v2_comparison/RETAIN_2026-06-03_09-24-45/model_runs/2026-06-03_09-24-48/multiclass_table6_valence_3class_emotion-elicitation_2026-06-03_09-33-29,post_hoc_from_saved_test_targets,Majority,s_P29,aggregated,0.47685185185185186,0.3333333333333333,0.15895061728395063,0.3333333333333333,0.21525600835945666,0.5,0.22738768861454048,0.47685185185185186,0.30793567862533383,0.5,18.85617052301036
multiclass_table6_valence_3class,Table-6 Valence,subject_loo,Random,Random,results/quick_v1_v2_comparison/RETAIN_2026-06-03_09-24-45/model_runs/2026-06-03_09-24-48,results/quick_v1_v2_comparison/RETAIN_2026-06-03_09-24-45/model_runs/2026-06-03_09-24-48/multiclass_table6_valence_3class_emotion-elicitation_2026-06-03_09-33-29,post_hoc_from_saved_test_targets,Random,s_P30,aggregated,0.30973451327433627,0.309680576776165,0.308587641091787,0.309680576776165,0.3076500053421825,0.4821598851041284,0.3126015160312699,0.30973451327433627,0.30981089174513504,0.48195879014813764,24.879689950010064
multiclass_table6_valence_3class,Table-6 Valence,subject_loo,Majority,Majority,results/quick_v1_v2_comparison/RETAIN_2026-06-03_09-24-45/model_runs/2026-06-03_09-24-48,results/quick_v1_v2_comparison/RETAIN_2026-06-03_09-24-45/model_runs/2026-06-03_09-24-48/multiclass_table6_valence_3class_emotion-elicitation_2026-06-03_09-33-29,post_hoc_from_saved_test_targets,Majority,s_P30,aggregated,0.3407079646017699,0.3333333333333333,0.1135693215339233,0.3333333333333333,0.16941694169416943,0.5,0.11608191714308089,0.3407079646017699,0.1731651041210316,0.5,23.76329360609936
multiclass_table6_valence_3class,Table-6 Valence,subject_loo,Random,Random,results/quick_v1_v2_comparison/RETAIN_2026-06-03_09-24-45/model_runs/2026-06-03_09-24-48,results/quick_v1_v2_comparison/RETAIN_2026-06-03_09-24-45/model_runs/2026-06-03_09-24-48/multiclass_table6_valence_3class_emotion-elicitation_2026-06-03_09-33-29,post_hoc_from_saved_test_targets,Random,s_P4,aggregated,0.32270916334661354,0.32065675570086155,0.31976408799345646,0.32065675570086155,0.32013994869978646,0.49081685916719353,0.3214647029858096,0.32270916334661354,0.32201769951008297,0.4914654439502881,24.412036159959822
multiclass_table6_valence_3class,Table-6 Valence,subject_loo,Majority,Majority,results/quick_v1_v2_comparison/RETAIN_2026-06-03_09-24-45/model_runs/2026-06-03_09-24-48,results/quick_v1_v2_comparison/RETAIN_2026-06-03_09-24-45/model_runs/2026-06-03_09-24-48/multiclass_table6_valence_3class_emotion-elicitation_2026-06-03_09-33-29,post_hoc_from_saved_test_targets,Majority,s_P4,aggregated,0.3107569721115538,0.3333333333333333,0.10358565737051793,0.3333333333333333,0.1580547112462006,0.5,0.09656989571594102,0.3107569721115538,0.14734981048450577,0.5,24.842836798076757
multiclass_table6_valence_3class,Table-6 Valence,subject_loo,Random,Random,results/quick_v1_v2_comparison/RETAIN_2026-06-03_09-24-45/model_runs/2026-06-03_09-24-48,results/quick_v1_v2_comparison/RETAIN_2026-06-03_09-24-45/model_runs/2026-06-03_09-24-48/multiclass_table6_valence_3class_emotion-elicitation_2026-06-03_09-33-29,post_hoc_from_saved_test_targets,Random,s_P5,aggregated,0.33454545454545453,0.34174438962279163,0.3383683908345947,0.34174438962279163,0.3263557850950971,0.5055618639607092,0.37437903857195054,0.33454545454545453,0.34434099422367465,0.5040690074479404,23.985412982576143
multiclass_table6_valence_3class,Table-6 Valence,subject_loo,Majority,Majority,results/quick_v1_v2_comparison/RETAIN_2026-06-03_09-24-45/model_runs/2026-06-03_09-24-48,results/quick_v1_v2_comparison/RETAIN_2026-06-03_09-24-45/model_runs/2026-06-03_09-24-48/multiclass_table6_valence_3class_emotion-elicitation_2026-06-03_09-33-29,post_hoc_from_saved_test_targets,Majority,s_P5,aggregated,0.37454545454545457,0.3333333333333333,0.12484848484848486,0.3333333333333333,0.181657848324515,0.5,0.14028429752066116,0.37454545454545457,0.20411736411736411,0.5,22.543666847011448
multiclass_table6_valence_3class,Table-6 Valence,subject_loo,Random,Random,results/quick_v1_v2_comparison/RETAIN_2026-06-03_09-24-45/model_runs/2026-06-03_09-24-48,results/quick_v1_v2_comparison/RETAIN_2026-06-03_09-24-45/model_runs/2026-06-03_09-24-48/multiclass_table6_valence_3class_emotion-elicitation_2026-06-03_09-33-29,post_hoc_from_saved_test_targets,Random,s_P7,aggregated,0.2956521739130435,0.2900028971457543,0.3142395982783357,0.2900028971457543,0.2663190153415971,0.4736464243823682,0.46708829767325805,0.2956521739130435,0.33312059058663007,0.48593492742847333,25.387268908856424
multiclass_table6_valence_3class,Table-6 Valence,subject_loo,Majority,Majority,results/quick_v1_v2_comparison/RETAIN_2026-06-03_09-24-45/model_runs/2026-06-03_09-24-48,results/quick_v1_v2_comparison/RETAIN_2026-06-03_09-24-45/model_runs/2026-06-03_09-24-48/multiclass_table6_valence_3class_emotion-elicitation_2026-06-03_09-33-29,post_hoc_from_saved_test_targets,Majority,s_P7,aggregated,0.6434782608695652,0.3333333333333333,0.2144927536231884,0.3333333333333333,0.26102292768959434,0.5,0.41406427221172015,0.6434782608695652,0.5038877386703473,0.5,12.850345990902634
multiclass_table6_valence_3class,Table-6 Valence,subject_loo,Random,Random,results/quick_v1_v2_comparison/RETAIN_2026-06-03_09-24-45/model_runs/2026-06-03_09-24-48,results/quick_v1_v2_comparison/RETAIN_2026-06-03_09-24-45/model_runs/2026-06-03_09-24-48/multiclass_table6_valence_3class_emotion-elicitation_2026-06-03_09-33-29,post_hoc_from_saved_test_targets,Random,s_P8,aggregated,0.3150684931506849,0.3220956049256611,0.31764936452436454,0.3220956049256611,0.3154463913224865,0.49050632973919467,0.3222045505863999,0.3150684931506849,0.31379422781775035,0.4883755818290923,24.68743382816243
multiclass_table6_valence_3class,Table-6 Valence,subject_loo,Majority,Majority,results/quick_v1_v2_comparison/RETAIN_2026-06-03_09-24-45/model_runs/2026-06-03_09-24-48,results/quick_v1_v2_comparison/RETAIN_2026-06-03_09-24-45/model_runs/2026-06-03_09-24-48/multiclass_table6_valence_3class_emotion-elicitation_2026-06-03_09-33-29,post_hoc_from_saved_test_targets,Majority,s_P8,aggregated,0.4063926940639269,0.3333333333333333,0.1354642313546423,0.3333333333333333,0.19264069264069264,0.5,0.16515502178853653,0.4063926940639269,0.23486331020577597,0.5,21.395775984407436
multiclass_table6_valence_3class,Table-6 Valence,recording_loo,Random,Random,results/quick_v1_v2_comparison/RETAIN_2026-06-03_09-24-45/model_runs/2026-06-03_09-24-48,results/quick_v1_v2_comparison/RETAIN_2026-06-03_09-24-45/model_runs/2026-06-03_09-24-48/multiclass_table6_valence_3class_emotion-elicitation_2026-06-03_09-33-29,post_hoc_from_saved_test_targets,Random,r_107.avi,aggregated,0.3291139240506329,0.41799992541209813,0.354404456463953,0.41799992541209813,0.287796388199614,0.5505767985685992,0.5756827903049263,0.3291139240506329,0.380723359089529,0.5247305075876504,24.181185185103914
multiclass_table6_valence_3class,Table-6 Valence,recording_loo,Majority,Majority,results/quick_v1_v2_comparison/RETAIN_2026-06-03_09-24-45/model_runs/2026-06-03_09-24-48,results/quick_v1_v2_comparison/RETAIN_2026-06-03_09-24-45/model_runs/2026-06-03_09-24-48/multiclass_table6_valence_3class_emotion-elicitation_2026-06-03_09-33-29,post_hoc_from_saved_test_targets,Majority,r_107.avi,aggregated,0.05063291139240506,0.3333333333333333,0.016877637130801686,0.3333333333333333,0.032128514056224904,0.5,0.0025636917160711424,0.05063291139240506,0.004880280616135428,0.5,34.21865828080741
multiclass_table6_valence_3class,Table-6 Valence,recording_loo,Random,Random,results/quick_v1_v2_comparison/RETAIN_2026-06-03_09-24-45/model_runs/2026-06-03_09-24-48,results/quick_v1_v2_comparison/RETAIN_2026-06-03_09-24-45/model_runs/2026-06-03_09-24-48/multiclass_table6_valence_3class_emotion-elicitation_2026-06-03_09-33-29,post_hoc_from_saved_test_targets,Random,r_111.avi,aggregated,0.3293051359516616,0.34193776520509195,0.33690124344329947,0.22795851013672797,0.20695262125035044,0.5112564827911363,0.854196244065516,0.3293051359516616,0.4537428949661931,0.5189437804376036,24.174293209619357
multiclass_table6_valence_3class,Table-6 Valence,recording_loo,Majority,Majority,results/quick_v1_v2_comparison/RETAIN_2026-06-03_09-24-45/model_runs/2026-06-03_09-24-48,results/quick_v1_v2_comparison/RETAIN_2026-06-03_09-24-45/model_runs/2026-06-03_09-24-48/multiclass_table6_valence_3class_emotion-elicitation_2026-06-03_09-33-29,post_hoc_from_saved_test_targets,Majority,r_111.avi,aggregated,0.0,0.0,0.0,0.0,0.0,0.5,0.0,0.0,0.0,0.5,36.04365338911714
multiclass_table6_valence_3class,Table-6 Valence,recording_loo,Random,Random,results/quick_v1_v2_comparison/RETAIN_2026-06-03_09-24-45/model_runs/2026-06-03_09-24-48,results/quick_v1_v2_comparison/RETAIN_2026-06-03_09-24-45/model_runs/2026-06-03_09-24-48/multiclass_table6_valence_3class_emotion-elicitation_2026-06-03_09-33-29,post_hoc_from_saved_test_targets,Random,r_138.avi,aggregated,0.33620689655172414,0.33707529219896715,0.3428473848555816,0.2247168614659781,0.23876892529163563,0.5148138081000272,0.7234653860130824,0.33620689655172414,0.4351169538090225,0.5287592205528113,23.92552854277604
multiclass_table6_valence_3class,Table-6 Valence,recording_loo,Majority,Majority,results/quick_v1_v2_comparison/RETAIN_2026-06-03_09-24-45/model_runs/2026-06-03_09-24-48,results/quick_v1_v2_comparison/RETAIN_2026-06-03_09-24-45/model_runs/2026-06-03_09-24-48/multiclass_table6_valence_3class_emotion-elicitation_2026-06-03_09-33-29,post_hoc_from_saved_test_targets,Majority,r_138.avi,aggregated,0.8132183908045977,0.5,0.2710727969348659,0.3333333333333333,0.2989963021658743,0.5,0.6613241511428194,0.8132183908045977,0.7294478751115726,0.5,6.7322915813006174
multiclass_table6_valence_3class,Table-6 Valence,recording_loo,Random,Random,results/quick_v1_v2_comparison/RETAIN_2026-06-03_09-24-45/model_runs/2026-06-03_09-24-48,results/quick_v1_v2_comparison/RETAIN_2026-06-03_09-24-45/model_runs/2026-06-03_09-24-48/multiclass_table6_valence_3class_emotion-elicitation_2026-06-03_09-33-29,post_hoc_from_saved_test_targets,Random,r_146.avi,aggregated,0.29739776951672864,0.30614630467571646,0.3127540650406504,0.20409753645047765,0.22448565926826794,0.4726998491704374,0.5985101777133013,0.29739776951672864,0.37592696619688704,0.4701084122525189,25.324351265959635
multiclass_table6_valence_3class,Table-6 Valence,recording_loo,Majority,Majority,results/quick_v1_v2_comparison/RETAIN_2026-06-03_09-24-45/model_runs/2026-06-03_09-24-48,results/quick_v1_v2_comparison/RETAIN_2026-06-03_09-24-45/model_runs/2026-06-03_09-24-48/multiclass_table6_valence_3class_emotion-elicitation_2026-06-03_09-33-29,post_hoc_from_saved_test_targets,Majority,r_146.avi,aggregated,0.0,0.0,0.0,0.0,0.0,0.5,0.0,0.0,0.0,0.5,36.04365338911714
multiclass_table6_valence_3class,Table-6 Valence,recording_loo,Random,Random,results/quick_v1_v2_comparison/RETAIN_2026-06-03_09-24-45/model_runs/2026-06-03_09-24-48,results/quick_v1_v2_comparison/RETAIN_2026-06-03_09-24-45/model_runs/2026-06-03_09-24-48/multiclass_table6_valence_3class_emotion-elicitation_2026-06-03_09-33-29,post_hoc_from_saved_test_targets,Random,r_30.avi,aggregated,0.32682926829268294,0.3467623252391464,0.35770114942528736,0.23117488349276427,0.2552575943028819,0.5284216335540839,0.6579444911690496,0.32682926829268294,0.4100014383920405,0.5344711857714604,24.263532525356908
multiclass_table6_valence_3class,Table-6 Valence,recording_loo,Majority,Majority,results/quick_v1_v2_comparison/RETAIN_2026-06-03_09-24-45/model_runs/2026-06-03_09-24-48,results/quick_v1_v2_comparison/RETAIN_2026-06-03_09-24-45/model_runs/2026-06-03_09-24-48/multiclass_table6_valence_3class_emotion-elicitation_2026-06-03_09-33-29,post_hoc_from_saved_test_targets,Majority,r_30.avi,aggregated,0.0,0.0,0.0,0.0,0.0,0.5,0.0,0.0,0.0,0.5,36.04365338911714
multiclass_table6_valence_3class,Table-6 Valence,recording_loo,Random,Random,results/quick_v1_v2_comparison/RETAIN_2026-06-03_09-24-45/model_runs/2026-06-03_09-24-48,results/quick_v1_v2_comparison/RETAIN_2026-06-03_09-24-45/model_runs/2026-06-03_09-24-48/multiclass_table6_valence_3class_emotion-elicitation_2026-06-03_09-33-29,post_hoc_from_saved_test_targets,Random,r_52.avi,aggregated,0.3220338983050847,0.3228881210532587,0.31843144811638885,0.21525874736883913,0.23872785829307566,0.4797450256165853,0.5942720062185541,0.3220338983050847,0.3993654302792106,0.4823646420443187,24.436375179062473
multiclass_table6_valence_3class,Table-6 Valence,recording_loo,Majority,Majority,results/quick_v1_v2_comparison/RETAIN_2026-06-03_09-24-45/model_runs/2026-06-03_09-24-48,results/quick_v1_v2_comparison/RETAIN_2026-06-03_09-24-45/model_runs/2026-06-03_09-24-48/multiclass_table6_valence_3class_emotion-elicitation_2026-06-03_09-33-29,post_hoc_from_saved_test_targets,Majority,r_52.avi,aggregated,0.7389830508474576,0.5,0.24632768361581922,0.3333333333333333,0.28330084470435346,0.5,0.5460959494398161,0.7389830508474576,0.6280635675818548,0.5,9.408004443939054
multiclass_table6_valence_3class,Table-6 Valence,recording_loo,Random,Random,results/quick_v1_v2_comparison/RETAIN_2026-06-03_09-24-45/model_runs/2026-06-03_09-24-48,results/quick_v1_v2_comparison/RETAIN_2026-06-03_09-24-45/model_runs/2026-06-03_09-24-48/multiclass_table6_valence_3class_emotion-elicitation_2026-06-03_09-33-29,post_hoc_from_saved_test_targets,Random,r_53.avi,aggregated,0.34210526315789475,0.33194355735339337,0.34847195357833655,0.33194355735339337,0.3123058207677884,0.5050131504673676,0.47512178051511755,0.34210526315789475,0.37669302277452976,0.5171241153720129,23.712929861261284
multiclass_table6_valence_3class,Table-6 Valence,recording_loo,Majority,Majority,results/quick_v1_v2_comparison/RETAIN_2026-06-03_09-24-45/model_runs/2026-06-03_09-24-48,results/quick_v1_v2_comparison/RETAIN_2026-06-03_09-24-45/model_runs/2026-06-03_09-24-48/multiclass_table6_valence_3class_emotion-elicitation_2026-06-03_09-33-29,post_hoc_from_saved_test_targets,Majority,r_53.avi,aggregated,0.2532894736842105,0.3333333333333333,0.08442982456140351,0.3333333333333333,0.1347331583552056,0.5,0.06415555747922437,0.2532894736842105,0.10237947230280425,0.5,26.914175392531554
multiclass_table6_valence_3class,Table-6 Valence,recording_loo,Random,Random,results/quick_v1_v2_comparison/RETAIN_2026-06-03_09-24-45/model_runs/2026-06-03_09-24-48,results/quick_v1_v2_comparison/RETAIN_2026-06-03_09-24-45/model_runs/2026-06-03_09-24-48/multiclass_table6_valence_3class_emotion-elicitation_2026-06-03_09-33-29,post_hoc_from_saved_test_targets,Random,r_55.avi,aggregated,0.2946058091286307,0.3118279569892473,0.3271471969069318,0.2078853046594982,0.19476299694189603,0.4838709677419355,0.8083324452450609,0.2946058091286307,0.40854952605732997,0.4795654307767813,25.424983718464375
multiclass_table6_valence_3class,Table-6 Valence,recording_loo,Majority,Majority,results/quick_v1_v2_comparison/RETAIN_2026-06-03_09-24-45/model_runs/2026-06-03_09-24-48,results/quick_v1_v2_comparison/RETAIN_2026-06-03_09-24-45/model_runs/2026-06-03_09-24-48/multiclass_table6_valence_3class_emotion-elicitation_2026-06-03_09-33-29,post_hoc_from_saved_test_targets,Majority,r_55.avi,aggregated,0.0,0.0,0.0,0.0,0.0,0.5,0.0,0.0,0.0,0.5,36.043653389117146
multiclass_table6_valence_3class,Table-6 Valence,recording_loo,Random,Random,results/quick_v1_v2_comparison/RETAIN_2026-06-03_09-24-45/model_runs/2026-06-03_09-24-48,results/quick_v1_v2_comparison/RETAIN_2026-06-03_09-24-45/model_runs/2026-06-03_09-24-48/multiclass_table6_valence_3class_emotion-elicitation_2026-06-03_09-33-29,post_hoc_from_saved_test_targets,Random,r_58.avi,aggregated,0.3604060913705584,0.36082355647573044,0.34814480577847967,0.36082355647573044,0.27388373229115776,0.5224095022188293,0.7055975536180839,0.3604060913705584,0.44117492727998636,0.5259931719428926,23.053301152430254
multiclass_table6_valence_3class,Table-6 Valence,recording_loo,Majority,Majority,results/quick_v1_v2_comparison/RETAIN_2026-06-03_09-24-45/model_runs/2026-06-03_09-24-48,results/quick_v1_v2_comparison/RETAIN_2026-06-03_09-24-45/model_runs/2026-06-03_09-24-48/multiclass_table6_valence_3class_emotion-elicitation_2026-06-03_09-33-29,post_hoc_from_saved_test_targets,Majority,r_58.avi,aggregated,0.09137055837563451,0.3333333333333333,0.03045685279187817,0.3333333333333333,0.05581395348837209,0.5,0.008348578937875235,0.09137055837563451,0.015299256286152755,0.5,32.75032465305567
multiclass_table6_valence_3class,Table-6 Valence,recording_loo,Random,Random,results/quick_v1_v2_comparison/RETAIN_2026-06-03_09-24-45/model_runs/2026-06-03_09-24-48,results/quick_v1_v2_comparison/RETAIN_2026-06-03_09-24-45/model_runs/2026-06-03_09-24-48/multiclass_table6_valence_3class_emotion-elicitation_2026-06-03_09-33-29,post_hoc_from_saved_test_targets,Random,r_69.avi,aggregated,0.2850467289719626,,0.3333333333333333,0.09501557632398754,0.1478787878787879,,1.0,0.2850467289719626,0.4436363636363636,,25.76952789035011
multiclass_table6_valence_3class,Table-6 Valence,recording_loo,Majority,Majority,results/quick_v1_v2_comparison/RETAIN_2026-06-03_09-24-45/model_runs/2026-06-03_09-24-48,results/quick_v1_v2_comparison/RETAIN_2026-06-03_09-24-45/model_runs/2026-06-03_09-24-48/multiclass_table6_valence_3class_emotion-elicitation_2026-06-03_09-33-29,post_hoc_from_saved_test_targets,Majority,r_69.avi,aggregated,0.0,,0.0,0.0,0.0,,0.0,0.0,0.0,,36.04365338911714
multiclass_table6_valence_3class,Table-6 Valence,recording_loo,Random,Random,results/quick_v1_v2_comparison/RETAIN_2026-06-03_09-24-45/model_runs/2026-06-03_09-24-48,results/quick_v1_v2_comparison/RETAIN_2026-06-03_09-24-45/model_runs/2026-06-03_09-24-48/multiclass_table6_valence_3class_emotion-elicitation_2026-06-03_09-33-29,post_hoc_from_saved_test_targets,Random,r_73.avi,aggregated,0.3073770491803279,0.32281839622641506,0.33844189016602805,0.21521226415094338,0.21185939164398157,0.5092865566037736,0.788895169901388,0.3073770491803279,0.415841238365584,0.5215743891122796,24.964661568691792
multiclass_table6_valence_3class,Table-6 Valence,recording_loo,Majority,Majority,results/quick_v1_v2_comparison/RETAIN_2026-06-03_09-24-45/model_runs/2026-06-03_09-24-48,results/quick_v1_v2_comparison/RETAIN_2026-06-03_09-24-45/model_runs/2026-06-03_09-24-48/multiclass_table6_valence_3class_emotion-elicitation_2026-06-03_09-33-29,post_hoc_from_saved_test_targets,Majority,r_73.avi,aggregated,0.8688524590163934,0.5,0.2896174863387978,0.3333333333333333,0.30994152046783624,0.5,0.7549045955388337,0.8688524590163934,0.8078803566292782,0.5,4.727036510048151
multiclass_table6_valence_3class,Table-6 Valence,recording_loo,Random,Random,results/quick_v1_v2_comparison/RETAIN_2026-06-03_09-24-45/model_runs/2026-06-03_09-24-48,results/quick_v1_v2_comparison/RETAIN_2026-06-03_09-24-45/model_runs/2026-06-03_09-24-48/multiclass_table6_valence_3class_emotion-elicitation_2026-06-03_09-33-29,post_hoc_from_saved_test_targets,Random,r_79.avi,aggregated,0.4049079754601227,0.446037296037296,0.37453730761737775,0.29735819735819735,0.29738163071496404,0.5684149184149184,0.7217086839755749,0.4049079754601227,0.489184525994342,0.5496882463140133,21.449290667143334
multiclass_table6_valence_3class,Table-6 Valence,recording_loo,Majority,Majority,results/quick_v1_v2_comparison/RETAIN_2026-06-03_09-24-45/model_runs/2026-06-03_09-24-48,results/quick_v1_v2_comparison/RETAIN_2026-06-03_09-24-45/model_runs/2026-06-03_09-24-48/multiclass_table6_valence_3class_emotion-elicitation_2026-06-03_09-33-29,post_hoc_from_saved_test_targets,Majority,r_79.avi,aggregated,0.0,0.0,0.0,0.0,0.0,0.5,0.0,0.0,0.0,0.5,36.04365338911714
multiclass_table6_valence_3class,Table-6 Valence,recording_loo,Random,Random,results/quick_v1_v2_comparison/RETAIN_2026-06-03_09-24-45/model_runs/2026-06-03_09-24-48,results/quick_v1_v2_comparison/RETAIN_2026-06-03_09-24-45/model_runs/2026-06-03_09-24-48/multiclass_table6_valence_3class_emotion-elicitation_2026-06-03_09-33-29,post_hoc_from_saved_test_targets,Random,r_80.avi,aggregated,0.33691756272401435,0.375,0.335663082437276,0.25,0.1945767195767196,0.5152153558052435,0.9179789571048677,0.33691756272401435,0.4770182625021336,0.5013088478112038,23.89991353758664
multiclass_table6_valence_3class,Table-6 Valence,recording_loo,Majority,Majority,results/quick_v1_v2_comparison/RETAIN_2026-06-03_09-24-45/model_runs/2026-06-03_09-24-48,results/quick_v1_v2_comparison/RETAIN_2026-06-03_09-24-45/model_runs/2026-06-03_09-24-48/multiclass_table6_valence_3class_emotion-elicitation_2026-06-03_09-33-29,post_hoc_from_saved_test_targets,Majority,r_80.avi,aggregated,0.0,0.0,0.0,0.0,0.0,0.5,0.0,0.0,0.0,0.5,36.043653389117146
multiclass_table6_valence_3class,Table-6 Valence,recording_loo,Random,Random,results/quick_v1_v2_comparison/RETAIN_2026-06-03_09-24-45/model_runs/2026-06-03_09-24-48,results/quick_v1_v2_comparison/RETAIN_2026-06-03_09-24-45/model_runs/2026-06-03_09-24-48/multiclass_table6_valence_3class_emotion-elicitation_2026-06-03_09-33-29,post_hoc_from_saved_test_targets,Random,r_90.avi,aggregated,0.3671875,0.3854341736694678,0.35922697991663505,0.3854341736694678,0.2810684624017958,0.5387628831656336,0.7234925634710118,0.3671875,0.4469419191919192,0.5381373889926991,22.808874410300692
multiclass_table6_valence_3class,Table-6 Valence,recording_loo,Majority,Majority,results/quick_v1_v2_comparison/RETAIN_2026-06-03_09-24-45/model_runs/2026-06-03_09-24-48,results/quick_v1_v2_comparison/RETAIN_2026-06-03_09-24-45/model_runs/2026-06-03_09-24-48/multiclass_table6_valence_3class_emotion-elicitation_2026-06-03_09-33-29,post_hoc_from_saved_test_targets,Majority,r_90.avi,aggregated,0.046875,0.3333333333333333,0.015625,0.3333333333333333,0.029850746268656716,0.5,0.002197265625,0.046875,0.004197761194029851,0.5,34.35410713650228
multiclass_table6_valence_3class,Table-6 Valence,recording_loo,Random,Random,results/quick_v1_v2_comparison/RETAIN_2026-06-03_09-24-45/model_runs/2026-06-03_09-24-48,results/quick_v1_v2_comparison/RETAIN_2026-06-03_09-24-45/model_runs/2026-06-03_09-24-48/multiclass_table6_valence_3class_emotion-elicitation_2026-06-03_09-33-29,post_hoc_from_saved_test_targets,Random,r_cats_f.avi,aggregated,0.3287671232876712,,0.3333333333333333,0.1095890410958904,0.16494845360824742,,1.0,0.3287671232876712,0.4948453608247423,,24.19368515159918
multiclass_table6_valence_3class,Table-6 Valence,recording_loo,Majority,Majority,results/quick_v1_v2_comparison/RETAIN_2026-06-03_09-24-45/model_runs/2026-06-03_09-24-48,results/quick_v1_v2_comparison/RETAIN_2026-06-03_09-24-45/model_runs/2026-06-03_09-24-48/multiclass_table6_valence_3class_emotion-elicitation_2026-06-03_09-33-29,post_hoc_from_saved_test_targets,Majority,r_cats_f.avi,aggregated,0.0,,0.0,0.0,0.0,,0.0,0.0,0.0,,36.043653389117146
multiclass_table6_valence_3class,Table-6 Valence,recording_loo,Random,Random,results/quick_v1_v2_comparison/RETAIN_2026-06-03_09-24-45/model_runs/2026-06-03_09-24-48,results/quick_v1_v2_comparison/RETAIN_2026-06-03_09-24-45/model_runs/2026-06-03_09-24-48/multiclass_table6_valence_3class_emotion-elicitation_2026-06-03_09-33-29,post_hoc_from_saved_test_targets,Random,r_dallas_f.avi,aggregated,0.3484848484848485,,0.3333333333333333,0.11616161616161617,0.17228464419475656,,1.0,0.3484848484848485,0.5168539325842697,,23.482986298970264
multiclass_table6_valence_3class,Table-6 Valence,recording_loo,Majority,Majority,results/quick_v1_v2_comparison/RETAIN_2026-06-03_09-24-45/model_runs/2026-06-03_09-24-48,results/quick_v1_v2_comparison/RETAIN_2026-06-03_09-24-45/model_runs/2026-06-03_09-24-48/multiclass_table6_valence_3class_emotion-elicitation_2026-06-03_09-33-29,post_hoc_from_saved_test_targets,Majority,r_dallas_f.avi,aggregated,0.0,,0.0,0.0,0.0,,0.0,0.0,0.0,,36.043653389117146
multiclass_table6_valence_3class,Table-6 Valence,recording_loo,Random,Random,results/quick_v1_v2_comparison/RETAIN_2026-06-03_09-24-45/model_runs/2026-06-03_09-24-48,results/quick_v1_v2_comparison/RETAIN_2026-06-03_09-24-45/model_runs/2026-06-03_09-24-48/multiclass_table6_valence_3class_emotion-elicitation_2026-06-03_09-33-29,post_hoc_from_saved_test_targets,Random,r_detroit_f.avi,aggregated,0.3511450381679389,,0.3333333333333333,0.11704834605597964,0.17325800376647835,,1.0,0.3511450381679389,0.519774011299435,,23.387103344083645
multiclass_table6_valence_3class,Table-6 Valence,recording_loo,Majority,Majority,results/quick_v1_v2_comparison/RETAIN_2026-06-03_09-24-45/model_runs/2026-06-03_09-24-48,results/quick_v1_v2_comparison/RETAIN_2026-06-03_09-24-45/model_runs/2026-06-03_09-24-48/multiclass_table6_valence_3class_emotion-elicitation_2026-06-03_09-33-29,post_hoc_from_saved_test_targets,Majority,r_detroit_f.avi,aggregated,0.0,,0.0,0.0,0.0,,0.0,0.0,0.0,,36.043653389117146
multiclass_table6_valence_3class,Table-6 Valence,recording_loo,Random,Random,results/quick_v1_v2_comparison/RETAIN_2026-06-03_09-24-45/model_runs/2026-06-03_09-24-48,results/quick_v1_v2_comparison/RETAIN_2026-06-03_09-24-45/model_runs/2026-06-03_09-24-48/multiclass_table6_valence_3class_emotion-elicitation_2026-06-03_09-33-29,post_hoc_from_saved_test_targets,Random,r_earworm_f.avi,aggregated,0.3333333333333333,0.3571892277510255,0.33893557422969184,0.3571892277510255,0.32421429145567077,0.5129240525146838,0.38524159663865537,0.3333333333333333,0.3428786371674302,0.5029883159175131,24.029102259411427
multiclass_table6_valence_3class,Table-6 Valence,recording_loo,Majority,Majority,results/quick_v1_v2_comparison/RETAIN_2026-06-03_09-24-45/model_runs/2026-06-03_09-24-48,results/quick_v1_v2_comparison/RETAIN_2026-06-03_09-24-45/model_runs/2026-06-03_09-24-48/multiclass_table6_valence_3class_emotion-elicitation_2026-06-03_09-33-29,post_hoc_from_saved_test_targets,Majority,r_earworm_f.avi,aggregated,0.4635416666666667,0.3333333333333333,0.1545138888888889,0.3333333333333333,0.2111506524317912,0.5,0.21487087673611113,0.4635416666666667,0.29363137603795963,0.5,19.335918224370136
multiclass_table6_valence_3class,Table-6 Valence,recording_loo,Random,Random,results/quick_v1_v2_comparison/RETAIN_2026-06-03_09-24-45/model_runs/2026-06-03_09-24-48,results/quick_v1_v2_comparison/RETAIN_2026-06-03_09-24-45/model_runs/2026-06-03_09-24-48/multiclass_table6_valence_3class_emotion-elicitation_2026-06-03_09-33-29,post_hoc_from_saved_test_targets,Random,r_funny_f.avi,aggregated,0.3320754716981132,0.3732914462081129,0.32403986963902126,0.3732914462081129,0.271857220793391,0.5160094533054177,0.5521617540905642,0.3320754716981132,0.3875514930673501,0.4880911906040838,24.074440188202775
multiclass_table6_valence_3class,Table-6 Valence,recording_loo,Majority,Majority,results/quick_v1_v2_comparison/RETAIN_2026-06-03_09-24-45/model_runs/2026-06-03_09-24-48,results/quick_v1_v2_comparison/RETAIN_2026-06-03_09-24-45/model_runs/2026-06-03_09-24-48/multiclass_table6_valence_3class_emotion-elicitation_2026-06-03_09-33-29,post_hoc_from_saved_test_targets,Majority,r_funny_f.avi,aggregated,0.045283018867924525,0.3333333333333333,0.015094339622641508,0.3333333333333333,0.028880866425992777,0.5,0.0020505517977928087,0.045283018867924525,0.003923438457870717,0.5,34.411487952628825
multiclass_table6_valence_3class,Table-6 Valence,recording_loo,Random,Random,results/quick_v1_v2_comparison/RETAIN_2026-06-03_09-24-45/model_runs/2026-06-03_09-24-48,results/quick_v1_v2_comparison/RETAIN_2026-06-03_09-24-45/model_runs/2026-06-03_09-24-48/multiclass_table6_valence_3class_emotion-elicitation_2026-06-03_09-33-29,post_hoc_from_saved_test_targets,Random,r_newyork_f.avi,aggregated,0.3686274509803922,0.3710929930284769,0.34916807330600436,0.3710929930284769,0.26376863876863876,0.5311923664892118,0.7615670333723071,0.3686274509803922,0.4634885267238208,0.5369376099249201,22.756973316266123
multiclass_table6_valence_3class,Table-6 Valence,recording_loo,Majority,Majority,results/quick_v1_v2_comparison/RETAIN_2026-06-03_09-24-45/model_runs/2026-06-03_09-24-48,results/quick_v1_v2_comparison/RETAIN_2026-06-03_09-24-45/model_runs/2026-06-03_09-24-48/multiclass_table6_valence_3class_emotion-elicitation_2026-06-03_09-33-29,post_hoc_from_saved_test_targets,Majority,r_newyork_f.avi,aggregated,0.050980392156862744,0.3333333333333333,0.01699346405228758,0.3333333333333333,0.03233830845771144,0.5,0.0025990003844675123,0.050980392156862744,0.004945858940591161,0.5,34.206133804573916
