trainer_model,accuracy,batch_size,cv_strategy,device,epochs_completed,fit_seconds,fold_id,inference_items_per_run,inference_ms_per_window,inference_scope,inference_seconds_per_window,inference_total_item_predictions,inference_total_seconds,macro_f1,model,model_display_name,model_family,parameter_scope,scale_proxy_details,scale_proxy_name,scale_proxy_value,task_name,test_windows,timed_runs,total_parameters,train_seconds_per_window,train_seconds_per_window_epoch,train_window_epochs,train_windows,trainable_parameters,val_windows,warmup_runs,benchmark_path,summary_model_name,experiment_id,experiment_display_name,suite_run_dir,trainer_run_dir,encoder_head_chunks_per_window,encoder_head_inference_ms_per_window,encoder_head_inference_scope,encoder_head_inference_seconds_per_window,encoder_head_inference_total_item_predictions,encoder_head_inference_total_seconds,encoder_head_synthetic_windows_per_run,frozen_parameters,head_total_parameters,best_epoch
LightGBM,0.5708333333333333,240,subject_loo,cpu,,0.4435279599856585,s_P1,240,0.004991265277777778,tabular_predict_proba,4.991265277777778e-06,720,0.003593711,0.4729040049867539,LightGBM,LightGBM,baseline,not_applicable_for_classical_model,"{""num_leaves_total"": 6390, ""num_trees"": 300}",trees,300.0,table6-arousal-3class,240,3,,0.00010281130273195608,,,4314,,480,1,results/quick_v1_v2_comparison/2026-06-03_09-24-45/model_runs/2026-06-03_09-24-48/multiclass_table6_arousal_3class_emotion-elicitation_2026-06-03_09-25-46/subject_loo/s_P1/baselines/LightGBM/model_benchmark.json,LightGBM,multiclass_table6_arousal_3class,Table-6 Arousal,results/quick_v1_v2_comparison/2026-06-03_09-24-45/model_runs/2026-06-03_09-24-48,results/quick_v1_v2_comparison/2026-06-03_09-24-45/model_runs/2026-06-03_09-24-48/multiclass_table6_arousal_3class_emotion-elicitation_2026-06-03_09-25-46,,,,,,,,,,
LightGBM,0.6026200873362445,229,subject_loo,cpu,,1.8241700420621783,s_P10,229,0.007355368267831151,tabular_predict_proba,7.35536826783115e-06,687,0.005053138,0.52190089633012,LightGBM,LightGBM,baseline,not_applicable_for_classical_model,"{""num_leaves_total"": 6496, ""num_trees"": 300}",trees,300.0,table6-arousal-3class,229,3,,0.0004180999408806276,,,4363,,442,1,results/quick_v1_v2_comparison/2026-06-03_09-24-45/model_runs/2026-06-03_09-24-48/multiclass_table6_arousal_3class_emotion-elicitation_2026-06-03_09-25-46/subject_loo/s_P10/baselines/LightGBM/model_benchmark.json,LightGBM,multiclass_table6_arousal_3class,Table-6 Arousal,results/quick_v1_v2_comparison/2026-06-03_09-24-45/model_runs/2026-06-03_09-24-48,results/quick_v1_v2_comparison/2026-06-03_09-24-45/model_runs/2026-06-03_09-24-48/multiclass_table6_arousal_3class_emotion-elicitation_2026-06-03_09-25-46,,,,,,,,,,
LightGBM,0.6271186440677966,236,subject_loo,cpu,,0.31204146798700094,s_P13,236,0.01605512711864407,tabular_predict_proba,1.605512711864407e-05,708,0.01136703,0.49555141644286577,LightGBM,LightGBM,baseline,not_applicable_for_classical_model,"{""num_leaves_total"": 6434, ""num_trees"": 300}",trees,300.0,table6-arousal-3class,236,3,,7.183275045741274e-05,,,4344,,454,1,results/quick_v1_v2_comparison/2026-06-03_09-24-45/model_runs/2026-06-03_09-24-48/multiclass_table6_arousal_3class_emotion-elicitation_2026-06-03_09-25-46/subject_loo/s_P13/baselines/LightGBM/model_benchmark.json,LightGBM,multiclass_table6_arousal_3class,Table-6 Arousal,results/quick_v1_v2_comparison/2026-06-03_09-24-45/model_runs/2026-06-03_09-24-48,results/quick_v1_v2_comparison/2026-06-03_09-24-45/model_runs/2026-06-03_09-24-48/multiclass_table6_arousal_3class_emotion-elicitation_2026-06-03_09-25-46,,,,,,,,,,
LightGBM,0.631336405529954,217,subject_loo,cpu,,0.21323151583783329,s_P14,217,0.005452115207373272,tabular_predict_proba,5.452115207373272e-06,651,0.003549327,0.4903971769504712,LightGBM,LightGBM,baseline,not_applicable_for_classical_model,"{""num_leaves_total"": 6455, ""num_trees"": 300}",trees,300.0,table6-arousal-3class,217,3,,4.910905477610163e-05,,,4342,,475,1,results/quick_v1_v2_comparison/2026-06-03_09-24-45/model_runs/2026-06-03_09-24-48/multiclass_table6_arousal_3class_emotion-elicitation_2026-06-03_09-25-46/subject_loo/s_P14/baselines/LightGBM/model_benchmark.json,LightGBM,multiclass_table6_arousal_3class,Table-6 Arousal,results/quick_v1_v2_comparison/2026-06-03_09-24-45/model_runs/2026-06-03_09-24-48,results/quick_v1_v2_comparison/2026-06-03_09-24-45/model_runs/2026-06-03_09-24-48/multiclass_table6_arousal_3class_emotion-elicitation_2026-06-03_09-25-46,,,,,,,,,,
LightGBM,0.5647668393782384,193,subject_loo,cpu,,0.3080763320904225,s_P16,193,0.009683725388601036,tabular_predict_proba,9.683725388601035e-06,579,0.005606877,0.41664474371019944,LightGBM,LightGBM,baseline,not_applicable_for_classical_model,"{""num_leaves_total"": 6497, ""num_trees"": 300}",trees,300.0,table6-arousal-3class,193,3,,7.027288596953068e-05,,,4384,,457,1,results/quick_v1_v2_comparison/2026-06-03_09-24-45/model_runs/2026-06-03_09-24-48/multiclass_table6_arousal_3class_emotion-elicitation_2026-06-03_09-25-46/subject_loo/s_P16/baselines/LightGBM/model_benchmark.json,LightGBM,multiclass_table6_arousal_3class,Table-6 Arousal,results/quick_v1_v2_comparison/2026-06-03_09-24-45/model_runs/2026-06-03_09-24-48,results/quick_v1_v2_comparison/2026-06-03_09-24-45/model_runs/2026-06-03_09-24-48/multiclass_table6_arousal_3class_emotion-elicitation_2026-06-03_09-25-46,,,,,,,,,,
LightGBM,0.5481171548117155,239,subject_loo,cpu,,0.37743994290940464,s_P17,239,0.005522576011157601,tabular_predict_proba,5.522576011157601e-06,717,0.003959687,0.4706964477416495,LightGBM,LightGBM,baseline,not_applicable_for_classical_model,"{""num_leaves_total"": 6460, ""num_trees"": 300}",trees,300.0,table6-arousal-3class,239,3,,8.688764799940255e-05,,,4344,,451,1,results/quick_v1_v2_comparison/2026-06-03_09-24-45/model_runs/2026-06-03_09-24-48/multiclass_table6_arousal_3class_emotion-elicitation_2026-06-03_09-25-46/subject_loo/s_P17/baselines/LightGBM/model_benchmark.json,LightGBM,multiclass_table6_arousal_3class,Table-6 Arousal,results/quick_v1_v2_comparison/2026-06-03_09-24-45/model_runs/2026-06-03_09-24-48,results/quick_v1_v2_comparison/2026-06-03_09-24-45/model_runs/2026-06-03_09-24-48/multiclass_table6_arousal_3class_emotion-elicitation_2026-06-03_09-25-46,,,,,,,,,,
LightGBM,0.6359649122807017,228,subject_loo,cpu,,0.20084495400078595,s_P18,228,0.0052250336257309935,tabular_predict_proba,5.225033625730994e-06,684,0.003573923,0.5817408268721561,LightGBM,LightGBM,baseline,not_applicable_for_classical_model,"{""num_leaves_total"": 6453, ""num_trees"": 300}",trees,300.0,table6-arousal-3class,228,3,,4.603368187045289e-05,,,4363,,443,1,results/quick_v1_v2_comparison/2026-06-03_09-24-45/model_runs/2026-06-03_09-24-48/multiclass_table6_arousal_3class_emotion-elicitation_2026-06-03_09-25-46/subject_loo/s_P18/baselines/LightGBM/model_benchmark.json,LightGBM,multiclass_table6_arousal_3class,Table-6 Arousal,results/quick_v1_v2_comparison/2026-06-03_09-24-45/model_runs/2026-06-03_09-24-48,results/quick_v1_v2_comparison/2026-06-03_09-24-45/model_runs/2026-06-03_09-24-48/multiclass_table6_arousal_3class_emotion-elicitation_2026-06-03_09-25-46,,,,,,,,,,
LightGBM,0.5152838427947598,229,subject_loo,cpu,,0.1975571969524026,s_P19,229,0.0051073813682678305,tabular_predict_proba,5.107381368267831e-06,687,0.003508771,0.39578474561630816,LightGBM,LightGBM,baseline,not_applicable_for_classical_model,"{""num_leaves_total"": 6140, ""num_trees"": 300}",trees,300.0,table6-arousal-3class,229,3,,4.553058238128661e-05,,,4339,,466,1,results/quick_v1_v2_comparison/2026-06-03_09-24-45/model_runs/2026-06-03_09-24-48/multiclass_table6_arousal_3class_emotion-elicitation_2026-06-03_09-25-46/subject_loo/s_P19/baselines/LightGBM/model_benchmark.json,LightGBM,multiclass_table6_arousal_3class,Table-6 Arousal,results/quick_v1_v2_comparison/2026-06-03_09-24-45/model_runs/2026-06-03_09-24-48,results/quick_v1_v2_comparison/2026-06-03_09-24-45/model_runs/2026-06-03_09-24-48/multiclass_table6_arousal_3class_emotion-elicitation_2026-06-03_09-25-46,,,,,,,,,,
LightGBM,0.5560165975103735,241,subject_loo,cpu,,0.22657395200803876,s_P2,241,0.006044491009681881,tabular_predict_proba,6.044491009681881e-06,723,0.004370167,0.45807520328615636,LightGBM,LightGBM,baseline,not_applicable_for_classical_model,"{""num_leaves_total"": 6348, ""num_trees"": 300}",trees,300.0,table6-arousal-3class,241,3,,5.223004887230031e-05,,,4338,,455,1,results/quick_v1_v2_comparison/2026-06-03_09-24-45/model_runs/2026-06-03_09-24-48/multiclass_table6_arousal_3class_emotion-elicitation_2026-06-03_09-25-46/subject_loo/s_P2/baselines/LightGBM/model_benchmark.json,LightGBM,multiclass_table6_arousal_3class,Table-6 Arousal,results/quick_v1_v2_comparison/2026-06-03_09-24-45/model_runs/2026-06-03_09-24-48,results/quick_v1_v2_comparison/2026-06-03_09-24-45/model_runs/2026-06-03_09-24-48/multiclass_table6_arousal_3class_emotion-elicitation_2026-06-03_09-25-46,,,,,,,,,,
LightGBM,0.5265486725663717,226,subject_loo,cpu,,0.22513743699528277,s_P20,226,0.0065022699115044255,tabular_predict_proba,6.502269911504425e-06,678,0.004408539,0.4934520997121206,LightGBM,LightGBM,baseline,not_applicable_for_classical_model,"{""num_leaves_total"": 6158, ""num_trees"": 300}",trees,300.0,table6-arousal-3class,226,3,,5.157787789124462e-05,,,4365,,443,1,results/quick_v1_v2_comparison/2026-06-03_09-24-45/model_runs/2026-06-03_09-24-48/multiclass_table6_arousal_3class_emotion-elicitation_2026-06-03_09-25-46/subject_loo/s_P20/baselines/LightGBM/model_benchmark.json,LightGBM,multiclass_table6_arousal_3class,Table-6 Arousal,results/quick_v1_v2_comparison/2026-06-03_09-24-45/model_runs/2026-06-03_09-24-48,results/quick_v1_v2_comparison/2026-06-03_09-24-45/model_runs/2026-06-03_09-24-48/multiclass_table6_arousal_3class_emotion-elicitation_2026-06-03_09-25-46,,,,,,,,,,
LightGBM,0.5981735159817352,219,subject_loo,cpu,,0.24254125100560486,s_P21,219,0.005427593607305936,tabular_predict_proba,5.427593607305936e-06,657,0.003565929,0.5597636993324329,LightGBM,LightGBM,baseline,not_applicable_for_classical_model,"{""num_leaves_total"": 6491, ""num_trees"": 300}",trees,300.0,table6-arousal-3class,219,3,,5.5463354906381174e-05,,,4373,,442,1,results/quick_v1_v2_comparison/2026-06-03_09-24-45/model_runs/2026-06-03_09-24-48/multiclass_table6_arousal_3class_emotion-elicitation_2026-06-03_09-25-46/subject_loo/s_P21/baselines/LightGBM/model_benchmark.json,LightGBM,multiclass_table6_arousal_3class,Table-6 Arousal,results/quick_v1_v2_comparison/2026-06-03_09-24-45/model_runs/2026-06-03_09-24-48,results/quick_v1_v2_comparison/2026-06-03_09-24-45/model_runs/2026-06-03_09-24-48/multiclass_table6_arousal_3class_emotion-elicitation_2026-06-03_09-25-46,,,,,,,,,,
LightGBM,0.5233644859813084,214,subject_loo,cpu,,0.21818446600809693,s_P22,214,0.006747859813084113,tabular_predict_proba,6.747859813084113e-06,642,0.004332126,0.5113095238095239,LightGBM,LightGBM,baseline,not_applicable_for_classical_model,"{""num_leaves_total"": 6386, ""num_trees"": 300}",trees,300.0,table6-arousal-3class,214,3,,5.029609635963507e-05,,,4338,,482,1,results/quick_v1_v2_comparison/2026-06-03_09-24-45/model_runs/2026-06-03_09-24-48/multiclass_table6_arousal_3class_emotion-elicitation_2026-06-03_09-25-46/subject_loo/s_P22/baselines/LightGBM/model_benchmark.json,LightGBM,multiclass_table6_arousal_3class,Table-6 Arousal,results/quick_v1_v2_comparison/2026-06-03_09-24-45/model_runs/2026-06-03_09-24-48,results/quick_v1_v2_comparison/2026-06-03_09-24-45/model_runs/2026-06-03_09-24-48/multiclass_table6_arousal_3class_emotion-elicitation_2026-06-03_09-25-46,,,,,,,,,,
LightGBM,0.625,240,subject_loo,cpu,,0.23584567313082516,s_P23,240,0.004940098611111111,tabular_predict_proba,4.940098611111111e-06,720,0.003556871,0.5072418240559834,LightGBM,LightGBM,baseline,not_applicable_for_classical_model,"{""num_leaves_total"": 6528, ""num_trees"": 300}",trees,300.0,table6-arousal-3class,240,3,,5.3760126084072294e-05,,,4387,,407,1,results/quick_v1_v2_comparison/2026-06-03_09-24-45/model_runs/2026-06-03_09-24-48/multiclass_table6_arousal_3class_emotion-elicitation_2026-06-03_09-25-46/subject_loo/s_P23/baselines/LightGBM/model_benchmark.json,LightGBM,multiclass_table6_arousal_3class,Table-6 Arousal,results/quick_v1_v2_comparison/2026-06-03_09-24-45/model_runs/2026-06-03_09-24-48,results/quick_v1_v2_comparison/2026-06-03_09-24-45/model_runs/2026-06-03_09-24-48/multiclass_table6_arousal_3class_emotion-elicitation_2026-06-03_09-25-46,,,,,,,,,,
LightGBM,0.49783549783549785,231,subject_loo,cpu,,0.2560518020763993,s_P24,231,0.00611091341991342,tabular_predict_proba,6.11091341991342e-06,693,0.004234863,0.3960750223865476,LightGBM,LightGBM,baseline,not_applicable_for_classical_model,"{""num_leaves_total"": 6372, ""num_trees"": 300}",trees,300.0,table6-arousal-3class,231,3,,5.880840654028464e-05,,,4354,,449,1,results/quick_v1_v2_comparison/2026-06-03_09-24-45/model_runs/2026-06-03_09-24-48/multiclass_table6_arousal_3class_emotion-elicitation_2026-06-03_09-25-46/subject_loo/s_P24/baselines/LightGBM/model_benchmark.json,LightGBM,multiclass_table6_arousal_3class,Table-6 Arousal,results/quick_v1_v2_comparison/2026-06-03_09-24-45/model_runs/2026-06-03_09-24-48,results/quick_v1_v2_comparison/2026-06-03_09-24-45/model_runs/2026-06-03_09-24-48/multiclass_table6_arousal_3class_emotion-elicitation_2026-06-03_09-25-46,,,,,,,,,,
LightGBM,0.6098654708520179,223,subject_loo,cpu,,0.19176757708191872,s_P27,223,0.005304883408071749,tabular_predict_proba,5.304883408071749e-06,669,0.003548967,0.48786609059536423,LightGBM,LightGBM,baseline,not_applicable_for_classical_model,"{""num_leaves_total"": 6404, ""num_trees"": 300}",trees,300.0,table6-arousal-3class,223,3,,4.4135230628749995e-05,,,4345,,466,1,results/quick_v1_v2_comparison/2026-06-03_09-24-45/model_runs/2026-06-03_09-24-48/multiclass_table6_arousal_3class_emotion-elicitation_2026-06-03_09-25-46/subject_loo/s_P27/baselines/LightGBM/model_benchmark.json,LightGBM,multiclass_table6_arousal_3class,Table-6 Arousal,results/quick_v1_v2_comparison/2026-06-03_09-24-45/model_runs/2026-06-03_09-24-48,results/quick_v1_v2_comparison/2026-06-03_09-24-45/model_runs/2026-06-03_09-24-48/multiclass_table6_arousal_3class_emotion-elicitation_2026-06-03_09-25-46,,,,,,,,,,
LightGBM,0.5990566037735849,212,subject_loo,cpu,,0.23358176602050662,s_P28,212,0.0062817987421383645,tabular_predict_proba,6.281798742138365e-06,636,0.003995224,0.456633748389867,LightGBM,LightGBM,baseline,not_applicable_for_classical_model,"{""num_leaves_total"": 6367, ""num_trees"": 300}",trees,300.0,table6-arousal-3class,212,3,,5.3610687633809183e-05,,,4357,,465,1,results/quick_v1_v2_comparison/2026-06-03_09-24-45/model_runs/2026-06-03_09-24-48/multiclass_table6_arousal_3class_emotion-elicitation_2026-06-03_09-25-46/subject_loo/s_P28/baselines/LightGBM/model_benchmark.json,LightGBM,multiclass_table6_arousal_3class,Table-6 Arousal,results/quick_v1_v2_comparison/2026-06-03_09-24-45/model_runs/2026-06-03_09-24-48,results/quick_v1_v2_comparison/2026-06-03_09-24-45/model_runs/2026-06-03_09-24-48/multiclass_table6_arousal_3class_emotion-elicitation_2026-06-03_09-25-46,,,,,,,,,,
LightGBM,0.6527777777777778,216,subject_loo,cpu,,0.28339447686448693,s_P29,216,0.015663947530864197,tabular_predict_proba,1.5663947530864198e-05,648,0.010150238,0.5362880671571998,LightGBM,LightGBM,baseline,not_applicable_for_classical_model,"{""num_leaves_total"": 6305, ""num_trees"": 300}",trees,300.0,table6-arousal-3class,216,3,,6.493915601844339e-05,,,4364,,454,1,results/quick_v1_v2_comparison/2026-06-03_09-24-45/model_runs/2026-06-03_09-24-48/multiclass_table6_arousal_3class_emotion-elicitation_2026-06-03_09-25-46/subject_loo/s_P29/baselines/LightGBM/model_benchmark.json,LightGBM,multiclass_table6_arousal_3class,Table-6 Arousal,results/quick_v1_v2_comparison/2026-06-03_09-24-45/model_runs/2026-06-03_09-24-48,results/quick_v1_v2_comparison/2026-06-03_09-24-45/model_runs/2026-06-03_09-24-48/multiclass_table6_arousal_3class_emotion-elicitation_2026-06-03_09-25-46,,,,,,,,,,
LightGBM,0.6283185840707964,226,subject_loo,cpu,,0.28871610783971846,s_P30,226,0.005342010324483776,tabular_predict_proba,5.342010324483776e-06,678,0.003621883,0.4377469781496978,LightGBM,LightGBM,baseline,not_applicable_for_classical_model,"{""num_leaves_total"": 6583, ""num_trees"": 300}",trees,300.0,table6-arousal-3class,226,3,,6.672431426848127e-05,,,4327,,481,1,results/quick_v1_v2_comparison/2026-06-03_09-24-45/model_runs/2026-06-03_09-24-48/multiclass_table6_arousal_3class_emotion-elicitation_2026-06-03_09-25-46/subject_loo/s_P30/baselines/LightGBM/model_benchmark.json,LightGBM,multiclass_table6_arousal_3class,Table-6 Arousal,results/quick_v1_v2_comparison/2026-06-03_09-24-45/model_runs/2026-06-03_09-24-48,results/quick_v1_v2_comparison/2026-06-03_09-24-45/model_runs/2026-06-03_09-24-48/multiclass_table6_arousal_3class_emotion-elicitation_2026-06-03_09-25-46,,,,,,,,,,
LightGBM,0.5099601593625498,251,subject_loo,cpu,,0.26612043706700206,s_P4,251,0.004782901726427623,tabular_predict_proba,4.782901726427623e-06,753,0.003601525,0.4484098879399101,LightGBM,LightGBM,baseline,not_applicable_for_classical_model,"{""num_leaves_total"": 6289, ""num_trees"": 300}",trees,300.0,table6-arousal-3class,251,3,,6.112090883486496e-05,,,4354,,429,1,results/quick_v1_v2_comparison/2026-06-03_09-24-45/model_runs/2026-06-03_09-24-48/multiclass_table6_arousal_3class_emotion-elicitation_2026-06-03_09-25-46/subject_loo/s_P4/baselines/LightGBM/model_benchmark.json,LightGBM,multiclass_table6_arousal_3class,Table-6 Arousal,results/quick_v1_v2_comparison/2026-06-03_09-24-45/model_runs/2026-06-03_09-24-48,results/quick_v1_v2_comparison/2026-06-03_09-24-45/model_runs/2026-06-03_09-24-48/multiclass_table6_arousal_3class_emotion-elicitation_2026-06-03_09-25-46,,,,,,,,,,
LightGBM,0.4690909090909091,275,subject_loo,cpu,,0.2553492139559239,s_P5,275,0.0046238242424242425,tabular_predict_proba,4.6238242424242425e-06,825,0.003814655,0.4213832661844894,LightGBM,LightGBM,baseline,not_applicable_for_classical_model,"{""num_leaves_total"": 6367, ""num_trees"": 300}",trees,300.0,table6-arousal-3class,275,3,,5.867399217737222e-05,,,4352,,407,1,results/quick_v1_v2_comparison/2026-06-03_09-24-45/model_runs/2026-06-03_09-24-48/multiclass_table6_arousal_3class_emotion-elicitation_2026-06-03_09-25-46/subject_loo/s_P5/baselines/LightGBM/model_benchmark.json,LightGBM,multiclass_table6_arousal_3class,Table-6 Arousal,results/quick_v1_v2_comparison/2026-06-03_09-24-45/model_runs/2026-06-03_09-24-48,results/quick_v1_v2_comparison/2026-06-03_09-24-45/model_runs/2026-06-03_09-24-48/multiclass_table6_arousal_3class_emotion-elicitation_2026-06-03_09-25-46,,,,,,,,,,
LightGBM,0.508695652173913,230,subject_loo,cpu,,0.7526092361658812,s_P7,230,0.005783965217391304,tabular_predict_proba,5.783965217391304e-06,690,0.003990936,0.42730812370263155,LightGBM,LightGBM,baseline,not_applicable_for_classical_model,"{""num_leaves_total"": 6454, ""num_trees"": 300}",trees,300.0,table6-arousal-3class,230,3,,0.00017353221954481926,,,4337,,467,1,results/quick_v1_v2_comparison/2026-06-03_09-24-45/model_runs/2026-06-03_09-24-48/multiclass_table6_arousal_3class_emotion-elicitation_2026-06-03_09-25-46/subject_loo/s_P7/baselines/LightGBM/model_benchmark.json,LightGBM,multiclass_table6_arousal_3class,Table-6 Arousal,results/quick_v1_v2_comparison/2026-06-03_09-24-45/model_runs/2026-06-03_09-24-48,results/quick_v1_v2_comparison/2026-06-03_09-24-45/model_runs/2026-06-03_09-24-48/multiclass_table6_arousal_3class_emotion-elicitation_2026-06-03_09-25-46,,,,,,,,,,
LightGBM,0.4885844748858447,219,subject_loo,cpu,,0.21796822105534375,s_P8,219,0.005961226788432268,tabular_predict_proba,5.961226788432268e-06,657,0.003916526,0.4088262175218697,LightGBM,LightGBM,baseline,not_applicable_for_classical_model,"{""num_leaves_total"": 6269, ""num_trees"": 300}",trees,300.0,table6-arousal-3class,219,3,,4.982130766979286e-05,,,4375,,440,1,results/quick_v1_v2_comparison/2026-06-03_09-24-45/model_runs/2026-06-03_09-24-48/multiclass_table6_arousal_3class_emotion-elicitation_2026-06-03_09-25-46/subject_loo/s_P8/baselines/LightGBM/model_benchmark.json,LightGBM,multiclass_table6_arousal_3class,Table-6 Arousal,results/quick_v1_v2_comparison/2026-06-03_09-24-45/model_runs/2026-06-03_09-24-48,results/quick_v1_v2_comparison/2026-06-03_09-24-45/model_runs/2026-06-03_09-24-48/multiclass_table6_arousal_3class_emotion-elicitation_2026-06-03_09-25-46,,,,,,,,,,
SVM,0.5583333333333333,240,subject_loo,cpu,,3.639523487072438,s_P1,240,0.17380679166666665,tabular_predict_proba,0.00017380679166666667,720,0.12514089,0.486710239651416,SVM,SVM,baseline,not_applicable_for_classical_model,"{""n_features"": 68, ""n_support_by_class"": [1603, 1222, 784]}",support_vectors,3609.0,table6-arousal-3class,240,3,,0.0008436540303830408,,,4314,,480,1,results/quick_v1_v2_comparison/2026-06-03_09-24-45/model_runs/2026-06-03_09-24-48/multiclass_table6_arousal_3class_emotion-elicitation_2026-06-03_09-25-46/subject_loo/s_P1/baselines/SVM/model_benchmark.json,SVM,multiclass_table6_arousal_3class,Table-6 Arousal,results/quick_v1_v2_comparison/2026-06-03_09-24-45/model_runs/2026-06-03_09-24-48,results/quick_v1_v2_comparison/2026-06-03_09-24-45/model_runs/2026-06-03_09-24-48/multiclass_table6_arousal_3class_emotion-elicitation_2026-06-03_09-25-46,,,,,,,,,,
SVM,0.5720524017467249,229,subject_loo,cpu,,3.701763035962358,s_P10,229,0.1930838442503639,tabular_predict_proba,0.0001930838442503639,687,0.132648601,0.46315253859642325,SVM,SVM,baseline,not_applicable_for_classical_model,"{""n_features"": 68, ""n_support_by_class"": [1600, 1257, 793]}",support_vectors,3650.0,table6-arousal-3class,229,3,,0.0008484444272203434,,,4363,,442,1,results/quick_v1_v2_comparison/2026-06-03_09-24-45/model_runs/2026-06-03_09-24-48/multiclass_table6_arousal_3class_emotion-elicitation_2026-06-03_09-25-46/subject_loo/s_P10/baselines/SVM/model_benchmark.json,SVM,multiclass_table6_arousal_3class,Table-6 Arousal,results/quick_v1_v2_comparison/2026-06-03_09-24-45/model_runs/2026-06-03_09-24-48,results/quick_v1_v2_comparison/2026-06-03_09-24-45/model_runs/2026-06-03_09-24-48/multiclass_table6_arousal_3class_emotion-elicitation_2026-06-03_09-25-46,,,,,,,,,,
SVM,0.635593220338983,236,subject_loo,cpu,,3.6600360109005123,s_P13,236,0.1777915663841808,tabular_predict_proba,0.0001777915663841808,708,0.125876429,0.5036904559132459,SVM,SVM,baseline,not_applicable_for_classical_model,"{""n_features"": 68, ""n_support_by_class"": [1594, 1241, 836]}",support_vectors,3671.0,table6-arousal-3class,236,3,,0.0008425497262662321,,,4344,,454,1,results/quick_v1_v2_comparison/2026-06-03_09-24-45/model_runs/2026-06-03_09-24-48/multiclass_table6_arousal_3class_emotion-elicitation_2026-06-03_09-25-46/subject_loo/s_P13/baselines/SVM/model_benchmark.json,SVM,multiclass_table6_arousal_3class,Table-6 Arousal,results/quick_v1_v2_comparison/2026-06-03_09-24-45/model_runs/2026-06-03_09-24-48,results/quick_v1_v2_comparison/2026-06-03_09-24-45/model_runs/2026-06-03_09-24-48/multiclass_table6_arousal_3class_emotion-elicitation_2026-06-03_09-25-46,,,,,,,,,,
SVM,0.6405529953917051,217,subject_loo,cpu,,3.6607381170615554,s_P14,217,0.17763009831029186,tabular_predict_proba,0.00017763009831029187,651,0.115637194,0.5371701240514852,SVM,SVM,baseline,not_applicable_for_classical_model,"{""n_features"": 68, ""n_support_by_class"": [1616, 1234, 810]}",support_vectors,3660.0,table6-arousal-3class,217,3,,0.0008430995202813348,,,4342,,475,1,results/quick_v1_v2_comparison/2026-06-03_09-24-45/model_runs/2026-06-03_09-24-48/multiclass_table6_arousal_3class_emotion-elicitation_2026-06-03_09-25-46/subject_loo/s_P14/baselines/SVM/model_benchmark.json,SVM,multiclass_table6_arousal_3class,Table-6 Arousal,results/quick_v1_v2_comparison/2026-06-03_09-24-45/model_runs/2026-06-03_09-24-48,results/quick_v1_v2_comparison/2026-06-03_09-24-45/model_runs/2026-06-03_09-24-48/multiclass_table6_arousal_3class_emotion-elicitation_2026-06-03_09-25-46,,,,,,,,,,
SVM,0.5595854922279793,193,subject_loo,cpu,,3.8285517459735274,s_P16,193,0.1771615146804836,tabular_predict_proba,0.0001771615146804836,579,0.102576517,0.4400681776303667,SVM,SVM,baseline,not_applicable_for_classical_model,"{""n_features"": 68, ""n_support_by_class"": [1597, 1261, 831]}",support_vectors,3689.0,table6-arousal-3class,193,3,,0.0008733010369465163,,,4384,,457,1,results/quick_v1_v2_comparison/2026-06-03_09-24-45/model_runs/2026-06-03_09-24-48/multiclass_table6_arousal_3class_emotion-elicitation_2026-06-03_09-25-46/subject_loo/s_P16/baselines/SVM/model_benchmark.json,SVM,multiclass_table6_arousal_3class,Table-6 Arousal,results/quick_v1_v2_comparison/2026-06-03_09-24-45/model_runs/2026-06-03_09-24-48,results/quick_v1_v2_comparison/2026-06-03_09-24-45/model_runs/2026-06-03_09-24-48/multiclass_table6_arousal_3class_emotion-elicitation_2026-06-03_09-25-46,,,,,,,,,,
SVM,0.5564853556485355,239,subject_loo,cpu,,3.7804997279308736,s_P17,239,0.17602667642956765,tabular_predict_proba,0.00017602667642956766,717,0.126211127,0.5074227096958936,SVM,SVM,baseline,not_applicable_for_classical_model,"{""n_features"": 68, ""n_support_by_class"": [1606, 1247, 793]}",support_vectors,3646.0,table6-arousal-3class,239,3,,0.0008702807845144736,,,4344,,451,1,results/quick_v1_v2_comparison/2026-06-03_09-24-45/model_runs/2026-06-03_09-24-48/multiclass_table6_arousal_3class_emotion-elicitation_2026-06-03_09-25-46/subject_loo/s_P17/baselines/SVM/model_benchmark.json,SVM,multiclass_table6_arousal_3class,Table-6 Arousal,results/quick_v1_v2_comparison/2026-06-03_09-24-45/model_runs/2026-06-03_09-24-48,results/quick_v1_v2_comparison/2026-06-03_09-24-45/model_runs/2026-06-03_09-24-48/multiclass_table6_arousal_3class_emotion-elicitation_2026-06-03_09-25-46,,,,,,,,,,
SVM,0.631578947368421,228,subject_loo,cpu,,3.705015777144581,s_P18,228,0.18294139327485381,tabular_predict_proba,0.0001829413932748538,684,0.125131913,0.5682028052669432,SVM,SVM,baseline,not_applicable_for_classical_model,"{""n_features"": 68, ""n_support_by_class"": [1598, 1254, 814]}",support_vectors,3666.0,table6-arousal-3class,228,3,,0.0008491899557975203,,,4363,,443,1,results/quick_v1_v2_comparison/2026-06-03_09-24-45/model_runs/2026-06-03_09-24-48/multiclass_table6_arousal_3class_emotion-elicitation_2026-06-03_09-25-46/subject_loo/s_P18/baselines/SVM/model_benchmark.json,SVM,multiclass_table6_arousal_3class,Table-6 Arousal,results/quick_v1_v2_comparison/2026-06-03_09-24-45/model_runs/2026-06-03_09-24-48,results/quick_v1_v2_comparison/2026-06-03_09-24-45/model_runs/2026-06-03_09-24-48/multiclass_table6_arousal_3class_emotion-elicitation_2026-06-03_09-25-46,,,,,,,,,,
SVM,0.519650655021834,229,subject_loo,cpu,,3.6262360238470137,s_P19,229,0.17524803202328967,tabular_predict_proba,0.00017524803202328967,687,0.120395398,0.4119971467779126,SVM,SVM,baseline,not_applicable_for_classical_model,"{""n_features"": 68, ""n_support_by_class"": [1618, 1227, 785]}",support_vectors,3630.0,table6-arousal-3class,229,3,,0.0008357308190474795,,,4339,,466,1,results/quick_v1_v2_comparison/2026-06-03_09-24-45/model_runs/2026-06-03_09-24-48/multiclass_table6_arousal_3class_emotion-elicitation_2026-06-03_09-25-46/subject_loo/s_P19/baselines/SVM/model_benchmark.json,SVM,multiclass_table6_arousal_3class,Table-6 Arousal,results/quick_v1_v2_comparison/2026-06-03_09-24-45/model_runs/2026-06-03_09-24-48,results/quick_v1_v2_comparison/2026-06-03_09-24-45/model_runs/2026-06-03_09-24-48/multiclass_table6_arousal_3class_emotion-elicitation_2026-06-03_09-25-46,,,,,,,,,,
SVM,0.5394190871369294,241,subject_loo,cpu,,3.691161902155727,s_P2,241,0.17784752005532503,tabular_predict_proba,0.00017784752005532502,723,0.128583757,0.4704226743037725,SVM,SVM,baseline,not_applicable_for_classical_model,"{""n_features"": 68, ""n_support_by_class"": [1591, 1247, 807]}",support_vectors,3645.0,table6-arousal-3class,241,3,,0.000850890249459596,,,4338,,455,1,results/quick_v1_v2_comparison/2026-06-03_09-24-45/model_runs/2026-06-03_09-24-48/multiclass_table6_arousal_3class_emotion-elicitation_2026-06-03_09-25-46/subject_loo/s_P2/baselines/SVM/model_benchmark.json,SVM,multiclass_table6_arousal_3class,Table-6 Arousal,results/quick_v1_v2_comparison/2026-06-03_09-24-45/model_runs/2026-06-03_09-24-48,results/quick_v1_v2_comparison/2026-06-03_09-24-45/model_runs/2026-06-03_09-24-48/multiclass_table6_arousal_3class_emotion-elicitation_2026-06-03_09-25-46,,,,,,,,,,
SVM,0.5132743362831859,226,subject_loo,cpu,,3.6769729289226234,s_P20,226,0.18121109734513274,tabular_predict_proba,0.00018121109734513274,678,0.122861124,0.49221817971817966,SVM,SVM,baseline,not_applicable_for_classical_model,"{""n_features"": 68, ""n_support_by_class"": [1610, 1225, 837]}",support_vectors,3672.0,table6-arousal-3class,226,3,,0.0008423763869238541,,,4365,,443,1,results/quick_v1_v2_comparison/2026-06-03_09-24-45/model_runs/2026-06-03_09-24-48/multiclass_table6_arousal_3class_emotion-elicitation_2026-06-03_09-25-46/subject_loo/s_P20/baselines/SVM/model_benchmark.json,SVM,multiclass_table6_arousal_3class,Table-6 Arousal,results/quick_v1_v2_comparison/2026-06-03_09-24-45/model_runs/2026-06-03_09-24-48,results/quick_v1_v2_comparison/2026-06-03_09-24-45/model_runs/2026-06-03_09-24-48/multiclass_table6_arousal_3class_emotion-elicitation_2026-06-03_09-25-46,,,,,,,,,,
SVM,0.5525114155251142,219,subject_loo,cpu,,3.675800289027393,s_P21,219,0.1771603409436834,tabular_predict_proba,0.0001771603409436834,657,0.116394344,0.5093277093277093,SVM,SVM,baseline,not_applicable_for_classical_model,"{""n_features"": 68, ""n_support_by_class"": [1622, 1239, 828]}",support_vectors,3689.0,table6-arousal-3class,219,3,,0.0008405671824896851,,,4373,,442,1,results/quick_v1_v2_comparison/2026-06-03_09-24-45/model_runs/2026-06-03_09-24-48/multiclass_table6_arousal_3class_emotion-elicitation_2026-06-03_09-25-46/subject_loo/s_P21/baselines/SVM/model_benchmark.json,SVM,multiclass_table6_arousal_3class,Table-6 Arousal,results/quick_v1_v2_comparison/2026-06-03_09-24-45/model_runs/2026-06-03_09-24-48,results/quick_v1_v2_comparison/2026-06-03_09-24-45/model_runs/2026-06-03_09-24-48/multiclass_table6_arousal_3class_emotion-elicitation_2026-06-03_09-25-46,,,,,,,,,,
SVM,0.5327102803738317,214,subject_loo,cpu,,3.6500661510508507,s_P22,214,0.1747908831775701,tabular_predict_proba,0.0001747908831775701,642,0.112215747,0.39831260470795354,SVM,SVM,baseline,not_applicable_for_classical_model,"{""n_features"": 68, ""n_support_by_class"": [1592, 1222, 801]}",support_vectors,3615.0,table6-arousal-3class,214,3,,0.0008414168167475451,,,4338,,482,1,results/quick_v1_v2_comparison/2026-06-03_09-24-45/model_runs/2026-06-03_09-24-48/multiclass_table6_arousal_3class_emotion-elicitation_2026-06-03_09-25-46/subject_loo/s_P22/baselines/SVM/model_benchmark.json,SVM,multiclass_table6_arousal_3class,Table-6 Arousal,results/quick_v1_v2_comparison/2026-06-03_09-24-45/model_runs/2026-06-03_09-24-48,results/quick_v1_v2_comparison/2026-06-03_09-24-45/model_runs/2026-06-03_09-24-48/multiclass_table6_arousal_3class_emotion-elicitation_2026-06-03_09-25-46,,,,,,,,,,
SVM,0.6666666666666666,240,subject_loo,cpu,,3.7399609619751573,s_P23,240,0.17935408611111112,tabular_predict_proba,0.0001793540861111111,720,0.129134942,0.572085125825627,SVM,SVM,baseline,not_applicable_for_classical_model,"{""n_features"": 68, ""n_support_by_class"": [1611, 1253, 832]}",support_vectors,3696.0,table6-arousal-3class,240,3,,0.0008525099069922856,,,4387,,407,1,results/quick_v1_v2_comparison/2026-06-03_09-24-45/model_runs/2026-06-03_09-24-48/multiclass_table6_arousal_3class_emotion-elicitation_2026-06-03_09-25-46/subject_loo/s_P23/baselines/SVM/model_benchmark.json,SVM,multiclass_table6_arousal_3class,Table-6 Arousal,results/quick_v1_v2_comparison/2026-06-03_09-24-45/model_runs/2026-06-03_09-24-48,results/quick_v1_v2_comparison/2026-06-03_09-24-45/model_runs/2026-06-03_09-24-48/multiclass_table6_arousal_3class_emotion-elicitation_2026-06-03_09-25-46,,,,,,,,,,
SVM,0.48484848484848486,231,subject_loo,cpu,,3.72854006011039,s_P24,231,0.17557706926406927,tabular_predict_proba,0.00017557706926406926,693,0.121674909,0.3573747001837835,SVM,SVM,baseline,not_applicable_for_classical_model,"{""n_features"": 68, ""n_support_by_class"": [1586, 1231, 836]}",support_vectors,3653.0,table6-arousal-3class,231,3,,0.0008563481993822669,,,4354,,449,1,results/quick_v1_v2_comparison/2026-06-03_09-24-45/model_runs/2026-06-03_09-24-48/multiclass_table6_arousal_3class_emotion-elicitation_2026-06-03_09-25-46/subject_loo/s_P24/baselines/SVM/model_benchmark.json,SVM,multiclass_table6_arousal_3class,Table-6 Arousal,results/quick_v1_v2_comparison/2026-06-03_09-24-45/model_runs/2026-06-03_09-24-48,results/quick_v1_v2_comparison/2026-06-03_09-24-45/model_runs/2026-06-03_09-24-48/multiclass_table6_arousal_3class_emotion-elicitation_2026-06-03_09-25-46,,,,,,,,,,
SVM,0.5874439461883408,223,subject_loo,cpu,,3.653698874870315,s_P27,223,0.1771609446935725,tabular_predict_proba,0.0001771609446935725,669,0.118520672,0.47046306926903947,SVM,SVM,baseline,not_applicable_for_classical_model,"{""n_features"": 68, ""n_support_by_class"": [1633, 1245, 813]}",support_vectors,3691.0,table6-arousal-3class,223,3,,0.0008408973244810852,,,4345,,466,1,results/quick_v1_v2_comparison/2026-06-03_09-24-45/model_runs/2026-06-03_09-24-48/multiclass_table6_arousal_3class_emotion-elicitation_2026-06-03_09-25-46/subject_loo/s_P27/baselines/SVM/model_benchmark.json,SVM,multiclass_table6_arousal_3class,Table-6 Arousal,results/quick_v1_v2_comparison/2026-06-03_09-24-45/model_runs/2026-06-03_09-24-48,results/quick_v1_v2_comparison/2026-06-03_09-24-45/model_runs/2026-06-03_09-24-48/multiclass_table6_arousal_3class_emotion-elicitation_2026-06-03_09-25-46,,,,,,,,,,
SVM,0.5943396226415094,212,subject_loo,cpu,,3.64865994383581,s_P28,212,0.17503224528301886,tabular_predict_proba,0.00017503224528301887,636,0.111320508,0.3691572136215793,SVM,SVM,baseline,not_applicable_for_classical_model,"{""n_features"": 68, ""n_support_by_class"": [1612, 1226, 807]}",support_vectors,3645.0,table6-arousal-3class,212,3,,0.000837424820710537,,,4357,,465,1,results/quick_v1_v2_comparison/2026-06-03_09-24-45/model_runs/2026-06-03_09-24-48/multiclass_table6_arousal_3class_emotion-elicitation_2026-06-03_09-25-46/subject_loo/s_P28/baselines/SVM/model_benchmark.json,SVM,multiclass_table6_arousal_3class,Table-6 Arousal,results/quick_v1_v2_comparison/2026-06-03_09-24-45/model_runs/2026-06-03_09-24-48,results/quick_v1_v2_comparison/2026-06-03_09-24-45/model_runs/2026-06-03_09-24-48/multiclass_table6_arousal_3class_emotion-elicitation_2026-06-03_09-25-46,,,,,,,,,,
SVM,0.5833333333333334,216,subject_loo,cpu,,3.7926427728962153,s_P29,216,0.17917390586419754,tabular_predict_proba,0.00017917390586419754,648,0.116104691,0.48863924179909307,SVM,SVM,baseline,not_applicable_for_classical_model,"{""n_features"": 68, ""n_support_by_class"": [1617, 1254, 832]}",support_vectors,3703.0,table6-arousal-3class,216,3,,0.000869074879215448,,,4364,,454,1,results/quick_v1_v2_comparison/2026-06-03_09-24-45/model_runs/2026-06-03_09-24-48/multiclass_table6_arousal_3class_emotion-elicitation_2026-06-03_09-25-46/subject_loo/s_P29/baselines/SVM/model_benchmark.json,SVM,multiclass_table6_arousal_3class,Table-6 Arousal,results/quick_v1_v2_comparison/2026-06-03_09-24-45/model_runs/2026-06-03_09-24-48,results/quick_v1_v2_comparison/2026-06-03_09-24-45/model_runs/2026-06-03_09-24-48/multiclass_table6_arousal_3class_emotion-elicitation_2026-06-03_09-25-46,,,,,,,,,,
SVM,0.588495575221239,226,subject_loo,cpu,,3.5710010528564453,s_P30,226,0.1830526622418879,tabular_predict_proba,0.0001830526622418879,678,0.124109705,0.4120588406302692,SVM,SVM,baseline,not_applicable_for_classical_model,"{""n_features"": 68, ""n_support_by_class"": [1586, 1264, 765]}",support_vectors,3615.0,table6-arousal-3class,226,3,,0.0008252833494006113,,,4327,,481,1,results/quick_v1_v2_comparison/2026-06-03_09-24-45/model_runs/2026-06-03_09-24-48/multiclass_table6_arousal_3class_emotion-elicitation_2026-06-03_09-25-46/subject_loo/s_P30/baselines/SVM/model_benchmark.json,SVM,multiclass_table6_arousal_3class,Table-6 Arousal,results/quick_v1_v2_comparison/2026-06-03_09-24-45/model_runs/2026-06-03_09-24-48,results/quick_v1_v2_comparison/2026-06-03_09-24-45/model_runs/2026-06-03_09-24-48/multiclass_table6_arousal_3class_emotion-elicitation_2026-06-03_09-25-46,,,,,,,,,,
SVM,0.5378486055776892,251,subject_loo,cpu,,3.6774864809121937,s_P4,251,0.17812053120849936,tabular_predict_proba,0.00017812053120849934,753,0.13412476,0.4593184904196392,SVM,SVM,baseline,not_applicable_for_classical_model,"{""n_features"": 68, ""n_support_by_class"": [1600, 1257, 807]}",support_vectors,3664.0,table6-arousal-3class,251,3,,0.0008446225266220013,,,4354,,429,1,results/quick_v1_v2_comparison/2026-06-03_09-24-45/model_runs/2026-06-03_09-24-48/multiclass_table6_arousal_3class_emotion-elicitation_2026-06-03_09-25-46/subject_loo/s_P4/baselines/SVM/model_benchmark.json,SVM,multiclass_table6_arousal_3class,Table-6 Arousal,results/quick_v1_v2_comparison/2026-06-03_09-24-45/model_runs/2026-06-03_09-24-48,results/quick_v1_v2_comparison/2026-06-03_09-24-45/model_runs/2026-06-03_09-24-48/multiclass_table6_arousal_3class_emotion-elicitation_2026-06-03_09-25-46,,,,,,,,,,
SVM,0.46545454545454545,275,subject_loo,cpu,,3.6134757110849023,s_P5,275,0.17501000242424242,tabular_predict_proba,0.0001750100024242424,825,0.144383252,0.425849717264001,SVM,SVM,baseline,not_applicable_for_classical_model,"{""n_features"": 68, ""n_support_by_class"": [1620, 1236, 778]}",support_vectors,3634.0,table6-arousal-3class,275,3,,0.0008303023233191412,,,4352,,407,1,results/quick_v1_v2_comparison/2026-06-03_09-24-45/model_runs/2026-06-03_09-24-48/multiclass_table6_arousal_3class_emotion-elicitation_2026-06-03_09-25-46/subject_loo/s_P5/baselines/SVM/model_benchmark.json,SVM,multiclass_table6_arousal_3class,Table-6 Arousal,results/quick_v1_v2_comparison/2026-06-03_09-24-45/model_runs/2026-06-03_09-24-48,results/quick_v1_v2_comparison/2026-06-03_09-24-45/model_runs/2026-06-03_09-24-48/multiclass_table6_arousal_3class_emotion-elicitation_2026-06-03_09-25-46,,,,,,,,,,
SVM,0.5130434782608696,230,subject_loo,cpu,,3.6182625889778137,s_P7,230,0.1765411420289855,tabular_predict_proba,0.0001765411420289855,690,0.121813388,0.4226499754596503,SVM,SVM,baseline,not_applicable_for_classical_model,"{""n_features"": 68, ""n_support_by_class"": [1595, 1239, 792]}",support_vectors,3626.0,table6-arousal-3class,230,3,,0.0008342777470550643,,,4337,,467,1,results/quick_v1_v2_comparison/2026-06-03_09-24-45/model_runs/2026-06-03_09-24-48/multiclass_table6_arousal_3class_emotion-elicitation_2026-06-03_09-25-46/subject_loo/s_P7/baselines/SVM/model_benchmark.json,SVM,multiclass_table6_arousal_3class,Table-6 Arousal,results/quick_v1_v2_comparison/2026-06-03_09-24-45/model_runs/2026-06-03_09-24-48,results/quick_v1_v2_comparison/2026-06-03_09-24-45/model_runs/2026-06-03_09-24-48/multiclass_table6_arousal_3class_emotion-elicitation_2026-06-03_09-25-46,,,,,,,,,,
SVM,0.5707762557077626,219,subject_loo,cpu,,3.69471151009202,s_P8,219,0.1774058706240487,tabular_predict_proba,0.00017740587062404868,657,0.116555657,0.5043561585617661,SVM,SVM,baseline,not_applicable_for_classical_model,"{""n_features"": 68, ""n_support_by_class"": [1608, 1250, 812]}",support_vectors,3670.0,table6-arousal-3class,219,3,,0.0008445054880210332,,,4375,,440,1,results/quick_v1_v2_comparison/2026-06-03_09-24-45/model_runs/2026-06-03_09-24-48/multiclass_table6_arousal_3class_emotion-elicitation_2026-06-03_09-25-46/subject_loo/s_P8/baselines/SVM/model_benchmark.json,SVM,multiclass_table6_arousal_3class,Table-6 Arousal,results/quick_v1_v2_comparison/2026-06-03_09-24-45/model_runs/2026-06-03_09-24-48,results/quick_v1_v2_comparison/2026-06-03_09-24-45/model_runs/2026-06-03_09-24-48/multiclass_table6_arousal_3class_emotion-elicitation_2026-06-03_09-25-46,,,,,,,,,,
MLP,0.49583333333333335,128,subject_loo,cuda,43,1.9147277548909187,s_P1,240,0.0016809861111111112,tabular_predict_proba,1.6809861111111112e-06,720,0.00121031,0.39923222912353346,MLP,MLP,baseline,torch_head,,,,table6-arousal-3class,240,3,8771,0.00044384046242255883,1.0321871219129274e-05,185502,4314,8771,480,1,results/quick_v1_v2_comparison/2026-06-03_09-24-45/model_runs/2026-06-03_09-24-48/multiclass_table6_arousal_3class_emotion-elicitation_2026-06-03_09-25-46/subject_loo/s_P1/baselines/MLP/model_benchmark.json,MLP,multiclass_table6_arousal_3class,Table-6 Arousal,results/quick_v1_v2_comparison/2026-06-03_09-24-45/model_runs/2026-06-03_09-24-48,results/quick_v1_v2_comparison/2026-06-03_09-24-45/model_runs/2026-06-03_09-24-48/multiclass_table6_arousal_3class_emotion-elicitation_2026-06-03_09-25-46,,,,,,,,,,
MLP,0.5545851528384279,128,subject_loo,cuda,30,1.374631668208167,s_P10,229,0.0018300262008733624,tabular_predict_proba,1.8300262008733623e-06,687,0.001257228,0.457350579746413,MLP,MLP,baseline,torch_head,,,,table6-arousal-3class,229,3,8771,0.0003150657043795936,1.0502190145986454e-05,130890,4363,8771,442,1,results/quick_v1_v2_comparison/2026-06-03_09-24-45/model_runs/2026-06-03_09-24-48/multiclass_table6_arousal_3class_emotion-elicitation_2026-06-03_09-25-46/subject_loo/s_P10/baselines/MLP/model_benchmark.json,MLP,multiclass_table6_arousal_3class,Table-6 Arousal,results/quick_v1_v2_comparison/2026-06-03_09-24-45/model_runs/2026-06-03_09-24-48,results/quick_v1_v2_comparison/2026-06-03_09-24-45/model_runs/2026-06-03_09-24-48/multiclass_table6_arousal_3class_emotion-elicitation_2026-06-03_09-25-46,,,,,,,,,,
MLP,0.6440677966101694,128,subject_loo,cuda,25,1.1212465281132609,s_P13,236,0.0016984830508474575,tabular_predict_proba,1.6984830508474576e-06,708,0.001202526,0.4778852353320438,MLP,MLP,baseline,torch_head,,,,table6-arousal-3class,236,3,8771,0.0002581138416466991,1.0324553665867964e-05,108600,4344,8771,454,1,results/quick_v1_v2_comparison/2026-06-03_09-24-45/model_runs/2026-06-03_09-24-48/multiclass_table6_arousal_3class_emotion-elicitation_2026-06-03_09-25-46/subject_loo/s_P13/baselines/MLP/model_benchmark.json,MLP,multiclass_table6_arousal_3class,Table-6 Arousal,results/quick_v1_v2_comparison/2026-06-03_09-24-45/model_runs/2026-06-03_09-24-48,results/quick_v1_v2_comparison/2026-06-03_09-24-45/model_runs/2026-06-03_09-24-48/multiclass_table6_arousal_3class_emotion-elicitation_2026-06-03_09-25-46,,,,,,,,,,
MLP,0.6682027649769585,128,subject_loo,cuda,40,1.68565951497294,s_P14,217,0.001966867895545315,tabular_predict_proba,1.966867895545315e-06,651,0.001280431,0.5785473785473785,MLP,MLP,baseline,torch_head,,,,table6-arousal-3class,217,3,8771,0.00038822190579754494,9.705547644938624e-06,173680,4342,8771,475,1,results/quick_v1_v2_comparison/2026-06-03_09-24-45/model_runs/2026-06-03_09-24-48/multiclass_table6_arousal_3class_emotion-elicitation_2026-06-03_09-25-46/subject_loo/s_P14/baselines/MLP/model_benchmark.json,MLP,multiclass_table6_arousal_3class,Table-6 Arousal,results/quick_v1_v2_comparison/2026-06-03_09-24-45/model_runs/2026-06-03_09-24-48,results/quick_v1_v2_comparison/2026-06-03_09-24-45/model_runs/2026-06-03_09-24-48/multiclass_table6_arousal_3class_emotion-elicitation_2026-06-03_09-25-46,,,,,,,,,,
MLP,0.6010362694300518,128,subject_loo,cuda,42,1.8029097949620336,s_P16,193,0.0020384006908462865,tabular_predict_proba,2.0384006908462867e-06,579,0.001180234,0.5033882783882784,MLP,MLP,baseline,torch_head,,,,table6-arousal-3class,193,3,8771,0.0004112476722084931,9.791611243059358e-06,184128,4384,8771,457,1,results/quick_v1_v2_comparison/2026-06-03_09-24-45/model_runs/2026-06-03_09-24-48/multiclass_table6_arousal_3class_emotion-elicitation_2026-06-03_09-25-46/subject_loo/s_P16/baselines/MLP/model_benchmark.json,MLP,multiclass_table6_arousal_3class,Table-6 Arousal,results/quick_v1_v2_comparison/2026-06-03_09-24-45/model_runs/2026-06-03_09-24-48,results/quick_v1_v2_comparison/2026-06-03_09-24-45/model_runs/2026-06-03_09-24-48/multiclass_table6_arousal_3class_emotion-elicitation_2026-06-03_09-25-46,,,,,,,,,,
MLP,0.5481171548117155,128,subject_loo,cuda,36,1.5809155229944736,s_P17,239,0.0016744658298465827,tabular_predict_proba,1.6744658298465828e-06,717,0.001200592,0.5067982748655018,MLP,MLP,baseline,torch_head,,,,table6-arousal-3class,239,3,8771,0.00036393082941861733,1.0109189706072704e-05,156384,4344,8771,451,1,results/quick_v1_v2_comparison/2026-06-03_09-24-45/model_runs/2026-06-03_09-24-48/multiclass_table6_arousal_3class_emotion-elicitation_2026-06-03_09-25-46/subject_loo/s_P17/baselines/MLP/model_benchmark.json,MLP,multiclass_table6_arousal_3class,Table-6 Arousal,results/quick_v1_v2_comparison/2026-06-03_09-24-45/model_runs/2026-06-03_09-24-48,results/quick_v1_v2_comparison/2026-06-03_09-24-45/model_runs/2026-06-03_09-24-48/multiclass_table6_arousal_3class_emotion-elicitation_2026-06-03_09-25-46,,,,,,,,,,
MLP,0.6403508771929824,128,subject_loo,cuda,24,1.0577908079139888,s_P18,228,0.0019395014619883039,tabular_predict_proba,1.939501461988304e-06,684,0.001326619,0.5194417571681258,MLP,MLP,baseline,torch_head,,,,table6-arousal-3class,228,3,8771,0.0002424457501521863,1.0101906256341096e-05,104712,4363,8771,443,1,results/quick_v1_v2_comparison/2026-06-03_09-24-45/model_runs/2026-06-03_09-24-48/multiclass_table6_arousal_3class_emotion-elicitation_2026-06-03_09-25-46/subject_loo/s_P18/baselines/MLP/model_benchmark.json,MLP,multiclass_table6_arousal_3class,Table-6 Arousal,results/quick_v1_v2_comparison/2026-06-03_09-24-45/model_runs/2026-06-03_09-24-48,results/quick_v1_v2_comparison/2026-06-03_09-24-45/model_runs/2026-06-03_09-24-48/multiclass_table6_arousal_3class_emotion-elicitation_2026-06-03_09-25-46,,,,,,,,,,
MLP,0.5021834061135371,128,subject_loo,cuda,42,1.7926728148013353,s_P19,229,0.0018123944687045122,tabular_predict_proba,1.8123944687045123e-06,687,0.001245115,0.40698755015341037,MLP,MLP,baseline,torch_head,,,,table6-arousal-3class,229,3,8771,0.0004131534489055855,9.836986878704416e-06,182238,4339,8771,466,1,results/quick_v1_v2_comparison/2026-06-03_09-24-45/model_runs/2026-06-03_09-24-48/multiclass_table6_arousal_3class_emotion-elicitation_2026-06-03_09-25-46/subject_loo/s_P19/baselines/MLP/model_benchmark.json,MLP,multiclass_table6_arousal_3class,Table-6 Arousal,results/quick_v1_v2_comparison/2026-06-03_09-24-45/model_runs/2026-06-03_09-24-48,results/quick_v1_v2_comparison/2026-06-03_09-24-45/model_runs/2026-06-03_09-24-48/multiclass_table6_arousal_3class_emotion-elicitation_2026-06-03_09-25-46,,,,,,,,,,
MLP,0.5186721991701245,128,subject_loo,cuda,20,0.8677644859999418,s_P2,241,0.0016797206085753804,tabular_predict_proba,1.6797206085753804e-06,723,0.001214438,0.39590281835297175,MLP,MLP,baseline,torch_head,,,,table6-arousal-3class,241,3,8771,0.0002000379174734767,1.0001895873673834e-05,86760,4338,8771,455,1,results/quick_v1_v2_comparison/2026-06-03_09-24-45/model_runs/2026-06-03_09-24-48/multiclass_table6_arousal_3class_emotion-elicitation_2026-06-03_09-25-46/subject_loo/s_P2/baselines/MLP/model_benchmark.json,MLP,multiclass_table6_arousal_3class,Table-6 Arousal,results/quick_v1_v2_comparison/2026-06-03_09-24-45/model_runs/2026-06-03_09-24-48,results/quick_v1_v2_comparison/2026-06-03_09-24-45/model_runs/2026-06-03_09-24-48/multiclass_table6_arousal_3class_emotion-elicitation_2026-06-03_09-25-46,,,,,,,,,,
MLP,0.42920353982300885,128,subject_loo,cuda,16,0.7273259439971298,s_P20,226,0.001741882005899705,tabular_predict_proba,1.741882005899705e-06,678,0.001180996,0.2286328802021341,MLP,MLP,baseline,torch_head,,,,table6-arousal-3class,226,3,8771,0.0001666267912937296,1.04141744558581e-05,69840,4365,8771,443,1,results/quick_v1_v2_comparison/2026-06-03_09-24-45/model_runs/2026-06-03_09-24-48/multiclass_table6_arousal_3class_emotion-elicitation_2026-06-03_09-25-46/subject_loo/s_P20/baselines/MLP/model_benchmark.json,MLP,multiclass_table6_arousal_3class,Table-6 Arousal,results/quick_v1_v2_comparison/2026-06-03_09-24-45/model_runs/2026-06-03_09-24-48,results/quick_v1_v2_comparison/2026-06-03_09-24-45/model_runs/2026-06-03_09-24-48/multiclass_table6_arousal_3class_emotion-elicitation_2026-06-03_09-25-46,,,,,,,,,,
MLP,0.5114155251141552,128,subject_loo,cuda,18,0.7892116799484938,s_P21,219,0.0019118660578386604,tabular_predict_proba,1.9118660578386603e-06,657,0.001256096,0.33382511431291917,MLP,MLP,baseline,torch_head,,,,table6-arousal-3class,219,3,8771,0.00018047374341378776,1.0026319078543764e-05,78714,4373,8771,442,1,results/quick_v1_v2_comparison/2026-06-03_09-24-45/model_runs/2026-06-03_09-24-48/multiclass_table6_arousal_3class_emotion-elicitation_2026-06-03_09-25-46/subject_loo/s_P21/baselines/MLP/model_benchmark.json,MLP,multiclass_table6_arousal_3class,Table-6 Arousal,results/quick_v1_v2_comparison/2026-06-03_09-24-45/model_runs/2026-06-03_09-24-48,results/quick_v1_v2_comparison/2026-06-03_09-24-45/model_runs/2026-06-03_09-24-48/multiclass_table6_arousal_3class_emotion-elicitation_2026-06-03_09-25-46,,,,,,,,,,
MLP,0.46261682242990654,128,subject_loo,cuda,16,0.7358365659601986,s_P22,214,0.0018400872274143302,tabular_predict_proba,1.8400872274143303e-06,642,0.001181336,0.2514346118997282,MLP,MLP,baseline,torch_head,,,,table6-arousal-3class,214,3,8771,0.00016962576439838605,1.0601610274899128e-05,69408,4338,8771,482,1,results/quick_v1_v2_comparison/2026-06-03_09-24-45/model_runs/2026-06-03_09-24-48/multiclass_table6_arousal_3class_emotion-elicitation_2026-06-03_09-25-46/subject_loo/s_P22/baselines/MLP/model_benchmark.json,MLP,multiclass_table6_arousal_3class,Table-6 Arousal,results/quick_v1_v2_comparison/2026-06-03_09-24-45/model_runs/2026-06-03_09-24-48,results/quick_v1_v2_comparison/2026-06-03_09-24-45/model_runs/2026-06-03_09-24-48/multiclass_table6_arousal_3class_emotion-elicitation_2026-06-03_09-25-46,,,,,,,,,,
MLP,0.5875,128,subject_loo,cuda,17,0.7685145791620016,s_P23,240,0.002427552777777778,tabular_predict_proba,2.427552777777778e-06,720,0.001747838,0.42022167718762143,MLP,MLP,baseline,torch_head,,,,table6-arousal-3class,240,3,8771,0.00017517998157328508,1.0304704798428534e-05,74579,4387,8771,407,1,results/quick_v1_v2_comparison/2026-06-03_09-24-45/model_runs/2026-06-03_09-24-48/multiclass_table6_arousal_3class_emotion-elicitation_2026-06-03_09-25-46/subject_loo/s_P23/baselines/MLP/model_benchmark.json,MLP,multiclass_table6_arousal_3class,Table-6 Arousal,results/quick_v1_v2_comparison/2026-06-03_09-24-45/model_runs/2026-06-03_09-24-48,results/quick_v1_v2_comparison/2026-06-03_09-24-45/model_runs/2026-06-03_09-24-48/multiclass_table6_arousal_3class_emotion-elicitation_2026-06-03_09-25-46,,,,,,,,,,
MLP,0.5670995670995671,128,subject_loo,cuda,22,0.9474782911129296,s_P24,231,0.0017343924963924963,tabular_predict_proba,1.7343924963924964e-06,693,0.001201934,0.2954222165762527,MLP,MLP,baseline,torch_head,,,,table6-arousal-3class,231,3,8771,0.00021761099933691538,9.89140906076888e-06,95788,4354,8771,449,1,results/quick_v1_v2_comparison/2026-06-03_09-24-45/model_runs/2026-06-03_09-24-48/multiclass_table6_arousal_3class_emotion-elicitation_2026-06-03_09-25-46/subject_loo/s_P24/baselines/MLP/model_benchmark.json,MLP,multiclass_table6_arousal_3class,Table-6 Arousal,results/quick_v1_v2_comparison/2026-06-03_09-24-45/model_runs/2026-06-03_09-24-48,results/quick_v1_v2_comparison/2026-06-03_09-24-45/model_runs/2026-06-03_09-24-48/multiclass_table6_arousal_3class_emotion-elicitation_2026-06-03_09-25-46,,,,,,,,,,
MLP,0.5964125560538116,128,subject_loo,cuda,30,1.2675680951215327,s_P27,223,0.0017883766816143498,tabular_predict_proba,1.7883766816143497e-06,669,0.001196424,0.437143677453755,MLP,MLP,baseline,torch_head,,,,table6-arousal-3class,223,3,8771,0.00029173028656421927,9.724342885473975e-06,130350,4345,8771,466,1,results/quick_v1_v2_comparison/2026-06-03_09-24-45/model_runs/2026-06-03_09-24-48/multiclass_table6_arousal_3class_emotion-elicitation_2026-06-03_09-25-46/subject_loo/s_P27/baselines/MLP/model_benchmark.json,MLP,multiclass_table6_arousal_3class,Table-6 Arousal,results/quick_v1_v2_comparison/2026-06-03_09-24-45/model_runs/2026-06-03_09-24-48,results/quick_v1_v2_comparison/2026-06-03_09-24-45/model_runs/2026-06-03_09-24-48/multiclass_table6_arousal_3class_emotion-elicitation_2026-06-03_09-25-46,,,,,,,,,,
MLP,0.6132075471698113,128,subject_loo,cuda,49,2.067293253960088,s_P28,212,0.001863935534591195,tabular_predict_proba,1.8639355345911951e-06,636,0.001185463,0.4012345679012346,MLP,MLP,baseline,torch_head,,,,table6-arousal-3class,212,3,8771,0.0004744763034106238,9.683189865522935e-06,213493,4357,8771,465,1,results/quick_v1_v2_comparison/2026-06-03_09-24-45/model_runs/2026-06-03_09-24-48/multiclass_table6_arousal_3class_emotion-elicitation_2026-06-03_09-25-46/subject_loo/s_P28/baselines/MLP/model_benchmark.json,MLP,multiclass_table6_arousal_3class,Table-6 Arousal,results/quick_v1_v2_comparison/2026-06-03_09-24-45/model_runs/2026-06-03_09-24-48,results/quick_v1_v2_comparison/2026-06-03_09-24-45/model_runs/2026-06-03_09-24-48/multiclass_table6_arousal_3class_emotion-elicitation_2026-06-03_09-25-46,,,,,,,,,,
MLP,0.5324074074074074,128,subject_loo,cuda,39,1.6716833610553294,s_P29,216,0.001834243827160494,tabular_predict_proba,1.834243827160494e-06,648,0.00118859,0.4796206426237828,MLP,MLP,baseline,torch_head,,,,table6-arousal-3class,216,3,8771,0.00038306218172670247,9.822107223761601e-06,170196,4364,8771,454,1,results/quick_v1_v2_comparison/2026-06-03_09-24-45/model_runs/2026-06-03_09-24-48/multiclass_table6_arousal_3class_emotion-elicitation_2026-06-03_09-25-46/subject_loo/s_P29/baselines/MLP/model_benchmark.json,MLP,multiclass_table6_arousal_3class,Table-6 Arousal,results/quick_v1_v2_comparison/2026-06-03_09-24-45/model_runs/2026-06-03_09-24-48,results/quick_v1_v2_comparison/2026-06-03_09-24-45/model_runs/2026-06-03_09-24-48/multiclass_table6_arousal_3class_emotion-elicitation_2026-06-03_09-25-46,,,,,,,,,,
MLP,0.6327433628318584,128,subject_loo,cuda,17,0.741207430139184,s_P30,226,0.0017670914454277285,tabular_predict_proba,1.7670914454277285e-06,678,0.001198088,0.43606956907056604,MLP,MLP,baseline,torch_head,,,,table6-arousal-3class,226,3,8771,0.0001712982274414569,1.00763663200857e-05,73559,4327,8771,481,1,results/quick_v1_v2_comparison/2026-06-03_09-24-45/model_runs/2026-06-03_09-24-48/multiclass_table6_arousal_3class_emotion-elicitation_2026-06-03_09-25-46/subject_loo/s_P30/baselines/MLP/model_benchmark.json,MLP,multiclass_table6_arousal_3class,Table-6 Arousal,results/quick_v1_v2_comparison/2026-06-03_09-24-45/model_runs/2026-06-03_09-24-48,results/quick_v1_v2_comparison/2026-06-03_09-24-45/model_runs/2026-06-03_09-24-48/multiclass_table6_arousal_3class_emotion-elicitation_2026-06-03_09-25-46,,,,,,,,,,
MLP,0.545816733067729,128,subject_loo,cuda,34,1.452447182033211,s_P4,251,0.0016302430278884463,tabular_predict_proba,1.6302430278884463e-06,753,0.001227573,0.4506047879334212,MLP,MLP,baseline,torch_head,,,,table6-arousal-3class,251,3,8771,0.0003335891552671592,9.81144574315174e-06,148036,4354,8771,429,1,results/quick_v1_v2_comparison/2026-06-03_09-24-45/model_runs/2026-06-03_09-24-48/multiclass_table6_arousal_3class_emotion-elicitation_2026-06-03_09-25-46/subject_loo/s_P4/baselines/MLP/model_benchmark.json,MLP,multiclass_table6_arousal_3class,Table-6 Arousal,results/quick_v1_v2_comparison/2026-06-03_09-24-45/model_runs/2026-06-03_09-24-48,results/quick_v1_v2_comparison/2026-06-03_09-24-45/model_runs/2026-06-03_09-24-48/multiclass_table6_arousal_3class_emotion-elicitation_2026-06-03_09-25-46,,,,,,,,,,
MLP,0.3709090909090909,128,subject_loo,cuda,17,0.7180394248571247,s_P5,275,0.0015566048484848484,tabular_predict_proba,1.5566048484848485e-06,825,0.001284199,0.2963725434132022,MLP,MLP,baseline,torch_head,,,,table6-arousal-3class,275,3,8771,0.00016499067666753784,9.705333921619874e-06,73984,4352,8771,407,1,results/quick_v1_v2_comparison/2026-06-03_09-24-45/model_runs/2026-06-03_09-24-48/multiclass_table6_arousal_3class_emotion-elicitation_2026-06-03_09-25-46/subject_loo/s_P5/baselines/MLP/model_benchmark.json,MLP,multiclass_table6_arousal_3class,Table-6 Arousal,results/quick_v1_v2_comparison/2026-06-03_09-24-45/model_runs/2026-06-03_09-24-48,results/quick_v1_v2_comparison/2026-06-03_09-24-45/model_runs/2026-06-03_09-24-48/multiclass_table6_arousal_3class_emotion-elicitation_2026-06-03_09-25-46,,,,,,,,,,
MLP,0.5217391304347826,128,subject_loo,cuda,16,0.7289443190675229,s_P7,230,0.0017545507246376811,tabular_predict_proba,1.7545507246376812e-06,690,0.00121064,0.3556317895940537,MLP,MLP,baseline,torch_head,,,,table6-arousal-3class,230,3,8771,0.0001680757018832195,1.0504731367701218e-05,69392,4337,8771,467,1,results/quick_v1_v2_comparison/2026-06-03_09-24-45/model_runs/2026-06-03_09-24-48/multiclass_table6_arousal_3class_emotion-elicitation_2026-06-03_09-25-46/subject_loo/s_P7/baselines/MLP/model_benchmark.json,MLP,multiclass_table6_arousal_3class,Table-6 Arousal,results/quick_v1_v2_comparison/2026-06-03_09-24-45/model_runs/2026-06-03_09-24-48,results/quick_v1_v2_comparison/2026-06-03_09-24-45/model_runs/2026-06-03_09-24-48/multiclass_table6_arousal_3class_emotion-elicitation_2026-06-03_09-25-46,,,,,,,,,,
MLP,0.5159817351598174,128,subject_loo,cuda,25,1.1357323280535638,s_P8,219,0.0025529315068493147,tabular_predict_proba,2.5529315068493147e-06,657,0.001677276,0.4165580727078321,MLP,MLP,baseline,torch_head,,,,table6-arousal-3class,219,3,8771,0.00025959596069795744,1.0383838427918298e-05,109375,4375,8771,440,1,results/quick_v1_v2_comparison/2026-06-03_09-24-45/model_runs/2026-06-03_09-24-48/multiclass_table6_arousal_3class_emotion-elicitation_2026-06-03_09-25-46/subject_loo/s_P8/baselines/MLP/model_benchmark.json,MLP,multiclass_table6_arousal_3class,Table-6 Arousal,results/quick_v1_v2_comparison/2026-06-03_09-24-45/model_runs/2026-06-03_09-24-48,results/quick_v1_v2_comparison/2026-06-03_09-24-45/model_runs/2026-06-03_09-24-48/multiclass_table6_arousal_3class_emotion-elicitation_2026-06-03_09-25-46,,,,,,,,,,
GazeMAE_MLP,0.5416666666666666,128,subject_loo,cuda,24,1.2294415428768843,s_P1,240,0.0013811458333333332,cached_gazemae_embedding_mlp_head_predict_proba,1.3811458333333332e-06,720,0.000994425,0.46347159868513615,GazeMAE_MLP,GazeMAE_MLP,baseline,frozen_gazemae_encoders_plus_trainable_mlp_head,,,,table6-arousal-3class,240,3,2119063,0.0002849887674726204,1.187453197802585e-05,103536,4314,82563,480,1,results/quick_v1_v2_comparison/2026-06-03_09-24-45/model_runs/2026-06-03_09-24-48/multiclass_table6_arousal_3class_emotion-elicitation_2026-06-03_09-25-46/subject_loo/s_P1/baselines/GazeMAE_MLP/model_benchmark.json,GazeMAE_MLP,multiclass_table6_arousal_3class,Table-6 Arousal,results/quick_v1_v2_comparison/2026-06-03_09-24-45/model_runs/2026-06-03_09-24-48,results/quick_v1_v2_comparison/2026-06-03_09-24-45/model_runs/2026-06-03_09-24-48/multiclass_table6_arousal_3class_emotion-elicitation_2026-06-03_09-25-46,5.0,2.690334229166667,synthetic_gazemae_encoder_pooling_head_forward,0.002690334229166667,48.0,0.129136043,16.0,2036500.0,82563.0,
GazeMAE_MLP,0.5938864628820961,128,subject_loo,cuda,26,1.2804001539479941,s_P10,229,0.0013857438136826784,cached_gazemae_embedding_mlp_head_predict_proba,1.3857438136826784e-06,687,0.000952006,0.4908486809028605,GazeMAE_MLP,GazeMAE_MLP,baseline,frozen_gazemae_encoders_plus_trainable_mlp_head,,,,table6-arousal-3class,229,3,2119063,0.0002934678326720133,1.1287224333538974e-05,113438,4363,82563,442,1,results/quick_v1_v2_comparison/2026-06-03_09-24-45/model_runs/2026-06-03_09-24-48/multiclass_table6_arousal_3class_emotion-elicitation_2026-06-03_09-25-46/subject_loo/s_P10/baselines/GazeMAE_MLP/model_benchmark.json,GazeMAE_MLP,multiclass_table6_arousal_3class,Table-6 Arousal,results/quick_v1_v2_comparison/2026-06-03_09-24-45/model_runs/2026-06-03_09-24-48,results/quick_v1_v2_comparison/2026-06-03_09-24-45/model_runs/2026-06-03_09-24-48/multiclass_table6_arousal_3class_emotion-elicitation_2026-06-03_09-25-46,5.0,2.553710895833333,synthetic_gazemae_encoder_pooling_head_forward,0.002553710895833333,48.0,0.122578123,16.0,2036500.0,82563.0,
GazeMAE_MLP,0.5932203389830508,128,subject_loo,cuda,27,1.2822928340174258,s_P13,236,0.0013604039548022599,cached_gazemae_embedding_mlp_head_predict_proba,1.36040395480226e-06,708,0.000963166,0.4937027061690394,GazeMAE_MLP,GazeMAE_MLP,baseline,frozen_gazemae_encoders_plus_trainable_mlp_head,,,,table6-arousal-3class,236,3,2119063,0.00029518711648651605,1.0932856166167262e-05,117288,4344,82563,454,1,results/quick_v1_v2_comparison/2026-06-03_09-24-45/model_runs/2026-06-03_09-24-48/multiclass_table6_arousal_3class_emotion-elicitation_2026-06-03_09-25-46/subject_loo/s_P13/baselines/GazeMAE_MLP/model_benchmark.json,GazeMAE_MLP,multiclass_table6_arousal_3class,Table-6 Arousal,results/quick_v1_v2_comparison/2026-06-03_09-24-45/model_runs/2026-06-03_09-24-48,results/quick_v1_v2_comparison/2026-06-03_09-24-45/model_runs/2026-06-03_09-24-48/multiclass_table6_arousal_3class_emotion-elicitation_2026-06-03_09-25-46,5.0,2.5525524791666663,synthetic_gazemae_encoder_pooling_head_forward,0.0025525524791666664,48.0,0.122522519,16.0,2036500.0,82563.0,
GazeMAE_MLP,0.6082949308755761,128,subject_loo,cuda,18,0.8791969600133598,s_P14,217,0.0014350568356374807,cached_gazemae_embedding_mlp_head_predict_proba,1.4350568356374806e-06,651,0.000934222,0.43120700437773607,GazeMAE_MLP,GazeMAE_MLP,baseline,frozen_gazemae_encoders_plus_trainable_mlp_head,,,,table6-arousal-3class,217,3,2119063,0.0002024866328911469,1.1249257382841494e-05,78156,4342,82563,475,1,results/quick_v1_v2_comparison/2026-06-03_09-24-45/model_runs/2026-06-03_09-24-48/multiclass_table6_arousal_3class_emotion-elicitation_2026-06-03_09-25-46/subject_loo/s_P14/baselines/GazeMAE_MLP/model_benchmark.json,GazeMAE_MLP,multiclass_table6_arousal_3class,Table-6 Arousal,results/quick_v1_v2_comparison/2026-06-03_09-24-45/model_runs/2026-06-03_09-24-48,results/quick_v1_v2_comparison/2026-06-03_09-24-45/model_runs/2026-06-03_09-24-48/multiclass_table6_arousal_3class_emotion-elicitation_2026-06-03_09-25-46,5.0,2.5819739166666666,synthetic_gazemae_encoder_pooling_head_forward,0.0025819739166666666,48.0,0.123934748,16.0,2036500.0,82563.0,
GazeMAE_MLP,0.5803108808290155,128,subject_loo,cuda,29,1.535391747020185,s_P16,193,0.0016015008635578583,cached_gazemae_embedding_mlp_head_predict_proba,1.6015008635578583e-06,579,0.000927269,0.502682507068472,GazeMAE_MLP,GazeMAE_MLP,baseline,frozen_gazemae_encoders_plus_trainable_mlp_head,,,,table6-arousal-3class,193,3,2119063,0.000350226219667013,1.2076766195414241e-05,127136,4384,82563,457,1,results/quick_v1_v2_comparison/2026-06-03_09-24-45/model_runs/2026-06-03_09-24-48/multiclass_table6_arousal_3class_emotion-elicitation_2026-06-03_09-25-46/subject_loo/s_P16/baselines/GazeMAE_MLP/model_benchmark.json,GazeMAE_MLP,multiclass_table6_arousal_3class,Table-6 Arousal,results/quick_v1_v2_comparison/2026-06-03_09-24-45/model_runs/2026-06-03_09-24-48,results/quick_v1_v2_comparison/2026-06-03_09-24-45/model_runs/2026-06-03_09-24-48/multiclass_table6_arousal_3class_emotion-elicitation_2026-06-03_09-25-46,5.0,2.5497664166666665,synthetic_gazemae_encoder_pooling_head_forward,0.0025497664166666666,48.0,0.122388788,16.0,2036500.0,82563.0,
GazeMAE_MLP,0.5313807531380753,128,subject_loo,cuda,24,1.304477944970131,s_P17,239,0.0013535983263598327,cached_gazemae_embedding_mlp_head_predict_proba,1.3535983263598326e-06,717,0.00097053,0.4471357640432785,GazeMAE_MLP,GazeMAE_MLP,baseline,frozen_gazemae_encoders_plus_trainable_mlp_head,,,,table6-arousal-3class,239,3,2119063,0.0003002941862270099,1.2512257759458746e-05,104256,4344,82563,451,1,results/quick_v1_v2_comparison/2026-06-03_09-24-45/model_runs/2026-06-03_09-24-48/multiclass_table6_arousal_3class_emotion-elicitation_2026-06-03_09-25-46/subject_loo/s_P17/baselines/GazeMAE_MLP/model_benchmark.json,GazeMAE_MLP,multiclass_table6_arousal_3class,Table-6 Arousal,results/quick_v1_v2_comparison/2026-06-03_09-24-45/model_runs/2026-06-03_09-24-48,results/quick_v1_v2_comparison/2026-06-03_09-24-45/model_runs/2026-06-03_09-24-48/multiclass_table6_arousal_3class_emotion-elicitation_2026-06-03_09-25-46,5.0,2.6137388958333334,synthetic_gazemae_encoder_pooling_head_forward,0.0026137388958333333,48.0,0.125459467,16.0,2036500.0,82563.0,
GazeMAE_MLP,0.6228070175438597,128,subject_loo,cuda,22,1.1112795330118388,s_P18,228,0.0014048567251461988,cached_gazemae_embedding_mlp_head_predict_proba,1.4048567251461989e-06,684,0.000960922,0.5219671587566097,GazeMAE_MLP,GazeMAE_MLP,baseline,frozen_gazemae_encoders_plus_trainable_mlp_head,,,,table6-arousal-3class,228,3,2119063,0.0002547053708484618,1.1577516856748264e-05,95986,4363,82563,443,1,results/quick_v1_v2_comparison/2026-06-03_09-24-45/model_runs/2026-06-03_09-24-48/multiclass_table6_arousal_3class_emotion-elicitation_2026-06-03_09-25-46/subject_loo/s_P18/baselines/GazeMAE_MLP/model_benchmark.json,GazeMAE_MLP,multiclass_table6_arousal_3class,Table-6 Arousal,results/quick_v1_v2_comparison/2026-06-03_09-24-45/model_runs/2026-06-03_09-24-48,results/quick_v1_v2_comparison/2026-06-03_09-24-45/model_runs/2026-06-03_09-24-48/multiclass_table6_arousal_3class_emotion-elicitation_2026-06-03_09-25-46,5.0,2.5663149375,synthetic_gazemae_encoder_pooling_head_forward,0.0025663149375,48.0,0.123183117,16.0,2036500.0,82563.0,
GazeMAE_MLP,0.5109170305676856,128,subject_loo,cuda,18,0.8991655427962542,s_P19,229,0.0013885735080058222,cached_gazemae_embedding_mlp_head_predict_proba,1.3885735080058223e-06,687,0.00095395,0.38579819866858117,GazeMAE_MLP,GazeMAE_MLP,baseline,frozen_gazemae_encoders_plus_trainable_mlp_head,,,,table6-arousal-3class,229,3,2119063,0.00020722874920402263,1.1512708289112368e-05,78102,4339,82563,466,1,results/quick_v1_v2_comparison/2026-06-03_09-24-45/model_runs/2026-06-03_09-24-48/multiclass_table6_arousal_3class_emotion-elicitation_2026-06-03_09-25-46/subject_loo/s_P19/baselines/GazeMAE_MLP/model_benchmark.json,GazeMAE_MLP,multiclass_table6_arousal_3class,Table-6 Arousal,results/quick_v1_v2_comparison/2026-06-03_09-24-45/model_runs/2026-06-03_09-24-48,results/quick_v1_v2_comparison/2026-06-03_09-24-45/model_runs/2026-06-03_09-24-48/multiclass_table6_arousal_3class_emotion-elicitation_2026-06-03_09-25-46,5.0,2.6049432500000003,synthetic_gazemae_encoder_pooling_head_forward,0.00260494325,48.0,0.125037276,16.0,2036500.0,82563.0,
GazeMAE_MLP,0.47717842323651455,128,subject_loo,cuda,21,1.0568210890050977,s_P2,241,0.0013280096818810512,cached_gazemae_embedding_mlp_head_predict_proba,1.3280096818810512e-06,723,0.000960151,0.3852073852073852,GazeMAE_MLP,GazeMAE_MLP,baseline,frozen_gazemae_encoders_plus_trainable_mlp_head,,,,table6-arousal-3class,241,3,2119063,0.00024361943038383996,1.1600925256373332e-05,91098,4338,82563,455,1,results/quick_v1_v2_comparison/2026-06-03_09-24-45/model_runs/2026-06-03_09-24-48/multiclass_table6_arousal_3class_emotion-elicitation_2026-06-03_09-25-46/subject_loo/s_P2/baselines/GazeMAE_MLP/model_benchmark.json,GazeMAE_MLP,multiclass_table6_arousal_3class,Table-6 Arousal,results/quick_v1_v2_comparison/2026-06-03_09-24-45/model_runs/2026-06-03_09-24-48,results/quick_v1_v2_comparison/2026-06-03_09-24-45/model_runs/2026-06-03_09-24-48/multiclass_table6_arousal_3class_emotion-elicitation_2026-06-03_09-25-46,5.0,2.5953917708333334,synthetic_gazemae_encoder_pooling_head_forward,0.002595391770833333,48.0,0.124578805,16.0,2036500.0,82563.0,
GazeMAE_MLP,0.6194690265486725,128,subject_loo,cuda,22,1.118384961038828,s_P20,226,0.0014804616519174041,cached_gazemae_embedding_mlp_head_predict_proba,1.4804616519174042e-06,678,0.001003753,0.4928925485836055,GazeMAE_MLP,GazeMAE_MLP,baseline,frozen_gazemae_encoders_plus_trainable_mlp_head,,,,table6-arousal-3class,226,3,2119063,0.0002562164859195482,1.164620390543401e-05,96030,4365,82563,443,1,results/quick_v1_v2_comparison/2026-06-03_09-24-45/model_runs/2026-06-03_09-24-48/multiclass_table6_arousal_3class_emotion-elicitation_2026-06-03_09-25-46/subject_loo/s_P20/baselines/GazeMAE_MLP/model_benchmark.json,GazeMAE_MLP,multiclass_table6_arousal_3class,Table-6 Arousal,results/quick_v1_v2_comparison/2026-06-03_09-24-45/model_runs/2026-06-03_09-24-48,results/quick_v1_v2_comparison/2026-06-03_09-24-45/model_runs/2026-06-03_09-24-48/multiclass_table6_arousal_3class_emotion-elicitation_2026-06-03_09-25-46,5.0,2.6189812291666663,synthetic_gazemae_encoder_pooling_head_forward,0.0026189812291666664,48.0,0.125711099,16.0,2036500.0,82563.0,
GazeMAE_MLP,0.6118721461187214,128,subject_loo,cuda,18,0.9119367571547627,s_P21,219,0.0017067168949771692,cached_gazemae_embedding_mlp_head_predict_proba,1.7067168949771692e-06,657,0.001121313,0.4598162071846282,GazeMAE_MLP,GazeMAE_MLP,baseline,frozen_gazemae_encoders_plus_trainable_mlp_head,,,,table6-arousal-3class,219,3,2119063,0.00020853801901549572,1.1585445500860872e-05,78714,4373,82563,442,1,results/quick_v1_v2_comparison/2026-06-03_09-24-45/model_runs/2026-06-03_09-24-48/multiclass_table6_arousal_3class_emotion-elicitation_2026-06-03_09-25-46/subject_loo/s_P21/baselines/GazeMAE_MLP/model_benchmark.json,GazeMAE_MLP,multiclass_table6_arousal_3class,Table-6 Arousal,results/quick_v1_v2_comparison/2026-06-03_09-24-45/model_runs/2026-06-03_09-24-48,results/quick_v1_v2_comparison/2026-06-03_09-24-45/model_runs/2026-06-03_09-24-48/multiclass_table6_arousal_3class_emotion-elicitation_2026-06-03_09-25-46,5.0,2.6245441666666665,synthetic_gazemae_encoder_pooling_head_forward,0.0026245441666666665,48.0,0.12597812,16.0,2036500.0,82563.0,
GazeMAE_MLP,0.5,128,subject_loo,cuda,19,0.919096427038312,s_P22,214,0.0014604501557632398,cached_gazemae_embedding_mlp_head_predict_proba,1.4604501557632397e-06,642,0.000937609,0.3326968584251326,GazeMAE_MLP,GazeMAE_MLP,baseline,frozen_gazemae_encoders_plus_trainable_mlp_head,,,,table6-arousal-3class,214,3,2119063,0.00021187100669394006,1.1151105615470529e-05,82422,4338,82563,482,1,results/quick_v1_v2_comparison/2026-06-03_09-24-45/model_runs/2026-06-03_09-24-48/multiclass_table6_arousal_3class_emotion-elicitation_2026-06-03_09-25-46/subject_loo/s_P22/baselines/GazeMAE_MLP/model_benchmark.json,GazeMAE_MLP,multiclass_table6_arousal_3class,Table-6 Arousal,results/quick_v1_v2_comparison/2026-06-03_09-24-45/model_runs/2026-06-03_09-24-48,results/quick_v1_v2_comparison/2026-06-03_09-24-45/model_runs/2026-06-03_09-24-48/multiclass_table6_arousal_3class_emotion-elicitation_2026-06-03_09-25-46,5.0,2.5471485833333336,synthetic_gazemae_encoder_pooling_head_forward,0.0025471485833333334,48.0,0.122263132,16.0,2036500.0,82563.0,
GazeMAE_MLP,0.6333333333333333,128,subject_loo,cuda,19,0.9225444940384477,s_P23,240,0.0014027847222222224,cached_gazemae_embedding_mlp_head_predict_proba,1.4027847222222223e-06,720,0.001010005,0.5022828237194625,GazeMAE_MLP,GazeMAE_MLP,baseline,frozen_gazemae_encoders_plus_trainable_mlp_head,,,,table6-arousal-3class,240,3,2119063,0.00021029051607897144,1.1067921898893234e-05,83353,4387,82563,407,1,results/quick_v1_v2_comparison/2026-06-03_09-24-45/model_runs/2026-06-03_09-24-48/multiclass_table6_arousal_3class_emotion-elicitation_2026-06-03_09-25-46/subject_loo/s_P23/baselines/GazeMAE_MLP/model_benchmark.json,GazeMAE_MLP,multiclass_table6_arousal_3class,Table-6 Arousal,results/quick_v1_v2_comparison/2026-06-03_09-24-45/model_runs/2026-06-03_09-24-48,results/quick_v1_v2_comparison/2026-06-03_09-24-45/model_runs/2026-06-03_09-24-48/multiclass_table6_arousal_3class_emotion-elicitation_2026-06-03_09-25-46,5.0,2.569018125,synthetic_gazemae_encoder_pooling_head_forward,0.002569018125,48.0,0.12331287,16.0,2036500.0,82563.0,
GazeMAE_MLP,0.5670995670995671,128,subject_loo,cuda,19,0.9824596741236746,s_P24,231,0.0013798888888888888,cached_gazemae_embedding_mlp_head_predict_proba,1.379888888888889e-06,693,0.000956263,0.330521460849041,GazeMAE_MLP,GazeMAE_MLP,baseline,frozen_gazemae_encoders_plus_trainable_mlp_head,,,,table6-arousal-3class,231,3,2119063,0.00022564530871007686,1.187606887947773e-05,82726,4354,82563,449,1,results/quick_v1_v2_comparison/2026-06-03_09-24-45/model_runs/2026-06-03_09-24-48/multiclass_table6_arousal_3class_emotion-elicitation_2026-06-03_09-25-46/subject_loo/s_P24/baselines/GazeMAE_MLP/model_benchmark.json,GazeMAE_MLP,multiclass_table6_arousal_3class,Table-6 Arousal,results/quick_v1_v2_comparison/2026-06-03_09-24-45/model_runs/2026-06-03_09-24-48,results/quick_v1_v2_comparison/2026-06-03_09-24-45/model_runs/2026-06-03_09-24-48/multiclass_table6_arousal_3class_emotion-elicitation_2026-06-03_09-25-46,5.0,2.5524007291666666,synthetic_gazemae_encoder_pooling_head_forward,0.0025524007291666665,48.0,0.122515235,16.0,2036500.0,82563.0,
GazeMAE_MLP,0.5919282511210763,128,subject_loo,cuda,23,1.1239211750216782,s_P27,223,0.001441237668161435,cached_gazemae_embedding_mlp_head_predict_proba,1.441237668161435e-06,669,0.000964188,0.4852398905891919,GazeMAE_MLP,GazeMAE_MLP,baseline,frozen_gazemae_encoders_plus_trainable_mlp_head,,,,table6-arousal-3class,223,3,2119063,0.0002586700057587292,1.1246521989509963e-05,99935,4345,82563,466,1,results/quick_v1_v2_comparison/2026-06-03_09-24-45/model_runs/2026-06-03_09-24-48/multiclass_table6_arousal_3class_emotion-elicitation_2026-06-03_09-25-46/subject_loo/s_P27/baselines/GazeMAE_MLP/model_benchmark.json,GazeMAE_MLP,multiclass_table6_arousal_3class,Table-6 Arousal,results/quick_v1_v2_comparison/2026-06-03_09-24-45/model_runs/2026-06-03_09-24-48,results/quick_v1_v2_comparison/2026-06-03_09-24-45/model_runs/2026-06-03_09-24-48/multiclass_table6_arousal_3class_emotion-elicitation_2026-06-03_09-25-46,5.0,2.53098325,synthetic_gazemae_encoder_pooling_head_forward,0.00253098325,48.0,0.121487196,16.0,2036500.0,82563.0,
GazeMAE_MLP,0.5943396226415094,128,subject_loo,cuda,20,0.9844131579156965,s_P28,212,0.0015007877358490566,cached_gazemae_embedding_mlp_head_predict_proba,1.5007877358490565e-06,636,0.000954501,0.43810345535971074,GazeMAE_MLP,GazeMAE_MLP,baseline,frozen_gazemae_encoders_plus_trainable_mlp_head,,,,table6-arousal-3class,212,3,2119063,0.00022593829651496361,1.1296914825748182e-05,87140,4357,82563,465,1,results/quick_v1_v2_comparison/2026-06-03_09-24-45/model_runs/2026-06-03_09-24-48/multiclass_table6_arousal_3class_emotion-elicitation_2026-06-03_09-25-46/subject_loo/s_P28/baselines/GazeMAE_MLP/model_benchmark.json,GazeMAE_MLP,multiclass_table6_arousal_3class,Table-6 Arousal,results/quick_v1_v2_comparison/2026-06-03_09-24-45/model_runs/2026-06-03_09-24-48,results/quick_v1_v2_comparison/2026-06-03_09-24-45/model_runs/2026-06-03_09-24-48/multiclass_table6_arousal_3class_emotion-elicitation_2026-06-03_09-25-46,5.0,2.5556067500000004,synthetic_gazemae_encoder_pooling_head_forward,0.0025556067500000002,48.0,0.122669124,16.0,2036500.0,82563.0,
GazeMAE_MLP,0.6574074074074074,128,subject_loo,cuda,24,1.1405617960263044,s_P29,216,0.0014571466049382717,cached_gazemae_embedding_mlp_head_predict_proba,1.4571466049382716e-06,648,0.000944231,0.5345104722727939,GazeMAE_MLP,GazeMAE_MLP,baseline,frozen_gazemae_encoders_plus_trainable_mlp_head,,,,table6-arousal-3class,216,3,2119063,0.0002613569651755968,1.08898735489832e-05,104736,4364,82563,454,1,results/quick_v1_v2_comparison/2026-06-03_09-24-45/model_runs/2026-06-03_09-24-48/multiclass_table6_arousal_3class_emotion-elicitation_2026-06-03_09-25-46/subject_loo/s_P29/baselines/GazeMAE_MLP/model_benchmark.json,GazeMAE_MLP,multiclass_table6_arousal_3class,Table-6 Arousal,results/quick_v1_v2_comparison/2026-06-03_09-24-45/model_runs/2026-06-03_09-24-48,results/quick_v1_v2_comparison/2026-06-03_09-24-45/model_runs/2026-06-03_09-24-48/multiclass_table6_arousal_3class_emotion-elicitation_2026-06-03_09-25-46,5.0,2.552020645833333,synthetic_gazemae_encoder_pooling_head_forward,0.0025520206458333333,48.0,0.122496991,16.0,2036500.0,82563.0,
GazeMAE_MLP,0.5707964601769911,128,subject_loo,cuda,16,0.811072020791471,s_P30,226,0.0014600103244837759,cached_gazemae_embedding_mlp_head_predict_proba,1.4600103244837758e-06,678,0.000989887,0.32703723691311387,GazeMAE_MLP,GazeMAE_MLP,baseline,frozen_gazemae_encoders_plus_trainable_mlp_head,,,,table6-arousal-3class,226,3,2119063,0.00018744442357094315,1.1715276473183947e-05,69232,4327,82563,481,1,results/quick_v1_v2_comparison/2026-06-03_09-24-45/model_runs/2026-06-03_09-24-48/multiclass_table6_arousal_3class_emotion-elicitation_2026-06-03_09-25-46/subject_loo/s_P30/baselines/GazeMAE_MLP/model_benchmark.json,GazeMAE_MLP,multiclass_table6_arousal_3class,Table-6 Arousal,results/quick_v1_v2_comparison/2026-06-03_09-24-45/model_runs/2026-06-03_09-24-48,results/quick_v1_v2_comparison/2026-06-03_09-24-45/model_runs/2026-06-03_09-24-48/multiclass_table6_arousal_3class_emotion-elicitation_2026-06-03_09-25-46,5.0,2.581312875,synthetic_gazemae_encoder_pooling_head_forward,0.002581312875,48.0,0.123903018,16.0,2036500.0,82563.0,
GazeMAE_MLP,0.5139442231075697,128,subject_loo,cuda,29,1.4476083659101278,s_P4,251,0.0012991301460823373,cached_gazemae_embedding_mlp_head_predict_proba,1.2991301460823374e-06,753,0.000978245,0.4758942628052576,GazeMAE_MLP,GazeMAE_MLP,baseline,frozen_gazemae_encoders_plus_trainable_mlp_head,,,,table6-arousal-3class,251,3,2119063,0.0003324778056752705,1.1464751919836913e-05,126266,4354,82563,429,1,results/quick_v1_v2_comparison/2026-06-03_09-24-45/model_runs/2026-06-03_09-24-48/multiclass_table6_arousal_3class_emotion-elicitation_2026-06-03_09-25-46/subject_loo/s_P4/baselines/GazeMAE_MLP/model_benchmark.json,GazeMAE_MLP,multiclass_table6_arousal_3class,Table-6 Arousal,results/quick_v1_v2_comparison/2026-06-03_09-24-45/model_runs/2026-06-03_09-24-48,results/quick_v1_v2_comparison/2026-06-03_09-24-45/model_runs/2026-06-03_09-24-48/multiclass_table6_arousal_3class_emotion-elicitation_2026-06-03_09-25-46,5.0,2.5606368125,synthetic_gazemae_encoder_pooling_head_forward,0.0025606368125,48.0,0.122910567,16.0,2036500.0,82563.0,
GazeMAE_MLP,0.4509090909090909,128,subject_loo,cuda,21,1.0089959860779345,s_P5,275,0.0012186848484848484,cached_gazemae_embedding_mlp_head_predict_proba,1.2186848484848484e-06,825,0.001005415,0.3941447785770395,GazeMAE_MLP,GazeMAE_MLP,baseline,frozen_gazemae_encoders_plus_trainable_mlp_head,,,,table6-arousal-3class,275,3,2119063,0.00023184650415393715,1.1040309721616055e-05,91392,4352,82563,407,1,results/quick_v1_v2_comparison/2026-06-03_09-24-45/model_runs/2026-06-03_09-24-48/multiclass_table6_arousal_3class_emotion-elicitation_2026-06-03_09-25-46/subject_loo/s_P5/baselines/GazeMAE_MLP/model_benchmark.json,GazeMAE_MLP,multiclass_table6_arousal_3class,Table-6 Arousal,results/quick_v1_v2_comparison/2026-06-03_09-24-45/model_runs/2026-06-03_09-24-48,results/quick_v1_v2_comparison/2026-06-03_09-24-45/model_runs/2026-06-03_09-24-48/multiclass_table6_arousal_3class_emotion-elicitation_2026-06-03_09-25-46,5.0,2.5217734791666664,synthetic_gazemae_encoder_pooling_head_forward,0.0025217734791666666,48.0,0.121045127,16.0,2036500.0,82563.0,
GazeMAE_MLP,0.34347826086956523,128,subject_loo,cuda,17,0.8167091349605471,s_P7,230,0.0013887782608695651,cached_gazemae_embedding_mlp_head_predict_proba,1.3887782608695651e-06,690,0.000958257,0.2718583686325622,GazeMAE_MLP,GazeMAE_MLP,baseline,frozen_gazemae_encoders_plus_trainable_mlp_head,,,,table6-arousal-3class,230,3,2119063,0.000188311997915736,1.1077176347984471e-05,73729,4337,82563,467,1,results/quick_v1_v2_comparison/2026-06-03_09-24-45/model_runs/2026-06-03_09-24-48/multiclass_table6_arousal_3class_emotion-elicitation_2026-06-03_09-25-46/subject_loo/s_P7/baselines/GazeMAE_MLP/model_benchmark.json,GazeMAE_MLP,multiclass_table6_arousal_3class,Table-6 Arousal,results/quick_v1_v2_comparison/2026-06-03_09-24-45/model_runs/2026-06-03_09-24-48,results/quick_v1_v2_comparison/2026-06-03_09-24-45/model_runs/2026-06-03_09-24-48/multiclass_table6_arousal_3class_emotion-elicitation_2026-06-03_09-25-46,5.0,2.5329164791666665,synthetic_gazemae_encoder_pooling_head_forward,0.0025329164791666665,48.0,0.121579991,16.0,2036500.0,82563.0,
GazeMAE_MLP,0.4246575342465753,128,subject_loo,cuda,19,0.9441773490980268,s_P8,219,0.0014671050228310502,cached_gazemae_embedding_mlp_head_predict_proba,1.4671050228310502e-06,657,0.000963888,0.298544061302682,GazeMAE_MLP,GazeMAE_MLP,baseline,frozen_gazemae_encoders_plus_trainable_mlp_head,,,,table6-arousal-3class,219,3,2119063,0.0002158119655081204,1.135852450042739e-05,83125,4375,82563,440,1,results/quick_v1_v2_comparison/2026-06-03_09-24-45/model_runs/2026-06-03_09-24-48/multiclass_table6_arousal_3class_emotion-elicitation_2026-06-03_09-25-46/subject_loo/s_P8/baselines/GazeMAE_MLP/model_benchmark.json,GazeMAE_MLP,multiclass_table6_arousal_3class,Table-6 Arousal,results/quick_v1_v2_comparison/2026-06-03_09-24-45/model_runs/2026-06-03_09-24-48,results/quick_v1_v2_comparison/2026-06-03_09-24-45/model_runs/2026-06-03_09-24-48/multiclass_table6_arousal_3class_emotion-elicitation_2026-06-03_09-25-46,5.0,2.5974297708333336,synthetic_gazemae_encoder_pooling_head_forward,0.0025974297708333334,48.0,0.124676629,16.0,2036500.0,82563.0,
LightGBM,0.14556962025316456,158,recording_loo,cpu,,0.3943470341619104,r_107.avi,158,0.008007911392405065,tabular_predict_proba,8.007911392405064e-06,474,0.00379575,0.15750232991612304,LightGBM,LightGBM,baseline,not_applicable_for_classical_model,"{""num_leaves_total"": 6128, ""num_trees"": 300}",trees,300.0,table6-arousal-3class,158,3,,9.298444568778835e-05,,,4241,,635,1,results/quick_v1_v2_comparison/2026-06-03_09-24-45/model_runs/2026-06-03_09-24-48/multiclass_table6_arousal_3class_emotion-elicitation_2026-06-03_09-25-46/recording_loo/r_107.avi/baselines/LightGBM/model_benchmark.json,LightGBM,multiclass_table6_arousal_3class,Table-6 Arousal,results/quick_v1_v2_comparison/2026-06-03_09-24-45/model_runs/2026-06-03_09-24-48,results/quick_v1_v2_comparison/2026-06-03_09-24-45/model_runs/2026-06-03_09-24-48/multiclass_table6_arousal_3class_emotion-elicitation_2026-06-03_09-25-46,,,,,,,,,,
LightGBM,0.4108761329305136,331,recording_loo,cpu,,0.4417529299389571,r_111.avi,331,0.00476921752265861,tabular_predict_proba,4.76921752265861e-06,993,0.004735833,0.232066810464023,LightGBM,LightGBM,baseline,not_applicable_for_classical_model,"{""num_leaves_total"": 6330, ""num_trees"": 300}",trees,300.0,table6-arousal-3class,331,3,,0.00010558148421103182,,,4184,,519,1,results/quick_v1_v2_comparison/2026-06-03_09-24-45/model_runs/2026-06-03_09-24-48/multiclass_table6_arousal_3class_emotion-elicitation_2026-06-03_09-25-46/recording_loo/r_111.avi/baselines/LightGBM/model_benchmark.json,LightGBM,multiclass_table6_arousal_3class,Table-6 Arousal,results/quick_v1_v2_comparison/2026-06-03_09-24-45/model_runs/2026-06-03_09-24-48,results/quick_v1_v2_comparison/2026-06-03_09-24-45/model_runs/2026-06-03_09-24-48/multiclass_table6_arousal_3class_emotion-elicitation_2026-06-03_09-25-46,,,,,,,,,,
LightGBM,0.4827586206896552,348,recording_loo,cpu,,0.24303975608199835,r_138.avi,348,0.004714340038314176,tabular_predict_proba,4.714340038314176e-06,1044,0.004921771,0.22178217821782178,LightGBM,LightGBM,baseline,not_applicable_for_classical_model,"{""num_leaves_total"": 6466, ""num_trees"": 300}",trees,300.0,table6-arousal-3class,348,3,,5.6181173389273774e-05,,,4326,,360,1,results/quick_v1_v2_comparison/2026-06-03_09-24-45/model_runs/2026-06-03_09-24-48/multiclass_table6_arousal_3class_emotion-elicitation_2026-06-03_09-25-46/recording_loo/r_138.avi/baselines/LightGBM/model_benchmark.json,LightGBM,multiclass_table6_arousal_3class,Table-6 Arousal,results/quick_v1_v2_comparison/2026-06-03_09-24-45/model_runs/2026-06-03_09-24-48,results/quick_v1_v2_comparison/2026-06-03_09-24-45/model_runs/2026-06-03_09-24-48/multiclass_table6_arousal_3class_emotion-elicitation_2026-06-03_09-25-46,,,,,,,,,,
LightGBM,0.49814126394052044,269,recording_loo,cpu,,0.2857330129481852,r_146.avi,269,0.004695039653035935,tabular_predict_proba,4.695039653035935e-06,807,0.003788897,0.22445561139028478,LightGBM,LightGBM,baseline,not_applicable_for_classical_model,"{""num_leaves_total"": 6000, ""num_trees"": 300}",trees,300.0,table6-arousal-3class,269,3,,6.704200209952727e-05,,,4262,,503,1,results/quick_v1_v2_comparison/2026-06-03_09-24-45/model_runs/2026-06-03_09-24-48/multiclass_table6_arousal_3class_emotion-elicitation_2026-06-03_09-25-46/recording_loo/r_146.avi/baselines/LightGBM/model_benchmark.json,LightGBM,multiclass_table6_arousal_3class,Table-6 Arousal,results/quick_v1_v2_comparison/2026-06-03_09-24-45/model_runs/2026-06-03_09-24-48,results/quick_v1_v2_comparison/2026-06-03_09-24-45/model_runs/2026-06-03_09-24-48/multiclass_table6_arousal_3class_emotion-elicitation_2026-06-03_09-25-46,,,,,,,,,,
LightGBM,0.22926829268292684,205,recording_loo,cpu,,0.20128349610604346,r_30.avi,205,0.009839284552845528,tabular_predict_proba,9.839284552845528e-06,615,0.00605116,0.1631782945736434,LightGBM,LightGBM,baseline,not_applicable_for_classical_model,"{""num_leaves_total"": 6249, ""num_trees"": 300}",trees,300.0,table6-arousal-3class,205,3,,4.656106780153677e-05,,,4323,,506,1,results/quick_v1_v2_comparison/2026-06-03_09-24-45/model_runs/2026-06-03_09-24-48/multiclass_table6_arousal_3class_emotion-elicitation_2026-06-03_09-25-46/recording_loo/r_30.avi/baselines/LightGBM/model_benchmark.json,LightGBM,multiclass_table6_arousal_3class,Table-6 Arousal,results/quick_v1_v2_comparison/2026-06-03_09-24-45/model_runs/2026-06-03_09-24-48,results/quick_v1_v2_comparison/2026-06-03_09-24-45/model_runs/2026-06-03_09-24-48/multiclass_table6_arousal_3class_emotion-elicitation_2026-06-03_09-25-46,,,,,,,,,,
LightGBM,0.5457627118644067,295,recording_loo,cpu,,0.40688904910348356,r_52.avi,295,0.004317714124293785,tabular_predict_proba,4.317714124293785e-06,885,0.003821177,0.32648427321794155,LightGBM,LightGBM,baseline,not_applicable_for_classical_model,"{""num_leaves_total"": 6231, ""num_trees"": 300}",trees,300.0,table6-arousal-3class,295,3,,9.830612445119196e-05,,,4139,,600,1,results/quick_v1_v2_comparison/2026-06-03_09-24-45/model_runs/2026-06-03_09-24-48/multiclass_table6_arousal_3class_emotion-elicitation_2026-06-03_09-25-46/recording_loo/r_52.avi/baselines/LightGBM/model_benchmark.json,LightGBM,multiclass_table6_arousal_3class,Table-6 Arousal,results/quick_v1_v2_comparison/2026-06-03_09-24-45/model_runs/2026-06-03_09-24-48,results/quick_v1_v2_comparison/2026-06-03_09-24-45/model_runs/2026-06-03_09-24-48/multiclass_table6_arousal_3class_emotion-elicitation_2026-06-03_09-25-46,,,,,,,,,,
LightGBM,0.4243421052631579,304,recording_loo,cpu,,0.531958885025233,r_53.avi,304,0.005501326754385965,tabular_predict_proba,5.501326754385965e-06,912,0.00501721,0.3777249138642624,LightGBM,LightGBM,baseline,not_applicable_for_classical_model,"{""num_leaves_total"": 6546, ""num_trees"": 300}",trees,300.0,table6-arousal-3class,304,3,,0.00012674741125214036,,,4197,,533,1,results/quick_v1_v2_comparison/2026-06-03_09-24-45/model_runs/2026-06-03_09-24-48/multiclass_table6_arousal_3class_emotion-elicitation_2026-06-03_09-25-46/recording_loo/r_53.avi/baselines/LightGBM/model_benchmark.json,LightGBM,multiclass_table6_arousal_3class,Table-6 Arousal,results/quick_v1_v2_comparison/2026-06-03_09-24-45/model_runs/2026-06-03_09-24-48,results/quick_v1_v2_comparison/2026-06-03_09-24-45/model_runs/2026-06-03_09-24-48/multiclass_table6_arousal_3class_emotion-elicitation_2026-06-03_09-25-46,,,,,,,,,,
LightGBM,0.3360995850622407,241,recording_loo,cpu,,0.18678713589906693,r_55.avi,241,0.006204362378976487,tabular_predict_proba,6.204362378976487e-06,723,0.004485754,0.21691212810121577,LightGBM,LightGBM,baseline,not_applicable_for_classical_model,"{""num_leaves_total"": 6146, ""num_trees"": 300}",trees,300.0,table6-arousal-3class,241,3,,4.344897322611466e-05,,,4299,,494,1,results/quick_v1_v2_comparison/2026-06-03_09-24-45/model_runs/2026-06-03_09-24-48/multiclass_table6_arousal_3class_emotion-elicitation_2026-06-03_09-25-46/recording_loo/r_55.avi/baselines/LightGBM/model_benchmark.json,LightGBM,multiclass_table6_arousal_3class,Table-6 Arousal,results/quick_v1_v2_comparison/2026-06-03_09-24-45/model_runs/2026-06-03_09-24-48,results/quick_v1_v2_comparison/2026-06-03_09-24-45/model_runs/2026-06-03_09-24-48/multiclass_table6_arousal_3class_emotion-elicitation_2026-06-03_09-25-46,,,,,,,,,,
LightGBM,0.5329949238578681,197,recording_loo,cpu,,0.2156551720108837,r_58.avi,197,0.13034330964467006,tabular_predict_proba,0.00013034330964467006,591,0.077032896,0.30392156862745096,LightGBM,LightGBM,baseline,not_applicable_for_classical_model,"{""num_leaves_total"": 6288, ""num_trees"": 300}",trees,300.0,table6-arousal-3class,197,3,,4.975892293744432e-05,,,4334,,503,1,results/quick_v1_v2_comparison/2026-06-03_09-24-45/model_runs/2026-06-03_09-24-48/multiclass_table6_arousal_3class_emotion-elicitation_2026-06-03_09-25-46/recording_loo/r_58.avi/baselines/LightGBM/model_benchmark.json,LightGBM,multiclass_table6_arousal_3class,Table-6 Arousal,results/quick_v1_v2_comparison/2026-06-03_09-24-45/model_runs/2026-06-03_09-24-48,results/quick_v1_v2_comparison/2026-06-03_09-24-45/model_runs/2026-06-03_09-24-48/multiclass_table6_arousal_3class_emotion-elicitation_2026-06-03_09-25-46,,,,,,,,,,
LightGBM,0.5841121495327103,214,recording_loo,cpu,,0.3075475690420717,r_69.avi,214,0.01857067289719626,tabular_predict_proba,1.8570672897196263e-05,642,0.011922372,0.28428801472279736,LightGBM,LightGBM,baseline,not_applicable_for_classical_model,"{""num_leaves_total"": 6352, ""num_trees"": 300}",trees,300.0,table6-arousal-3class,214,3,,7.068434131051981e-05,,,4351,,469,1,results/quick_v1_v2_comparison/2026-06-03_09-24-45/model_runs/2026-06-03_09-24-48/multiclass_table6_arousal_3class_emotion-elicitation_2026-06-03_09-25-46/recording_loo/r_69.avi/baselines/LightGBM/model_benchmark.json,LightGBM,multiclass_table6_arousal_3class,Table-6 Arousal,results/quick_v1_v2_comparison/2026-06-03_09-24-45/model_runs/2026-06-03_09-24-48,results/quick_v1_v2_comparison/2026-06-03_09-24-45/model_runs/2026-06-03_09-24-48/multiclass_table6_arousal_3class_emotion-elicitation_2026-06-03_09-25-46,,,,,,,,,,
LightGBM,0.14344262295081966,244,recording_loo,cpu,,0.38730126805603504,r_73.avi,244,0.0055502732240437155,tabular_predict_proba,5.550273224043716e-06,732,0.0040628,0.11430064334933543,LightGBM,LightGBM,baseline,not_applicable_for_classical_model,"{""num_leaves_total"": 6291, ""num_trees"": 300}",trees,300.0,table6-arousal-3class,244,3,,9.147408314974848e-05,,,4234,,556,1,results/quick_v1_v2_comparison/2026-06-03_09-24-45/model_runs/2026-06-03_09-24-48/multiclass_table6_arousal_3class_emotion-elicitation_2026-06-03_09-25-46/recording_loo/r_73.avi/baselines/LightGBM/model_benchmark.json,LightGBM,multiclass_table6_arousal_3class,Table-6 Arousal,results/quick_v1_v2_comparison/2026-06-03_09-24-45/model_runs/2026-06-03_09-24-48,results/quick_v1_v2_comparison/2026-06-03_09-24-45/model_runs/2026-06-03_09-24-48/multiclass_table6_arousal_3class_emotion-elicitation_2026-06-03_09-25-46,,,,,,,,,,
LightGBM,0.43558282208588955,163,recording_loo,cpu,,0.2520296471193433,r_79.avi,163,0.00707695501022495,tabular_predict_proba,7.076955010224949e-06,489,0.003460631,0.2688000942951438,LightGBM,LightGBM,baseline,not_applicable_for_classical_model,"{""num_leaves_total"": 6369, ""num_trees"": 300}",trees,300.0,table6-arousal-3class,163,3,,5.79112240623491e-05,,,4352,,519,1,results/quick_v1_v2_comparison/2026-06-03_09-24-45/model_runs/2026-06-03_09-24-48/multiclass_table6_arousal_3class_emotion-elicitation_2026-06-03_09-25-46/recording_loo/r_79.avi/baselines/LightGBM/model_benchmark.json,LightGBM,multiclass_table6_arousal_3class,Table-6 Arousal,results/quick_v1_v2_comparison/2026-06-03_09-24-45/model_runs/2026-06-03_09-24-48,results/quick_v1_v2_comparison/2026-06-03_09-24-45/model_runs/2026-06-03_09-24-48/multiclass_table6_arousal_3class_emotion-elicitation_2026-06-03_09-25-46,,,,,,,,,,
LightGBM,0.5232974910394266,279,recording_loo,cpu,,0.5262835300527513,r_80.avi,279,0.006229808841099164,tabular_predict_proba,6.229808841099164e-06,837,0.00521435,0.2506606134683662,LightGBM,LightGBM,baseline,not_applicable_for_classical_model,"{""num_leaves_total"": 6566, ""num_trees"": 300}",trees,300.0,table6-arousal-3class,279,3,,0.00012500796438307633,,,4210,,545,1,results/quick_v1_v2_comparison/2026-06-03_09-24-45/model_runs/2026-06-03_09-24-48/multiclass_table6_arousal_3class_emotion-elicitation_2026-06-03_09-25-46/recording_loo/r_80.avi/baselines/LightGBM/model_benchmark.json,LightGBM,multiclass_table6_arousal_3class,Table-6 Arousal,results/quick_v1_v2_comparison/2026-06-03_09-24-45/model_runs/2026-06-03_09-24-48,results/quick_v1_v2_comparison/2026-06-03_09-24-45/model_runs/2026-06-03_09-24-48/multiclass_table6_arousal_3class_emotion-elicitation_2026-06-03_09-25-46,,,,,,,,,,
LightGBM,0.34765625,256,recording_loo,cpu,,0.42829734296537936,r_90.avi,256,0.007114907552083333,tabular_predict_proba,7.114907552083333e-06,768,0.005464249,0.23869296204303683,LightGBM,LightGBM,baseline,not_applicable_for_classical_model,"{""num_leaves_total"": 6667, ""num_trees"": 300}",trees,300.0,table6-arousal-3class,256,3,,0.00010002273306057435,,,4282,,496,1,results/quick_v1_v2_comparison/2026-06-03_09-24-45/model_runs/2026-06-03_09-24-48/multiclass_table6_arousal_3class_emotion-elicitation_2026-06-03_09-25-46/recording_loo/r_90.avi/baselines/LightGBM/model_benchmark.json,LightGBM,multiclass_table6_arousal_3class,Table-6 Arousal,results/quick_v1_v2_comparison/2026-06-03_09-24-45/model_runs/2026-06-03_09-24-48,results/quick_v1_v2_comparison/2026-06-03_09-24-45/model_runs/2026-06-03_09-24-48/multiclass_table6_arousal_3class_emotion-elicitation_2026-06-03_09-25-46,,,,,,,,,,
LightGBM,0.4178082191780822,292,recording_loo,cpu,,0.2091311658732593,r_cats_f.avi,292,0.0045146438356164385,tabular_predict_proba,4.514643835616438e-06,876,0.003954828,0.19645732689210949,LightGBM,LightGBM,baseline,not_applicable_for_classical_model,"{""num_leaves_total"": 6164, ""num_trees"": 300}",trees,300.0,table6-arousal-3class,292,3,,4.7812337876831117e-05,,,4374,,368,1,results/quick_v1_v2_comparison/2026-06-03_09-24-45/model_runs/2026-06-03_09-24-48/multiclass_table6_arousal_3class_emotion-elicitation_2026-06-03_09-25-46/recording_loo/r_cats_f.avi/baselines/LightGBM/model_benchmark.json,LightGBM,multiclass_table6_arousal_3class,Table-6 Arousal,results/quick_v1_v2_comparison/2026-06-03_09-24-45/model_runs/2026-06-03_09-24-48,results/quick_v1_v2_comparison/2026-06-03_09-24-45/model_runs/2026-06-03_09-24-48/multiclass_table6_arousal_3class_emotion-elicitation_2026-06-03_09-25-46,,,,,,,,,,
LightGBM,0.7348484848484849,264,recording_loo,cpu,,0.20832477300427854,r_dallas_f.avi,264,0.005494345959595959,tabular_predict_proba,5.494345959595959e-06,792,0.004351522,0.2886904761904762,LightGBM,LightGBM,baseline,not_applicable_for_classical_model,"{""num_leaves_total"": 6265, ""num_trees"": 300}",trees,300.0,table6-arousal-3class,264,3,,4.861721657042673e-05,,,4285,,485,1,results/quick_v1_v2_comparison/2026-06-03_09-24-45/model_runs/2026-06-03_09-24-48/multiclass_table6_arousal_3class_emotion-elicitation_2026-06-03_09-25-46/recording_loo/r_dallas_f.avi/baselines/LightGBM/model_benchmark.json,LightGBM,multiclass_table6_arousal_3class,Table-6 Arousal,results/quick_v1_v2_comparison/2026-06-03_09-24-45/model_runs/2026-06-03_09-24-48,results/quick_v1_v2_comparison/2026-06-03_09-24-45/model_runs/2026-06-03_09-24-48/multiclass_table6_arousal_3class_emotion-elicitation_2026-06-03_09-25-46,,,,,,,,,,
LightGBM,0.8358778625954199,262,recording_loo,cpu,,0.20879822107963264,r_detroit_f.avi,262,0.00511157251908397,tabular_predict_proba,5.11157251908397e-06,786,0.004017696,0.3553266816865143,LightGBM,LightGBM,baseline,not_applicable_for_classical_model,"{""num_leaves_total"": 6278, ""num_trees"": 300}",trees,300.0,table6-arousal-3class,262,3,,4.879603203543647e-05,,,4279,,493,1,results/quick_v1_v2_comparison/2026-06-03_09-24-45/model_runs/2026-06-03_09-24-48/multiclass_table6_arousal_3class_emotion-elicitation_2026-06-03_09-25-46/recording_loo/r_detroit_f.avi/baselines/LightGBM/model_benchmark.json,LightGBM,multiclass_table6_arousal_3class,Table-6 Arousal,results/quick_v1_v2_comparison/2026-06-03_09-24-45/model_runs/2026-06-03_09-24-48,results/quick_v1_v2_comparison/2026-06-03_09-24-45/model_runs/2026-06-03_09-24-48/multiclass_table6_arousal_3class_emotion-elicitation_2026-06-03_09-25-46,,,,,,,,,,
LightGBM,0.484375,192,recording_loo,cpu,,0.39533535786904395,r_earworm_f.avi,192,0.006636944444444444,tabular_predict_proba,6.636944444444444e-06,576,0.00382288,0.3290519877675841,LightGBM,LightGBM,baseline,not_applicable_for_classical_model,"{""num_leaves_total"": 6198, ""num_trees"": 300}",trees,300.0,table6-arousal-3class,192,3,,9.37702461738719e-05,,,4216,,626,1,results/quick_v1_v2_comparison/2026-06-03_09-24-45/model_runs/2026-06-03_09-24-48/multiclass_table6_arousal_3class_emotion-elicitation_2026-06-03_09-25-46/recording_loo/r_earworm_f.avi/baselines/LightGBM/model_benchmark.json,LightGBM,multiclass_table6_arousal_3class,Table-6 Arousal,results/quick_v1_v2_comparison/2026-06-03_09-24-45/model_runs/2026-06-03_09-24-48,results/quick_v1_v2_comparison/2026-06-03_09-24-45/model_runs/2026-06-03_09-24-48/multiclass_table6_arousal_3class_emotion-elicitation_2026-06-03_09-25-46,,,,,,,,,,
LightGBM,0.43018867924528303,265,recording_loo,cpu,,0.20478092599660158,r_funny_f.avi,265,0.004975962264150944,tabular_predict_proba,4.975962264150944e-06,795,0.00395589,0.3227654778305599,LightGBM,LightGBM,baseline,not_applicable_for_classical_model,"{""num_leaves_total"": 6121, ""num_trees"": 300}",trees,300.0,table6-arousal-3class,265,3,,4.803681116504846e-05,,,4263,,506,1,results/quick_v1_v2_comparison/2026-06-03_09-24-45/model_runs/2026-06-03_09-24-48/multiclass_table6_arousal_3class_emotion-elicitation_2026-06-03_09-25-46/recording_loo/r_funny_f.avi/baselines/LightGBM/model_benchmark.json,LightGBM,multiclass_table6_arousal_3class,Table-6 Arousal,results/quick_v1_v2_comparison/2026-06-03_09-24-45/model_runs/2026-06-03_09-24-48,results/quick_v1_v2_comparison/2026-06-03_09-24-45/model_runs/2026-06-03_09-24-48/multiclass_table6_arousal_3class_emotion-elicitation_2026-06-03_09-25-46,,,,,,,,,,
LightGBM,0.7294117647058823,255,recording_loo,cpu,,0.22489207796752453,r_newyork_f.avi,255,0.005120494117647059,tabular_predict_proba,5.1204941176470596e-06,765,0.003917178,0.4052683427683428,LightGBM,LightGBM,baseline,not_applicable_for_classical_model,"{""num_leaves_total"": 6474, ""num_trees"": 300}",trees,300.0,table6-arousal-3class,255,3,,5.180651415976147e-05,,,4341,,438,1,results/quick_v1_v2_comparison/2026-06-03_09-24-45/model_runs/2026-06-03_09-24-48/multiclass_table6_arousal_3class_emotion-elicitation_2026-06-03_09-25-46/recording_loo/r_newyork_f.avi/baselines/LightGBM/model_benchmark.json,LightGBM,multiclass_table6_arousal_3class,Table-6 Arousal,results/quick_v1_v2_comparison/2026-06-03_09-24-45/model_runs/2026-06-03_09-24-48,results/quick_v1_v2_comparison/2026-06-03_09-24-45/model_runs/2026-06-03_09-24-48/multiclass_table6_arousal_3class_emotion-elicitation_2026-06-03_09-25-46,,,,,,,,,,
SVM,0.17088607594936708,158,recording_loo,cpu,,3.3498840159736574,r_107.avi,158,0.17816353797468357,tabular_predict_proba,0.00017816353797468355,474,0.084449517,0.1729140461215933,SVM,SVM,baseline,not_applicable_for_classical_model,"{""n_features"": 68, ""n_support_by_class"": [1543, 1210, 690]}",support_vectors,3443.0,table6-arousal-3class,158,3,,0.0007898806922833429,,,4241,,635,1,results/quick_v1_v2_comparison/2026-06-03_09-24-45/model_runs/2026-06-03_09-24-48/multiclass_table6_arousal_3class_emotion-elicitation_2026-06-03_09-25-46/recording_loo/r_107.avi/baselines/SVM/model_benchmark.json,SVM,multiclass_table6_arousal_3class,Table-6 Arousal,results/quick_v1_v2_comparison/2026-06-03_09-24-45/model_runs/2026-06-03_09-24-48,results/quick_v1_v2_comparison/2026-06-03_09-24-45/model_runs/2026-06-03_09-24-48/multiclass_table6_arousal_3class_emotion-elicitation_2026-06-03_09-25-46,,,,,,,,,,
SVM,0.4501510574018127,331,recording_loo,cpu,,3.4144302820786834,r_111.avi,331,0.16990549949647532,tabular_predict_proba,0.00016990549949647533,993,0.168716161,0.2517323121808899,SVM,SVM,baseline,not_applicable_for_classical_model,"{""n_features"": 68, ""n_support_by_class"": [1438, 1297, 808]}",support_vectors,3543.0,table6-arousal-3class,331,3,,0.0008160684230589587,,,4184,,519,1,results/quick_v1_v2_comparison/2026-06-03_09-24-45/model_runs/2026-06-03_09-24-48/multiclass_table6_arousal_3class_emotion-elicitation_2026-06-03_09-25-46/recording_loo/r_111.avi/baselines/SVM/model_benchmark.json,SVM,multiclass_table6_arousal_3class,Table-6 Arousal,results/quick_v1_v2_comparison/2026-06-03_09-24-45/model_runs/2026-06-03_09-24-48,results/quick_v1_v2_comparison/2026-06-03_09-24-45/model_runs/2026-06-03_09-24-48/multiclass_table6_arousal_3class_emotion-elicitation_2026-06-03_09-25-46,,,,,,,,,,
SVM,0.4339080459770115,348,recording_loo,cpu,,3.5577443179208785,r_138.avi,348,0.1714545181992337,tabular_predict_proba,0.00017145451819923372,1044,0.178998517,0.20670773442847365,SVM,SVM,baseline,not_applicable_for_classical_model,"{""n_features"": 68, ""n_support_by_class"": [1511, 1156, 896]}",support_vectors,3563.0,table6-arousal-3class,348,3,,0.0008224096897644195,,,4326,,360,1,results/quick_v1_v2_comparison/2026-06-03_09-24-45/model_runs/2026-06-03_09-24-48/multiclass_table6_arousal_3class_emotion-elicitation_2026-06-03_09-25-46/recording_loo/r_138.avi/baselines/SVM/model_benchmark.json,SVM,multiclass_table6_arousal_3class,Table-6 Arousal,results/quick_v1_v2_comparison/2026-06-03_09-24-45/model_runs/2026-06-03_09-24-48,results/quick_v1_v2_comparison/2026-06-03_09-24-45/model_runs/2026-06-03_09-24-48/multiclass_table6_arousal_3class_emotion-elicitation_2026-06-03_09-25-46,,,,,,,,,,
SVM,0.6319702602230484,269,recording_loo,cpu,,3.5217442938592285,r_146.avi,269,0.18695424039653036,tabular_predict_proba,0.00018695424039653035,807,0.150872072,0.2599388379204893,SVM,SVM,baseline,not_applicable_for_classical_model,"{""n_features"": 68, ""n_support_by_class"": [1521, 1359, 759]}",support_vectors,3639.0,table6-arousal-3class,269,3,,0.0008263125982776228,,,4262,,503,1,results/quick_v1_v2_comparison/2026-06-03_09-24-45/model_runs/2026-06-03_09-24-48/multiclass_table6_arousal_3class_emotion-elicitation_2026-06-03_09-25-46/recording_loo/r_146.avi/baselines/SVM/model_benchmark.json,SVM,multiclass_table6_arousal_3class,Table-6 Arousal,results/quick_v1_v2_comparison/2026-06-03_09-24-45/model_runs/2026-06-03_09-24-48,results/quick_v1_v2_comparison/2026-06-03_09-24-45/model_runs/2026-06-03_09-24-48/multiclass_table6_arousal_3class_emotion-elicitation_2026-06-03_09-25-46,,,,,,,,,,
SVM,0.2731707317073171,205,recording_loo,cpu,,3.506660202983767,r_30.avi,205,0.17698151544715446,tabular_predict_proba,0.00017698151544715446,615,0.108843632,0.1977657004830918,SVM,SVM,baseline,not_applicable_for_classical_model,"{""n_features"": 68, ""n_support_by_class"": [1538, 1336, 616]}",support_vectors,3490.0,table6-arousal-3class,205,3,,0.0008111635907896754,,,4323,,506,1,results/quick_v1_v2_comparison/2026-06-03_09-24-45/model_runs/2026-06-03_09-24-48/multiclass_table6_arousal_3class_emotion-elicitation_2026-06-03_09-25-46/recording_loo/r_30.avi/baselines/SVM/model_benchmark.json,SVM,multiclass_table6_arousal_3class,Table-6 Arousal,results/quick_v1_v2_comparison/2026-06-03_09-24-45/model_runs/2026-06-03_09-24-48,results/quick_v1_v2_comparison/2026-06-03_09-24-45/model_runs/2026-06-03_09-24-48/multiclass_table6_arousal_3class_emotion-elicitation_2026-06-03_09-25-46,,,,,,,,,,
SVM,0.5728813559322034,295,recording_loo,cpu,,3.2960995249450207,r_52.avi,295,0.1677679604519774,tabular_predict_proba,0.0001677679604519774,885,0.148474645,0.35113865000089023,SVM,SVM,baseline,not_applicable_for_classical_model,"{""n_features"": 68, ""n_support_by_class"": [1424, 1207, 843]}",support_vectors,3474.0,table6-arousal-3class,295,3,,0.0007963516610159509,,,4139,,600,1,results/quick_v1_v2_comparison/2026-06-03_09-24-45/model_runs/2026-06-03_09-24-48/multiclass_table6_arousal_3class_emotion-elicitation_2026-06-03_09-25-46/recording_loo/r_52.avi/baselines/SVM/model_benchmark.json,SVM,multiclass_table6_arousal_3class,Table-6 Arousal,results/quick_v1_v2_comparison/2026-06-03_09-24-45/model_runs/2026-06-03_09-24-48,results/quick_v1_v2_comparison/2026-06-03_09-24-45/model_runs/2026-06-03_09-24-48/multiclass_table6_arousal_3class_emotion-elicitation_2026-06-03_09-25-46,,,,,,,,,,
SVM,0.41776315789473684,304,recording_loo,cpu,,3.492493821075186,r_53.avi,304,0.18188294627192983,tabular_predict_proba,0.00018188294627192984,912,0.165877247,0.36750051389298516,SVM,SVM,baseline,not_applicable_for_classical_model,"{""n_features"": 68, ""n_support_by_class"": [1508, 1228, 840]}",support_vectors,3576.0,table6-arousal-3class,304,3,,0.0008321405339707377,,,4197,,533,1,results/quick_v1_v2_comparison/2026-06-03_09-24-45/model_runs/2026-06-03_09-24-48/multiclass_table6_arousal_3class_emotion-elicitation_2026-06-03_09-25-46/recording_loo/r_53.avi/baselines/SVM/model_benchmark.json,SVM,multiclass_table6_arousal_3class,Table-6 Arousal,results/quick_v1_v2_comparison/2026-06-03_09-24-45/model_runs/2026-06-03_09-24-48,results/quick_v1_v2_comparison/2026-06-03_09-24-45/model_runs/2026-06-03_09-24-48/multiclass_table6_arousal_3class_emotion-elicitation_2026-06-03_09-25-46,,,,,,,,,,
SVM,0.33195020746887965,241,recording_loo,cpu,,3.521133888978511,r_55.avi,241,0.17841018118948823,tabular_predict_proba,0.00017841018118948824,723,0.128990561,0.21598807941685794,SVM,SVM,baseline,not_applicable_for_classical_model,"{""n_features"": 68, ""n_support_by_class"": [1516, 1263, 720]}",support_vectors,3499.0,table6-arousal-3class,241,3,,0.0008190588250706004,,,4299,,494,1,results/quick_v1_v2_comparison/2026-06-03_09-24-45/model_runs/2026-06-03_09-24-48/multiclass_table6_arousal_3class_emotion-elicitation_2026-06-03_09-25-46/recording_loo/r_55.avi/baselines/SVM/model_benchmark.json,SVM,multiclass_table6_arousal_3class,Table-6 Arousal,results/quick_v1_v2_comparison/2026-06-03_09-24-45/model_runs/2026-06-03_09-24-48,results/quick_v1_v2_comparison/2026-06-03_09-24-45/model_runs/2026-06-03_09-24-48/multiclass_table6_arousal_3class_emotion-elicitation_2026-06-03_09-25-46,,,,,,,,,,
SVM,0.6142131979695431,197,recording_loo,cpu,,3.6883989290799946,r_58.avi,197,0.17804253976311338,tabular_predict_proba,0.00017804253976311338,591,0.105223141,0.34444371827549397,SVM,SVM,baseline,not_applicable_for_classical_model,"{""n_features"": 68, ""n_support_by_class"": [1605, 1302, 774]}",support_vectors,3681.0,table6-arousal-3class,197,3,,0.0008510380547023523,,,4334,,503,1,results/quick_v1_v2_comparison/2026-06-03_09-24-45/model_runs/2026-06-03_09-24-48/multiclass_table6_arousal_3class_emotion-elicitation_2026-06-03_09-25-46/recording_loo/r_58.avi/baselines/SVM/model_benchmark.json,SVM,multiclass_table6_arousal_3class,Table-6 Arousal,results/quick_v1_v2_comparison/2026-06-03_09-24-45/model_runs/2026-06-03_09-24-48,results/quick_v1_v2_comparison/2026-06-03_09-24-45/model_runs/2026-06-03_09-24-48/multiclass_table6_arousal_3class_emotion-elicitation_2026-06-03_09-25-46,,,,,,,,,,
SVM,0.6074766355140186,214,recording_loo,cpu,,3.784156968118623,r_69.avi,214,0.1811893785046729,tabular_predict_proba,0.0001811893785046729,642,0.116323581,0.2998986828774063,SVM,SVM,baseline,not_applicable_for_classical_model,"{""n_features"": 68, ""n_support_by_class"": [1563, 1387, 706]}",support_vectors,3656.0,table6-arousal-3class,214,3,,0.0008697212061867669,,,4351,,469,1,results/quick_v1_v2_comparison/2026-06-03_09-24-45/model_runs/2026-06-03_09-24-48/multiclass_table6_arousal_3class_emotion-elicitation_2026-06-03_09-25-46/recording_loo/r_69.avi/baselines/SVM/model_benchmark.json,SVM,multiclass_table6_arousal_3class,Table-6 Arousal,results/quick_v1_v2_comparison/2026-06-03_09-24-45/model_runs/2026-06-03_09-24-48,results/quick_v1_v2_comparison/2026-06-03_09-24-45/model_runs/2026-06-03_09-24-48/multiclass_table6_arousal_3class_emotion-elicitation_2026-06-03_09-25-46,,,,,,,,,,
SVM,0.14754098360655737,244,recording_loo,cpu,,3.4399626720696688,r_73.avi,244,0.17274137841530054,tabular_predict_proba,0.00017274137841530055,732,0.126446689,0.12182369371210573,SVM,SVM,baseline,not_applicable_for_classical_model,"{""n_features"": 68, ""n_support_by_class"": [1647, 1217, 687]}",support_vectors,3551.0,table6-arousal-3class,244,3,,0.000812461660857267,,,4234,,556,1,results/quick_v1_v2_comparison/2026-06-03_09-24-45/model_runs/2026-06-03_09-24-48/multiclass_table6_arousal_3class_emotion-elicitation_2026-06-03_09-25-46/recording_loo/r_73.avi/baselines/SVM/model_benchmark.json,SVM,multiclass_table6_arousal_3class,Table-6 Arousal,results/quick_v1_v2_comparison/2026-06-03_09-24-45/model_runs/2026-06-03_09-24-48,results/quick_v1_v2_comparison/2026-06-03_09-24-45/model_runs/2026-06-03_09-24-48/multiclass_table6_arousal_3class_emotion-elicitation_2026-06-03_09-25-46,,,,,,,,,,
SVM,0.44785276073619634,163,recording_loo,cpu,,3.7020318801514804,r_79.avi,163,0.18252609611451945,tabular_predict_proba,0.00018252609611451944,489,0.089255261,0.2887687687687688,SVM,SVM,baseline,not_applicable_for_classical_model,"{""n_features"": 68, ""n_support_by_class"": [1575, 1274, 866]}",support_vectors,3715.0,table6-arousal-3class,163,3,,0.0008506507077553953,,,4352,,519,1,results/quick_v1_v2_comparison/2026-06-03_09-24-45/model_runs/2026-06-03_09-24-48/multiclass_table6_arousal_3class_emotion-elicitation_2026-06-03_09-25-46/recording_loo/r_79.avi/baselines/SVM/model_benchmark.json,SVM,multiclass_table6_arousal_3class,Table-6 Arousal,results/quick_v1_v2_comparison/2026-06-03_09-24-45/model_runs/2026-06-03_09-24-48,results/quick_v1_v2_comparison/2026-06-03_09-24-45/model_runs/2026-06-03_09-24-48/multiclass_table6_arousal_3class_emotion-elicitation_2026-06-03_09-25-46,,,,,,,,,,
SVM,0.5232974910394266,279,recording_loo,cpu,,3.458396437112242,r_80.avi,279,0.17268808243727599,tabular_predict_proba,0.000172688082437276,837,0.144539925,0.2428849902534113,SVM,SVM,baseline,not_applicable_for_classical_model,"{""n_features"": 68, ""n_support_by_class"": [1501, 1140, 900]}",support_vectors,3541.0,table6-arousal-3class,279,3,,0.0008214718377938817,,,4210,,545,1,results/quick_v1_v2_comparison/2026-06-03_09-24-45/model_runs/2026-06-03_09-24-48/multiclass_table6_arousal_3class_emotion-elicitation_2026-06-03_09-25-46/recording_loo/r_80.avi/baselines/SVM/model_benchmark.json,SVM,multiclass_table6_arousal_3class,Table-6 Arousal,results/quick_v1_v2_comparison/2026-06-03_09-24-45/model_runs/2026-06-03_09-24-48,results/quick_v1_v2_comparison/2026-06-03_09-24-45/model_runs/2026-06-03_09-24-48/multiclass_table6_arousal_3class_emotion-elicitation_2026-06-03_09-25-46,,,,,,,,,,
SVM,0.3125,256,recording_loo,cpu,,3.3918181899935007,r_90.avi,256,0.17349429427083335,tabular_predict_proba,0.00017349429427083334,768,0.133243618,0.20674770265617967,SVM,SVM,baseline,not_applicable_for_classical_model,"{""n_features"": 68, ""n_support_by_class"": [1597, 1059, 869]}",support_vectors,3525.0,table6-arousal-3class,256,3,,0.0007921107403067493,,,4282,,496,1,results/quick_v1_v2_comparison/2026-06-03_09-24-45/model_runs/2026-06-03_09-24-48/multiclass_table6_arousal_3class_emotion-elicitation_2026-06-03_09-25-46/recording_loo/r_90.avi/baselines/SVM/model_benchmark.json,SVM,multiclass_table6_arousal_3class,Table-6 Arousal,results/quick_v1_v2_comparison/2026-06-03_09-24-45/model_runs/2026-06-03_09-24-48,results/quick_v1_v2_comparison/2026-06-03_09-24-45/model_runs/2026-06-03_09-24-48/multiclass_table6_arousal_3class_emotion-elicitation_2026-06-03_09-25-46,,,,,,,,,,
SVM,0.363013698630137,292,recording_loo,cpu,,3.610857059014961,r_cats_f.avi,292,0.17379882762557078,tabular_predict_proba,0.00017379882762557077,876,0.152247773,0.17755443886097153,SVM,SVM,baseline,not_applicable_for_classical_model,"{""n_features"": 68, ""n_support_by_class"": [1674, 1162, 769]}",support_vectors,3605.0,table6-arousal-3class,292,3,,0.0008255274483344676,,,4374,,368,1,results/quick_v1_v2_comparison/2026-06-03_09-24-45/model_runs/2026-06-03_09-24-48/multiclass_table6_arousal_3class_emotion-elicitation_2026-06-03_09-25-46/recording_loo/r_cats_f.avi/baselines/SVM/model_benchmark.json,SVM,multiclass_table6_arousal_3class,Table-6 Arousal,results/quick_v1_v2_comparison/2026-06-03_09-24-45/model_runs/2026-06-03_09-24-48,results/quick_v1_v2_comparison/2026-06-03_09-24-45/model_runs/2026-06-03_09-24-48/multiclass_table6_arousal_3class_emotion-elicitation_2026-06-03_09-25-46,,,,,,,,,,
SVM,0.7234848484848485,264,recording_loo,cpu,,3.432124560000375,r_dallas_f.avi,264,0.16940633207070707,tabular_predict_proba,0.00016940633207070707,792,0.134169815,0.2874341610233258,SVM,SVM,baseline,not_applicable_for_classical_model,"{""n_features"": 68, ""n_support_by_class"": [1610, 1343, 547]}",support_vectors,3500.0,table6-arousal-3class,264,3,,0.0008009625577597141,,,4285,,485,1,results/quick_v1_v2_comparison/2026-06-03_09-24-45/model_runs/2026-06-03_09-24-48/multiclass_table6_arousal_3class_emotion-elicitation_2026-06-03_09-25-46/recording_loo/r_dallas_f.avi/baselines/SVM/model_benchmark.json,SVM,multiclass_table6_arousal_3class,Table-6 Arousal,results/quick_v1_v2_comparison/2026-06-03_09-24-45/model_runs/2026-06-03_09-24-48,results/quick_v1_v2_comparison/2026-06-03_09-24-45/model_runs/2026-06-03_09-24-48/multiclass_table6_arousal_3class_emotion-elicitation_2026-06-03_09-25-46,,,,,,,,,,
SVM,0.8587786259541985,262,recording_loo,cpu,,3.6544807008467615,r_detroit_f.avi,262,0.18221405852417302,tabular_predict_proba,0.00018221405852417302,786,0.14322025,0.3080082135523614,SVM,SVM,baseline,not_applicable_for_classical_model,"{""n_features"": 68, ""n_support_by_class"": [1579, 1264, 877]}",support_vectors,3720.0,table6-arousal-3class,262,3,,0.0008540501754724846,,,4279,,493,1,results/quick_v1_v2_comparison/2026-06-03_09-24-45/model_runs/2026-06-03_09-24-48/multiclass_table6_arousal_3class_emotion-elicitation_2026-06-03_09-25-46/recording_loo/r_detroit_f.avi/baselines/SVM/model_benchmark.json,SVM,multiclass_table6_arousal_3class,Table-6 Arousal,results/quick_v1_v2_comparison/2026-06-03_09-24-45/model_runs/2026-06-03_09-24-48,results/quick_v1_v2_comparison/2026-06-03_09-24-45/model_runs/2026-06-03_09-24-48/multiclass_table6_arousal_3class_emotion-elicitation_2026-06-03_09-25-46,,,,,,,,,,
SVM,0.5416666666666666,192,recording_loo,cpu,,3.5574351178947836,r_earworm_f.avi,192,0.17128150520833332,tabular_predict_proba,0.00017128150520833333,576,0.098658147,0.3689082606890826,SVM,SVM,baseline,not_applicable_for_classical_model,"{""n_features"": 68, ""n_support_by_class"": [1468, 1162, 860]}",support_vectors,3490.0,table6-arousal-3class,192,3,,0.0008437939084190663,,,4216,,626,1,results/quick_v1_v2_comparison/2026-06-03_09-24-45/model_runs/2026-06-03_09-24-48/multiclass_table6_arousal_3class_emotion-elicitation_2026-06-03_09-25-46/recording_loo/r_earworm_f.avi/baselines/SVM/model_benchmark.json,SVM,multiclass_table6_arousal_3class,Table-6 Arousal,results/quick_v1_v2_comparison/2026-06-03_09-24-45/model_runs/2026-06-03_09-24-48,results/quick_v1_v2_comparison/2026-06-03_09-24-45/model_runs/2026-06-03_09-24-48/multiclass_table6_arousal_3class_emotion-elicitation_2026-06-03_09-25-46,,,,,,,,,,
SVM,0.4490566037735849,265,recording_loo,cpu,,3.493081843946129,r_funny_f.avi,265,0.17369482012578616,tabular_predict_proba,0.00017369482012578617,795,0.138087382,0.3111191306788564,SVM,SVM,baseline,not_applicable_for_classical_model,"{""n_features"": 68, ""n_support_by_class"": [1615, 1142, 845]}",support_vectors,3602.0,table6-arousal-3class,265,3,,0.0008193952249463122,,,4263,,506,1,results/quick_v1_v2_comparison/2026-06-03_09-24-45/model_runs/2026-06-03_09-24-48/multiclass_table6_arousal_3class_emotion-elicitation_2026-06-03_09-25-46/recording_loo/r_funny_f.avi/baselines/SVM/model_benchmark.json,SVM,multiclass_table6_arousal_3class,Table-6 Arousal,results/quick_v1_v2_comparison/2026-06-03_09-24-45/model_runs/2026-06-03_09-24-48,results/quick_v1_v2_comparison/2026-06-03_09-24-45/model_runs/2026-06-03_09-24-48/multiclass_table6_arousal_3class_emotion-elicitation_2026-06-03_09-25-46,,,,,,,,,,
SVM,0.7725490196078432,255,recording_loo,cpu,,3.6583193810656667,r_newyork_f.avi,255,0.1787285254901961,tabular_predict_proba,0.0001787285254901961,765,0.136727322,0.4695045259607847,SVM,SVM,baseline,not_applicable_for_classical_model,"{""n_features"": 68, ""n_support_by_class"": [1597, 1288, 758]}",support_vectors,3643.0,table6-arousal-3class,255,3,,0.0008427365540349382,,,4341,,438,1,results/quick_v1_v2_comparison/2026-06-03_09-24-45/model_runs/2026-06-03_09-24-48/multiclass_table6_arousal_3class_emotion-elicitation_2026-06-03_09-25-46/recording_loo/r_newyork_f.avi/baselines/SVM/model_benchmark.json,SVM,multiclass_table6_arousal_3class,Table-6 Arousal,results/quick_v1_v2_comparison/2026-06-03_09-24-45/model_runs/2026-06-03_09-24-48,results/quick_v1_v2_comparison/2026-06-03_09-24-45/model_runs/2026-06-03_09-24-48/multiclass_table6_arousal_3class_emotion-elicitation_2026-06-03_09-25-46,,,,,,,,,,
MLP,0.05063291139240506,128,recording_loo,cuda,16,0.7001486390363425,r_107.avi,158,0.002628559071729958,tabular_predict_proba,2.6285590717299577e-06,474,0.001245937,0.03532008830022075,MLP,MLP,baseline,torch_head,,,,table6-arousal-3class,158,3,8771,0.0001650904595699935,1.0318153723124594e-05,67856,4241,8771,635,1,results/quick_v1_v2_comparison/2026-06-03_09-24-45/model_runs/2026-06-03_09-24-48/multiclass_table6_arousal_3class_emotion-elicitation_2026-06-03_09-25-46/recording_loo/r_107.avi/baselines/MLP/model_benchmark.json,MLP,multiclass_table6_arousal_3class,Table-6 Arousal,results/quick_v1_v2_comparison/2026-06-03_09-24-45/model_runs/2026-06-03_09-24-48,results/quick_v1_v2_comparison/2026-06-03_09-24-45/model_runs/2026-06-03_09-24-48/multiclass_table6_arousal_3class_emotion-elicitation_2026-06-03_09-25-46,,,,,,,,,,
MLP,0.4622356495468278,128,recording_loo,cuda,39,1.5961678409948945,r_111.avi,331,0.0012659496475327292,tabular_predict_proba,1.2659496475327291e-06,993,0.001257088,0.25511648860857256,MLP,MLP,baseline,torch_head,,,,table6-arousal-3class,331,3,8771,0.0003814932698362559,9.78187871375015e-06,163176,4184,8771,519,1,results/quick_v1_v2_comparison/2026-06-03_09-24-45/model_runs/2026-06-03_09-24-48/multiclass_table6_arousal_3class_emotion-elicitation_2026-06-03_09-25-46/recording_loo/r_111.avi/baselines/MLP/model_benchmark.json,MLP,multiclass_table6_arousal_3class,Table-6 Arousal,results/quick_v1_v2_comparison/2026-06-03_09-24-45/model_runs/2026-06-03_09-24-48,results/quick_v1_v2_comparison/2026-06-03_09-24-45/model_runs/2026-06-03_09-24-48/multiclass_table6_arousal_3class_emotion-elicitation_2026-06-03_09-25-46,,,,,,,,,,
MLP,0.47126436781609193,128,recording_loo,cuda,37,1.6121811661869287,r_138.avi,348,0.0014344434865900385,tabular_predict_proba,1.4344434865900385e-06,1044,0.001497559,0.227095046854083,MLP,MLP,baseline,torch_head,,,,table6-arousal-3class,348,3,8771,0.00037267248409314117,1.0072229299814626e-05,160062,4326,8771,360,1,results/quick_v1_v2_comparison/2026-06-03_09-24-45/model_runs/2026-06-03_09-24-48/multiclass_table6_arousal_3class_emotion-elicitation_2026-06-03_09-25-46/recording_loo/r_138.avi/baselines/MLP/model_benchmark.json,MLP,multiclass_table6_arousal_3class,Table-6 Arousal,results/quick_v1_v2_comparison/2026-06-03_09-24-45/model_runs/2026-06-03_09-24-48,results/quick_v1_v2_comparison/2026-06-03_09-24-45/model_runs/2026-06-03_09-24-48/multiclass_table6_arousal_3class_emotion-elicitation_2026-06-03_09-25-46,,,,,,,,,,
MLP,0.6022304832713755,128,recording_loo,cuda,23,0.9739701000507921,r_146.avi,269,0.0015065427509293682,tabular_predict_proba,1.5065427509293681e-06,807,0.00121578,0.2529274004683841,MLP,MLP,baseline,torch_head,,,,table6-arousal-3class,269,3,8771,0.00022852419053279966,9.935834370991288e-06,98026,4262,8771,503,1,results/quick_v1_v2_comparison/2026-06-03_09-24-45/model_runs/2026-06-03_09-24-48/multiclass_table6_arousal_3class_emotion-elicitation_2026-06-03_09-25-46/recording_loo/r_146.avi/baselines/MLP/model_benchmark.json,MLP,multiclass_table6_arousal_3class,Table-6 Arousal,results/quick_v1_v2_comparison/2026-06-03_09-24-45/model_runs/2026-06-03_09-24-48,results/quick_v1_v2_comparison/2026-06-03_09-24-45/model_runs/2026-06-03_09-24-48/multiclass_table6_arousal_3class_emotion-elicitation_2026-06-03_09-25-46,,,,,,,,,,
MLP,0.21951219512195122,128,recording_loo,cuda,29,1.2342602720018476,r_30.avi,205,0.0019466097560975613,tabular_predict_proba,1.946609756097561e-06,615,0.001197165,0.14835400968398132,MLP,MLP,baseline,torch_head,,,,table6-arousal-3class,205,3,8771,0.00028551012537632374,9.845176737114613e-06,125367,4323,8771,506,1,results/quick_v1_v2_comparison/2026-06-03_09-24-45/model_runs/2026-06-03_09-24-48/multiclass_table6_arousal_3class_emotion-elicitation_2026-06-03_09-25-46/recording_loo/r_30.avi/baselines/MLP/model_benchmark.json,MLP,multiclass_table6_arousal_3class,Table-6 Arousal,results/quick_v1_v2_comparison/2026-06-03_09-24-45/model_runs/2026-06-03_09-24-48,results/quick_v1_v2_comparison/2026-06-03_09-24-45/model_runs/2026-06-03_09-24-48/multiclass_table6_arousal_3class_emotion-elicitation_2026-06-03_09-25-46,,,,,,,,,,
MLP,0.42033898305084744,128,recording_loo,cuda,16,0.6639201471116394,r_52.avi,295,0.0014642723163841808,tabular_predict_proba,1.4642723163841807e-06,885,0.001295881,0.28020822560071706,MLP,MLP,baseline,torch_head,,,,table6-arousal-3class,295,3,8771,0.00016040593068655215,1.002537066790951e-05,66224,4139,8771,600,1,results/quick_v1_v2_comparison/2026-06-03_09-24-45/model_runs/2026-06-03_09-24-48/multiclass_table6_arousal_3class_emotion-elicitation_2026-06-03_09-25-46/recording_loo/r_52.avi/baselines/MLP/model_benchmark.json,MLP,multiclass_table6_arousal_3class,Table-6 Arousal,results/quick_v1_v2_comparison/2026-06-03_09-24-45/model_runs/2026-06-03_09-24-48,results/quick_v1_v2_comparison/2026-06-03_09-24-45/model_runs/2026-06-03_09-24-48/multiclass_table6_arousal_3class_emotion-elicitation_2026-06-03_09-25-46,,,,,,,,,,
MLP,0.3782894736842105,128,recording_loo,cuda,29,1.2474771512206644,r_53.avi,304,0.001446747807017544,tabular_predict_proba,1.446747807017544e-06,912,0.001319434,0.3071966155096391,MLP,MLP,baseline,torch_head,,,,table6-arousal-3class,304,3,8771,0.00029723067696465675,1.024933368843644e-05,121713,4197,8771,533,1,results/quick_v1_v2_comparison/2026-06-03_09-24-45/model_runs/2026-06-03_09-24-48/multiclass_table6_arousal_3class_emotion-elicitation_2026-06-03_09-25-46/recording_loo/r_53.avi/baselines/MLP/model_benchmark.json,MLP,multiclass_table6_arousal_3class,Table-6 Arousal,results/quick_v1_v2_comparison/2026-06-03_09-24-45/model_runs/2026-06-03_09-24-48,results/quick_v1_v2_comparison/2026-06-03_09-24-45/model_runs/2026-06-03_09-24-48/multiclass_table6_arousal_3class_emotion-elicitation_2026-06-03_09-25-46,,,,,,,,,,
MLP,0.34439834024896265,128,recording_loo,cuda,16,0.7556199228856713,r_55.avi,241,0.0016847496542185339,tabular_predict_proba,1.684749654218534e-06,723,0.001218074,0.18693693693693694,MLP,MLP,baseline,torch_head,,,,table6-arousal-3class,241,3,8771,0.0001757664393779184,1.09854024611199e-05,68784,4299,8771,494,1,results/quick_v1_v2_comparison/2026-06-03_09-24-45/model_runs/2026-06-03_09-24-48/multiclass_table6_arousal_3class_emotion-elicitation_2026-06-03_09-25-46/recording_loo/r_55.avi/baselines/MLP/model_benchmark.json,MLP,multiclass_table6_arousal_3class,Table-6 Arousal,results/quick_v1_v2_comparison/2026-06-03_09-24-45/model_runs/2026-06-03_09-24-48,results/quick_v1_v2_comparison/2026-06-03_09-24-45/model_runs/2026-06-03_09-24-48/multiclass_table6_arousal_3class_emotion-elicitation_2026-06-03_09-25-46,,,,,,,,,,
MLP,0.5888324873096447,128,recording_loo,cuda,35,1.4941489789634943,r_58.avi,197,0.0020084027072758037,tabular_predict_proba,2.0084027072758035e-06,591,0.001186966,0.3424961479198767,MLP,MLP,baseline,torch_head,,,,table6-arousal-3class,197,3,8771,0.0003447505719805017,9.850016342300049e-06,151690,4334,8771,503,1,results/quick_v1_v2_comparison/2026-06-03_09-24-45/model_runs/2026-06-03_09-24-48/multiclass_table6_arousal_3class_emotion-elicitation_2026-06-03_09-25-46/recording_loo/r_58.avi/baselines/MLP/model_benchmark.json,MLP,multiclass_table6_arousal_3class,Table-6 Arousal,results/quick_v1_v2_comparison/2026-06-03_09-24-45/model_runs/2026-06-03_09-24-48,results/quick_v1_v2_comparison/2026-06-03_09-24-45/model_runs/2026-06-03_09-24-48/multiclass_table6_arousal_3class_emotion-elicitation_2026-06-03_09-25-46,,,,,,,,,,
MLP,0.6588785046728972,128,recording_loo,cuda,32,1.3839639821089804,r_69.avi,214,0.0018357943925233645,tabular_predict_proba,1.8357943925233646e-06,642,0.00117858,0.3148646915480313,MLP,MLP,baseline,torch_head,,,,table6-arousal-3class,214,3,8771,0.00031807951783704443,9.939984932407639e-06,139232,4351,8771,469,1,results/quick_v1_v2_comparison/2026-06-03_09-24-45/model_runs/2026-06-03_09-24-48/multiclass_table6_arousal_3class_emotion-elicitation_2026-06-03_09-25-46/recording_loo/r_69.avi/baselines/MLP/model_benchmark.json,MLP,multiclass_table6_arousal_3class,Table-6 Arousal,results/quick_v1_v2_comparison/2026-06-03_09-24-45/model_runs/2026-06-03_09-24-48,results/quick_v1_v2_comparison/2026-06-03_09-24-45/model_runs/2026-06-03_09-24-48/multiclass_table6_arousal_3class_emotion-elicitation_2026-06-03_09-25-46,,,,,,,,,,
MLP,0.09836065573770492,128,recording_loo,cuda,28,1.24263805616647,r_73.avi,244,0.001659068306010929,tabular_predict_proba,1.659068306010929e-06,732,0.001214438,0.09019275063644078,MLP,MLP,baseline,torch_head,,,,table6-arousal-3class,244,3,8771,0.00029349032975117383,1.0481797491113352e-05,118552,4234,8771,556,1,results/quick_v1_v2_comparison/2026-06-03_09-24-45/model_runs/2026-06-03_09-24-48/multiclass_table6_arousal_3class_emotion-elicitation_2026-06-03_09-25-46/recording_loo/r_73.avi/baselines/MLP/model_benchmark.json,MLP,multiclass_table6_arousal_3class,Table-6 Arousal,results/quick_v1_v2_comparison/2026-06-03_09-24-45/model_runs/2026-06-03_09-24-48,results/quick_v1_v2_comparison/2026-06-03_09-24-45/model_runs/2026-06-03_09-24-48/multiclass_table6_arousal_3class_emotion-elicitation_2026-06-03_09-25-46,,,,,,,,,,
MLP,0.37423312883435583,128,recording_loo,cuda,25,1.1020998759195209,r_79.avi,163,0.002538525562372188,tabular_predict_proba,2.538525562372188e-06,489,0.001241339,0.24954256582163561,MLP,MLP,baseline,torch_head,,,,table6-arousal-3class,163,3,8771,0.00025323986119474284,1.0129594447789714e-05,108800,4352,8771,519,1,results/quick_v1_v2_comparison/2026-06-03_09-24-45/model_runs/2026-06-03_09-24-48/multiclass_table6_arousal_3class_emotion-elicitation_2026-06-03_09-25-46/recording_loo/r_79.avi/baselines/MLP/model_benchmark.json,MLP,multiclass_table6_arousal_3class,Table-6 Arousal,results/quick_v1_v2_comparison/2026-06-03_09-24-45/model_runs/2026-06-03_09-24-48,results/quick_v1_v2_comparison/2026-06-03_09-24-45/model_runs/2026-06-03_09-24-48/multiclass_table6_arousal_3class_emotion-elicitation_2026-06-03_09-25-46,,,,,,,,,,
MLP,0.1863799283154122,128,recording_loo,cuda,16,0.6810821469407529,r_80.avi,279,0.00149278853046595,tabular_predict_proba,1.4927885304659499e-06,837,0.001249464,0.11790852731313604,MLP,MLP,baseline,torch_head,,,,table6-arousal-3class,279,3,8771,0.00016177723205243537,1.011107700327721e-05,67360,4210,8771,545,1,results/quick_v1_v2_comparison/2026-06-03_09-24-45/model_runs/2026-06-03_09-24-48/multiclass_table6_arousal_3class_emotion-elicitation_2026-06-03_09-25-46/recording_loo/r_80.avi/baselines/MLP/model_benchmark.json,MLP,multiclass_table6_arousal_3class,Table-6 Arousal,results/quick_v1_v2_comparison/2026-06-03_09-24-45/model_runs/2026-06-03_09-24-48,results/quick_v1_v2_comparison/2026-06-03_09-24-45/model_runs/2026-06-03_09-24-48/multiclass_table6_arousal_3class_emotion-elicitation_2026-06-03_09-25-46,,,,,,,,,,
MLP,0.17578125,128,recording_loo,cuda,16,0.704981833929196,r_90.avi,256,0.0015910963541666667,tabular_predict_proba,1.5910963541666667e-06,768,0.001221962,0.12011329631466931,MLP,MLP,baseline,torch_head,,,,table6-arousal-3class,256,3,8771,0.00016463844790499672,1.0289902994062295e-05,68512,4282,8771,496,1,results/quick_v1_v2_comparison/2026-06-03_09-24-45/model_runs/2026-06-03_09-24-48/multiclass_table6_arousal_3class_emotion-elicitation_2026-06-03_09-25-46/recording_loo/r_90.avi/baselines/MLP/model_benchmark.json,MLP,multiclass_table6_arousal_3class,Table-6 Arousal,results/quick_v1_v2_comparison/2026-06-03_09-24-45/model_runs/2026-06-03_09-24-48,results/quick_v1_v2_comparison/2026-06-03_09-24-45/model_runs/2026-06-03_09-24-48/multiclass_table6_arousal_3class_emotion-elicitation_2026-06-03_09-25-46,,,,,,,,,,
MLP,0.4246575342465753,128,recording_loo,cuda,25,1.0798493921756744,r_cats_f.avi,292,0.0014394920091324202,tabular_predict_proba,1.4394920091324201e-06,876,0.001260995,0.1987179487179487,MLP,MLP,baseline,torch_head,,,,table6-arousal-3class,292,3,8771,0.0002468791477310641,9.875165909242565e-06,109350,4374,8771,368,1,results/quick_v1_v2_comparison/2026-06-03_09-24-45/model_runs/2026-06-03_09-24-48/multiclass_table6_arousal_3class_emotion-elicitation_2026-06-03_09-25-46/recording_loo/r_cats_f.avi/baselines/MLP/model_benchmark.json,MLP,multiclass_table6_arousal_3class,Table-6 Arousal,results/quick_v1_v2_comparison/2026-06-03_09-24-45/model_runs/2026-06-03_09-24-48,results/quick_v1_v2_comparison/2026-06-03_09-24-45/model_runs/2026-06-03_09-24-48/multiclass_table6_arousal_3class_emotion-elicitation_2026-06-03_09-25-46,,,,,,,,,,
MLP,0.6325757575757576,128,recording_loo,cuda,16,0.693696416914463,r_dallas_f.avi,264,0.0015408194444444445,tabular_predict_proba,1.5408194444444445e-06,792,0.001220329,0.26634768740031894,MLP,MLP,baseline,torch_head,,,,table6-arousal-3class,264,3,8771,0.00016188947885985134,1.0118092428740709e-05,68560,4285,8771,485,1,results/quick_v1_v2_comparison/2026-06-03_09-24-45/model_runs/2026-06-03_09-24-48/multiclass_table6_arousal_3class_emotion-elicitation_2026-06-03_09-25-46/recording_loo/r_dallas_f.avi/baselines/MLP/model_benchmark.json,MLP,multiclass_table6_arousal_3class,Table-6 Arousal,results/quick_v1_v2_comparison/2026-06-03_09-24-45/model_runs/2026-06-03_09-24-48,results/quick_v1_v2_comparison/2026-06-03_09-24-45/model_runs/2026-06-03_09-24-48/multiclass_table6_arousal_3class_emotion-elicitation_2026-06-03_09-25-46,,,,,,,,,,
MLP,0.8053435114503816,128,recording_loo,cuda,29,1.2757436700630933,r_detroit_f.avi,262,0.0015770165394402035,tabular_predict_proba,1.5770165394402035e-06,786,0.001239535,0.3485219663563613,MLP,MLP,baseline,torch_head,,,,table6-arousal-3class,262,3,8771,0.000298140609970342,1.0280710688632482e-05,124091,4279,8771,493,1,results/quick_v1_v2_comparison/2026-06-03_09-24-45/model_runs/2026-06-03_09-24-48/multiclass_table6_arousal_3class_emotion-elicitation_2026-06-03_09-25-46/recording_loo/r_detroit_f.avi/baselines/MLP/model_benchmark.json,MLP,multiclass_table6_arousal_3class,Table-6 Arousal,results/quick_v1_v2_comparison/2026-06-03_09-24-45/model_runs/2026-06-03_09-24-48,results/quick_v1_v2_comparison/2026-06-03_09-24-45/model_runs/2026-06-03_09-24-48/multiclass_table6_arousal_3class_emotion-elicitation_2026-06-03_09-25-46,,,,,,,,,,
MLP,0.5833333333333334,128,recording_loo,cuda,16,0.6874932521022856,r_earworm_f.avi,192,0.0020541649305555556,tabular_predict_proba,2.0541649305555556e-06,576,0.001183199,0.35882635882635877,MLP,MLP,baseline,torch_head,,,,table6-arousal-3class,192,3,8771,0.00016306765941705067,1.0191728713565667e-05,67456,4216,8771,626,1,results/quick_v1_v2_comparison/2026-06-03_09-24-45/model_runs/2026-06-03_09-24-48/multiclass_table6_arousal_3class_emotion-elicitation_2026-06-03_09-25-46/recording_loo/r_earworm_f.avi/baselines/MLP/model_benchmark.json,MLP,multiclass_table6_arousal_3class,Table-6 Arousal,results/quick_v1_v2_comparison/2026-06-03_09-24-45/model_runs/2026-06-03_09-24-48,results/quick_v1_v2_comparison/2026-06-03_09-24-45/model_runs/2026-06-03_09-24-48/multiclass_table6_arousal_3class_emotion-elicitation_2026-06-03_09-25-46,,,,,,,,,,
MLP,0.5358490566037736,128,recording_loo,cuda,55,2.2926544309593737,r_funny_f.avi,265,0.0016514880503144655,tabular_predict_proba,1.6514880503144655e-06,795,0.001312933,0.379737221842485,MLP,MLP,baseline,torch_head,,,,table6-arousal-3class,265,3,8771,0.0005378030567580047,9.778237395600084e-06,234465,4263,8771,506,1,results/quick_v1_v2_comparison/2026-06-03_09-24-45/model_runs/2026-06-03_09-24-48/multiclass_table6_arousal_3class_emotion-elicitation_2026-06-03_09-25-46/recording_loo/r_funny_f.avi/baselines/MLP/model_benchmark.json,MLP,multiclass_table6_arousal_3class,Table-6 Arousal,results/quick_v1_v2_comparison/2026-06-03_09-24-45/model_runs/2026-06-03_09-24-48,results/quick_v1_v2_comparison/2026-06-03_09-24-45/model_runs/2026-06-03_09-24-48/multiclass_table6_arousal_3class_emotion-elicitation_2026-06-03_09-25-46,,,,,,,,,,
MLP,0.7647058823529411,128,recording_loo,cuda,16,0.8163361051119864,r_newyork_f.avi,255,0.0016063071895424837,tabular_predict_proba,1.6063071895424836e-06,765,0.001228825,0.30800307033490887,MLP,MLP,baseline,torch_head,,,,table6-arousal-3class,255,3,8771,0.0001880525466740351,1.1753284167127194e-05,69456,4341,8771,438,1,results/quick_v1_v2_comparison/2026-06-03_09-24-45/model_runs/2026-06-03_09-24-48/multiclass_table6_arousal_3class_emotion-elicitation_2026-06-03_09-25-46/recording_loo/r_newyork_f.avi/baselines/MLP/model_benchmark.json,MLP,multiclass_table6_arousal_3class,Table-6 Arousal,results/quick_v1_v2_comparison/2026-06-03_09-24-45/model_runs/2026-06-03_09-24-48,results/quick_v1_v2_comparison/2026-06-03_09-24-45/model_runs/2026-06-03_09-24-48/multiclass_table6_arousal_3class_emotion-elicitation_2026-06-03_09-25-46,,,,,,,,,,
GazeMAE_MLP,0.10126582278481013,128,recording_loo,cuda,16,0.7770152329467237,r_107.avi,158,0.002145818565400844,cached_gazemae_embedding_mlp_head_predict_proba,2.145818565400844e-06,474,0.001017118,0.11547224065472239,GazeMAE_MLP,GazeMAE_MLP,baseline,frozen_gazemae_encoders_plus_trainable_mlp_head,,,,table6-arousal-3class,158,3,2119063,0.00018321509854909778,1.1450943659318611e-05,67856,4241,82563,635,1,results/quick_v1_v2_comparison/2026-06-03_09-24-45/model_runs/2026-06-03_09-24-48/multiclass_table6_arousal_3class_emotion-elicitation_2026-06-03_09-25-46/recording_loo/r_107.avi/baselines/GazeMAE_MLP/model_benchmark.json,GazeMAE_MLP,multiclass_table6_arousal_3class,Table-6 Arousal,results/quick_v1_v2_comparison/2026-06-03_09-24-45/model_runs/2026-06-03_09-24-48,results/quick_v1_v2_comparison/2026-06-03_09-24-45/model_runs/2026-06-03_09-24-48/multiclass_table6_arousal_3class_emotion-elicitation_2026-06-03_09-25-46,5.0,2.560530979166667,synthetic_gazemae_encoder_pooling_head_forward,0.0025605309791666667,48.0,0.122905487,16.0,2036500.0,82563.0,
GazeMAE_MLP,0.4259818731117825,128,recording_loo,cuda,17,0.8383870450779796,r_111.avi,331,0.0010403393756294058,cached_gazemae_embedding_mlp_head_predict_proba,1.0403393756294059e-06,993,0.001033057,0.21218961625282165,GazeMAE_MLP,GazeMAE_MLP,baseline,frozen_gazemae_encoders_plus_trainable_mlp_head,,,,table6-arousal-3class,331,3,2119063,0.00020037931287714616,1.178701840453801e-05,71128,4184,82563,519,1,results/quick_v1_v2_comparison/2026-06-03_09-24-45/model_runs/2026-06-03_09-24-48/multiclass_table6_arousal_3class_emotion-elicitation_2026-06-03_09-25-46/recording_loo/r_111.avi/baselines/GazeMAE_MLP/model_benchmark.json,GazeMAE_MLP,multiclass_table6_arousal_3class,Table-6 Arousal,results/quick_v1_v2_comparison/2026-06-03_09-24-45/model_runs/2026-06-03_09-24-48,results/quick_v1_v2_comparison/2026-06-03_09-24-45/model_runs/2026-06-03_09-24-48/multiclass_table6_arousal_3class_emotion-elicitation_2026-06-03_09-25-46,5.0,2.5490792916666667,synthetic_gazemae_encoder_pooling_head_forward,0.0025490792916666666,48.0,0.122355806,16.0,2036500.0,82563.0,
GazeMAE_MLP,0.4540229885057471,128,recording_loo,cuda,21,1.0212987919803709,r_138.avi,348,0.0012141072796934865,cached_gazemae_embedding_mlp_head_predict_proba,1.2141072796934866e-06,1044,0.001267528,0.2636551358660892,GazeMAE_MLP,GazeMAE_MLP,baseline,frozen_gazemae_encoders_plus_trainable_mlp_head,,,,table6-arousal-3class,348,3,2119063,0.00023608386314849072,1.1242088721356701e-05,90846,4326,82563,360,1,results/quick_v1_v2_comparison/2026-06-03_09-24-45/model_runs/2026-06-03_09-24-48/multiclass_table6_arousal_3class_emotion-elicitation_2026-06-03_09-25-46/recording_loo/r_138.avi/baselines/GazeMAE_MLP/model_benchmark.json,GazeMAE_MLP,multiclass_table6_arousal_3class,Table-6 Arousal,results/quick_v1_v2_comparison/2026-06-03_09-24-45/model_runs/2026-06-03_09-24-48,results/quick_v1_v2_comparison/2026-06-03_09-24-45/model_runs/2026-06-03_09-24-48/multiclass_table6_arousal_3class_emotion-elicitation_2026-06-03_09-25-46,5.0,2.531977625,synthetic_gazemae_encoder_pooling_head_forward,0.002531977625,48.0,0.121534926,16.0,2036500.0,82563.0,
GazeMAE_MLP,0.6022304832713755,128,recording_loo,cuda,16,0.7339277260471135,r_146.avi,269,0.0012175006195786864,cached_gazemae_embedding_mlp_head_predict_proba,1.2175006195786864e-06,807,0.000982523,0.2535211267605634,GazeMAE_MLP,GazeMAE_MLP,baseline,frozen_gazemae_encoders_plus_trainable_mlp_head,,,,table6-arousal-3class,269,3,2119063,0.00017220265744887696,1.076266609055481e-05,68192,4262,82563,503,1,results/quick_v1_v2_comparison/2026-06-03_09-24-45/model_runs/2026-06-03_09-24-48/multiclass_table6_arousal_3class_emotion-elicitation_2026-06-03_09-25-46/recording_loo/r_146.avi/baselines/GazeMAE_MLP/model_benchmark.json,GazeMAE_MLP,multiclass_table6_arousal_3class,Table-6 Arousal,results/quick_v1_v2_comparison/2026-06-03_09-24-45/model_runs/2026-06-03_09-24-48,results/quick_v1_v2_comparison/2026-06-03_09-24-45/model_runs/2026-06-03_09-24-48/multiclass_table6_arousal_3class_emotion-elicitation_2026-06-03_09-25-46,5.0,2.5995660624999997,synthetic_gazemae_encoder_pooling_head_forward,0.0025995660624999997,48.0,0.124779171,16.0,2036500.0,82563.0,
GazeMAE_MLP,0.15609756097560976,128,recording_loo,cuda,16,0.7688501081429422,r_30.avi,205,0.0015895024390243902,cached_gazemae_embedding_mlp_head_predict_proba,1.5895024390243901e-06,615,0.000977544,0.11469534050179213,GazeMAE_MLP,GazeMAE_MLP,baseline,frozen_gazemae_encoders_plus_trainable_mlp_head,,,,table6-arousal-3class,205,3,2119063,0.00017785105439346337,1.111569089959146e-05,69168,4323,82563,506,1,results/quick_v1_v2_comparison/2026-06-03_09-24-45/model_runs/2026-06-03_09-24-48/multiclass_table6_arousal_3class_emotion-elicitation_2026-06-03_09-25-46/recording_loo/r_30.avi/baselines/GazeMAE_MLP/model_benchmark.json,GazeMAE_MLP,multiclass_table6_arousal_3class,Table-6 Arousal,results/quick_v1_v2_comparison/2026-06-03_09-24-45/model_runs/2026-06-03_09-24-48,results/quick_v1_v2_comparison/2026-06-03_09-24-45/model_runs/2026-06-03_09-24-48/multiclass_table6_arousal_3class_emotion-elicitation_2026-06-03_09-25-46,5.0,2.6350376041666665,synthetic_gazemae_encoder_pooling_head_forward,0.0026350376041666666,48.0,0.126481805,16.0,2036500.0,82563.0,
GazeMAE_MLP,0.5661016949152542,128,recording_loo,cuda,16,0.835679175099358,r_52.avi,295,0.0011920101694915255,cached_gazemae_embedding_mlp_head_predict_proba,1.1920101694915255e-06,885,0.001054929,0.3469809339970877,GazeMAE_MLP,GazeMAE_MLP,baseline,frozen_gazemae_encoders_plus_trainable_mlp_head,,,,table6-arousal-3class,295,3,2119063,0.00020190364220810776,1.2618977638006735e-05,66224,4139,82563,600,1,results/quick_v1_v2_comparison/2026-06-03_09-24-45/model_runs/2026-06-03_09-24-48/multiclass_table6_arousal_3class_emotion-elicitation_2026-06-03_09-25-46/recording_loo/r_52.avi/baselines/GazeMAE_MLP/model_benchmark.json,GazeMAE_MLP,multiclass_table6_arousal_3class,Table-6 Arousal,results/quick_v1_v2_comparison/2026-06-03_09-24-45/model_runs/2026-06-03_09-24-48,results/quick_v1_v2_comparison/2026-06-03_09-24-45/model_runs/2026-06-03_09-24-48/multiclass_table6_arousal_3class_emotion-elicitation_2026-06-03_09-25-46,5.0,2.720714958333333,synthetic_gazemae_encoder_pooling_head_forward,0.002720714958333333,48.0,0.130594318,16.0,2036500.0,82563.0,
GazeMAE_MLP,0.47039473684210525,128,recording_loo,cuda,23,1.0860114390961826,r_53.avi,304,0.0011210833333333333,cached_gazemae_embedding_mlp_head_predict_proba,1.1210833333333332e-06,912,0.001022428,0.37409700722394224,GazeMAE_MLP,GazeMAE_MLP,baseline,frozen_gazemae_encoders_plus_trainable_mlp_head,,,,table6-arousal-3class,304,3,2119063,0.00025875898000862107,1.1250390435157438e-05,96531,4197,82563,533,1,results/quick_v1_v2_comparison/2026-06-03_09-24-45/model_runs/2026-06-03_09-24-48/multiclass_table6_arousal_3class_emotion-elicitation_2026-06-03_09-25-46/recording_loo/r_53.avi/baselines/GazeMAE_MLP/model_benchmark.json,GazeMAE_MLP,multiclass_table6_arousal_3class,Table-6 Arousal,results/quick_v1_v2_comparison/2026-06-03_09-24-45/model_runs/2026-06-03_09-24-48,results/quick_v1_v2_comparison/2026-06-03_09-24-45/model_runs/2026-06-03_09-24-48/multiclass_table6_arousal_3class_emotion-elicitation_2026-06-03_09-25-46,5.0,2.5357471875,synthetic_gazemae_encoder_pooling_head_forward,0.0025357471875,48.0,0.121715865,16.0,2036500.0,82563.0,
GazeMAE_MLP,0.27800829875518673,128,recording_loo,cuda,18,0.9941374370828271,r_55.avi,241,0.0013355491009681881,cached_gazemae_embedding_mlp_head_predict_proba,1.335549100968188e-06,723,0.000965602,0.18845303224304502,GazeMAE_MLP,GazeMAE_MLP,baseline,frozen_gazemae_encoders_plus_trainable_mlp_head,,,,table6-arousal-3class,241,3,2119063,0.0002312485315382245,1.2847140641012471e-05,77382,4299,82563,494,1,results/quick_v1_v2_comparison/2026-06-03_09-24-45/model_runs/2026-06-03_09-24-48/multiclass_table6_arousal_3class_emotion-elicitation_2026-06-03_09-25-46/recording_loo/r_55.avi/baselines/GazeMAE_MLP/model_benchmark.json,GazeMAE_MLP,multiclass_table6_arousal_3class,Table-6 Arousal,results/quick_v1_v2_comparison/2026-06-03_09-24-45/model_runs/2026-06-03_09-24-48,results/quick_v1_v2_comparison/2026-06-03_09-24-45/model_runs/2026-06-03_09-24-48/multiclass_table6_arousal_3class_emotion-elicitation_2026-06-03_09-25-46,5.0,2.5946679375,synthetic_gazemae_encoder_pooling_head_forward,0.0025946679375,48.0,0.124544061,16.0,2036500.0,82563.0,
GazeMAE_MLP,0.4467005076142132,128,recording_loo,cuda,17,0.8376385411247611,r_58.avi,197,0.0015669153976311339,cached_gazemae_embedding_mlp_head_predict_proba,1.5669153976311338e-06,591,0.000926047,0.2878038022142826,GazeMAE_MLP,GazeMAE_MLP,baseline,frozen_gazemae_encoders_plus_trainable_mlp_head,,,,table6-arousal-3class,197,3,2119063,0.00019327146772606395,1.1368909866239055e-05,73678,4334,82563,503,1,results/quick_v1_v2_comparison/2026-06-03_09-24-45/model_runs/2026-06-03_09-24-48/multiclass_table6_arousal_3class_emotion-elicitation_2026-06-03_09-25-46/recording_loo/r_58.avi/baselines/GazeMAE_MLP/model_benchmark.json,GazeMAE_MLP,multiclass_table6_arousal_3class,Table-6 Arousal,results/quick_v1_v2_comparison/2026-06-03_09-24-45/model_runs/2026-06-03_09-24-48,results/quick_v1_v2_comparison/2026-06-03_09-24-45/model_runs/2026-06-03_09-24-48/multiclass_table6_arousal_3class_emotion-elicitation_2026-06-03_09-25-46,5.0,2.5552569166666665,synthetic_gazemae_encoder_pooling_head_forward,0.0025552569166666667,48.0,0.122652332,16.0,2036500.0,82563.0,
GazeMAE_MLP,0.38317757009345793,128,recording_loo,cuda,17,0.9208507467992604,r_69.avi,214,0.0015005404984423675,cached_gazemae_embedding_mlp_head_predict_proba,1.5005404984423676e-06,642,0.000963347,0.22973492124471762,GazeMAE_MLP,GazeMAE_MLP,baseline,frozen_gazemae_encoders_plus_trainable_mlp_head,,,,table6-arousal-3class,214,3,2119063,0.00021164117370702377,1.2449480806295515e-05,73967,4351,82563,469,1,results/quick_v1_v2_comparison/2026-06-03_09-24-45/model_runs/2026-06-03_09-24-48/multiclass_table6_arousal_3class_emotion-elicitation_2026-06-03_09-25-46/recording_loo/r_69.avi/baselines/GazeMAE_MLP/model_benchmark.json,GazeMAE_MLP,multiclass_table6_arousal_3class,Table-6 Arousal,results/quick_v1_v2_comparison/2026-06-03_09-24-45/model_runs/2026-06-03_09-24-48,results/quick_v1_v2_comparison/2026-06-03_09-24-45/model_runs/2026-06-03_09-24-48/multiclass_table6_arousal_3class_emotion-elicitation_2026-06-03_09-25-46,5.0,2.6470710000000004,synthetic_gazemae_encoder_pooling_head_forward,0.0026470710000000004,48.0,0.127059408,16.0,2036500.0,82563.0,
GazeMAE_MLP,0.0778688524590164,128,recording_loo,cuda,18,0.9014101638458669,r_73.avi,244,0.0013426680327868854,cached_gazemae_embedding_mlp_head_predict_proba,1.3426680327868853e-06,732,0.000982833,0.06998158379373849,GazeMAE_MLP,GazeMAE_MLP,baseline,frozen_gazemae_encoders_plus_trainable_mlp_head,,,,table6-arousal-3class,244,3,2119063,0.00021289800752146126,1.1827667084525624e-05,76212,4234,82563,556,1,results/quick_v1_v2_comparison/2026-06-03_09-24-45/model_runs/2026-06-03_09-24-48/multiclass_table6_arousal_3class_emotion-elicitation_2026-06-03_09-25-46/recording_loo/r_73.avi/baselines/GazeMAE_MLP/model_benchmark.json,GazeMAE_MLP,multiclass_table6_arousal_3class,Table-6 Arousal,results/quick_v1_v2_comparison/2026-06-03_09-24-45/model_runs/2026-06-03_09-24-48,results/quick_v1_v2_comparison/2026-06-03_09-24-45/model_runs/2026-06-03_09-24-48/multiclass_table6_arousal_3class_emotion-elicitation_2026-06-03_09-25-46,5.0,2.5801221041666667,synthetic_gazemae_encoder_pooling_head_forward,0.002580122104166667,48.0,0.123845861,16.0,2036500.0,82563.0,
GazeMAE_MLP,0.48466257668711654,128,recording_loo,cuda,23,1.1837194650433958,r_79.avi,163,0.0018729815950920246,cached_gazemae_embedding_mlp_head_predict_proba,1.8729815950920246e-06,489,0.000915888,0.3232036271808999,GazeMAE_MLP,GazeMAE_MLP,baseline,frozen_gazemae_encoders_plus_trainable_mlp_head,,,,table6-arousal-3class,163,3,2119063,0.0002719943623721038,1.1825841842265383e-05,100096,4352,82563,519,1,results/quick_v1_v2_comparison/2026-06-03_09-24-45/model_runs/2026-06-03_09-24-48/multiclass_table6_arousal_3class_emotion-elicitation_2026-06-03_09-25-46/recording_loo/r_79.avi/baselines/GazeMAE_MLP/model_benchmark.json,GazeMAE_MLP,multiclass_table6_arousal_3class,Table-6 Arousal,results/quick_v1_v2_comparison/2026-06-03_09-24-45/model_runs/2026-06-03_09-24-48,results/quick_v1_v2_comparison/2026-06-03_09-24-45/model_runs/2026-06-03_09-24-48/multiclass_table6_arousal_3class_emotion-elicitation_2026-06-03_09-25-46,5.0,2.5847660208333334,synthetic_gazemae_encoder_pooling_head_forward,0.0025847660208333334,48.0,0.124068769,16.0,2036500.0,82563.0,
GazeMAE_MLP,0.6200716845878136,128,recording_loo,cuda,16,0.7589839729480445,r_80.avi,279,0.0012074253285543608,cached_gazemae_embedding_mlp_head_predict_proba,1.2074253285543609e-06,837,0.001010615,0.26658549783549784,GazeMAE_MLP,GazeMAE_MLP,baseline,frozen_gazemae_encoders_plus_trainable_mlp_head,,,,table6-arousal-3class,279,3,2119063,0.00018028122872875167,1.126757679554698e-05,67360,4210,82563,545,1,results/quick_v1_v2_comparison/2026-06-03_09-24-45/model_runs/2026-06-03_09-24-48/multiclass_table6_arousal_3class_emotion-elicitation_2026-06-03_09-25-46/recording_loo/r_80.avi/baselines/GazeMAE_MLP/model_benchmark.json,GazeMAE_MLP,multiclass_table6_arousal_3class,Table-6 Arousal,results/quick_v1_v2_comparison/2026-06-03_09-24-45/model_runs/2026-06-03_09-24-48,results/quick_v1_v2_comparison/2026-06-03_09-24-45/model_runs/2026-06-03_09-24-48/multiclass_table6_arousal_3class_emotion-elicitation_2026-06-03_09-25-46,5.0,2.5833007708333335,synthetic_gazemae_encoder_pooling_head_forward,0.0025833007708333335,48.0,0.123998437,16.0,2036500.0,82563.0,
GazeMAE_MLP,0.484375,128,recording_loo,cuda,16,0.7728830731939524,r_90.avi,256,0.0012817135416666667,cached_gazemae_embedding_mlp_head_predict_proba,1.2817135416666666e-06,768,0.000984356,0.2719343188042784,GazeMAE_MLP,GazeMAE_MLP,baseline,frozen_gazemae_encoders_plus_trainable_mlp_head,,,,table6-arousal-3class,256,3,2119063,0.00018049581345024577,1.1280988340640361e-05,68512,4282,82563,496,1,results/quick_v1_v2_comparison/2026-06-03_09-24-45/model_runs/2026-06-03_09-24-48/multiclass_table6_arousal_3class_emotion-elicitation_2026-06-03_09-25-46/recording_loo/r_90.avi/baselines/GazeMAE_MLP/model_benchmark.json,GazeMAE_MLP,multiclass_table6_arousal_3class,Table-6 Arousal,results/quick_v1_v2_comparison/2026-06-03_09-24-45/model_runs/2026-06-03_09-24-48,results/quick_v1_v2_comparison/2026-06-03_09-24-45/model_runs/2026-06-03_09-24-48/multiclass_table6_arousal_3class_emotion-elicitation_2026-06-03_09-25-46,5.0,2.5780087708333332,synthetic_gazemae_encoder_pooling_head_forward,0.002578008770833333,48.0,0.123744421,16.0,2036500.0,82563.0,
GazeMAE_MLP,0.3527397260273973,128,recording_loo,cuda,22,1.0881802279036492,r_cats_f.avi,292,0.0011544143835616437,cached_gazemae_embedding_mlp_head_predict_proba,1.1544143835616437e-06,876,0.001011267,0.17383966244725738,GazeMAE_MLP,GazeMAE_MLP,baseline,frozen_gazemae_encoders_plus_trainable_mlp_head,,,,table6-arousal-3class,292,3,2119063,0.0002487837740977707,1.1308353368080488e-05,96228,4374,82563,368,1,results/quick_v1_v2_comparison/2026-06-03_09-24-45/model_runs/2026-06-03_09-24-48/multiclass_table6_arousal_3class_emotion-elicitation_2026-06-03_09-25-46/recording_loo/r_cats_f.avi/baselines/GazeMAE_MLP/model_benchmark.json,GazeMAE_MLP,multiclass_table6_arousal_3class,Table-6 Arousal,results/quick_v1_v2_comparison/2026-06-03_09-24-45/model_runs/2026-06-03_09-24-48,results/quick_v1_v2_comparison/2026-06-03_09-24-45/model_runs/2026-06-03_09-24-48/multiclass_table6_arousal_3class_emotion-elicitation_2026-06-03_09-25-46,5.0,2.5786259583333333,synthetic_gazemae_encoder_pooling_head_forward,0.0025786259583333335,48.0,0.123774046,16.0,2036500.0,82563.0,
GazeMAE_MLP,0.7954545454545454,128,recording_loo,cuda,16,0.7872345310170203,r_dallas_f.avi,264,0.0013496275252525252,cached_gazemae_embedding_mlp_head_predict_proba,1.3496275252525253e-06,792,0.001068905,0.30042918454935624,GazeMAE_MLP,GazeMAE_MLP,baseline,frozen_gazemae_encoders_plus_trainable_mlp_head,,,,table6-arousal-3class,264,3,2119063,0.00018371867701680756,1.1482417313550472e-05,68560,4285,82563,485,1,results/quick_v1_v2_comparison/2026-06-03_09-24-45/model_runs/2026-06-03_09-24-48/multiclass_table6_arousal_3class_emotion-elicitation_2026-06-03_09-25-46/recording_loo/r_dallas_f.avi/baselines/GazeMAE_MLP/model_benchmark.json,GazeMAE_MLP,multiclass_table6_arousal_3class,Table-6 Arousal,results/quick_v1_v2_comparison/2026-06-03_09-24-45/model_runs/2026-06-03_09-24-48,results/quick_v1_v2_comparison/2026-06-03_09-24-45/model_runs/2026-06-03_09-24-48/multiclass_table6_arousal_3class_emotion-elicitation_2026-06-03_09-25-46,5.0,2.568723416666667,synthetic_gazemae_encoder_pooling_head_forward,0.0025687234166666666,48.0,0.123298724,16.0,2036500.0,82563.0,
GazeMAE_MLP,0.7977099236641222,128,recording_loo,cuda,17,0.9425970748998225,r_detroit_f.avi,262,0.001259321882951654,cached_gazemae_embedding_mlp_head_predict_proba,1.259321882951654e-06,786,0.000989827,0.29582448690728946,GazeMAE_MLP,GazeMAE_MLP,baseline,frozen_gazemae_encoders_plus_trainable_mlp_head,,,,table6-arousal-3class,262,3,2119063,0.0002202844297499001,1.2957907632347064e-05,72743,4279,82563,493,1,results/quick_v1_v2_comparison/2026-06-03_09-24-45/model_runs/2026-06-03_09-24-48/multiclass_table6_arousal_3class_emotion-elicitation_2026-06-03_09-25-46/recording_loo/r_detroit_f.avi/baselines/GazeMAE_MLP/model_benchmark.json,GazeMAE_MLP,multiclass_table6_arousal_3class,Table-6 Arousal,results/quick_v1_v2_comparison/2026-06-03_09-24-45/model_runs/2026-06-03_09-24-48,results/quick_v1_v2_comparison/2026-06-03_09-24-45/model_runs/2026-06-03_09-24-48/multiclass_table6_arousal_3class_emotion-elicitation_2026-06-03_09-25-46,5.0,2.5900960208333332,synthetic_gazemae_encoder_pooling_head_forward,0.0025900960208333334,48.0,0.124324609,16.0,2036500.0,82563.0,
GazeMAE_MLP,0.5885416666666666,128,recording_loo,cuda,16,0.8015031740069389,r_earworm_f.avi,192,0.0016364895833333333,cached_gazemae_embedding_mlp_head_predict_proba,1.6364895833333332e-06,576,0.000942618,0.3739984882842025,GazeMAE_MLP,GazeMAE_MLP,baseline,frozen_gazemae_encoders_plus_trainable_mlp_head,,,,table6-arousal-3class,192,3,2119063,0.00019010986100733844,1.1881866312958653e-05,67456,4216,82563,626,1,results/quick_v1_v2_comparison/2026-06-03_09-24-45/model_runs/2026-06-03_09-24-48/multiclass_table6_arousal_3class_emotion-elicitation_2026-06-03_09-25-46/recording_loo/r_earworm_f.avi/baselines/GazeMAE_MLP/model_benchmark.json,GazeMAE_MLP,multiclass_table6_arousal_3class,Table-6 Arousal,results/quick_v1_v2_comparison/2026-06-03_09-24-45/model_runs/2026-06-03_09-24-48,results/quick_v1_v2_comparison/2026-06-03_09-24-45/model_runs/2026-06-03_09-24-48/multiclass_table6_arousal_3class_emotion-elicitation_2026-06-03_09-25-46,5.0,2.5692805208333334,synthetic_gazemae_encoder_pooling_head_forward,0.0025692805208333332,48.0,0.123325465,16.0,2036500.0,82563.0,
GazeMAE_MLP,0.4867924528301887,128,recording_loo,cuda,16,0.8206877869088203,r_funny_f.avi,265,0.0012490477987421383,cached_gazemae_embedding_mlp_head_predict_proba,1.2490477987421383e-06,795,0.000992993,0.3063491120745976,GazeMAE_MLP,GazeMAE_MLP,baseline,frozen_gazemae_encoders_plus_trainable_mlp_head,,,,table6-arousal-3class,265,3,2119063,0.00019251414189744786,1.2032133868590491e-05,68208,4263,82563,506,1,results/quick_v1_v2_comparison/2026-06-03_09-24-45/model_runs/2026-06-03_09-24-48/multiclass_table6_arousal_3class_emotion-elicitation_2026-06-03_09-25-46/recording_loo/r_funny_f.avi/baselines/GazeMAE_MLP/model_benchmark.json,GazeMAE_MLP,multiclass_table6_arousal_3class,Table-6 Arousal,results/quick_v1_v2_comparison/2026-06-03_09-24-45/model_runs/2026-06-03_09-24-48,results/quick_v1_v2_comparison/2026-06-03_09-24-45/model_runs/2026-06-03_09-24-48/multiclass_table6_arousal_3class_emotion-elicitation_2026-06-03_09-25-46,5.0,2.5678401041666667,synthetic_gazemae_encoder_pooling_head_forward,0.0025678401041666667,48.0,0.123256325,16.0,2036500.0,82563.0,
GazeMAE_MLP,0.7294117647058823,128,recording_loo,cuda,16,0.9185352439526469,r_newyork_f.avi,255,0.0014823098039215687,cached_gazemae_embedding_mlp_head_predict_proba,1.4823098039215687e-06,765,0.001133967,0.3331517792302106,GazeMAE_MLP,GazeMAE_MLP,baseline,frozen_gazemae_encoders_plus_trainable_mlp_head,,,,table6-arousal-3class,255,3,2119063,0.00021159531074698153,1.3224706921686346e-05,69456,4341,82563,438,1,results/quick_v1_v2_comparison/2026-06-03_09-24-45/model_runs/2026-06-03_09-24-48/multiclass_table6_arousal_3class_emotion-elicitation_2026-06-03_09-25-46/recording_loo/r_newyork_f.avi/baselines/GazeMAE_MLP/model_benchmark.json,GazeMAE_MLP,multiclass_table6_arousal_3class,Table-6 Arousal,results/quick_v1_v2_comparison/2026-06-03_09-24-45/model_runs/2026-06-03_09-24-48,results/quick_v1_v2_comparison/2026-06-03_09-24-45/model_runs/2026-06-03_09-24-48/multiclass_table6_arousal_3class_emotion-elicitation_2026-06-03_09-25-46,5.0,2.6733555208333337,synthetic_gazemae_encoder_pooling_head_forward,0.0026733555208333336,48.0,0.128321065,16.0,2036500.0,82563.0,
LightGBM,0.45416666666666666,240,subject_loo,cpu,,0.2375983688980341,s_P1,240,0.005130776388888888,tabular_predict_proba,5.130776388888889e-06,720,0.003694159,0.3870234389672446,LightGBM,LightGBM,baseline,not_applicable_for_classical_model,"{""num_leaves_total"": 6730, ""num_trees"": 300}",trees,300.0,table6-valence-3class,240,3,,5.507611703709645e-05,,,4314,,480,1,results/quick_v1_v2_comparison/2026-06-03_09-24-45/model_runs/2026-06-03_09-24-48/multiclass_table6_valence_3class_emotion-elicitation_2026-06-03_09-33-29/subject_loo/s_P1/baselines/LightGBM/model_benchmark.json,LightGBM,multiclass_table6_valence_3class,Table-6 Valence,results/quick_v1_v2_comparison/2026-06-03_09-24-45/model_runs/2026-06-03_09-24-48,results/quick_v1_v2_comparison/2026-06-03_09-24-45/model_runs/2026-06-03_09-24-48/multiclass_table6_valence_3class_emotion-elicitation_2026-06-03_09-33-29,,,,,,,,,,
LightGBM,0.5676855895196506,229,subject_loo,cpu,,0.1965360720641911,s_P10,229,0.005404532751091703,tabular_predict_proba,5.404532751091703e-06,687,0.003712914,0.560893949056533,LightGBM,LightGBM,baseline,not_applicable_for_classical_model,"{""num_leaves_total"": 6617, ""num_trees"": 300}",trees,300.0,table6-valence-3class,229,3,,4.504608573554689e-05,,,4363,,442,1,results/quick_v1_v2_comparison/2026-06-03_09-24-45/model_runs/2026-06-03_09-24-48/multiclass_table6_valence_3class_emotion-elicitation_2026-06-03_09-33-29/subject_loo/s_P10/baselines/LightGBM/model_benchmark.json,LightGBM,multiclass_table6_valence_3class,Table-6 Valence,results/quick_v1_v2_comparison/2026-06-03_09-24-45/model_runs/2026-06-03_09-24-48,results/quick_v1_v2_comparison/2026-06-03_09-24-45/model_runs/2026-06-03_09-24-48/multiclass_table6_valence_3class_emotion-elicitation_2026-06-03_09-33-29,,,,,,,,,,
LightGBM,0.5084745762711864,236,subject_loo,cpu,,0.1852011908777058,s_P13,236,0.005668611581920904,tabular_predict_proba,5.668611581920904e-06,708,0.004013377,0.4914998881281603,LightGBM,LightGBM,baseline,not_applicable_for_classical_model,"{""num_leaves_total"": 6592, ""num_trees"": 300}",trees,300.0,table6-valence-3class,236,3,,4.263379163851423e-05,,,4344,,454,1,results/quick_v1_v2_comparison/2026-06-03_09-24-45/model_runs/2026-06-03_09-24-48/multiclass_table6_valence_3class_emotion-elicitation_2026-06-03_09-33-29/subject_loo/s_P13/baselines/LightGBM/model_benchmark.json,LightGBM,multiclass_table6_valence_3class,Table-6 Valence,results/quick_v1_v2_comparison/2026-06-03_09-24-45/model_runs/2026-06-03_09-24-48,results/quick_v1_v2_comparison/2026-06-03_09-24-45/model_runs/2026-06-03_09-24-48/multiclass_table6_valence_3class_emotion-elicitation_2026-06-03_09-33-29,,,,,,,,,,
LightGBM,0.5944700460829493,217,subject_loo,cpu,,0.215340422000736,s_P14,217,0.006103291858678955,tabular_predict_proba,6.103291858678955e-06,651,0.003973243,0.575689300999177,LightGBM,LightGBM,baseline,not_applicable_for_classical_model,"{""num_leaves_total"": 6575, ""num_trees"": 300}",trees,300.0,table6-valence-3class,217,3,,4.959475403057024e-05,,,4342,,475,1,results/quick_v1_v2_comparison/2026-06-03_09-24-45/model_runs/2026-06-03_09-24-48/multiclass_table6_valence_3class_emotion-elicitation_2026-06-03_09-33-29/subject_loo/s_P14/baselines/LightGBM/model_benchmark.json,LightGBM,multiclass_table6_valence_3class,Table-6 Valence,results/quick_v1_v2_comparison/2026-06-03_09-24-45/model_runs/2026-06-03_09-24-48,results/quick_v1_v2_comparison/2026-06-03_09-24-45/model_runs/2026-06-03_09-24-48/multiclass_table6_valence_3class_emotion-elicitation_2026-06-03_09-33-29,,,,,,,,,,
LightGBM,0.5129533678756477,193,subject_loo,cpu,,1.001287457998842,s_P16,193,0.006661198618307427,tabular_predict_proba,6.661198618307427e-06,579,0.003856834,0.5187442284498536,LightGBM,LightGBM,baseline,not_applicable_for_classical_model,"{""num_leaves_total"": 6627, ""num_trees"": 300}",trees,300.0,table6-valence-3class,193,3,,0.00022839586176980886,,,4384,,457,1,results/quick_v1_v2_comparison/2026-06-03_09-24-45/model_runs/2026-06-03_09-24-48/multiclass_table6_valence_3class_emotion-elicitation_2026-06-03_09-33-29/subject_loo/s_P16/baselines/LightGBM/model_benchmark.json,LightGBM,multiclass_table6_valence_3class,Table-6 Valence,results/quick_v1_v2_comparison/2026-06-03_09-24-45/model_runs/2026-06-03_09-24-48,results/quick_v1_v2_comparison/2026-06-03_09-24-45/model_runs/2026-06-03_09-24-48/multiclass_table6_valence_3class_emotion-elicitation_2026-06-03_09-33-29,,,,,,,,,,
LightGBM,0.6276150627615062,239,subject_loo,cpu,,0.6796497409231961,s_P17,239,0.005065931659693166,tabular_predict_proba,5.065931659693166e-06,717,0.003632273,0.5814209395647846,LightGBM,LightGBM,baseline,not_applicable_for_classical_model,"{""num_leaves_total"": 6552, ""num_trees"": 300}",trees,300.0,table6-valence-3class,239,3,,0.00015645712268029375,,,4344,,451,1,results/quick_v1_v2_comparison/2026-06-03_09-24-45/model_runs/2026-06-03_09-24-48/multiclass_table6_valence_3class_emotion-elicitation_2026-06-03_09-33-29/subject_loo/s_P17/baselines/LightGBM/model_benchmark.json,LightGBM,multiclass_table6_valence_3class,Table-6 Valence,results/quick_v1_v2_comparison/2026-06-03_09-24-45/model_runs/2026-06-03_09-24-48,results/quick_v1_v2_comparison/2026-06-03_09-24-45/model_runs/2026-06-03_09-24-48/multiclass_table6_valence_3class_emotion-elicitation_2026-06-03_09-33-29,,,,,,,,,,
LightGBM,0.5570175438596491,228,subject_loo,cpu,,0.2013352329377085,s_P18,228,0.005456228070175439,tabular_predict_proba,5.456228070175439e-06,684,0.00373206,0.5461490459817216,LightGBM,LightGBM,baseline,not_applicable_for_classical_model,"{""num_leaves_total"": 6831, ""num_trees"": 300}",trees,300.0,table6-valence-3class,228,3,,4.6146053847744326e-05,,,4363,,443,1,results/quick_v1_v2_comparison/2026-06-03_09-24-45/model_runs/2026-06-03_09-24-48/multiclass_table6_valence_3class_emotion-elicitation_2026-06-03_09-33-29/subject_loo/s_P18/baselines/LightGBM/model_benchmark.json,LightGBM,multiclass_table6_valence_3class,Table-6 Valence,results/quick_v1_v2_comparison/2026-06-03_09-24-45/model_runs/2026-06-03_09-24-48,results/quick_v1_v2_comparison/2026-06-03_09-24-45/model_runs/2026-06-03_09-24-48/multiclass_table6_valence_3class_emotion-elicitation_2026-06-03_09-33-29,,,,,,,,,,
LightGBM,0.5807860262008734,229,subject_loo,cpu,,0.320343250175938,s_P19,229,0.005287647743813683,tabular_predict_proba,5.287647743813683e-06,687,0.003632614,0.5728443069809217,LightGBM,LightGBM,baseline,not_applicable_for_classical_model,"{""num_leaves_total"": 6411, ""num_trees"": 300}",trees,300.0,table6-valence-3class,229,3,,7.382882004515742e-05,,,4339,,466,1,results/quick_v1_v2_comparison/2026-06-03_09-24-45/model_runs/2026-06-03_09-24-48/multiclass_table6_valence_3class_emotion-elicitation_2026-06-03_09-33-29/subject_loo/s_P19/baselines/LightGBM/model_benchmark.json,LightGBM,multiclass_table6_valence_3class,Table-6 Valence,results/quick_v1_v2_comparison/2026-06-03_09-24-45/model_runs/2026-06-03_09-24-48,results/quick_v1_v2_comparison/2026-06-03_09-24-45/model_runs/2026-06-03_09-24-48/multiclass_table6_valence_3class_emotion-elicitation_2026-06-03_09-33-29,,,,,,,,,,
LightGBM,0.5311203319502075,241,subject_loo,cpu,,0.20511007378809154,s_P2,241,0.0051690304287690175,tabular_predict_proba,5.169030428769018e-06,723,0.003737209,0.5119576161413254,LightGBM,LightGBM,baseline,not_applicable_for_classical_model,"{""num_leaves_total"": 6600, ""num_trees"": 300}",trees,300.0,table6-valence-3class,241,3,,4.728217468605153e-05,,,4338,,455,1,results/quick_v1_v2_comparison/2026-06-03_09-24-45/model_runs/2026-06-03_09-24-48/multiclass_table6_valence_3class_emotion-elicitation_2026-06-03_09-33-29/subject_loo/s_P2/baselines/LightGBM/model_benchmark.json,LightGBM,multiclass_table6_valence_3class,Table-6 Valence,results/quick_v1_v2_comparison/2026-06-03_09-24-45/model_runs/2026-06-03_09-24-48,results/quick_v1_v2_comparison/2026-06-03_09-24-45/model_runs/2026-06-03_09-24-48/multiclass_table6_valence_3class_emotion-elicitation_2026-06-03_09-33-29,,,,,,,,,,
LightGBM,0.584070796460177,226,subject_loo,cpu,,0.2058571649249643,s_P20,226,0.00576501622418879,tabular_predict_proba,5.76501622418879e-06,678,0.003908681,0.5733224437780352,LightGBM,LightGBM,baseline,not_applicable_for_classical_model,"{""num_leaves_total"": 6320, ""num_trees"": 300}",trees,300.0,table6-valence-3class,226,3,,4.716086252576502e-05,,,4365,,443,1,results/quick_v1_v2_comparison/2026-06-03_09-24-45/model_runs/2026-06-03_09-24-48/multiclass_table6_valence_3class_emotion-elicitation_2026-06-03_09-33-29/subject_loo/s_P20/baselines/LightGBM/model_benchmark.json,LightGBM,multiclass_table6_valence_3class,Table-6 Valence,results/quick_v1_v2_comparison/2026-06-03_09-24-45/model_runs/2026-06-03_09-24-48,results/quick_v1_v2_comparison/2026-06-03_09-24-45/model_runs/2026-06-03_09-24-48/multiclass_table6_valence_3class_emotion-elicitation_2026-06-03_09-33-29,,,,,,,,,,
LightGBM,0.5525114155251142,219,subject_loo,cpu,,0.22072356892749667,s_P21,219,0.005397689497716895,tabular_predict_proba,5.397689497716895e-06,657,0.003546282,0.5172640795233864,LightGBM,LightGBM,baseline,not_applicable_for_classical_model,"{""num_leaves_total"": 6439, ""num_trees"": 300}",trees,300.0,table6-valence-3class,219,3,,5.047417537788627e-05,,,4373,,442,1,results/quick_v1_v2_comparison/2026-06-03_09-24-45/model_runs/2026-06-03_09-24-48/multiclass_table6_valence_3class_emotion-elicitation_2026-06-03_09-33-29/subject_loo/s_P21/baselines/LightGBM/model_benchmark.json,LightGBM,multiclass_table6_valence_3class,Table-6 Valence,results/quick_v1_v2_comparison/2026-06-03_09-24-45/model_runs/2026-06-03_09-24-48,results/quick_v1_v2_comparison/2026-06-03_09-24-45/model_runs/2026-06-03_09-24-48/multiclass_table6_valence_3class_emotion-elicitation_2026-06-03_09-33-29,,,,,,,,,,
LightGBM,0.5607476635514018,214,subject_loo,cpu,,0.1906162779778242,s_P22,214,0.006172823987538941,tabular_predict_proba,6.172823987538941e-06,642,0.003962953,0.5412284654146134,LightGBM,LightGBM,baseline,not_applicable_for_classical_model,"{""num_leaves_total"": 6602, ""num_trees"": 300}",trees,300.0,table6-valence-3class,214,3,,4.394105070950305e-05,,,4338,,482,1,results/quick_v1_v2_comparison/2026-06-03_09-24-45/model_runs/2026-06-03_09-24-48/multiclass_table6_valence_3class_emotion-elicitation_2026-06-03_09-33-29/subject_loo/s_P22/baselines/LightGBM/model_benchmark.json,LightGBM,multiclass_table6_valence_3class,Table-6 Valence,results/quick_v1_v2_comparison/2026-06-03_09-24-45/model_runs/2026-06-03_09-24-48,results/quick_v1_v2_comparison/2026-06-03_09-24-45/model_runs/2026-06-03_09-24-48/multiclass_table6_valence_3class_emotion-elicitation_2026-06-03_09-33-29,,,,,,,,,,
LightGBM,0.6583333333333333,240,subject_loo,cpu,,0.20137016917578876,s_P23,240,0.005094652777777778,tabular_predict_proba,5.094652777777778e-06,720,0.00366815,0.6404410224177667,LightGBM,LightGBM,baseline,not_applicable_for_classical_model,"{""num_leaves_total"": 6825, ""num_trees"": 300}",trees,300.0,table6-valence-3class,240,3,,4.5901565802550435e-05,,,4387,,407,1,results/quick_v1_v2_comparison/2026-06-03_09-24-45/model_runs/2026-06-03_09-24-48/multiclass_table6_valence_3class_emotion-elicitation_2026-06-03_09-33-29/subject_loo/s_P23/baselines/LightGBM/model_benchmark.json,LightGBM,multiclass_table6_valence_3class,Table-6 Valence,results/quick_v1_v2_comparison/2026-06-03_09-24-45/model_runs/2026-06-03_09-24-48,results/quick_v1_v2_comparison/2026-06-03_09-24-45/model_runs/2026-06-03_09-24-48/multiclass_table6_valence_3class_emotion-elicitation_2026-06-03_09-33-29,,,,,,,,,,
LightGBM,0.37662337662337664,231,subject_loo,cpu,,0.2758146501146257,s_P24,231,0.006394823953823954,tabular_predict_proba,6.394823953823954e-06,693,0.004431613,0.29581839904420554,LightGBM,LightGBM,baseline,not_applicable_for_classical_model,"{""num_leaves_total"": 6648, ""num_trees"": 300}",trees,300.0,table6-valence-3class,231,3,,6.334741619536649e-05,,,4354,,449,1,results/quick_v1_v2_comparison/2026-06-03_09-24-45/model_runs/2026-06-03_09-24-48/multiclass_table6_valence_3class_emotion-elicitation_2026-06-03_09-33-29/subject_loo/s_P24/baselines/LightGBM/model_benchmark.json,LightGBM,multiclass_table6_valence_3class,Table-6 Valence,results/quick_v1_v2_comparison/2026-06-03_09-24-45/model_runs/2026-06-03_09-24-48,results/quick_v1_v2_comparison/2026-06-03_09-24-45/model_runs/2026-06-03_09-24-48/multiclass_table6_valence_3class_emotion-elicitation_2026-06-03_09-33-29,,,,,,,,,,
LightGBM,0.5201793721973094,223,subject_loo,cpu,,0.2077718658838421,s_P27,223,0.006761889387144992,tabular_predict_proba,6.761889387144993e-06,669,0.004523704,0.5004698351870122,LightGBM,LightGBM,baseline,not_applicable_for_classical_model,"{""num_leaves_total"": 6537, ""num_trees"": 300}",trees,300.0,table6-valence-3class,223,3,,4.7818611250596574e-05,,,4345,,466,1,results/quick_v1_v2_comparison/2026-06-03_09-24-45/model_runs/2026-06-03_09-24-48/multiclass_table6_valence_3class_emotion-elicitation_2026-06-03_09-33-29/subject_loo/s_P27/baselines/LightGBM/model_benchmark.json,LightGBM,multiclass_table6_valence_3class,Table-6 Valence,results/quick_v1_v2_comparison/2026-06-03_09-24-45/model_runs/2026-06-03_09-24-48,results/quick_v1_v2_comparison/2026-06-03_09-24-45/model_runs/2026-06-03_09-24-48/multiclass_table6_valence_3class_emotion-elicitation_2026-06-03_09-33-29,,,,,,,,,,
LightGBM,0.6509433962264151,212,subject_loo,cpu,,0.2820130249019712,s_P28,212,0.005398553459119497,tabular_predict_proba,5.398553459119497e-06,636,0.00343348,0.6308654386590141,LightGBM,LightGBM,baseline,not_applicable_for_classical_model,"{""num_leaves_total"": 6236, ""num_trees"": 300}",trees,300.0,table6-valence-3class,212,3,,6.472642297497619e-05,,,4357,,465,1,results/quick_v1_v2_comparison/2026-06-03_09-24-45/model_runs/2026-06-03_09-24-48/multiclass_table6_valence_3class_emotion-elicitation_2026-06-03_09-33-29/subject_loo/s_P28/baselines/LightGBM/model_benchmark.json,LightGBM,multiclass_table6_valence_3class,Table-6 Valence,results/quick_v1_v2_comparison/2026-06-03_09-24-45/model_runs/2026-06-03_09-24-48,results/quick_v1_v2_comparison/2026-06-03_09-24-45/model_runs/2026-06-03_09-24-48/multiclass_table6_valence_3class_emotion-elicitation_2026-06-03_09-33-29,,,,,,,,,,
LightGBM,0.5555555555555556,216,subject_loo,cpu,,0.2542796079069376,s_P29,216,0.006106158950617284,tabular_predict_proba,6.106158950617284e-06,648,0.003956791,0.410161801236852,LightGBM,LightGBM,baseline,not_applicable_for_classical_model,"{""num_leaves_total"": 6574, ""num_trees"": 300}",trees,300.0,table6-valence-3class,216,3,,5.826755451579688e-05,,,4364,,454,1,results/quick_v1_v2_comparison/2026-06-03_09-24-45/model_runs/2026-06-03_09-24-48/multiclass_table6_valence_3class_emotion-elicitation_2026-06-03_09-33-29/subject_loo/s_P29/baselines/LightGBM/model_benchmark.json,LightGBM,multiclass_table6_valence_3class,Table-6 Valence,results/quick_v1_v2_comparison/2026-06-03_09-24-45/model_runs/2026-06-03_09-24-48,results/quick_v1_v2_comparison/2026-06-03_09-24-45/model_runs/2026-06-03_09-24-48/multiclass_table6_valence_3class_emotion-elicitation_2026-06-03_09-33-29,,,,,,,,,,
LightGBM,0.5575221238938053,226,subject_loo,cpu,,0.19421403598971665,s_P30,226,0.005461985250737464,tabular_predict_proba,5.461985250737463e-06,678,0.003703226,0.5248491106439994,LightGBM,LightGBM,baseline,not_applicable_for_classical_model,"{""num_leaves_total"": 6748, ""num_trees"": 300}",trees,300.0,table6-valence-3class,226,3,,4.4884223709201906e-05,,,4327,,481,1,results/quick_v1_v2_comparison/2026-06-03_09-24-45/model_runs/2026-06-03_09-24-48/multiclass_table6_valence_3class_emotion-elicitation_2026-06-03_09-33-29/subject_loo/s_P30/baselines/LightGBM/model_benchmark.json,LightGBM,multiclass_table6_valence_3class,Table-6 Valence,results/quick_v1_v2_comparison/2026-06-03_09-24-45/model_runs/2026-06-03_09-24-48,results/quick_v1_v2_comparison/2026-06-03_09-24-45/model_runs/2026-06-03_09-24-48/multiclass_table6_valence_3class_emotion-elicitation_2026-06-03_09-33-29,,,,,,,,,,
LightGBM,0.5338645418326693,251,subject_loo,cpu,,0.1936561989132315,s_P4,251,0.004881054448871182,tabular_predict_proba,4.8810544488711815e-06,753,0.003675434,0.5211172660394502,LightGBM,LightGBM,baseline,not_applicable_for_classical_model,"{""num_leaves_total"": 6643, ""num_trees"": 300}",trees,300.0,table6-valence-3class,251,3,,4.447776732044821e-05,,,4354,,429,1,results/quick_v1_v2_comparison/2026-06-03_09-24-45/model_runs/2026-06-03_09-24-48/multiclass_table6_valence_3class_emotion-elicitation_2026-06-03_09-33-29/subject_loo/s_P4/baselines/LightGBM/model_benchmark.json,LightGBM,multiclass_table6_valence_3class,Table-6 Valence,results/quick_v1_v2_comparison/2026-06-03_09-24-45/model_runs/2026-06-03_09-24-48,results/quick_v1_v2_comparison/2026-06-03_09-24-45/model_runs/2026-06-03_09-24-48/multiclass_table6_valence_3class_emotion-elicitation_2026-06-03_09-33-29,,,,,,,,,,
LightGBM,0.5563636363636364,275,subject_loo,cpu,,0.24261466902680695,s_P5,275,0.004720248484848485,tabular_predict_proba,4.720248484848485e-06,825,0.003894205,0.5471388752254468,LightGBM,LightGBM,baseline,not_applicable_for_classical_model,"{""num_leaves_total"": 6618, ""num_trees"": 300}",trees,300.0,table6-valence-3class,275,3,,5.574785593446851e-05,,,4352,,407,1,results/quick_v1_v2_comparison/2026-06-03_09-24-45/model_runs/2026-06-03_09-24-48/multiclass_table6_valence_3class_emotion-elicitation_2026-06-03_09-33-29/subject_loo/s_P5/baselines/LightGBM/model_benchmark.json,LightGBM,multiclass_table6_valence_3class,Table-6 Valence,results/quick_v1_v2_comparison/2026-06-03_09-24-45/model_runs/2026-06-03_09-24-48,results/quick_v1_v2_comparison/2026-06-03_09-24-45/model_runs/2026-06-03_09-24-48/multiclass_table6_valence_3class_emotion-elicitation_2026-06-03_09-33-29,,,,,,,,,,
LightGBM,0.6173913043478261,230,subject_loo,cpu,,0.23705280595459044,s_P7,230,0.005533682608695653,tabular_predict_proba,5.5336826086956526e-06,690,0.003818241,0.5728829849311777,LightGBM,LightGBM,baseline,not_applicable_for_classical_model,"{""num_leaves_total"": 6819, ""num_trees"": 300}",trees,300.0,table6-valence-3class,230,3,,5.465824439810709e-05,,,4337,,467,1,results/quick_v1_v2_comparison/2026-06-03_09-24-45/model_runs/2026-06-03_09-24-48/multiclass_table6_valence_3class_emotion-elicitation_2026-06-03_09-33-29/subject_loo/s_P7/baselines/LightGBM/model_benchmark.json,LightGBM,multiclass_table6_valence_3class,Table-6 Valence,results/quick_v1_v2_comparison/2026-06-03_09-24-45/model_runs/2026-06-03_09-24-48,results/quick_v1_v2_comparison/2026-06-03_09-24-45/model_runs/2026-06-03_09-24-48/multiclass_table6_valence_3class_emotion-elicitation_2026-06-03_09-33-29,,,,,,,,,,
LightGBM,0.593607305936073,219,subject_loo,cpu,,0.18709310004487634,s_P8,219,0.005382257229832572,tabular_predict_proba,5.382257229832572e-06,657,0.003536143,0.567288083221753,LightGBM,LightGBM,baseline,not_applicable_for_classical_model,"{""num_leaves_total"": 6589, ""num_trees"": 300}",trees,300.0,table6-valence-3class,219,3,,4.276413715311459e-05,,,4375,,440,1,results/quick_v1_v2_comparison/2026-06-03_09-24-45/model_runs/2026-06-03_09-24-48/multiclass_table6_valence_3class_emotion-elicitation_2026-06-03_09-33-29/subject_loo/s_P8/baselines/LightGBM/model_benchmark.json,LightGBM,multiclass_table6_valence_3class,Table-6 Valence,results/quick_v1_v2_comparison/2026-06-03_09-24-45/model_runs/2026-06-03_09-24-48,results/quick_v1_v2_comparison/2026-06-03_09-24-45/model_runs/2026-06-03_09-24-48/multiclass_table6_valence_3class_emotion-elicitation_2026-06-03_09-33-29,,,,,,,,,,
SVM,0.4666666666666667,240,subject_loo,cpu,,3.419546188088134,s_P1,240,0.17255575,tabular_predict_proba,0.00017255575,720,0.12424014,0.4142353119448094,SVM,SVM,baseline,not_applicable_for_classical_model,"{""n_features"": 68, ""n_support_by_class"": [1381, 971, 1232]}",support_vectors,3584.0,table6-valence-3class,240,3,,0.000792662537804389,,,4314,,480,1,results/quick_v1_v2_comparison/2026-06-03_09-24-45/model_runs/2026-06-03_09-24-48/multiclass_table6_valence_3class_emotion-elicitation_2026-06-03_09-33-29/subject_loo/s_P1/baselines/SVM/model_benchmark.json,SVM,multiclass_table6_valence_3class,Table-6 Valence,results/quick_v1_v2_comparison/2026-06-03_09-24-45/model_runs/2026-06-03_09-24-48,results/quick_v1_v2_comparison/2026-06-03_09-24-45/model_runs/2026-06-03_09-24-48/multiclass_table6_valence_3class_emotion-elicitation_2026-06-03_09-33-29,,,,,,,,,,
SVM,0.5982532751091703,229,subject_loo,cpu,,3.5792981449048966,s_P10,229,0.17496845414847162,tabular_predict_proba,0.0001749684541484716,687,0.120203328,0.593262636525273,SVM,SVM,baseline,not_applicable_for_classical_model,"{""n_features"": 68, ""n_support_by_class"": [1376, 1016, 1263]}",support_vectors,3655.0,table6-valence-3class,229,3,,0.0008203754629623875,,,4363,,442,1,results/quick_v1_v2_comparison/2026-06-03_09-24-45/model_runs/2026-06-03_09-24-48/multiclass_table6_valence_3class_emotion-elicitation_2026-06-03_09-33-29/subject_loo/s_P10/baselines/SVM/model_benchmark.json,SVM,multiclass_table6_valence_3class,Table-6 Valence,results/quick_v1_v2_comparison/2026-06-03_09-24-45/model_runs/2026-06-03_09-24-48,results/quick_v1_v2_comparison/2026-06-03_09-24-45/model_runs/2026-06-03_09-24-48/multiclass_table6_valence_3class_emotion-elicitation_2026-06-03_09-33-29,,,,,,,,,,
SVM,0.5254237288135594,236,subject_loo,cpu,,3.5167234879918396,s_P13,236,0.17387332768361582,tabular_predict_proba,0.00017387332768361582,708,0.123102316,0.5095895492112066,SVM,SVM,baseline,not_applicable_for_classical_model,"{""n_features"": 68, ""n_support_by_class"": [1400, 978, 1252]}",support_vectors,3630.0,table6-valence-3class,236,3,,0.0008095588139944382,,,4344,,454,1,results/quick_v1_v2_comparison/2026-06-03_09-24-45/model_runs/2026-06-03_09-24-48/multiclass_table6_valence_3class_emotion-elicitation_2026-06-03_09-33-29/subject_loo/s_P13/baselines/SVM/model_benchmark.json,SVM,multiclass_table6_valence_3class,Table-6 Valence,results/quick_v1_v2_comparison/2026-06-03_09-24-45/model_runs/2026-06-03_09-24-48,results/quick_v1_v2_comparison/2026-06-03_09-24-45/model_runs/2026-06-03_09-24-48/multiclass_table6_valence_3class_emotion-elicitation_2026-06-03_09-33-29,,,,,,,,,,
SVM,0.5898617511520737,217,subject_loo,cpu,,3.5238554950337857,s_P14,217,0.18616770967741936,tabular_predict_proba,0.00018616770967741936,651,0.121195179,0.5685477207977208,SVM,SVM,baseline,not_applicable_for_classical_model,"{""n_features"": 68, ""n_support_by_class"": [1400, 1017, 1235]}",support_vectors,3652.0,table6-valence-3class,217,3,,0.0008115742733841054,,,4342,,475,1,results/quick_v1_v2_comparison/2026-06-03_09-24-45/model_runs/2026-06-03_09-24-48/multiclass_table6_valence_3class_emotion-elicitation_2026-06-03_09-33-29/subject_loo/s_P14/baselines/SVM/model_benchmark.json,SVM,multiclass_table6_valence_3class,Table-6 Valence,results/quick_v1_v2_comparison/2026-06-03_09-24-45/model_runs/2026-06-03_09-24-48,results/quick_v1_v2_comparison/2026-06-03_09-24-45/model_runs/2026-06-03_09-24-48/multiclass_table6_valence_3class_emotion-elicitation_2026-06-03_09-33-29,,,,,,,,,,
SVM,0.5233160621761658,193,subject_loo,cpu,,3.6154377800412476,s_P16,193,0.1766491364421416,tabular_predict_proba,0.00017664913644214162,579,0.10227985,0.5213706211046637,SVM,SVM,baseline,not_applicable_for_classical_model,"{""n_features"": 68, ""n_support_by_class"": [1416, 979, 1268]}",support_vectors,3663.0,table6-valence-3class,193,3,,0.0008246892746444452,,,4384,,457,1,results/quick_v1_v2_comparison/2026-06-03_09-24-45/model_runs/2026-06-03_09-24-48/multiclass_table6_valence_3class_emotion-elicitation_2026-06-03_09-33-29/subject_loo/s_P16/baselines/SVM/model_benchmark.json,SVM,multiclass_table6_valence_3class,Table-6 Valence,results/quick_v1_v2_comparison/2026-06-03_09-24-45/model_runs/2026-06-03_09-24-48,results/quick_v1_v2_comparison/2026-06-03_09-24-45/model_runs/2026-06-03_09-24-48/multiclass_table6_valence_3class_emotion-elicitation_2026-06-03_09-33-29,,,,,,,,,,
SVM,0.6192468619246861,239,subject_loo,cpu,,3.5134030098561198,s_P17,239,0.17430085913528592,tabular_predict_proba,0.00017430085913528593,717,0.124973716,0.5787543112367458,SVM,SVM,baseline,not_applicable_for_classical_model,"{""n_features"": 68, ""n_support_by_class"": [1392, 1006, 1255]}",support_vectors,3653.0,table6-valence-3class,239,3,,0.00080879443136651,,,4344,,451,1,results/quick_v1_v2_comparison/2026-06-03_09-24-45/model_runs/2026-06-03_09-24-48/multiclass_table6_valence_3class_emotion-elicitation_2026-06-03_09-33-29/subject_loo/s_P17/baselines/SVM/model_benchmark.json,SVM,multiclass_table6_valence_3class,Table-6 Valence,results/quick_v1_v2_comparison/2026-06-03_09-24-45/model_runs/2026-06-03_09-24-48,results/quick_v1_v2_comparison/2026-06-03_09-24-45/model_runs/2026-06-03_09-24-48/multiclass_table6_valence_3class_emotion-elicitation_2026-06-03_09-33-29,,,,,,,,,,
SVM,0.5482456140350878,228,subject_loo,cpu,,3.539587061153725,s_P18,228,0.1760471754385965,tabular_predict_proba,0.0001760471754385965,684,0.120416268,0.5403209988252392,SVM,SVM,baseline,not_applicable_for_classical_model,"{""n_features"": 68, ""n_support_by_class"": [1410, 976, 1261]}",support_vectors,3647.0,table6-valence-3class,228,3,,0.0008112736789259053,,,4363,,443,1,results/quick_v1_v2_comparison/2026-06-03_09-24-45/model_runs/2026-06-03_09-24-48/multiclass_table6_valence_3class_emotion-elicitation_2026-06-03_09-33-29/subject_loo/s_P18/baselines/SVM/model_benchmark.json,SVM,multiclass_table6_valence_3class,Table-6 Valence,results/quick_v1_v2_comparison/2026-06-03_09-24-45/model_runs/2026-06-03_09-24-48,results/quick_v1_v2_comparison/2026-06-03_09-24-45/model_runs/2026-06-03_09-24-48/multiclass_table6_valence_3class_emotion-elicitation_2026-06-03_09-33-29,,,,,,,,,,
SVM,0.5502183406113537,229,subject_loo,cpu,,3.493318287888542,s_P19,229,0.17390418777292577,tabular_predict_proba,0.00017390418777292577,687,0.119472177,0.5483301537054543,SVM,SVM,baseline,not_applicable_for_classical_model,"{""n_features"": 68, ""n_support_by_class"": [1375, 1001, 1225]}",support_vectors,3601.0,table6-valence-3class,229,3,,0.0008050975542494911,,,4339,,466,1,results/quick_v1_v2_comparison/2026-06-03_09-24-45/model_runs/2026-06-03_09-24-48/multiclass_table6_valence_3class_emotion-elicitation_2026-06-03_09-33-29/subject_loo/s_P19/baselines/SVM/model_benchmark.json,SVM,multiclass_table6_valence_3class,Table-6 Valence,results/quick_v1_v2_comparison/2026-06-03_09-24-45/model_runs/2026-06-03_09-24-48,results/quick_v1_v2_comparison/2026-06-03_09-24-45/model_runs/2026-06-03_09-24-48/multiclass_table6_valence_3class_emotion-elicitation_2026-06-03_09-33-29,,,,,,,,,,
SVM,0.5020746887966805,241,subject_loo,cpu,,3.5652001628186554,s_P2,241,0.17391289349930844,tabular_predict_proba,0.00017391289349930845,723,0.125739022,0.48840639704157524,SVM,SVM,baseline,not_applicable_for_classical_model,"{""n_features"": 68, ""n_support_by_class"": [1365, 1012, 1252]}",support_vectors,3629.0,table6-valence-3class,241,3,,0.0008218534261914835,,,4338,,455,1,results/quick_v1_v2_comparison/2026-06-03_09-24-45/model_runs/2026-06-03_09-24-48/multiclass_table6_valence_3class_emotion-elicitation_2026-06-03_09-33-29/subject_loo/s_P2/baselines/SVM/model_benchmark.json,SVM,multiclass_table6_valence_3class,Table-6 Valence,results/quick_v1_v2_comparison/2026-06-03_09-24-45/model_runs/2026-06-03_09-24-48,results/quick_v1_v2_comparison/2026-06-03_09-24-45/model_runs/2026-06-03_09-24-48/multiclass_table6_valence_3class_emotion-elicitation_2026-06-03_09-33-29,,,,,,,,,,
SVM,0.5973451327433629,226,subject_loo,cpu,,3.5387818010058254,s_P20,226,0.17511947935103245,tabular_predict_proba,0.00017511947935103245,678,0.118731007,0.5957796336392067,SVM,SVM,baseline,not_applicable_for_classical_model,"{""n_features"": 68, ""n_support_by_class"": [1395, 1012, 1219]}",support_vectors,3626.0,table6-valence-3class,226,3,,0.0008107174801846106,,,4365,,443,1,results/quick_v1_v2_comparison/2026-06-03_09-24-45/model_runs/2026-06-03_09-24-48/multiclass_table6_valence_3class_emotion-elicitation_2026-06-03_09-33-29/subject_loo/s_P20/baselines/SVM/model_benchmark.json,SVM,multiclass_table6_valence_3class,Table-6 Valence,results/quick_v1_v2_comparison/2026-06-03_09-24-45/model_runs/2026-06-03_09-24-48,results/quick_v1_v2_comparison/2026-06-03_09-24-45/model_runs/2026-06-03_09-24-48/multiclass_table6_valence_3class_emotion-elicitation_2026-06-03_09-33-29,,,,,,,,,,
SVM,0.5662100456621004,219,subject_loo,cpu,,3.56619182205759,s_P21,219,0.17655631506849315,tabular_predict_proba,0.00017655631506849315,657,0.115997499,0.5354060067029592,SVM,SVM,baseline,not_applicable_for_classical_model,"{""n_features"": 68, ""n_support_by_class"": [1383, 1048, 1234]}",support_vectors,3665.0,table6-valence-3class,219,3,,0.000815502360406492,,,4373,,442,1,results/quick_v1_v2_comparison/2026-06-03_09-24-45/model_runs/2026-06-03_09-24-48/multiclass_table6_valence_3class_emotion-elicitation_2026-06-03_09-33-29/subject_loo/s_P21/baselines/SVM/model_benchmark.json,SVM,multiclass_table6_valence_3class,Table-6 Valence,results/quick_v1_v2_comparison/2026-06-03_09-24-45/model_runs/2026-06-03_09-24-48,results/quick_v1_v2_comparison/2026-06-03_09-24-45/model_runs/2026-06-03_09-24-48/multiclass_table6_valence_3class_emotion-elicitation_2026-06-03_09-33-29,,,,,,,,,,
SVM,0.5560747663551402,214,subject_loo,cpu,,3.4170177651103586,s_P22,214,0.1699139158878505,tabular_predict_proba,0.00016991391588785048,642,0.109084734,0.5423583112370297,SVM,SVM,baseline,not_applicable_for_classical_model,"{""n_features"": 68, ""n_support_by_class"": [1361, 972, 1222]}",support_vectors,3555.0,table6-valence-3class,214,3,,0.000787694275036966,,,4338,,482,1,results/quick_v1_v2_comparison/2026-06-03_09-24-45/model_runs/2026-06-03_09-24-48/multiclass_table6_valence_3class_emotion-elicitation_2026-06-03_09-33-29/subject_loo/s_P22/baselines/SVM/model_benchmark.json,SVM,multiclass_table6_valence_3class,Table-6 Valence,results/quick_v1_v2_comparison/2026-06-03_09-24-45/model_runs/2026-06-03_09-24-48,results/quick_v1_v2_comparison/2026-06-03_09-24-45/model_runs/2026-06-03_09-24-48/multiclass_table6_valence_3class_emotion-elicitation_2026-06-03_09-33-29,,,,,,,,,,
SVM,0.7041666666666667,240,subject_loo,cpu,,3.653593948110938,s_P23,240,0.17646509722222223,tabular_predict_proba,0.00017646509722222221,720,0.12705487,0.6946335543452523,SVM,SVM,baseline,not_applicable_for_classical_model,"{""n_features"": 68, ""n_support_by_class"": [1380, 1048, 1246]}",support_vectors,3674.0,table6-valence-3class,240,3,,0.0008328228739710367,,,4387,,407,1,results/quick_v1_v2_comparison/2026-06-03_09-24-45/model_runs/2026-06-03_09-24-48/multiclass_table6_valence_3class_emotion-elicitation_2026-06-03_09-33-29/subject_loo/s_P23/baselines/SVM/model_benchmark.json,SVM,multiclass_table6_valence_3class,Table-6 Valence,results/quick_v1_v2_comparison/2026-06-03_09-24-45/model_runs/2026-06-03_09-24-48,results/quick_v1_v2_comparison/2026-06-03_09-24-45/model_runs/2026-06-03_09-24-48/multiclass_table6_valence_3class_emotion-elicitation_2026-06-03_09-33-29,,,,,,,,,,
SVM,0.341991341991342,231,subject_loo,cpu,,3.4822047429624945,s_P24,231,0.17241963203463204,tabular_predict_proba,0.00017241963203463203,693,0.119486805,0.22463267628464498,SVM,SVM,baseline,not_applicable_for_classical_model,"{""n_features"": 68, ""n_support_by_class"": [1366, 1005, 1236]}",support_vectors,3607.0,table6-valence-3class,231,3,,0.0007997714154714044,,,4354,,449,1,results/quick_v1_v2_comparison/2026-06-03_09-24-45/model_runs/2026-06-03_09-24-48/multiclass_table6_valence_3class_emotion-elicitation_2026-06-03_09-33-29/subject_loo/s_P24/baselines/SVM/model_benchmark.json,SVM,multiclass_table6_valence_3class,Table-6 Valence,results/quick_v1_v2_comparison/2026-06-03_09-24-45/model_runs/2026-06-03_09-24-48,results/quick_v1_v2_comparison/2026-06-03_09-24-45/model_runs/2026-06-03_09-24-48/multiclass_table6_valence_3class_emotion-elicitation_2026-06-03_09-33-29,,,,,,,,,,
SVM,0.5515695067264574,223,subject_loo,cpu,,3.568462380906567,s_P27,223,0.17391084304932736,tabular_predict_proba,0.00017391084304932736,669,0.116346354,0.5158158471656749,SVM,SVM,baseline,not_applicable_for_classical_model,"{""n_features"": 68, ""n_support_by_class"": [1367, 1051, 1225]}",support_vectors,3643.0,table6-valence-3class,223,3,,0.0008212801797253319,,,4345,,466,1,results/quick_v1_v2_comparison/2026-06-03_09-24-45/model_runs/2026-06-03_09-24-48/multiclass_table6_valence_3class_emotion-elicitation_2026-06-03_09-33-29/subject_loo/s_P27/baselines/SVM/model_benchmark.json,SVM,multiclass_table6_valence_3class,Table-6 Valence,results/quick_v1_v2_comparison/2026-06-03_09-24-45/model_runs/2026-06-03_09-24-48,results/quick_v1_v2_comparison/2026-06-03_09-24-45/model_runs/2026-06-03_09-24-48/multiclass_table6_valence_3class_emotion-elicitation_2026-06-03_09-33-29,,,,,,,,,,
SVM,0.6179245283018868,212,subject_loo,cpu,,3.572772195097059,s_P28,212,0.17491865094339623,tabular_predict_proba,0.00017491865094339623,636,0.111248262,0.5830475865936859,SVM,SVM,baseline,not_applicable_for_classical_model,"{""n_features"": 68, ""n_support_by_class"": [1398, 1048, 1219]}",support_vectors,3665.0,table6-valence-3class,212,3,,0.0008200073892809408,,,4357,,465,1,results/quick_v1_v2_comparison/2026-06-03_09-24-45/model_runs/2026-06-03_09-24-48/multiclass_table6_valence_3class_emotion-elicitation_2026-06-03_09-33-29/subject_loo/s_P28/baselines/SVM/model_benchmark.json,SVM,multiclass_table6_valence_3class,Table-6 Valence,results/quick_v1_v2_comparison/2026-06-03_09-24-45/model_runs/2026-06-03_09-24-48,results/quick_v1_v2_comparison/2026-06-03_09-24-45/model_runs/2026-06-03_09-24-48/multiclass_table6_valence_3class_emotion-elicitation_2026-06-03_09-33-29,,,,,,,,,,
SVM,0.5740740740740741,216,subject_loo,cpu,,3.587719521019608,s_P29,216,0.17848627314814813,tabular_predict_proba,0.00017848627314814814,648,0.115659105,0.4862327594885734,SVM,SVM,baseline,not_applicable_for_classical_model,"{""n_features"": 68, ""n_support_by_class"": [1389, 1011, 1256]}",support_vectors,3656.0,table6-valence-3class,216,3,,0.0008221172137991769,,,4364,,454,1,results/quick_v1_v2_comparison/2026-06-03_09-24-45/model_runs/2026-06-03_09-24-48/multiclass_table6_valence_3class_emotion-elicitation_2026-06-03_09-33-29/subject_loo/s_P29/baselines/SVM/model_benchmark.json,SVM,multiclass_table6_valence_3class,Table-6 Valence,results/quick_v1_v2_comparison/2026-06-03_09-24-45/model_runs/2026-06-03_09-24-48,results/quick_v1_v2_comparison/2026-06-03_09-24-45/model_runs/2026-06-03_09-24-48/multiclass_table6_valence_3class_emotion-elicitation_2026-06-03_09-33-29,,,,,,,,,,
SVM,0.5530973451327433,226,subject_loo,cpu,,3.4579161459114403,s_P30,226,0.17236837463126845,tabular_predict_proba,0.00017236837463126844,678,0.116865758,0.5360555892051955,SVM,SVM,baseline,not_applicable_for_classical_model,"{""n_features"": 68, ""n_support_by_class"": [1338, 1012, 1259]}",support_vectors,3609.0,table6-valence-3class,226,3,,0.0007991486355237902,,,4327,,481,1,results/quick_v1_v2_comparison/2026-06-03_09-24-45/model_runs/2026-06-03_09-24-48/multiclass_table6_valence_3class_emotion-elicitation_2026-06-03_09-33-29/subject_loo/s_P30/baselines/SVM/model_benchmark.json,SVM,multiclass_table6_valence_3class,Table-6 Valence,results/quick_v1_v2_comparison/2026-06-03_09-24-45/model_runs/2026-06-03_09-24-48,results/quick_v1_v2_comparison/2026-06-03_09-24-45/model_runs/2026-06-03_09-24-48/multiclass_table6_valence_3class_emotion-elicitation_2026-06-03_09-33-29,,,,,,,,,,
SVM,0.5577689243027888,251,subject_loo,cpu,,3.5301903060171753,s_P4,251,0.1737092164674635,tabular_predict_proba,0.0001737092164674635,753,0.13080304,0.5517597968069666,SVM,SVM,baseline,not_applicable_for_classical_model,"{""n_features"": 68, ""n_support_by_class"": [1397, 998, 1246]}",support_vectors,3641.0,table6-valence-3class,251,3,,0.0008107924451118914,,,4354,,429,1,results/quick_v1_v2_comparison/2026-06-03_09-24-45/model_runs/2026-06-03_09-24-48/multiclass_table6_valence_3class_emotion-elicitation_2026-06-03_09-33-29/subject_loo/s_P4/baselines/SVM/model_benchmark.json,SVM,multiclass_table6_valence_3class,Table-6 Valence,results/quick_v1_v2_comparison/2026-06-03_09-24-45/model_runs/2026-06-03_09-24-48,results/quick_v1_v2_comparison/2026-06-03_09-24-45/model_runs/2026-06-03_09-24-48/multiclass_table6_valence_3class_emotion-elicitation_2026-06-03_09-33-29,,,,,,,,,,
SVM,0.5636363636363636,275,subject_loo,cpu,,3.528162262868136,s_P5,275,0.17213338181818183,tabular_predict_proba,0.00017213338181818182,825,0.14201004,0.5512566511553927,SVM,SVM,baseline,not_applicable_for_classical_model,"{""n_features"": 68, ""n_support_by_class"": [1361, 1028, 1221]}",support_vectors,3610.0,table6-valence-3class,275,3,,0.000810699049372274,,,4352,,407,1,results/quick_v1_v2_comparison/2026-06-03_09-24-45/model_runs/2026-06-03_09-24-48/multiclass_table6_valence_3class_emotion-elicitation_2026-06-03_09-33-29/subject_loo/s_P5/baselines/SVM/model_benchmark.json,SVM,multiclass_table6_valence_3class,Table-6 Valence,results/quick_v1_v2_comparison/2026-06-03_09-24-45/model_runs/2026-06-03_09-24-48,results/quick_v1_v2_comparison/2026-06-03_09-24-45/model_runs/2026-06-03_09-24-48/multiclass_table6_valence_3class_emotion-elicitation_2026-06-03_09-33-29,,,,,,,,,,
SVM,0.6434782608695652,230,subject_loo,cpu,,3.427510326029733,s_P7,230,0.17207563623188407,tabular_predict_proba,0.00017207563623188407,690,0.118732189,0.5798920194109135,SVM,SVM,baseline,not_applicable_for_classical_model,"{""n_features"": 68, ""n_support_by_class"": [1341, 994, 1240]}",support_vectors,3575.0,table6-valence-3class,230,3,,0.0007902952100598877,,,4337,,467,1,results/quick_v1_v2_comparison/2026-06-03_09-24-45/model_runs/2026-06-03_09-24-48/multiclass_table6_valence_3class_emotion-elicitation_2026-06-03_09-33-29/subject_loo/s_P7/baselines/SVM/model_benchmark.json,SVM,multiclass_table6_valence_3class,Table-6 Valence,results/quick_v1_v2_comparison/2026-06-03_09-24-45/model_runs/2026-06-03_09-24-48,results/quick_v1_v2_comparison/2026-06-03_09-24-45/model_runs/2026-06-03_09-24-48/multiclass_table6_valence_3class_emotion-elicitation_2026-06-03_09-33-29,,,,,,,,,,
SVM,0.6255707762557078,219,subject_loo,cpu,,3.748129141982645,s_P8,219,0.17560863318112635,tabular_predict_proba,0.00017560863318112635,657,0.115374872,0.6048371531726205,SVM,SVM,baseline,not_applicable_for_classical_model,"{""n_features"": 68, ""n_support_by_class"": [1384, 1026, 1255]}",support_vectors,3665.0,table6-valence-3class,219,3,,0.0008567152324531759,,,4375,,440,1,results/quick_v1_v2_comparison/2026-06-03_09-24-45/model_runs/2026-06-03_09-24-48/multiclass_table6_valence_3class_emotion-elicitation_2026-06-03_09-33-29/subject_loo/s_P8/baselines/SVM/model_benchmark.json,SVM,multiclass_table6_valence_3class,Table-6 Valence,results/quick_v1_v2_comparison/2026-06-03_09-24-45/model_runs/2026-06-03_09-24-48,results/quick_v1_v2_comparison/2026-06-03_09-24-45/model_runs/2026-06-03_09-24-48/multiclass_table6_valence_3class_emotion-elicitation_2026-06-03_09-33-29,,,,,,,,,,
MLP,0.42916666666666664,128,subject_loo,cuda,33,1.4096467441413552,s_P1,240,0.0017165388888888888,tabular_predict_proba,1.716538888888889e-06,720,0.001235908,0.37231040564373896,MLP,MLP,baseline,torch_head,,,,table6-valence-3class,240,3,8771,0.00032676095135404616,9.901847010728671e-06,142362,4314,8771,480,1,results/quick_v1_v2_comparison/2026-06-03_09-24-45/model_runs/2026-06-03_09-24-48/multiclass_table6_valence_3class_emotion-elicitation_2026-06-03_09-33-29/subject_loo/s_P1/baselines/MLP/model_benchmark.json,MLP,multiclass_table6_valence_3class,Table-6 Valence,results/quick_v1_v2_comparison/2026-06-03_09-24-45/model_runs/2026-06-03_09-24-48,results/quick_v1_v2_comparison/2026-06-03_09-24-45/model_runs/2026-06-03_09-24-48/multiclass_table6_valence_3class_emotion-elicitation_2026-06-03_09-33-29,,,,,,,,,,
MLP,0.5720524017467249,128,subject_loo,cuda,43,1.8590243961662054,s_P10,229,0.0017425109170305677,tabular_predict_proba,1.7425109170305677e-06,687,0.001197105,0.561977558745209,MLP,MLP,baseline,torch_head,,,,table6-valence-3class,229,3,8771,0.0004260885620367191,9.909036326435329e-06,187609,4363,8771,442,1,results/quick_v1_v2_comparison/2026-06-03_09-24-45/model_runs/2026-06-03_09-24-48/multiclass_table6_valence_3class_emotion-elicitation_2026-06-03_09-33-29/subject_loo/s_P10/baselines/MLP/model_benchmark.json,MLP,multiclass_table6_valence_3class,Table-6 Valence,results/quick_v1_v2_comparison/2026-06-03_09-24-45/model_runs/2026-06-03_09-24-48,results/quick_v1_v2_comparison/2026-06-03_09-24-45/model_runs/2026-06-03_09-24-48/multiclass_table6_valence_3class_emotion-elicitation_2026-06-03_09-33-29,,,,,,,,,,
MLP,0.538135593220339,128,subject_loo,cuda,30,1.2779242191463709,s_P13,236,0.0016858870056497177,tabular_predict_proba,1.6858870056497177e-06,708,0.001193608,0.5243767305622976,MLP,MLP,baseline,torch_head,,,,table6-valence-3class,236,3,8771,0.0002941814500797355,9.806048335991182e-06,130320,4344,8771,454,1,results/quick_v1_v2_comparison/2026-06-03_09-24-45/model_runs/2026-06-03_09-24-48/multiclass_table6_valence_3class_emotion-elicitation_2026-06-03_09-33-29/subject_loo/s_P13/baselines/MLP/model_benchmark.json,MLP,multiclass_table6_valence_3class,Table-6 Valence,results/quick_v1_v2_comparison/2026-06-03_09-24-45/model_runs/2026-06-03_09-24-48,results/quick_v1_v2_comparison/2026-06-03_09-24-45/model_runs/2026-06-03_09-24-48/multiclass_table6_valence_3class_emotion-elicitation_2026-06-03_09-33-29,,,,,,,,,,
MLP,0.5806451612903226,128,subject_loo,cuda,40,1.722761806100607,s_P14,217,0.0018576466973886329,tabular_predict_proba,1.8576466973886328e-06,651,0.001209328,0.5539201539201539,MLP,MLP,baseline,torch_head,,,,table6-valence-3class,217,3,8771,0.00039676688302639495,9.919172075659875e-06,173680,4342,8771,475,1,results/quick_v1_v2_comparison/2026-06-03_09-24-45/model_runs/2026-06-03_09-24-48/multiclass_table6_valence_3class_emotion-elicitation_2026-06-03_09-33-29/subject_loo/s_P14/baselines/MLP/model_benchmark.json,MLP,multiclass_table6_valence_3class,Table-6 Valence,results/quick_v1_v2_comparison/2026-06-03_09-24-45/model_runs/2026-06-03_09-24-48,results/quick_v1_v2_comparison/2026-06-03_09-24-45/model_runs/2026-06-03_09-24-48/multiclass_table6_valence_3class_emotion-elicitation_2026-06-03_09-33-29,,,,,,,,,,
MLP,0.5181347150259067,128,subject_loo,cuda,43,1.862620190018788,s_P16,193,0.002244763385146805,tabular_predict_proba,2.244763385146805e-06,579,0.001299718,0.5163269202986036,MLP,MLP,baseline,torch_head,,,,table6-valence-3class,193,3,8771,0.00042486774407362866,9.88064521101462e-06,188512,4384,8771,457,1,results/quick_v1_v2_comparison/2026-06-03_09-24-45/model_runs/2026-06-03_09-24-48/multiclass_table6_valence_3class_emotion-elicitation_2026-06-03_09-33-29/subject_loo/s_P16/baselines/MLP/model_benchmark.json,MLP,multiclass_table6_valence_3class,Table-6 Valence,results/quick_v1_v2_comparison/2026-06-03_09-24-45/model_runs/2026-06-03_09-24-48,results/quick_v1_v2_comparison/2026-06-03_09-24-45/model_runs/2026-06-03_09-24-48/multiclass_table6_valence_3class_emotion-elicitation_2026-06-03_09-33-29,,,,,,,,,,
MLP,0.6317991631799164,128,subject_loo,cuda,37,1.629497695947066,s_P17,239,0.001697242677824268,tabular_predict_proba,1.6972426778242678e-06,717,0.001216923,0.5888205128205128,MLP,MLP,baseline,torch_head,,,,table6-valence-3class,239,3,8771,0.00037511457089020855,1.0138231645681312e-05,160728,4344,8771,451,1,results/quick_v1_v2_comparison/2026-06-03_09-24-45/model_runs/2026-06-03_09-24-48/multiclass_table6_valence_3class_emotion-elicitation_2026-06-03_09-33-29/subject_loo/s_P17/baselines/MLP/model_benchmark.json,MLP,multiclass_table6_valence_3class,Table-6 Valence,results/quick_v1_v2_comparison/2026-06-03_09-24-45/model_runs/2026-06-03_09-24-48,results/quick_v1_v2_comparison/2026-06-03_09-24-45/model_runs/2026-06-03_09-24-48/multiclass_table6_valence_3class_emotion-elicitation_2026-06-03_09-33-29,,,,,,,,,,
MLP,0.5350877192982456,128,subject_loo,cuda,21,0.9355225670151412,s_P18,228,0.0018793728070175438,tabular_predict_proba,1.8793728070175438e-06,684,0.001285491,0.5292661802831119,MLP,MLP,baseline,torch_head,,,,table6-valence-3class,228,3,8771,0.00021442185812861362,1.0210564672791124e-05,91623,4363,8771,443,1,results/quick_v1_v2_comparison/2026-06-03_09-24-45/model_runs/2026-06-03_09-24-48/multiclass_table6_valence_3class_emotion-elicitation_2026-06-03_09-33-29/subject_loo/s_P18/baselines/MLP/model_benchmark.json,MLP,multiclass_table6_valence_3class,Table-6 Valence,results/quick_v1_v2_comparison/2026-06-03_09-24-45/model_runs/2026-06-03_09-24-48,results/quick_v1_v2_comparison/2026-06-03_09-24-45/model_runs/2026-06-03_09-24-48/multiclass_table6_valence_3class_emotion-elicitation_2026-06-03_09-33-29,,,,,,,,,,
MLP,0.5589519650655022,128,subject_loo,cuda,21,0.8965271050110459,s_P19,229,0.0017333231441048038,tabular_predict_proba,1.7333231441048037e-06,687,0.001190793,0.5478868110447058,MLP,MLP,baseline,torch_head,,,,table6-valence-3class,229,3,8771,0.00020662067412100622,9.839079720047915e-06,91119,4339,8771,466,1,results/quick_v1_v2_comparison/2026-06-03_09-24-45/model_runs/2026-06-03_09-24-48/multiclass_table6_valence_3class_emotion-elicitation_2026-06-03_09-33-29/subject_loo/s_P19/baselines/MLP/model_benchmark.json,MLP,multiclass_table6_valence_3class,Table-6 Valence,results/quick_v1_v2_comparison/2026-06-03_09-24-45/model_runs/2026-06-03_09-24-48,results/quick_v1_v2_comparison/2026-06-03_09-24-45/model_runs/2026-06-03_09-24-48/multiclass_table6_valence_3class_emotion-elicitation_2026-06-03_09-33-29,,,,,,,,,,
MLP,0.5809128630705395,128,subject_loo,cuda,32,1.376459286082536,s_P2,241,0.001673484094052559,tabular_predict_proba,1.6734840940525589e-06,723,0.001209929,0.5546916166271005,MLP,MLP,baseline,torch_head,,,,table6-valence-3class,241,3,8771,0.00031730273999136375,9.915710624730117e-06,138816,4338,8771,455,1,results/quick_v1_v2_comparison/2026-06-03_09-24-45/model_runs/2026-06-03_09-24-48/multiclass_table6_valence_3class_emotion-elicitation_2026-06-03_09-33-29/subject_loo/s_P2/baselines/MLP/model_benchmark.json,MLP,multiclass_table6_valence_3class,Table-6 Valence,results/quick_v1_v2_comparison/2026-06-03_09-24-45/model_runs/2026-06-03_09-24-48,results/quick_v1_v2_comparison/2026-06-03_09-24-45/model_runs/2026-06-03_09-24-48/multiclass_table6_valence_3class_emotion-elicitation_2026-06-03_09-33-29,,,,,,,,,,
MLP,0.5221238938053098,128,subject_loo,cuda,17,0.7615563180297613,s_P20,226,0.0017375206489675518,tabular_predict_proba,1.7375206489675518e-06,678,0.001178039,0.5122782963314525,MLP,MLP,baseline,torch_head,,,,table6-valence-3class,226,3,8771,0.00017446880138138863,1.0262870669493448e-05,74205,4365,8771,443,1,results/quick_v1_v2_comparison/2026-06-03_09-24-45/model_runs/2026-06-03_09-24-48/multiclass_table6_valence_3class_emotion-elicitation_2026-06-03_09-33-29/subject_loo/s_P20/baselines/MLP/model_benchmark.json,MLP,multiclass_table6_valence_3class,Table-6 Valence,results/quick_v1_v2_comparison/2026-06-03_09-24-45/model_runs/2026-06-03_09-24-48,results/quick_v1_v2_comparison/2026-06-03_09-24-45/model_runs/2026-06-03_09-24-48/multiclass_table6_valence_3class_emotion-elicitation_2026-06-03_09-33-29,,,,,,,,,,
MLP,0.5707762557077626,128,subject_loo,cuda,38,1.6524208621121943,s_P21,219,0.0018133698630136985,tabular_predict_proba,1.8133698630136986e-06,657,0.001191384,0.5291244476868621,MLP,MLP,baseline,torch_head,,,,table6-valence-3class,219,3,8771,0.00037786893713976543,9.943919398414881e-06,166174,4373,8771,442,1,results/quick_v1_v2_comparison/2026-06-03_09-24-45/model_runs/2026-06-03_09-24-48/multiclass_table6_valence_3class_emotion-elicitation_2026-06-03_09-33-29/subject_loo/s_P21/baselines/MLP/model_benchmark.json,MLP,multiclass_table6_valence_3class,Table-6 Valence,results/quick_v1_v2_comparison/2026-06-03_09-24-45/model_runs/2026-06-03_09-24-48,results/quick_v1_v2_comparison/2026-06-03_09-24-45/model_runs/2026-06-03_09-24-48/multiclass_table6_valence_3class_emotion-elicitation_2026-06-03_09-33-29,,,,,,,,,,
MLP,0.5747663551401869,128,subject_loo,cuda,17,0.7424139340873808,s_P22,214,0.0018563177570093457,tabular_predict_proba,1.8563177570093458e-06,642,0.001191756,0.5607193400296849,MLP,MLP,baseline,torch_head,,,,table6-valence-3class,214,3,8771,0.0001711419857278425,1.0067175631049558e-05,73746,4338,8771,482,1,results/quick_v1_v2_comparison/2026-06-03_09-24-45/model_runs/2026-06-03_09-24-48/multiclass_table6_valence_3class_emotion-elicitation_2026-06-03_09-33-29/subject_loo/s_P22/baselines/MLP/model_benchmark.json,MLP,multiclass_table6_valence_3class,Table-6 Valence,results/quick_v1_v2_comparison/2026-06-03_09-24-45/model_runs/2026-06-03_09-24-48,results/quick_v1_v2_comparison/2026-06-03_09-24-45/model_runs/2026-06-03_09-24-48/multiclass_table6_valence_3class_emotion-elicitation_2026-06-03_09-33-29,,,,,,,,,,
MLP,0.5708333333333333,128,subject_loo,cuda,17,0.7609575141686946,s_P23,240,0.0016499569444444445,tabular_predict_proba,1.6499569444444445e-06,720,0.001187969,0.5474807221727714,MLP,MLP,baseline,torch_head,,,,table6-valence-3class,240,3,8771,0.00017345737728942208,1.0203375134671887e-05,74579,4387,8771,407,1,results/quick_v1_v2_comparison/2026-06-03_09-24-45/model_runs/2026-06-03_09-24-48/multiclass_table6_valence_3class_emotion-elicitation_2026-06-03_09-33-29/subject_loo/s_P23/baselines/MLP/model_benchmark.json,MLP,multiclass_table6_valence_3class,Table-6 Valence,results/quick_v1_v2_comparison/2026-06-03_09-24-45/model_runs/2026-06-03_09-24-48,results/quick_v1_v2_comparison/2026-06-03_09-24-45/model_runs/2026-06-03_09-24-48/multiclass_table6_valence_3class_emotion-elicitation_2026-06-03_09-33-29,,,,,,,,,,
MLP,0.35064935064935066,128,subject_loo,cuda,38,1.6485620641615242,s_P24,231,0.00172284126984127,tabular_predict_proba,1.7228412698412699e-06,693,0.001193929,0.24102072164696095,MLP,MLP,baseline,torch_head,,,,table6-valence-3class,231,3,8771,0.0003786316178597897,9.963989943678674e-06,165452,4354,8771,449,1,results/quick_v1_v2_comparison/2026-06-03_09-24-45/model_runs/2026-06-03_09-24-48/multiclass_table6_valence_3class_emotion-elicitation_2026-06-03_09-33-29/subject_loo/s_P24/baselines/MLP/model_benchmark.json,MLP,multiclass_table6_valence_3class,Table-6 Valence,results/quick_v1_v2_comparison/2026-06-03_09-24-45/model_runs/2026-06-03_09-24-48,results/quick_v1_v2_comparison/2026-06-03_09-24-45/model_runs/2026-06-03_09-24-48/multiclass_table6_valence_3class_emotion-elicitation_2026-06-03_09-33-29,,,,,,,,,,
MLP,0.5336322869955157,128,subject_loo,cuda,33,1.4243251259904355,s_P27,223,0.0017903991031390134,tabular_predict_proba,1.7903991031390134e-06,669,0.001197777,0.48370408833282513,MLP,MLP,baseline,torch_head,,,,table6-valence-3class,223,3,8771,0.0003278078540829541,9.933571335847093e-06,143385,4345,8771,466,1,results/quick_v1_v2_comparison/2026-06-03_09-24-45/model_runs/2026-06-03_09-24-48/multiclass_table6_valence_3class_emotion-elicitation_2026-06-03_09-33-29/subject_loo/s_P27/baselines/MLP/model_benchmark.json,MLP,multiclass_table6_valence_3class,Table-6 Valence,results/quick_v1_v2_comparison/2026-06-03_09-24-45/model_runs/2026-06-03_09-24-48,results/quick_v1_v2_comparison/2026-06-03_09-24-45/model_runs/2026-06-03_09-24-48/multiclass_table6_valence_3class_emotion-elicitation_2026-06-03_09-33-29,,,,,,,,,,
MLP,0.6179245283018868,128,subject_loo,cuda,60,2.596598321804777,s_P28,212,0.0018880691823899374,tabular_predict_proba,1.8880691823899373e-06,636,0.001200812,0.5886449395050289,MLP,MLP,baseline,torch_head,,,,table6-valence-3class,212,3,8771,0.0005959601381236578,9.932668968727629e-06,261420,4357,8771,465,1,results/quick_v1_v2_comparison/2026-06-03_09-24-45/model_runs/2026-06-03_09-24-48/multiclass_table6_valence_3class_emotion-elicitation_2026-06-03_09-33-29/subject_loo/s_P28/baselines/MLP/model_benchmark.json,MLP,multiclass_table6_valence_3class,Table-6 Valence,results/quick_v1_v2_comparison/2026-06-03_09-24-45/model_runs/2026-06-03_09-24-48,results/quick_v1_v2_comparison/2026-06-03_09-24-45/model_runs/2026-06-03_09-24-48/multiclass_table6_valence_3class_emotion-elicitation_2026-06-03_09-33-29,,,,,,,,,,
MLP,0.6018518518518519,128,subject_loo,cuda,45,1.927251465851441,s_P29,216,0.0019063842592592594,tabular_predict_proba,1.9063842592592593e-06,648,0.001235337,0.5498278727445394,MLP,MLP,baseline,torch_head,,,,table6-valence-3class,216,3,8771,0.0004416249921749407,9.813888714998681e-06,196380,4364,8771,454,1,results/quick_v1_v2_comparison/2026-06-03_09-24-45/model_runs/2026-06-03_09-24-48/multiclass_table6_valence_3class_emotion-elicitation_2026-06-03_09-33-29/subject_loo/s_P29/baselines/MLP/model_benchmark.json,MLP,multiclass_table6_valence_3class,Table-6 Valence,results/quick_v1_v2_comparison/2026-06-03_09-24-45/model_runs/2026-06-03_09-24-48,results/quick_v1_v2_comparison/2026-06-03_09-24-45/model_runs/2026-06-03_09-24-48/multiclass_table6_valence_3class_emotion-elicitation_2026-06-03_09-33-29,,,,,,,,,,
MLP,0.6106194690265486,128,subject_loo,cuda,17,0.7198180709965527,s_P30,226,0.0017580766961651916,tabular_predict_proba,1.7580766961651917e-06,678,0.001191976,0.6053871009114341,MLP,MLP,baseline,torch_head,,,,table6-valence-3class,226,3,8771,0.00016635499676370528,9.78558804492384e-06,73559,4327,8771,481,1,results/quick_v1_v2_comparison/2026-06-03_09-24-45/model_runs/2026-06-03_09-24-48/multiclass_table6_valence_3class_emotion-elicitation_2026-06-03_09-33-29/subject_loo/s_P30/baselines/MLP/model_benchmark.json,MLP,multiclass_table6_valence_3class,Table-6 Valence,results/quick_v1_v2_comparison/2026-06-03_09-24-45/model_runs/2026-06-03_09-24-48,results/quick_v1_v2_comparison/2026-06-03_09-24-45/model_runs/2026-06-03_09-24-48/multiclass_table6_valence_3class_emotion-elicitation_2026-06-03_09-33-29,,,,,,,,,,
MLP,0.49800796812749004,128,subject_loo,cuda,37,1.5766810609493405,s_P4,251,0.0016063333333333333,tabular_predict_proba,1.6063333333333334e-06,753,0.001209569,0.4902905216270432,MLP,MLP,baseline,torch_head,,,,table6-valence-3class,251,3,8771,0.00036212243016751043,9.787092707230012e-06,161098,4354,8771,429,1,results/quick_v1_v2_comparison/2026-06-03_09-24-45/model_runs/2026-06-03_09-24-48/multiclass_table6_valence_3class_emotion-elicitation_2026-06-03_09-33-29/subject_loo/s_P4/baselines/MLP/model_benchmark.json,MLP,multiclass_table6_valence_3class,Table-6 Valence,results/quick_v1_v2_comparison/2026-06-03_09-24-45/model_runs/2026-06-03_09-24-48,results/quick_v1_v2_comparison/2026-06-03_09-24-45/model_runs/2026-06-03_09-24-48/multiclass_table6_valence_3class_emotion-elicitation_2026-06-03_09-33-29,,,,,,,,,,
MLP,0.5345454545454545,128,subject_loo,cuda,18,0.7753894540946931,s_P5,275,0.0014884278787878787,tabular_predict_proba,1.4884278787878786e-06,825,0.001227953,0.5162329436188358,MLP,MLP,baseline,torch_head,,,,table6-valence-3class,275,3,8771,0.000178168532650435,9.898251813913055e-06,78336,4352,8771,407,1,results/quick_v1_v2_comparison/2026-06-03_09-24-45/model_runs/2026-06-03_09-24-48/multiclass_table6_valence_3class_emotion-elicitation_2026-06-03_09-33-29/subject_loo/s_P5/baselines/MLP/model_benchmark.json,MLP,multiclass_table6_valence_3class,Table-6 Valence,results/quick_v1_v2_comparison/2026-06-03_09-24-45/model_runs/2026-06-03_09-24-48,results/quick_v1_v2_comparison/2026-06-03_09-24-45/model_runs/2026-06-03_09-24-48/multiclass_table6_valence_3class_emotion-elicitation_2026-06-03_09-33-29,,,,,,,,,,
MLP,0.6,128,subject_loo,cuda,16,0.7001330489292741,s_P7,230,0.0017252942028985507,tabular_predict_proba,1.7252942028985507e-06,690,0.001190453,0.524455875317653,MLP,MLP,baseline,torch_head,,,,table6-valence-3class,230,3,8771,0.00016143256834892186,1.0089535521807616e-05,69392,4337,8771,467,1,results/quick_v1_v2_comparison/2026-06-03_09-24-45/model_runs/2026-06-03_09-24-48/multiclass_table6_valence_3class_emotion-elicitation_2026-06-03_09-33-29/subject_loo/s_P7/baselines/MLP/model_benchmark.json,MLP,multiclass_table6_valence_3class,Table-6 Valence,results/quick_v1_v2_comparison/2026-06-03_09-24-45/model_runs/2026-06-03_09-24-48,results/quick_v1_v2_comparison/2026-06-03_09-24-45/model_runs/2026-06-03_09-24-48/multiclass_table6_valence_3class_emotion-elicitation_2026-06-03_09-33-29,,,,,,,,,,
MLP,0.5981735159817352,128,subject_loo,cuda,25,1.1004999850410968,s_P8,219,0.0018695951293759515,tabular_predict_proba,1.8695951293759514e-06,657,0.001228324,0.5715009170293723,MLP,MLP,baseline,torch_head,,,,table6-valence-3class,219,3,8771,0.00025154285372367926,1.0061714148947172e-05,109375,4375,8771,440,1,results/quick_v1_v2_comparison/2026-06-03_09-24-45/model_runs/2026-06-03_09-24-48/multiclass_table6_valence_3class_emotion-elicitation_2026-06-03_09-33-29/subject_loo/s_P8/baselines/MLP/model_benchmark.json,MLP,multiclass_table6_valence_3class,Table-6 Valence,results/quick_v1_v2_comparison/2026-06-03_09-24-45/model_runs/2026-06-03_09-24-48,results/quick_v1_v2_comparison/2026-06-03_09-24-45/model_runs/2026-06-03_09-24-48/multiclass_table6_valence_3class_emotion-elicitation_2026-06-03_09-33-29,,,,,,,,,,
GazeMAE_MLP,0.55,128,subject_loo,cuda,20,0.9580532552208751,s_P1,240,0.0014201916666666667,cached_gazemae_embedding_mlp_head_predict_proba,1.4201916666666666e-06,720,0.001022538,0.5162393162393162,GazeMAE_MLP,GazeMAE_MLP,baseline,frozen_gazemae_encoders_plus_trainable_mlp_head,,,,table6-valence-3class,240,3,2119063,0.00022208003134466275,1.1104001567233138e-05,86280,4314,82563,480,1,results/quick_v1_v2_comparison/2026-06-03_09-24-45/model_runs/2026-06-03_09-24-48/multiclass_table6_valence_3class_emotion-elicitation_2026-06-03_09-33-29/subject_loo/s_P1/baselines/GazeMAE_MLP/model_benchmark.json,GazeMAE_MLP,multiclass_table6_valence_3class,Table-6 Valence,results/quick_v1_v2_comparison/2026-06-03_09-24-45/model_runs/2026-06-03_09-24-48,results/quick_v1_v2_comparison/2026-06-03_09-24-45/model_runs/2026-06-03_09-24-48/multiclass_table6_valence_3class_emotion-elicitation_2026-06-03_09-33-29,5.0,2.5292936458333335,synthetic_gazemae_encoder_pooling_head_forward,0.0025292936458333336,48.0,0.121406095,16.0,2036500.0,82563.0,
GazeMAE_MLP,0.5458515283842795,128,subject_loo,cuda,28,1.4339504388626665,s_P10,229,0.001437528384279476,cached_gazemae_embedding_mlp_head_predict_proba,1.437528384279476e-06,687,0.000987582,0.5345633044666639,GazeMAE_MLP,GazeMAE_MLP,baseline,frozen_gazemae_encoders_plus_trainable_mlp_head,,,,table6-valence-3class,229,3,2119063,0.000328661572051952,1.1737913287569714e-05,122164,4363,82563,442,1,results/quick_v1_v2_comparison/2026-06-03_09-24-45/model_runs/2026-06-03_09-24-48/multiclass_table6_valence_3class_emotion-elicitation_2026-06-03_09-33-29/subject_loo/s_P10/baselines/GazeMAE_MLP/model_benchmark.json,GazeMAE_MLP,multiclass_table6_valence_3class,Table-6 Valence,results/quick_v1_v2_comparison/2026-06-03_09-24-45/model_runs/2026-06-03_09-24-48,results/quick_v1_v2_comparison/2026-06-03_09-24-45/model_runs/2026-06-03_09-24-48/multiclass_table6_valence_3class_emotion-elicitation_2026-06-03_09-33-29,5.0,2.493319291666667,synthetic_gazemae_encoder_pooling_head_forward,0.002493319291666667,48.0,0.119679326,16.0,2036500.0,82563.0,
GazeMAE_MLP,0.5550847457627118,128,subject_loo,cuda,25,1.1976705819834024,s_P13,236,0.0013580974576271187,cached_gazemae_embedding_mlp_head_predict_proba,1.3580974576271186e-06,708,0.000961533,0.5509083669304664,GazeMAE_MLP,GazeMAE_MLP,baseline,frozen_gazemae_encoders_plus_trainable_mlp_head,,,,table6-valence-3class,236,3,2119063,0.0002757068558893652,1.1028274235574607e-05,108600,4344,82563,454,1,results/quick_v1_v2_comparison/2026-06-03_09-24-45/model_runs/2026-06-03_09-24-48/multiclass_table6_valence_3class_emotion-elicitation_2026-06-03_09-33-29/subject_loo/s_P13/baselines/GazeMAE_MLP/model_benchmark.json,GazeMAE_MLP,multiclass_table6_valence_3class,Table-6 Valence,results/quick_v1_v2_comparison/2026-06-03_09-24-45/model_runs/2026-06-03_09-24-48,results/quick_v1_v2_comparison/2026-06-03_09-24-45/model_runs/2026-06-03_09-24-48/multiclass_table6_valence_3class_emotion-elicitation_2026-06-03_09-33-29,5.0,2.536886,synthetic_gazemae_encoder_pooling_head_forward,0.002536886,48.0,0.121770528,16.0,2036500.0,82563.0,
GazeMAE_MLP,0.5391705069124424,128,subject_loo,cuda,18,0.8839704231359065,s_P14,217,0.0014725622119815668,cached_gazemae_embedding_mlp_head_predict_proba,1.472562211981567e-06,651,0.000958638,0.539983756796739,GazeMAE_MLP,GazeMAE_MLP,baseline,frozen_gazemae_encoders_plus_trainable_mlp_head,,,,table6-valence-3class,217,3,2119063,0.00020358600256469519,1.1310333475816399e-05,78156,4342,82563,475,1,results/quick_v1_v2_comparison/2026-06-03_09-24-45/model_runs/2026-06-03_09-24-48/multiclass_table6_valence_3class_emotion-elicitation_2026-06-03_09-33-29/subject_loo/s_P14/baselines/GazeMAE_MLP/model_benchmark.json,GazeMAE_MLP,multiclass_table6_valence_3class,Table-6 Valence,results/quick_v1_v2_comparison/2026-06-03_09-24-45/model_runs/2026-06-03_09-24-48,results/quick_v1_v2_comparison/2026-06-03_09-24-45/model_runs/2026-06-03_09-24-48/multiclass_table6_valence_3class_emotion-elicitation_2026-06-03_09-33-29,5.0,2.5419563541666665,synthetic_gazemae_encoder_pooling_head_forward,0.0025419563541666666,48.0,0.122013905,16.0,2036500.0,82563.0,
GazeMAE_MLP,0.6010362694300518,128,subject_loo,cuda,28,1.4027437870390713,s_P16,193,0.0016311070811744386,cached_gazemae_embedding_mlp_head_predict_proba,1.6311070811744387e-06,579,0.000944411,0.5903013895984669,GazeMAE_MLP,GazeMAE_MLP,baseline,frozen_gazemae_encoders_plus_trainable_mlp_head,,,,table6-valence-3class,193,3,2119063,0.0003199689295253356,1.1427461768761985e-05,122752,4384,82563,457,1,results/quick_v1_v2_comparison/2026-06-03_09-24-45/model_runs/2026-06-03_09-24-48/multiclass_table6_valence_3class_emotion-elicitation_2026-06-03_09-33-29/subject_loo/s_P16/baselines/GazeMAE_MLP/model_benchmark.json,GazeMAE_MLP,multiclass_table6_valence_3class,Table-6 Valence,results/quick_v1_v2_comparison/2026-06-03_09-24-45/model_runs/2026-06-03_09-24-48,results/quick_v1_v2_comparison/2026-06-03_09-24-45/model_runs/2026-06-03_09-24-48/multiclass_table6_valence_3class_emotion-elicitation_2026-06-03_09-33-29,5.0,2.5523606458333337,synthetic_gazemae_encoder_pooling_head_forward,0.0025523606458333335,48.0,0.122513311,16.0,2036500.0,82563.0,
GazeMAE_MLP,0.6108786610878661,128,subject_loo,cuda,27,1.4191410019993782,s_P17,239,0.0014077308228730822,cached_gazemae_embedding_mlp_head_predict_proba,1.4077308228730823e-06,717,0.001009343,0.5763709894382393,GazeMAE_MLP,GazeMAE_MLP,baseline,frozen_gazemae_encoders_plus_trainable_mlp_head,,,,table6-valence-3class,239,3,2119063,0.0003266899175873338,1.209962657730866e-05,117288,4344,82563,451,1,results/quick_v1_v2_comparison/2026-06-03_09-24-45/model_runs/2026-06-03_09-24-48/multiclass_table6_valence_3class_emotion-elicitation_2026-06-03_09-33-29/subject_loo/s_P17/baselines/GazeMAE_MLP/model_benchmark.json,GazeMAE_MLP,multiclass_table6_valence_3class,Table-6 Valence,results/quick_v1_v2_comparison/2026-06-03_09-24-45/model_runs/2026-06-03_09-24-48,results/quick_v1_v2_comparison/2026-06-03_09-24-45/model_runs/2026-06-03_09-24-48/multiclass_table6_valence_3class_emotion-elicitation_2026-06-03_09-33-29,5.0,2.4941239166666667,synthetic_gazemae_encoder_pooling_head_forward,0.0024941239166666666,48.0,0.119717948,16.0,2036500.0,82563.0,
GazeMAE_MLP,0.5131578947368421,128,subject_loo,cuda,23,1.1336908990051597,s_P18,228,0.0013965380116959065,cached_gazemae_embedding_mlp_head_predict_proba,1.3965380116959064e-06,684,0.000955232,0.5062190738142885,GazeMAE_MLP,GazeMAE_MLP,baseline,frozen_gazemae_encoders_plus_trainable_mlp_head,,,,table6-valence-3class,228,3,2119063,0.0002598420579888058,1.1297480782121992e-05,100349,4363,82563,443,1,results/quick_v1_v2_comparison/2026-06-03_09-24-45/model_runs/2026-06-03_09-24-48/multiclass_table6_valence_3class_emotion-elicitation_2026-06-03_09-33-29/subject_loo/s_P18/baselines/GazeMAE_MLP/model_benchmark.json,GazeMAE_MLP,multiclass_table6_valence_3class,Table-6 Valence,results/quick_v1_v2_comparison/2026-06-03_09-24-45/model_runs/2026-06-03_09-24-48,results/quick_v1_v2_comparison/2026-06-03_09-24-45/model_runs/2026-06-03_09-24-48/multiclass_table6_valence_3class_emotion-elicitation_2026-06-03_09-33-29,5.0,2.5897747916666667,synthetic_gazemae_encoder_pooling_head_forward,0.0025897747916666667,48.0,0.12430919,16.0,2036500.0,82563.0,
GazeMAE_MLP,0.5283842794759825,128,subject_loo,cuda,18,0.8643902170006186,s_P19,229,0.0013902212518195052,cached_gazemae_embedding_mlp_head_predict_proba,1.3902212518195052e-06,687,0.000955082,0.5270505083136322,GazeMAE_MLP,GazeMAE_MLP,baseline,frozen_gazemae_encoders_plus_trainable_mlp_head,,,,table6-valence-3class,229,3,2119063,0.00019921415464406973,1.1067453035781652e-05,78102,4339,82563,466,1,results/quick_v1_v2_comparison/2026-06-03_09-24-45/model_runs/2026-06-03_09-24-48/multiclass_table6_valence_3class_emotion-elicitation_2026-06-03_09-33-29/subject_loo/s_P19/baselines/GazeMAE_MLP/model_benchmark.json,GazeMAE_MLP,multiclass_table6_valence_3class,Table-6 Valence,results/quick_v1_v2_comparison/2026-06-03_09-24-45/model_runs/2026-06-03_09-24-48,results/quick_v1_v2_comparison/2026-06-03_09-24-45/model_runs/2026-06-03_09-24-48/multiclass_table6_valence_3class_emotion-elicitation_2026-06-03_09-33-29,5.0,2.5736078124999997,synthetic_gazemae_encoder_pooling_head_forward,0.0025736078125,48.0,0.123533175,16.0,2036500.0,82563.0,
GazeMAE_MLP,0.5643153526970954,128,subject_loo,cuda,28,1.3607838251627982,s_P2,241,0.0013195712309820194,cached_gazemae_embedding_mlp_head_predict_proba,1.3195712309820194e-06,723,0.00095405,0.5385297007800386,GazeMAE_MLP,GazeMAE_MLP,baseline,frozen_gazemae_encoders_plus_trainable_mlp_head,,,,table6-valence-3class,241,3,2119063,0.0003136892174188101,1.1203186336386075e-05,121464,4338,82563,455,1,results/quick_v1_v2_comparison/2026-06-03_09-24-45/model_runs/2026-06-03_09-24-48/multiclass_table6_valence_3class_emotion-elicitation_2026-06-03_09-33-29/subject_loo/s_P2/baselines/GazeMAE_MLP/model_benchmark.json,GazeMAE_MLP,multiclass_table6_valence_3class,Table-6 Valence,results/quick_v1_v2_comparison/2026-06-03_09-24-45/model_runs/2026-06-03_09-24-48,results/quick_v1_v2_comparison/2026-06-03_09-24-45/model_runs/2026-06-03_09-24-48/multiclass_table6_valence_3class_emotion-elicitation_2026-06-03_09-33-29,5.0,2.5699265,synthetic_gazemae_encoder_pooling_head_forward,0.0025699265,48.0,0.123356472,16.0,2036500.0,82563.0,
GazeMAE_MLP,0.588495575221239,128,subject_loo,cuda,17,0.8144589641597122,s_P20,226,0.0014125899705014749,cached_gazemae_embedding_mlp_head_predict_proba,1.412589970501475e-06,678,0.000957736,0.5745116528459568,GazeMAE_MLP,GazeMAE_MLP,baseline,frozen_gazemae_encoders_plus_trainable_mlp_head,,,,table6-valence-3class,226,3,2119063,0.0001865885370354438,1.0975796296202577e-05,74205,4365,82563,443,1,results/quick_v1_v2_comparison/2026-06-03_09-24-45/model_runs/2026-06-03_09-24-48/multiclass_table6_valence_3class_emotion-elicitation_2026-06-03_09-33-29/subject_loo/s_P20/baselines/GazeMAE_MLP/model_benchmark.json,GazeMAE_MLP,multiclass_table6_valence_3class,Table-6 Valence,results/quick_v1_v2_comparison/2026-06-03_09-24-45/model_runs/2026-06-03_09-24-48,results/quick_v1_v2_comparison/2026-06-03_09-24-45/model_runs/2026-06-03_09-24-48/multiclass_table6_valence_3class_emotion-elicitation_2026-06-03_09-33-29,5.0,2.5073015625,synthetic_gazemae_encoder_pooling_head_forward,0.0025073015625,48.0,0.120350475,16.0,2036500.0,82563.0,
GazeMAE_MLP,0.589041095890411,128,subject_loo,cuda,23,1.136651422828436,s_P21,219,0.0014215692541856926,cached_gazemae_embedding_mlp_head_predict_proba,1.4215692541856926e-06,657,0.000933971,0.580739541337659,GazeMAE_MLP,GazeMAE_MLP,baseline,frozen_gazemae_encoders_plus_trainable_mlp_head,,,,table6-valence-3class,219,3,2119063,0.0002599248622978358,1.130108096947112e-05,100579,4373,82563,442,1,results/quick_v1_v2_comparison/2026-06-03_09-24-45/model_runs/2026-06-03_09-24-48/multiclass_table6_valence_3class_emotion-elicitation_2026-06-03_09-33-29/subject_loo/s_P21/baselines/GazeMAE_MLP/model_benchmark.json,GazeMAE_MLP,multiclass_table6_valence_3class,Table-6 Valence,results/quick_v1_v2_comparison/2026-06-03_09-24-45/model_runs/2026-06-03_09-24-48,results/quick_v1_v2_comparison/2026-06-03_09-24-45/model_runs/2026-06-03_09-24-48/multiclass_table6_valence_3class_emotion-elicitation_2026-06-03_09-33-29,5.0,2.5095086041666663,synthetic_gazemae_encoder_pooling_head_forward,0.0025095086041666665,48.0,0.120456413,16.0,2036500.0,82563.0,
GazeMAE_MLP,0.4392523364485981,128,subject_loo,cuda,16,0.7628196468576789,s_P22,214,0.0014680031152647975,cached_gazemae_embedding_mlp_head_predict_proba,1.4680031152647975e-06,642,0.000942458,0.3878762243752428,GazeMAE_MLP,GazeMAE_MLP,baseline,frozen_gazemae_encoders_plus_trainable_mlp_head,,,,table6-valence-3class,214,3,2119063,0.0001758459305803778,1.0990370661273613e-05,69408,4338,82563,482,1,results/quick_v1_v2_comparison/2026-06-03_09-24-45/model_runs/2026-06-03_09-24-48/multiclass_table6_valence_3class_emotion-elicitation_2026-06-03_09-33-29/subject_loo/s_P22/baselines/GazeMAE_MLP/model_benchmark.json,GazeMAE_MLP,multiclass_table6_valence_3class,Table-6 Valence,results/quick_v1_v2_comparison/2026-06-03_09-24-45/model_runs/2026-06-03_09-24-48,results/quick_v1_v2_comparison/2026-06-03_09-24-45/model_runs/2026-06-03_09-24-48/multiclass_table6_valence_3class_emotion-elicitation_2026-06-03_09-33-29,5.0,2.528004979166667,synthetic_gazemae_encoder_pooling_head_forward,0.002528004979166667,48.0,0.121344239,16.0,2036500.0,82563.0,
GazeMAE_MLP,0.625,128,subject_loo,cuda,19,0.9062332899775356,s_P23,240,0.001326376388888889,cached_gazemae_embedding_mlp_head_predict_proba,1.3263763888888889e-06,720,0.000954991,0.6045971721773514,GazeMAE_MLP,GazeMAE_MLP,baseline,frozen_gazemae_encoders_plus_trainable_mlp_head,,,,table6-valence-3class,240,3,2119063,0.00020657243901926956,1.0872233632593136e-05,83353,4387,82563,407,1,results/quick_v1_v2_comparison/2026-06-03_09-24-45/model_runs/2026-06-03_09-24-48/multiclass_table6_valence_3class_emotion-elicitation_2026-06-03_09-33-29/subject_loo/s_P23/baselines/GazeMAE_MLP/model_benchmark.json,GazeMAE_MLP,multiclass_table6_valence_3class,Table-6 Valence,results/quick_v1_v2_comparison/2026-06-03_09-24-45/model_runs/2026-06-03_09-24-48,results/quick_v1_v2_comparison/2026-06-03_09-24-45/model_runs/2026-06-03_09-24-48/multiclass_table6_valence_3class_emotion-elicitation_2026-06-03_09-33-29,5.0,2.5233426875,synthetic_gazemae_encoder_pooling_head_forward,0.0025233426875,48.0,0.121120449,16.0,2036500.0,82563.0,
GazeMAE_MLP,0.3593073593073593,128,subject_loo,cuda,34,1.6568167069926858,s_P24,231,0.0013955757575757576,cached_gazemae_embedding_mlp_head_predict_proba,1.3955757575757576e-06,693,0.000967134,0.3157246403792928,GazeMAE_MLP,GazeMAE_MLP,baseline,frozen_gazemae_encoders_plus_trainable_mlp_head,,,,table6-valence-3class,231,3,2119063,0.00038052749356745196,1.1191985104925057e-05,148036,4354,82563,449,1,results/quick_v1_v2_comparison/2026-06-03_09-24-45/model_runs/2026-06-03_09-24-48/multiclass_table6_valence_3class_emotion-elicitation_2026-06-03_09-33-29/subject_loo/s_P24/baselines/GazeMAE_MLP/model_benchmark.json,GazeMAE_MLP,multiclass_table6_valence_3class,Table-6 Valence,results/quick_v1_v2_comparison/2026-06-03_09-24-45/model_runs/2026-06-03_09-24-48,results/quick_v1_v2_comparison/2026-06-03_09-24-45/model_runs/2026-06-03_09-24-48/multiclass_table6_valence_3class_emotion-elicitation_2026-06-03_09-33-29,5.0,2.5124223958333336,synthetic_gazemae_encoder_pooling_head_forward,0.0025124223958333334,48.0,0.120596275,16.0,2036500.0,82563.0,
GazeMAE_MLP,0.6278026905829597,128,subject_loo,cuda,23,1.081033051945269,s_P27,223,0.0014104633781763826,cached_gazemae_embedding_mlp_head_predict_proba,1.4104633781763826e-06,669,0.0009436,0.591563043684887,GazeMAE_MLP,GazeMAE_MLP,baseline,frozen_gazemae_encoders_plus_trainable_mlp_head,,,,table6-valence-3class,223,3,2119063,0.000248799321506391,1.0817361804625698e-05,99935,4345,82563,466,1,results/quick_v1_v2_comparison/2026-06-03_09-24-45/model_runs/2026-06-03_09-24-48/multiclass_table6_valence_3class_emotion-elicitation_2026-06-03_09-33-29/subject_loo/s_P27/baselines/GazeMAE_MLP/model_benchmark.json,GazeMAE_MLP,multiclass_table6_valence_3class,Table-6 Valence,results/quick_v1_v2_comparison/2026-06-03_09-24-45/model_runs/2026-06-03_09-24-48,results/quick_v1_v2_comparison/2026-06-03_09-24-45/model_runs/2026-06-03_09-24-48/multiclass_table6_valence_3class_emotion-elicitation_2026-06-03_09-33-29,5.0,2.52372925,synthetic_gazemae_encoder_pooling_head_forward,0.00252372925,48.0,0.121139004,16.0,2036500.0,82563.0,
GazeMAE_MLP,0.6509433962264151,128,subject_loo,cuda,24,1.1579430168494582,s_P28,212,0.001530559748427673,cached_gazemae_embedding_mlp_head_predict_proba,1.530559748427673e-06,636,0.000973436,0.6326483401555606,GazeMAE_MLP,GazeMAE_MLP,baseline,frozen_gazemae_encoders_plus_trainable_mlp_head,,,,table6-valence-3class,212,3,2119063,0.0002657661273466739,1.1073588639444746e-05,104568,4357,82563,465,1,results/quick_v1_v2_comparison/2026-06-03_09-24-45/model_runs/2026-06-03_09-24-48/multiclass_table6_valence_3class_emotion-elicitation_2026-06-03_09-33-29/subject_loo/s_P28/baselines/GazeMAE_MLP/model_benchmark.json,GazeMAE_MLP,multiclass_table6_valence_3class,Table-6 Valence,results/quick_v1_v2_comparison/2026-06-03_09-24-45/model_runs/2026-06-03_09-24-48,results/quick_v1_v2_comparison/2026-06-03_09-24-45/model_runs/2026-06-03_09-24-48/multiclass_table6_valence_3class_emotion-elicitation_2026-06-03_09-33-29,5.0,2.5217012708333333,synthetic_gazemae_encoder_pooling_head_forward,0.002521701270833333,48.0,0.121041661,16.0,2036500.0,82563.0,
GazeMAE_MLP,0.6574074074074074,128,subject_loo,cuda,23,1.124428265960887,s_P29,216,0.0014444984567901233,cached_gazemae_embedding_mlp_head_predict_proba,1.4444984567901234e-06,648,0.000936035,0.6345158906134515,GazeMAE_MLP,GazeMAE_MLP,baseline,frozen_gazemae_encoders_plus_trainable_mlp_head,,,,table6-valence-3class,216,3,2119063,0.0002576600059488742,1.120260895429888e-05,100372,4364,82563,454,1,results/quick_v1_v2_comparison/2026-06-03_09-24-45/model_runs/2026-06-03_09-24-48/multiclass_table6_valence_3class_emotion-elicitation_2026-06-03_09-33-29/subject_loo/s_P29/baselines/GazeMAE_MLP/model_benchmark.json,GazeMAE_MLP,multiclass_table6_valence_3class,Table-6 Valence,results/quick_v1_v2_comparison/2026-06-03_09-24-45/model_runs/2026-06-03_09-24-48,results/quick_v1_v2_comparison/2026-06-03_09-24-45/model_runs/2026-06-03_09-24-48/multiclass_table6_valence_3class_emotion-elicitation_2026-06-03_09-33-29,5.0,2.511587083333333,synthetic_gazemae_encoder_pooling_head_forward,0.0025115870833333333,48.0,0.12055618,16.0,2036500.0,82563.0,
GazeMAE_MLP,0.4911504424778761,128,subject_loo,cuda,16,0.7581026700790972,s_P30,226,0.0014143643067846606,cached_gazemae_embedding_mlp_head_predict_proba,1.4143643067846607e-06,678,0.000958939,0.4663522012578616,GazeMAE_MLP,GazeMAE_MLP,baseline,frozen_gazemae_encoders_plus_trainable_mlp_head,,,,table6-valence-3class,226,3,2119063,0.0001752028357012011,1.0950177231325068e-05,69232,4327,82563,481,1,results/quick_v1_v2_comparison/2026-06-03_09-24-45/model_runs/2026-06-03_09-24-48/multiclass_table6_valence_3class_emotion-elicitation_2026-06-03_09-33-29/subject_loo/s_P30/baselines/GazeMAE_MLP/model_benchmark.json,GazeMAE_MLP,multiclass_table6_valence_3class,Table-6 Valence,results/quick_v1_v2_comparison/2026-06-03_09-24-45/model_runs/2026-06-03_09-24-48,results/quick_v1_v2_comparison/2026-06-03_09-24-45/model_runs/2026-06-03_09-24-48/multiclass_table6_valence_3class_emotion-elicitation_2026-06-03_09-33-29,5.0,2.5193698125,synthetic_gazemae_encoder_pooling_head_forward,0.0025193698125,48.0,0.120929751,16.0,2036500.0,82563.0,
GazeMAE_MLP,0.46215139442231074,128,subject_loo,cuda,27,1.3428188690450042,s_P4,251,0.0012835099601593626,cached_gazemae_embedding_mlp_head_predict_proba,1.2835099601593625e-06,753,0.000966483,0.4334444341220678,GazeMAE_MLP,GazeMAE_MLP,baseline,frozen_gazemae_encoders_plus_trainable_mlp_head,,,,table6-valence-3class,251,3,2119063,0.00030841039711644564,1.1422607300609097e-05,117558,4354,82563,429,1,results/quick_v1_v2_comparison/2026-06-03_09-24-45/model_runs/2026-06-03_09-24-48/multiclass_table6_valence_3class_emotion-elicitation_2026-06-03_09-33-29/subject_loo/s_P4/baselines/GazeMAE_MLP/model_benchmark.json,GazeMAE_MLP,multiclass_table6_valence_3class,Table-6 Valence,results/quick_v1_v2_comparison/2026-06-03_09-24-45/model_runs/2026-06-03_09-24-48,results/quick_v1_v2_comparison/2026-06-03_09-24-45/model_runs/2026-06-03_09-24-48/multiclass_table6_valence_3class_emotion-elicitation_2026-06-03_09-33-29,5.0,2.518658895833333,synthetic_gazemae_encoder_pooling_head_forward,0.0025186588958333333,48.0,0.120895627,16.0,2036500.0,82563.0,
GazeMAE_MLP,0.5781818181818181,128,subject_loo,cuda,21,1.0109687859658152,s_P5,275,0.00119928,cached_gazemae_embedding_mlp_head_predict_proba,1.19928e-06,825,0.000989406,0.5715727841712094,GazeMAE_MLP,GazeMAE_MLP,baseline,frozen_gazemae_encoders_plus_trainable_mlp_head,,,,table6-valence-3class,275,3,2119063,0.00023229981295170386,1.1061895854843041e-05,91392,4352,82563,407,1,results/quick_v1_v2_comparison/2026-06-03_09-24-45/model_runs/2026-06-03_09-24-48/multiclass_table6_valence_3class_emotion-elicitation_2026-06-03_09-33-29/subject_loo/s_P5/baselines/GazeMAE_MLP/model_benchmark.json,GazeMAE_MLP,multiclass_table6_valence_3class,Table-6 Valence,results/quick_v1_v2_comparison/2026-06-03_09-24-45/model_runs/2026-06-03_09-24-48,results/quick_v1_v2_comparison/2026-06-03_09-24-45/model_runs/2026-06-03_09-24-48/multiclass_table6_valence_3class_emotion-elicitation_2026-06-03_09-33-29,5.0,2.5411894791666665,synthetic_gazemae_encoder_pooling_head_forward,0.0025411894791666665,48.0,0.121977095,16.0,2036500.0,82563.0,
GazeMAE_MLP,0.26521739130434785,128,subject_loo,cuda,18,0.9066467059310526,s_P7,230,0.0019046739130434782,cached_gazemae_embedding_mlp_head_predict_proba,1.9046739130434783e-06,690,0.001314225,0.2903873744619799,GazeMAE_MLP,GazeMAE_MLP,baseline,frozen_gazemae_encoders_plus_trainable_mlp_head,,,,table6-valence-3class,230,3,2119063,0.0002090492750590391,1.161384861439106e-05,78066,4337,82563,467,1,results/quick_v1_v2_comparison/2026-06-03_09-24-45/model_runs/2026-06-03_09-24-48/multiclass_table6_valence_3class_emotion-elicitation_2026-06-03_09-33-29/subject_loo/s_P7/baselines/GazeMAE_MLP/model_benchmark.json,GazeMAE_MLP,multiclass_table6_valence_3class,Table-6 Valence,results/quick_v1_v2_comparison/2026-06-03_09-24-45/model_runs/2026-06-03_09-24-48,results/quick_v1_v2_comparison/2026-06-03_09-24-45/model_runs/2026-06-03_09-24-48/multiclass_table6_valence_3class_emotion-elicitation_2026-06-03_09-33-29,5.0,2.5221750833333334,synthetic_gazemae_encoder_pooling_head_forward,0.0025221750833333335,48.0,0.121064404,16.0,2036500.0,82563.0,
GazeMAE_MLP,0.5205479452054794,128,subject_loo,cuda,19,0.96251843101345,s_P8,219,0.0014318949771689499,cached_gazemae_embedding_mlp_head_predict_proba,1.43189497716895e-06,657,0.000940755,0.48359611403089664,GazeMAE_MLP,GazeMAE_MLP,baseline,frozen_gazemae_encoders_plus_trainable_mlp_head,,,,table6-valence-3class,219,3,2119063,0.0002200042128030743,1.1579169094898647e-05,83125,4375,82563,440,1,results/quick_v1_v2_comparison/2026-06-03_09-24-45/model_runs/2026-06-03_09-24-48/multiclass_table6_valence_3class_emotion-elicitation_2026-06-03_09-33-29/subject_loo/s_P8/baselines/GazeMAE_MLP/model_benchmark.json,GazeMAE_MLP,multiclass_table6_valence_3class,Table-6 Valence,results/quick_v1_v2_comparison/2026-06-03_09-24-45/model_runs/2026-06-03_09-24-48,results/quick_v1_v2_comparison/2026-06-03_09-24-45/model_runs/2026-06-03_09-24-48/multiclass_table6_valence_3class_emotion-elicitation_2026-06-03_09-33-29,5.0,2.5075309375,synthetic_gazemae_encoder_pooling_head_forward,0.0025075309375,48.0,0.120361485,16.0,2036500.0,82563.0,
LightGBM,0.4177215189873418,158,recording_loo,cpu,,0.19552659802138805,r_107.avi,158,0.0068829113924050635,tabular_predict_proba,6.8829113924050635e-06,474,0.0032625,0.3170833024256361,LightGBM,LightGBM,baseline,not_applicable_for_classical_model,"{""num_leaves_total"": 6505, ""num_trees"": 300}",trees,300.0,table6-valence-3class,158,3,,4.610389012529782e-05,,,4241,,635,1,results/quick_v1_v2_comparison/2026-06-03_09-24-45/model_runs/2026-06-03_09-24-48/multiclass_table6_valence_3class_emotion-elicitation_2026-06-03_09-33-29/recording_loo/r_107.avi/baselines/LightGBM/model_benchmark.json,LightGBM,multiclass_table6_valence_3class,Table-6 Valence,results/quick_v1_v2_comparison/2026-06-03_09-24-45/model_runs/2026-06-03_09-24-48,results/quick_v1_v2_comparison/2026-06-03_09-24-45/model_runs/2026-06-03_09-24-48/multiclass_table6_valence_3class_emotion-elicitation_2026-06-03_09-33-29,,,,,,,,,,
LightGBM,0.4652567975830816,331,recording_loo,cpu,,0.17430667695589364,r_111.avi,331,0.003982878147029205,tabular_predict_proba,3.982878147029205e-06,993,0.003954998,0.23013757391917147,LightGBM,LightGBM,baseline,not_applicable_for_classical_model,"{""num_leaves_total"": 6291, ""num_trees"": 300}",trees,300.0,table6-valence-3class,331,3,,4.1660295639553926e-05,,,4184,,519,1,results/quick_v1_v2_comparison/2026-06-03_09-24-45/model_runs/2026-06-03_09-24-48/multiclass_table6_valence_3class_emotion-elicitation_2026-06-03_09-33-29/recording_loo/r_111.avi/baselines/LightGBM/model_benchmark.json,LightGBM,multiclass_table6_valence_3class,Table-6 Valence,results/quick_v1_v2_comparison/2026-06-03_09-24-45/model_runs/2026-06-03_09-24-48,results/quick_v1_v2_comparison/2026-06-03_09-24-45/model_runs/2026-06-03_09-24-48/multiclass_table6_valence_3class_emotion-elicitation_2026-06-03_09-33-29,,,,,,,,,,
LightGBM,0.49137931034482757,348,recording_loo,cpu,,0.3026227531954646,r_138.avi,348,0.003959870689655172,tabular_predict_proba,3.959870689655172e-06,1044,0.004134105,0.2675251801465394,LightGBM,LightGBM,baseline,not_applicable_for_classical_model,"{""num_leaves_total"": 6697, ""num_trees"": 300}",trees,300.0,table6-valence-3class,348,3,,6.995440434476759e-05,,,4326,,360,1,results/quick_v1_v2_comparison/2026-06-03_09-24-45/model_runs/2026-06-03_09-24-48/multiclass_table6_valence_3class_emotion-elicitation_2026-06-03_09-33-29/recording_loo/r_138.avi/baselines/LightGBM/model_benchmark.json,LightGBM,multiclass_table6_valence_3class,Table-6 Valence,results/quick_v1_v2_comparison/2026-06-03_09-24-45/model_runs/2026-06-03_09-24-48,results/quick_v1_v2_comparison/2026-06-03_09-24-45/model_runs/2026-06-03_09-24-48/multiclass_table6_valence_3class_emotion-elicitation_2026-06-03_09-33-29,,,,,,,,,,
LightGBM,0.43866171003717475,269,recording_loo,cpu,,0.23478191695176065,r_146.avi,269,0.006683490706319703,tabular_predict_proba,6.683490706319703e-06,807,0.005393577,0.2569748476264057,LightGBM,LightGBM,baseline,not_applicable_for_classical_model,"{""num_leaves_total"": 6502, ""num_trees"": 300}",trees,300.0,table6-valence-3class,269,3,,5.508726348000015e-05,,,4262,,503,1,results/quick_v1_v2_comparison/2026-06-03_09-24-45/model_runs/2026-06-03_09-24-48/multiclass_table6_valence_3class_emotion-elicitation_2026-06-03_09-33-29/recording_loo/r_146.avi/baselines/LightGBM/model_benchmark.json,LightGBM,multiclass_table6_valence_3class,Table-6 Valence,results/quick_v1_v2_comparison/2026-06-03_09-24-45/model_runs/2026-06-03_09-24-48,results/quick_v1_v2_comparison/2026-06-03_09-24-45/model_runs/2026-06-03_09-24-48/multiclass_table6_valence_3class_emotion-elicitation_2026-06-03_09-33-29,,,,,,,,,,
LightGBM,0.5560975609756098,205,recording_loo,cpu,,0.18933229008689523,r_30.avi,205,0.005741809756097561,tabular_predict_proba,5.741809756097561e-06,615,0.003531213,0.29463686235978054,LightGBM,LightGBM,baseline,not_applicable_for_classical_model,"{""num_leaves_total"": 6769, ""num_trees"": 300}",trees,300.0,table6-valence-3class,205,3,,4.3796504762177936e-05,,,4323,,506,1,results/quick_v1_v2_comparison/2026-06-03_09-24-45/model_runs/2026-06-03_09-24-48/multiclass_table6_valence_3class_emotion-elicitation_2026-06-03_09-33-29/recording_loo/r_30.avi/baselines/LightGBM/model_benchmark.json,LightGBM,multiclass_table6_valence_3class,Table-6 Valence,results/quick_v1_v2_comparison/2026-06-03_09-24-45/model_runs/2026-06-03_09-24-48,results/quick_v1_v2_comparison/2026-06-03_09-24-45/model_runs/2026-06-03_09-24-48/multiclass_table6_valence_3class_emotion-elicitation_2026-06-03_09-33-29,,,,,,,,,,
LightGBM,0.4745762711864407,295,recording_loo,cpu,,0.2184413478244096,r_52.avi,295,0.004414709604519774,tabular_predict_proba,4.414709604519774e-06,885,0.003907018,0.2821374703727645,LightGBM,LightGBM,baseline,not_applicable_for_classical_model,"{""num_leaves_total"": 6299, ""num_trees"": 300}",trees,300.0,table6-valence-3class,295,3,,5.277635849828693e-05,,,4139,,600,1,results/quick_v1_v2_comparison/2026-06-03_09-24-45/model_runs/2026-06-03_09-24-48/multiclass_table6_valence_3class_emotion-elicitation_2026-06-03_09-33-29/recording_loo/r_52.avi/baselines/LightGBM/model_benchmark.json,LightGBM,multiclass_table6_valence_3class,Table-6 Valence,results/quick_v1_v2_comparison/2026-06-03_09-24-45/model_runs/2026-06-03_09-24-48,results/quick_v1_v2_comparison/2026-06-03_09-24-45/model_runs/2026-06-03_09-24-48/multiclass_table6_valence_3class_emotion-elicitation_2026-06-03_09-33-29,,,,,,,,,,
LightGBM,0.3815789473684211,304,recording_loo,cpu,,0.1984123708680272,r_53.avi,304,0.004242969298245614,tabular_predict_proba,4.242969298245614e-06,912,0.003869588,0.31940396499026275,LightGBM,LightGBM,baseline,not_applicable_for_classical_model,"{""num_leaves_total"": 6547, ""num_trees"": 300}",trees,300.0,table6-valence-3class,304,3,,4.7274808403151584e-05,,,4197,,533,1,results/quick_v1_v2_comparison/2026-06-03_09-24-45/model_runs/2026-06-03_09-24-48/multiclass_table6_valence_3class_emotion-elicitation_2026-06-03_09-33-29/recording_loo/r_53.avi/baselines/LightGBM/model_benchmark.json,LightGBM,multiclass_table6_valence_3class,Table-6 Valence,results/quick_v1_v2_comparison/2026-06-03_09-24-45/model_runs/2026-06-03_09-24-48,results/quick_v1_v2_comparison/2026-06-03_09-24-45/model_runs/2026-06-03_09-24-48/multiclass_table6_valence_3class_emotion-elicitation_2026-06-03_09-33-29,,,,,,,,,,
LightGBM,0.44813278008298757,241,recording_loo,cpu,,0.28210642002522945,r_55.avi,241,0.006090676348547717,tabular_predict_proba,6.090676348547717e-06,723,0.004403559,0.2681814608066672,LightGBM,LightGBM,baseline,not_applicable_for_classical_model,"{""num_leaves_total"": 6459, ""num_trees"": 300}",trees,300.0,table6-valence-3class,241,3,,6.562140498377052e-05,,,4299,,494,1,results/quick_v1_v2_comparison/2026-06-03_09-24-45/model_runs/2026-06-03_09-24-48/multiclass_table6_valence_3class_emotion-elicitation_2026-06-03_09-33-29/recording_loo/r_55.avi/baselines/LightGBM/model_benchmark.json,LightGBM,multiclass_table6_valence_3class,Table-6 Valence,results/quick_v1_v2_comparison/2026-06-03_09-24-45/model_runs/2026-06-03_09-24-48,results/quick_v1_v2_comparison/2026-06-03_09-24-45/model_runs/2026-06-03_09-24-48/multiclass_table6_valence_3class_emotion-elicitation_2026-06-03_09-33-29,,,,,,,,,,
LightGBM,0.6142131979695431,197,recording_loo,cpu,,0.20854848204180598,r_58.avi,197,0.006168932318104906,tabular_predict_proba,6.168932318104907e-06,591,0.003645839,0.33247863247863246,LightGBM,LightGBM,baseline,not_applicable_for_classical_model,"{""num_leaves_total"": 6650, ""num_trees"": 300}",trees,300.0,table6-valence-3class,197,3,,4.811916982967374e-05,,,4334,,503,1,results/quick_v1_v2_comparison/2026-06-03_09-24-45/model_runs/2026-06-03_09-24-48/multiclass_table6_valence_3class_emotion-elicitation_2026-06-03_09-33-29/recording_loo/r_58.avi/baselines/LightGBM/model_benchmark.json,LightGBM,multiclass_table6_valence_3class,Table-6 Valence,results/quick_v1_v2_comparison/2026-06-03_09-24-45/model_runs/2026-06-03_09-24-48,results/quick_v1_v2_comparison/2026-06-03_09-24-45/model_runs/2026-06-03_09-24-48/multiclass_table6_valence_3class_emotion-elicitation_2026-06-03_09-33-29,,,,,,,,,,
LightGBM,0.6261682242990654,214,recording_loo,cpu,,0.2005595078226179,r_69.avi,214,0.005648616822429907,tabular_predict_proba,5.648616822429906e-06,642,0.003626412,0.2567049808429119,LightGBM,LightGBM,baseline,not_applicable_for_classical_model,"{""num_leaves_total"": 6429, ""num_trees"": 300}",trees,300.0,table6-valence-3class,214,3,,4.609503742188414e-05,,,4351,,469,1,results/quick_v1_v2_comparison/2026-06-03_09-24-45/model_runs/2026-06-03_09-24-48/multiclass_table6_valence_3class_emotion-elicitation_2026-06-03_09-33-29/recording_loo/r_69.avi/baselines/LightGBM/model_benchmark.json,LightGBM,multiclass_table6_valence_3class,Table-6 Valence,results/quick_v1_v2_comparison/2026-06-03_09-24-45/model_runs/2026-06-03_09-24-48,results/quick_v1_v2_comparison/2026-06-03_09-24-45/model_runs/2026-06-03_09-24-48/multiclass_table6_valence_3class_emotion-elicitation_2026-06-03_09-33-29,,,,,,,,,,
LightGBM,0.5040983606557377,244,recording_loo,cpu,,0.1825268450193107,r_73.avi,244,0.005351594262295082,tabular_predict_proba,5.351594262295082e-06,732,0.003917367,0.23229461756373937,LightGBM,LightGBM,baseline,not_applicable_for_classical_model,"{""num_leaves_total"": 6390, ""num_trees"": 300}",trees,300.0,table6-valence-3class,244,3,,4.3109788620526856e-05,,,4234,,556,1,results/quick_v1_v2_comparison/2026-06-03_09-24-45/model_runs/2026-06-03_09-24-48/multiclass_table6_valence_3class_emotion-elicitation_2026-06-03_09-33-29/recording_loo/r_73.avi/baselines/LightGBM/model_benchmark.json,LightGBM,multiclass_table6_valence_3class,Table-6 Valence,results/quick_v1_v2_comparison/2026-06-03_09-24-45/model_runs/2026-06-03_09-24-48,results/quick_v1_v2_comparison/2026-06-03_09-24-45/model_runs/2026-06-03_09-24-48/multiclass_table6_valence_3class_emotion-elicitation_2026-06-03_09-33-29,,,,,,,,,,
LightGBM,0.37423312883435583,163,recording_loo,cpu,,0.20480808708816767,r_79.avi,163,0.006692676891615542,tabular_predict_proba,6.692676891615542e-06,489,0.003272719,0.1983739837398374,LightGBM,LightGBM,baseline,not_applicable_for_classical_model,"{""num_leaves_total"": 6354, ""num_trees"": 300}",trees,300.0,table6-valence-3class,163,3,,4.7060681775773823e-05,,,4352,,519,1,results/quick_v1_v2_comparison/2026-06-03_09-24-45/model_runs/2026-06-03_09-24-48/multiclass_table6_valence_3class_emotion-elicitation_2026-06-03_09-33-29/recording_loo/r_79.avi/baselines/LightGBM/model_benchmark.json,LightGBM,multiclass_table6_valence_3class,Table-6 Valence,results/quick_v1_v2_comparison/2026-06-03_09-24-45/model_runs/2026-06-03_09-24-48,results/quick_v1_v2_comparison/2026-06-03_09-24-45/model_runs/2026-06-03_09-24-48/multiclass_table6_valence_3class_emotion-elicitation_2026-06-03_09-33-29,,,,,,,,,,
LightGBM,0.5698924731182796,279,recording_loo,cpu,,0.19875309010967612,r_80.avi,279,0.0046064540023894865,tabular_predict_proba,4.606454002389487e-06,837,0.003855602,0.27371388301620864,LightGBM,LightGBM,baseline,not_applicable_for_classical_model,"{""num_leaves_total"": 6876, ""num_trees"": 300}",trees,300.0,table6-valence-3class,279,3,,4.7209760121063214e-05,,,4210,,545,1,results/quick_v1_v2_comparison/2026-06-03_09-24-45/model_runs/2026-06-03_09-24-48/multiclass_table6_valence_3class_emotion-elicitation_2026-06-03_09-33-29/recording_loo/r_80.avi/baselines/LightGBM/model_benchmark.json,LightGBM,multiclass_table6_valence_3class,Table-6 Valence,results/quick_v1_v2_comparison/2026-06-03_09-24-45/model_runs/2026-06-03_09-24-48,results/quick_v1_v2_comparison/2026-06-03_09-24-45/model_runs/2026-06-03_09-24-48/multiclass_table6_valence_3class_emotion-elicitation_2026-06-03_09-33-29,,,,,,,,,,
LightGBM,0.36328125,256,recording_loo,cpu,,0.19347033114172518,r_90.avi,256,0.004857274739583333,tabular_predict_proba,4.857274739583333e-06,768,0.003730387,0.25441694821055094,LightGBM,LightGBM,baseline,not_applicable_for_classical_model,"{""num_leaves_total"": 6678, ""num_trees"": 300}",trees,300.0,table6-valence-3class,256,3,,4.518223520357898e-05,,,4282,,496,1,results/quick_v1_v2_comparison/2026-06-03_09-24-45/model_runs/2026-06-03_09-24-48/multiclass_table6_valence_3class_emotion-elicitation_2026-06-03_09-33-29/recording_loo/r_90.avi/baselines/LightGBM/model_benchmark.json,LightGBM,multiclass_table6_valence_3class,Table-6 Valence,results/quick_v1_v2_comparison/2026-06-03_09-24-45/model_runs/2026-06-03_09-24-48,results/quick_v1_v2_comparison/2026-06-03_09-24-45/model_runs/2026-06-03_09-24-48/multiclass_table6_valence_3class_emotion-elicitation_2026-06-03_09-33-29,,,,,,,,,,
LightGBM,0.4178082191780822,292,recording_loo,cpu,,0.19301707088015974,r_cats_f.avi,292,0.004475278538812786,tabular_predict_proba,4.475278538812786e-06,876,0.003920344,0.19645732689210949,LightGBM,LightGBM,baseline,not_applicable_for_classical_model,"{""num_leaves_total"": 6615, ""num_trees"": 300}",trees,300.0,table6-valence-3class,292,3,,4.412827409240049e-05,,,4374,,368,1,results/quick_v1_v2_comparison/2026-06-03_09-24-45/model_runs/2026-06-03_09-24-48/multiclass_table6_valence_3class_emotion-elicitation_2026-06-03_09-33-29/recording_loo/r_cats_f.avi/baselines/LightGBM/model_benchmark.json,LightGBM,multiclass_table6_valence_3class,Table-6 Valence,results/quick_v1_v2_comparison/2026-06-03_09-24-45/model_runs/2026-06-03_09-24-48,results/quick_v1_v2_comparison/2026-06-03_09-24-45/model_runs/2026-06-03_09-24-48/multiclass_table6_valence_3class_emotion-elicitation_2026-06-03_09-33-29,,,,,,,,,,
LightGBM,0.6363636363636364,264,recording_loo,cpu,,0.1964395809918642,r_dallas_f.avi,264,0.005251707070707071,tabular_predict_proba,5.2517070707070706e-06,792,0.004159352,0.25925925925925924,LightGBM,LightGBM,baseline,not_applicable_for_classical_model,"{""num_leaves_total"": 6671, ""num_trees"": 300}",trees,300.0,table6-valence-3class,264,3,,4.58435428219053e-05,,,4285,,485,1,results/quick_v1_v2_comparison/2026-06-03_09-24-45/model_runs/2026-06-03_09-24-48/multiclass_table6_valence_3class_emotion-elicitation_2026-06-03_09-33-29/recording_loo/r_dallas_f.avi/baselines/LightGBM/model_benchmark.json,LightGBM,multiclass_table6_valence_3class,Table-6 Valence,results/quick_v1_v2_comparison/2026-06-03_09-24-45/model_runs/2026-06-03_09-24-48,results/quick_v1_v2_comparison/2026-06-03_09-24-45/model_runs/2026-06-03_09-24-48/multiclass_table6_valence_3class_emotion-elicitation_2026-06-03_09-33-29,,,,,,,,,,
LightGBM,0.6641221374045801,262,recording_loo,cpu,,0.26343718403950334,r_detroit_f.avi,262,0.0048441870229007635,tabular_predict_proba,4.8441870229007635e-06,786,0.003807531,0.26605504587155965,LightGBM,LightGBM,baseline,not_applicable_for_classical_model,"{""num_leaves_total"": 6354, ""num_trees"": 300}",trees,300.0,table6-valence-3class,262,3,,6.156512831023682e-05,,,4279,,493,1,results/quick_v1_v2_comparison/2026-06-03_09-24-45/model_runs/2026-06-03_09-24-48/multiclass_table6_valence_3class_emotion-elicitation_2026-06-03_09-33-29/recording_loo/r_detroit_f.avi/baselines/LightGBM/model_benchmark.json,LightGBM,multiclass_table6_valence_3class,Table-6 Valence,results/quick_v1_v2_comparison/2026-06-03_09-24-45/model_runs/2026-06-03_09-24-48,results/quick_v1_v2_comparison/2026-06-03_09-24-45/model_runs/2026-06-03_09-24-48/multiclass_table6_valence_3class_emotion-elicitation_2026-06-03_09-33-29,,,,,,,,,,
LightGBM,0.453125,192,recording_loo,cpu,,0.23976298910565674,r_earworm_f.avi,192,0.005960711805555555,tabular_predict_proba,5.960711805555555e-06,576,0.00343337,0.34453625650932174,LightGBM,LightGBM,baseline,not_applicable_for_classical_model,"{""num_leaves_total"": 6484, ""num_trees"": 300}",trees,300.0,table6-valence-3class,192,3,,5.6869779199633954e-05,,,4216,,626,1,results/quick_v1_v2_comparison/2026-06-03_09-24-45/model_runs/2026-06-03_09-24-48/multiclass_table6_valence_3class_emotion-elicitation_2026-06-03_09-33-29/recording_loo/r_earworm_f.avi/baselines/LightGBM/model_benchmark.json,LightGBM,multiclass_table6_valence_3class,Table-6 Valence,results/quick_v1_v2_comparison/2026-06-03_09-24-45/model_runs/2026-06-03_09-24-48,results/quick_v1_v2_comparison/2026-06-03_09-24-45/model_runs/2026-06-03_09-24-48/multiclass_table6_valence_3class_emotion-elicitation_2026-06-03_09-33-29,,,,,,,,,,
LightGBM,0.4339622641509434,265,recording_loo,cpu,,0.25508436700329185,r_funny_f.avi,265,0.0047321723270440244,tabular_predict_proba,4.732172327044025e-06,795,0.003762077,0.29658272886185016,LightGBM,LightGBM,baseline,not_applicable_for_classical_model,"{""num_leaves_total"": 6461, ""num_trees"": 300}",trees,300.0,table6-valence-3class,265,3,,5.9836820784258e-05,,,4263,,506,1,results/quick_v1_v2_comparison/2026-06-03_09-24-45/model_runs/2026-06-03_09-24-48/multiclass_table6_valence_3class_emotion-elicitation_2026-06-03_09-33-29/recording_loo/r_funny_f.avi/baselines/LightGBM/model_benchmark.json,LightGBM,multiclass_table6_valence_3class,Table-6 Valence,results/quick_v1_v2_comparison/2026-06-03_09-24-45/model_runs/2026-06-03_09-24-48,results/quick_v1_v2_comparison/2026-06-03_09-24-45/model_runs/2026-06-03_09-24-48/multiclass_table6_valence_3class_emotion-elicitation_2026-06-03_09-33-29,,,,,,,,,,
LightGBM,0.6,255,recording_loo,cpu,,0.2205394241027534,r_newyork_f.avi,255,0.004906483660130719,tabular_predict_proba,4.906483660130719e-06,765,0.00375346,0.37458944164063124,LightGBM,LightGBM,baseline,not_applicable_for_classical_model,"{""num_leaves_total"": 6662, ""num_trees"": 300}",trees,300.0,table6-valence-3class,255,3,,5.080382955603626e-05,,,4341,,438,1,results/quick_v1_v2_comparison/2026-06-03_09-24-45/model_runs/2026-06-03_09-24-48/multiclass_table6_valence_3class_emotion-elicitation_2026-06-03_09-33-29/recording_loo/r_newyork_f.avi/baselines/LightGBM/model_benchmark.json,LightGBM,multiclass_table6_valence_3class,Table-6 Valence,results/quick_v1_v2_comparison/2026-06-03_09-24-45/model_runs/2026-06-03_09-24-48,results/quick_v1_v2_comparison/2026-06-03_09-24-45/model_runs/2026-06-03_09-24-48/multiclass_table6_valence_3class_emotion-elicitation_2026-06-03_09-33-29,,,,,,,,,,
SVM,0.41139240506329117,158,recording_loo,cpu,,3.254647225840017,r_107.avi,158,0.16556826793248947,tabular_predict_proba,0.00016556826793248945,474,0.078479359,0.2755472015388601,SVM,SVM,baseline,not_applicable_for_classical_model,"{""n_features"": 68, ""n_support_by_class"": [1214, 1037, 1197]}",support_vectors,3448.0,table6-valence-3class,158,3,,0.0007674244814524916,,,4241,,635,1,results/quick_v1_v2_comparison/2026-06-03_09-24-45/model_runs/2026-06-03_09-24-48/multiclass_table6_valence_3class_emotion-elicitation_2026-06-03_09-33-29/recording_loo/r_107.avi/baselines/SVM/model_benchmark.json,SVM,multiclass_table6_valence_3class,Table-6 Valence,results/quick_v1_v2_comparison/2026-06-03_09-24-45/model_runs/2026-06-03_09-24-48,results/quick_v1_v2_comparison/2026-06-03_09-24-45/model_runs/2026-06-03_09-24-48/multiclass_table6_valence_3class_emotion-elicitation_2026-06-03_09-33-29,,,,,,,,,,
SVM,0.49244712990936557,331,recording_loo,cpu,,3.320562930079177,r_111.avi,331,0.1694819859013092,tabular_predict_proba,0.00016948198590130919,993,0.168295612,0.23726978972669244,SVM,SVM,baseline,not_applicable_for_classical_model,"{""n_features"": 68, ""n_support_by_class"": [1394, 819, 1310]}",support_vectors,3523.0,table6-valence-3class,331,3,,0.0007936335874950232,,,4184,,519,1,results/quick_v1_v2_comparison/2026-06-03_09-24-45/model_runs/2026-06-03_09-24-48/multiclass_table6_valence_3class_emotion-elicitation_2026-06-03_09-33-29/recording_loo/r_111.avi/baselines/SVM/model_benchmark.json,SVM,multiclass_table6_valence_3class,Table-6 Valence,results/quick_v1_v2_comparison/2026-06-03_09-24-45/model_runs/2026-06-03_09-24-48,results/quick_v1_v2_comparison/2026-06-03_09-24-45/model_runs/2026-06-03_09-24-48/multiclass_table6_valence_3class_emotion-elicitation_2026-06-03_09-33-29,,,,,,,,,,
SVM,0.48563218390804597,348,recording_loo,cpu,,3.4224664750508964,r_138.avi,348,0.17364294348659,tabular_predict_proba,0.00017364294348659002,1044,0.181283233,0.26893818491328864,SVM,SVM,baseline,not_applicable_for_classical_model,"{""n_features"": 68, ""n_support_by_class"": [1334, 1042, 1180]}",support_vectors,3556.0,table6-valence-3class,348,3,,0.0007911388060681684,,,4326,,360,1,results/quick_v1_v2_comparison/2026-06-03_09-24-45/model_runs/2026-06-03_09-24-48/multiclass_table6_valence_3class_emotion-elicitation_2026-06-03_09-33-29/recording_loo/r_138.avi/baselines/SVM/model_benchmark.json,SVM,multiclass_table6_valence_3class,Table-6 Valence,results/quick_v1_v2_comparison/2026-06-03_09-24-45/model_runs/2026-06-03_09-24-48,results/quick_v1_v2_comparison/2026-06-03_09-24-45/model_runs/2026-06-03_09-24-48/multiclass_table6_valence_3class_emotion-elicitation_2026-06-03_09-33-29,,,,,,,,,,
SVM,0.4721189591078067,269,recording_loo,cpu,,3.425855731824413,r_146.avi,269,0.175167697645601,tabular_predict_proba,0.000175167697645601,807,0.141360332,0.25218476903870163,SVM,SVM,baseline,not_applicable_for_classical_model,"{""n_features"": 68, ""n_support_by_class"": [1291, 928, 1369]}",support_vectors,3588.0,table6-valence-3class,269,3,,0.0008038141088278773,,,4262,,503,1,results/quick_v1_v2_comparison/2026-06-03_09-24-45/model_runs/2026-06-03_09-24-48/multiclass_table6_valence_3class_emotion-elicitation_2026-06-03_09-33-29/recording_loo/r_146.avi/baselines/SVM/model_benchmark.json,SVM,multiclass_table6_valence_3class,Table-6 Valence,results/quick_v1_v2_comparison/2026-06-03_09-24-45/model_runs/2026-06-03_09-24-48,results/quick_v1_v2_comparison/2026-06-03_09-24-45/model_runs/2026-06-03_09-24-48/multiclass_table6_valence_3class_emotion-elicitation_2026-06-03_09-33-29,,,,,,,,,,
SVM,0.5707317073170731,205,recording_loo,cpu,,3.372968493960798,r_30.avi,205,0.168774674796748,tabular_predict_proba,0.00016877467479674797,615,0.103796425,0.29228566314659027,SVM,SVM,baseline,not_applicable_for_classical_model,"{""n_features"": 68, ""n_support_by_class"": [1205, 997, 1324]}",support_vectors,3526.0,table6-valence-3class,205,3,,0.0007802379120890118,,,4323,,506,1,results/quick_v1_v2_comparison/2026-06-03_09-24-45/model_runs/2026-06-03_09-24-48/multiclass_table6_valence_3class_emotion-elicitation_2026-06-03_09-33-29/recording_loo/r_30.avi/baselines/SVM/model_benchmark.json,SVM,multiclass_table6_valence_3class,Table-6 Valence,results/quick_v1_v2_comparison/2026-06-03_09-24-45/model_runs/2026-06-03_09-24-48,results/quick_v1_v2_comparison/2026-06-03_09-24-45/model_runs/2026-06-03_09-24-48/multiclass_table6_valence_3class_emotion-elicitation_2026-06-03_09-33-29,,,,,,,,,,
SVM,0.5084745762711864,295,recording_loo,cpu,,3.1160495770163834,r_52.avi,295,0.1655537514124294,tabular_predict_proba,0.00016555375141242938,885,0.14651507,0.3092923868234938,SVM,SVM,baseline,not_applicable_for_classical_model,"{""n_features"": 68, ""n_support_by_class"": [1232, 960, 1232]}",support_vectors,3424.0,table6-valence-3class,295,3,,0.0007528508279817307,,,4139,,600,1,results/quick_v1_v2_comparison/2026-06-03_09-24-45/model_runs/2026-06-03_09-24-48/multiclass_table6_valence_3class_emotion-elicitation_2026-06-03_09-33-29/recording_loo/r_52.avi/baselines/SVM/model_benchmark.json,SVM,multiclass_table6_valence_3class,Table-6 Valence,results/quick_v1_v2_comparison/2026-06-03_09-24-45/model_runs/2026-06-03_09-24-48,results/quick_v1_v2_comparison/2026-06-03_09-24-45/model_runs/2026-06-03_09-24-48/multiclass_table6_valence_3class_emotion-elicitation_2026-06-03_09-33-29,,,,,,,,,,
SVM,0.4243421052631579,304,recording_loo,cpu,,3.2619245960377157,r_53.avi,304,0.1657852192982456,tabular_predict_proba,0.0001657852192982456,912,0.15119612,0.386876841422296,SVM,SVM,baseline,not_applicable_for_classical_model,"{""n_features"": 68, ""n_support_by_class"": [1340, 895, 1237]}",support_vectors,3472.0,table6-valence-3class,304,3,,0.0007772038589558531,,,4197,,533,1,results/quick_v1_v2_comparison/2026-06-03_09-24-45/model_runs/2026-06-03_09-24-48/multiclass_table6_valence_3class_emotion-elicitation_2026-06-03_09-33-29/recording_loo/r_53.avi/baselines/SVM/model_benchmark.json,SVM,multiclass_table6_valence_3class,Table-6 Valence,results/quick_v1_v2_comparison/2026-06-03_09-24-45/model_runs/2026-06-03_09-24-48,results/quick_v1_v2_comparison/2026-06-03_09-24-45/model_runs/2026-06-03_09-24-48/multiclass_table6_valence_3class_emotion-elicitation_2026-06-03_09-33-29,,,,,,,,,,
SVM,0.4024896265560166,241,recording_loo,cpu,,3.37716991500929,r_55.avi,241,0.17139583402489625,tabular_predict_proba,0.00017139583402489626,723,0.123919188,0.2664035087719298,SVM,SVM,baseline,not_applicable_for_classical_model,"{""n_features"": 68, ""n_support_by_class"": [1203, 1054, 1263]}",support_vectors,3520.0,table6-valence-3class,241,3,,0.0007855710432680367,,,4299,,494,1,results/quick_v1_v2_comparison/2026-06-03_09-24-45/model_runs/2026-06-03_09-24-48/multiclass_table6_valence_3class_emotion-elicitation_2026-06-03_09-33-29/recording_loo/r_55.avi/baselines/SVM/model_benchmark.json,SVM,multiclass_table6_valence_3class,Table-6 Valence,results/quick_v1_v2_comparison/2026-06-03_09-24-45/model_runs/2026-06-03_09-24-48,results/quick_v1_v2_comparison/2026-06-03_09-24-45/model_runs/2026-06-03_09-24-48/multiclass_table6_valence_3class_emotion-elicitation_2026-06-03_09-33-29,,,,,,,,,,
SVM,0.5786802030456852,197,recording_loo,cpu,,3.56763483886607,r_58.avi,197,0.17883977157360406,tabular_predict_proba,0.00017883977157360405,591,0.105694305,0.3646426213012169,SVM,SVM,baseline,not_applicable_for_classical_model,"{""n_features"": 68, ""n_support_by_class"": [1401, 975, 1302]}",support_vectors,3678.0,table6-valence-3class,197,3,,0.0008231737053221204,,,4334,,503,1,results/quick_v1_v2_comparison/2026-06-03_09-24-45/model_runs/2026-06-03_09-24-48/multiclass_table6_valence_3class_emotion-elicitation_2026-06-03_09-33-29/recording_loo/r_58.avi/baselines/SVM/model_benchmark.json,SVM,multiclass_table6_valence_3class,Table-6 Valence,results/quick_v1_v2_comparison/2026-06-03_09-24-45/model_runs/2026-06-03_09-24-48,results/quick_v1_v2_comparison/2026-06-03_09-24-45/model_runs/2026-06-03_09-24-48/multiclass_table6_valence_3class_emotion-elicitation_2026-06-03_09-33-29,,,,,,,,,,
SVM,0.677570093457944,214,recording_loo,cpu,,3.625214999075979,r_69.avi,214,0.17703194080996884,tabular_predict_proba,0.00017703194080996885,642,0.113654506,0.2692664809656453,SVM,SVM,baseline,not_applicable_for_classical_model,"{""n_features"": 68, ""n_support_by_class"": [1357, 956, 1359]}",support_vectors,3672.0,table6-valence-3class,214,3,,0.0008331912201967316,,,4351,,469,1,results/quick_v1_v2_comparison/2026-06-03_09-24-45/model_runs/2026-06-03_09-24-48/multiclass_table6_valence_3class_emotion-elicitation_2026-06-03_09-33-29/recording_loo/r_69.avi/baselines/SVM/model_benchmark.json,SVM,multiclass_table6_valence_3class,Table-6 Valence,results/quick_v1_v2_comparison/2026-06-03_09-24-45/model_runs/2026-06-03_09-24-48,results/quick_v1_v2_comparison/2026-06-03_09-24-45/model_runs/2026-06-03_09-24-48/multiclass_table6_valence_3class_emotion-elicitation_2026-06-03_09-33-29,,,,,,,,,,
SVM,0.5081967213114754,244,recording_loo,cpu,,3.363378497073427,r_73.avi,244,0.169150174863388,tabular_predict_proba,0.00016915017486338798,732,0.123817928,0.2335216572504708,SVM,SVM,baseline,not_applicable_for_classical_model,"{""n_features"": 68, ""n_support_by_class"": [1366, 979, 1186]}",support_vectors,3531.0,table6-valence-3class,244,3,,0.0007943737593465817,,,4234,,556,1,results/quick_v1_v2_comparison/2026-06-03_09-24-45/model_runs/2026-06-03_09-24-48/multiclass_table6_valence_3class_emotion-elicitation_2026-06-03_09-33-29/recording_loo/r_73.avi/baselines/SVM/model_benchmark.json,SVM,multiclass_table6_valence_3class,Table-6 Valence,results/quick_v1_v2_comparison/2026-06-03_09-24-45/model_runs/2026-06-03_09-24-48,results/quick_v1_v2_comparison/2026-06-03_09-24-45/model_runs/2026-06-03_09-24-48/multiclass_table6_valence_3class_emotion-elicitation_2026-06-03_09-33-29,,,,,,,,,,
SVM,0.3496932515337423,163,recording_loo,cpu,,3.5483215840067714,r_79.avi,163,0.17348146216768914,tabular_predict_proba,0.00017348146216768914,489,0.084832435,0.20855692530819436,SVM,SVM,baseline,not_applicable_for_classical_model,"{""n_features"": 68, ""n_support_by_class"": [1524, 813, 1282]}",support_vectors,3619.0,table6-valence-3class,163,3,,0.0008153312463250853,,,4352,,519,1,results/quick_v1_v2_comparison/2026-06-03_09-24-45/model_runs/2026-06-03_09-24-48/multiclass_table6_valence_3class_emotion-elicitation_2026-06-03_09-33-29/recording_loo/r_79.avi/baselines/SVM/model_benchmark.json,SVM,multiclass_table6_valence_3class,Table-6 Valence,results/quick_v1_v2_comparison/2026-06-03_09-24-45/model_runs/2026-06-03_09-24-48,results/quick_v1_v2_comparison/2026-06-03_09-24-45/model_runs/2026-06-03_09-24-48/multiclass_table6_valence_3class_emotion-elicitation_2026-06-03_09-33-29,,,,,,,,,,
SVM,0.6200716845878136,279,recording_loo,cpu,,3.2943575580138713,r_80.avi,279,0.1720407873357228,tabular_predict_proba,0.0001720407873357228,837,0.143998139,0.2574404761904762,SVM,SVM,baseline,not_applicable_for_classical_model,"{""n_features"": 68, ""n_support_by_class"": [1335, 1045, 1151]}",support_vectors,3531.0,table6-valence-3class,279,3,,0.0007825077334949813,,,4210,,545,1,results/quick_v1_v2_comparison/2026-06-03_09-24-45/model_runs/2026-06-03_09-24-48/multiclass_table6_valence_3class_emotion-elicitation_2026-06-03_09-33-29/recording_loo/r_80.avi/baselines/SVM/model_benchmark.json,SVM,multiclass_table6_valence_3class,Table-6 Valence,results/quick_v1_v2_comparison/2026-06-03_09-24-45/model_runs/2026-06-03_09-24-48,results/quick_v1_v2_comparison/2026-06-03_09-24-45/model_runs/2026-06-03_09-24-48/multiclass_table6_valence_3class_emotion-elicitation_2026-06-03_09-33-29,,,,,,,,,,
SVM,0.3515625,256,recording_loo,cpu,,3.296337842941284,r_90.avi,256,0.16668091406249996,tabular_predict_proba,0.00016668091406249998,768,0.128010942,0.2446051219381837,SVM,SVM,baseline,not_applicable_for_classical_model,"{""n_features"": 68, ""n_support_by_class"": [1358, 1059, 1048]}",support_vectors,3465.0,table6-valence-3class,256,3,,0.0007698126676649426,,,4282,,496,1,results/quick_v1_v2_comparison/2026-06-03_09-24-45/model_runs/2026-06-03_09-24-48/multiclass_table6_valence_3class_emotion-elicitation_2026-06-03_09-33-29/recording_loo/r_90.avi/baselines/SVM/model_benchmark.json,SVM,multiclass_table6_valence_3class,Table-6 Valence,results/quick_v1_v2_comparison/2026-06-03_09-24-45/model_runs/2026-06-03_09-24-48,results/quick_v1_v2_comparison/2026-06-03_09-24-45/model_runs/2026-06-03_09-24-48/multiclass_table6_valence_3class_emotion-elicitation_2026-06-03_09-33-29,,,,,,,,,,
SVM,0.4349315068493151,292,recording_loo,cpu,,3.513599868863821,r_cats_f.avi,292,0.17198938242009132,tabular_predict_proba,0.00017198938242009133,876,0.150662699,0.2020684168655529,SVM,SVM,baseline,not_applicable_for_classical_model,"{""n_features"": 68, ""n_support_by_class"": [1380, 1073, 1143]}",support_vectors,3596.0,table6-valence-3class,292,3,,0.0008032921510891223,,,4374,,368,1,results/quick_v1_v2_comparison/2026-06-03_09-24-45/model_runs/2026-06-03_09-24-48/multiclass_table6_valence_3class_emotion-elicitation_2026-06-03_09-33-29/recording_loo/r_cats_f.avi/baselines/SVM/model_benchmark.json,SVM,multiclass_table6_valence_3class,Table-6 Valence,results/quick_v1_v2_comparison/2026-06-03_09-24-45/model_runs/2026-06-03_09-24-48,results/quick_v1_v2_comparison/2026-06-03_09-24-45/model_runs/2026-06-03_09-24-48/multiclass_table6_valence_3class_emotion-elicitation_2026-06-03_09-33-29,,,,,,,,,,
SVM,0.6060606060606061,264,recording_loo,cpu,,3.4069605919066817,r_dallas_f.avi,264,0.17009889393939392,tabular_predict_proba,0.00017009889393939393,792,0.134718324,0.25157232704402516,SVM,SVM,baseline,not_applicable_for_classical_model,"{""n_features"": 68, ""n_support_by_class"": [1287, 951, 1293]}",support_vectors,3531.0,table6-valence-3class,264,3,,0.0007950899864426328,,,4285,,485,1,results/quick_v1_v2_comparison/2026-06-03_09-24-45/model_runs/2026-06-03_09-24-48/multiclass_table6_valence_3class_emotion-elicitation_2026-06-03_09-33-29/recording_loo/r_dallas_f.avi/baselines/SVM/model_benchmark.json,SVM,multiclass_table6_valence_3class,Table-6 Valence,results/quick_v1_v2_comparison/2026-06-03_09-24-45/model_runs/2026-06-03_09-24-48,results/quick_v1_v2_comparison/2026-06-03_09-24-45/model_runs/2026-06-03_09-24-48/multiclass_table6_valence_3class_emotion-elicitation_2026-06-03_09-33-29,,,,,,,,,,
SVM,0.7213740458015268,262,recording_loo,cpu,,3.5795415120664984,r_detroit_f.avi,262,0.1801296145038168,tabular_predict_proba,0.0001801296145038168,786,0.141581877,0.2793791574279379,SVM,SVM,baseline,not_applicable_for_classical_model,"{""n_features"": 68, ""n_support_by_class"": [1435, 1012, 1271]}",support_vectors,3718.0,table6-valence-3class,262,3,,0.0008365369273350079,,,4279,,493,1,results/quick_v1_v2_comparison/2026-06-03_09-24-45/model_runs/2026-06-03_09-24-48/multiclass_table6_valence_3class_emotion-elicitation_2026-06-03_09-33-29/recording_loo/r_detroit_f.avi/baselines/SVM/model_benchmark.json,SVM,multiclass_table6_valence_3class,Table-6 Valence,results/quick_v1_v2_comparison/2026-06-03_09-24-45/model_runs/2026-06-03_09-24-48,results/quick_v1_v2_comparison/2026-06-03_09-24-45/model_runs/2026-06-03_09-24-48/multiclass_table6_valence_3class_emotion-elicitation_2026-06-03_09-33-29,,,,,,,,,,
SVM,0.453125,192,recording_loo,cpu,,3.2218275079503655,r_earworm_f.avi,192,0.16598621006944445,tabular_predict_proba,0.00016598621006944444,576,0.095608057,0.373313492063492,SVM,SVM,baseline,not_applicable_for_classical_model,"{""n_features"": 68, ""n_support_by_class"": [1287, 1010, 1175]}",support_vectors,3472.0,table6-valence-3class,192,3,,0.0007641905853772214,,,4216,,626,1,results/quick_v1_v2_comparison/2026-06-03_09-24-45/model_runs/2026-06-03_09-24-48/multiclass_table6_valence_3class_emotion-elicitation_2026-06-03_09-33-29/recording_loo/r_earworm_f.avi/baselines/SVM/model_benchmark.json,SVM,multiclass_table6_valence_3class,Table-6 Valence,results/quick_v1_v2_comparison/2026-06-03_09-24-45/model_runs/2026-06-03_09-24-48,results/quick_v1_v2_comparison/2026-06-03_09-24-45/model_runs/2026-06-03_09-24-48/multiclass_table6_valence_3class_emotion-elicitation_2026-06-03_09-33-29,,,,,,,,,,
SVM,0.4641509433962264,265,recording_loo,cpu,,3.4228568670805544,r_funny_f.avi,265,0.1719059182389937,tabular_predict_proba,0.0001719059182389937,795,0.136665205,0.3129475039324274,SVM,SVM,baseline,not_applicable_for_classical_model,"{""n_features"": 68, ""n_support_by_class"": [1391, 1085, 1116]}",support_vectors,3592.0,table6-valence-3class,265,3,,0.0008029220893925766,,,4263,,506,1,results/quick_v1_v2_comparison/2026-06-03_09-24-45/model_runs/2026-06-03_09-24-48/multiclass_table6_valence_3class_emotion-elicitation_2026-06-03_09-33-29/recording_loo/r_funny_f.avi/baselines/SVM/model_benchmark.json,SVM,multiclass_table6_valence_3class,Table-6 Valence,results/quick_v1_v2_comparison/2026-06-03_09-24-45/model_runs/2026-06-03_09-24-48,results/quick_v1_v2_comparison/2026-06-03_09-24-45/model_runs/2026-06-03_09-24-48/multiclass_table6_valence_3class_emotion-elicitation_2026-06-03_09-33-29,,,,,,,,,,
SVM,0.6,255,recording_loo,cpu,,3.5205338338855654,r_newyork_f.avi,255,0.18489016078431372,tabular_predict_proba,0.00018489016078431373,765,0.141440973,0.3507501501337909,SVM,SVM,baseline,not_applicable_for_classical_model,"{""n_features"": 68, ""n_support_by_class"": [1389, 968, 1285]}",support_vectors,3642.0,table6-valence-3class,255,3,,0.0008109960455852489,,,4341,,438,1,results/quick_v1_v2_comparison/2026-06-03_09-24-45/model_runs/2026-06-03_09-24-48/multiclass_table6_valence_3class_emotion-elicitation_2026-06-03_09-33-29/recording_loo/r_newyork_f.avi/baselines/SVM/model_benchmark.json,SVM,multiclass_table6_valence_3class,Table-6 Valence,results/quick_v1_v2_comparison/2026-06-03_09-24-45/model_runs/2026-06-03_09-24-48,results/quick_v1_v2_comparison/2026-06-03_09-24-45/model_runs/2026-06-03_09-24-48/multiclass_table6_valence_3class_emotion-elicitation_2026-06-03_09-33-29,,,,,,,,,,
MLP,0.43037974683544306,128,recording_loo,cuda,17,0.7220916061196476,r_107.avi,158,0.0024539282700421937,tabular_predict_proba,2.453928270042194e-06,474,0.001163162,0.32151109114953713,MLP,MLP,baseline,torch_head,,,,table6-valence-3class,158,3,8771,0.00017026446737082,1.0015556904165883e-05,72097,4241,8771,635,1,results/quick_v1_v2_comparison/2026-06-03_09-24-45/model_runs/2026-06-03_09-24-48/multiclass_table6_valence_3class_emotion-elicitation_2026-06-03_09-33-29/recording_loo/r_107.avi/baselines/MLP/model_benchmark.json,MLP,multiclass_table6_valence_3class,Table-6 Valence,results/quick_v1_v2_comparison/2026-06-03_09-24-45/model_runs/2026-06-03_09-24-48,results/quick_v1_v2_comparison/2026-06-03_09-24-45/model_runs/2026-06-03_09-24-48/multiclass_table6_valence_3class_emotion-elicitation_2026-06-03_09-33-29,,,,,,,,,,
MLP,0.486404833836858,128,recording_loo,cuda,32,1.3373283599503338,r_111.avi,331,0.0012591993957703927,tabular_predict_proba,1.2591993957703927e-06,993,0.001250385,0.23183603338242512,MLP,MLP,baseline,torch_head,,,,table6-valence-3class,331,3,8771,0.00031962914912770886,9.988410910240902e-06,133888,4184,8771,519,1,results/quick_v1_v2_comparison/2026-06-03_09-24-45/model_runs/2026-06-03_09-24-48/multiclass_table6_valence_3class_emotion-elicitation_2026-06-03_09-33-29/recording_loo/r_111.avi/baselines/MLP/model_benchmark.json,MLP,multiclass_table6_valence_3class,Table-6 Valence,results/quick_v1_v2_comparison/2026-06-03_09-24-45/model_runs/2026-06-03_09-24-48,results/quick_v1_v2_comparison/2026-06-03_09-24-45/model_runs/2026-06-03_09-24-48/multiclass_table6_valence_3class_emotion-elicitation_2026-06-03_09-33-29,,,,,,,,,,
MLP,0.41954022988505746,128,recording_loo,cuda,33,1.415630356874317,r_138.avi,348,0.001213550766283525,tabular_predict_proba,1.213550766283525e-06,1044,0.001266947,0.23194089229894854,MLP,MLP,baseline,torch_head,,,,table6-valence-3class,348,3,8771,0.00032723771541246345,9.916294406438288e-06,142758,4326,8771,360,1,results/quick_v1_v2_comparison/2026-06-03_09-24-45/model_runs/2026-06-03_09-24-48/multiclass_table6_valence_3class_emotion-elicitation_2026-06-03_09-33-29/recording_loo/r_138.avi/baselines/MLP/model_benchmark.json,MLP,multiclass_table6_valence_3class,Table-6 Valence,results/quick_v1_v2_comparison/2026-06-03_09-24-45/model_runs/2026-06-03_09-24-48,results/quick_v1_v2_comparison/2026-06-03_09-24-45/model_runs/2026-06-03_09-24-48/multiclass_table6_valence_3class_emotion-elicitation_2026-06-03_09-33-29,,,,,,,,,,
MLP,0.5130111524163569,128,recording_loo,cuda,32,1.3653452610597014,r_146.avi,269,0.0015192812887236677,tabular_predict_proba,1.5192812887236678e-06,807,0.00122606,0.2866666666666667,MLP,MLP,baseline,torch_head,,,,table6-valence-3class,269,3,8771,0.0003203531818535198,1.0011036932922494e-05,136384,4262,8771,503,1,results/quick_v1_v2_comparison/2026-06-03_09-24-45/model_runs/2026-06-03_09-24-48/multiclass_table6_valence_3class_emotion-elicitation_2026-06-03_09-33-29/recording_loo/r_146.avi/baselines/MLP/model_benchmark.json,MLP,multiclass_table6_valence_3class,Table-6 Valence,results/quick_v1_v2_comparison/2026-06-03_09-24-45/model_runs/2026-06-03_09-24-48,results/quick_v1_v2_comparison/2026-06-03_09-24-45/model_runs/2026-06-03_09-24-48/multiclass_table6_valence_3class_emotion-elicitation_2026-06-03_09-33-29,,,,,,,,,,
MLP,0.5707317073170731,128,recording_loo,cuda,19,0.8039618649054319,r_30.avi,205,0.0019242764227642276,tabular_predict_proba,1.9242764227642276e-06,615,0.00118343,0.28062478062478063,MLP,MLP,baseline,torch_head,,,,table6-valence-3class,205,3,8771,0.00018597313553213784,9.78805976484936e-06,82137,4323,8771,506,1,results/quick_v1_v2_comparison/2026-06-03_09-24-45/model_runs/2026-06-03_09-24-48/multiclass_table6_valence_3class_emotion-elicitation_2026-06-03_09-33-29/recording_loo/r_30.avi/baselines/MLP/model_benchmark.json,MLP,multiclass_table6_valence_3class,Table-6 Valence,results/quick_v1_v2_comparison/2026-06-03_09-24-45/model_runs/2026-06-03_09-24-48,results/quick_v1_v2_comparison/2026-06-03_09-24-45/model_runs/2026-06-03_09-24-48/multiclass_table6_valence_3class_emotion-elicitation_2026-06-03_09-33-29,,,,,,,,,,
MLP,0.44745762711864406,128,recording_loo,cuda,21,0.8697541479486972,r_52.avi,295,0.0013936531073446329,tabular_predict_proba,1.3936531073446329e-06,885,0.001233383,0.2689799331103679,MLP,MLP,baseline,torch_head,,,,table6-valence-3class,295,3,8771,0.0002101363005432948,1.0006490502061657e-05,86919,4139,8771,600,1,results/quick_v1_v2_comparison/2026-06-03_09-24-45/model_runs/2026-06-03_09-24-48/multiclass_table6_valence_3class_emotion-elicitation_2026-06-03_09-33-29/recording_loo/r_52.avi/baselines/MLP/model_benchmark.json,MLP,multiclass_table6_valence_3class,Table-6 Valence,results/quick_v1_v2_comparison/2026-06-03_09-24-45/model_runs/2026-06-03_09-24-48,results/quick_v1_v2_comparison/2026-06-03_09-24-45/model_runs/2026-06-03_09-24-48/multiclass_table6_valence_3class_emotion-elicitation_2026-06-03_09-33-29,,,,,,,,,,
MLP,0.3881578947368421,128,recording_loo,cuda,47,1.917033449979499,r_53.avi,304,0.0015326765350877193,tabular_predict_proba,1.5326765350877192e-06,912,0.001397801,0.3298158436650315,MLP,MLP,baseline,torch_head,,,,table6-valence-3class,304,3,8771,0.00045676279484858207,9.718357337203875e-06,197259,4197,8771,533,1,results/quick_v1_v2_comparison/2026-06-03_09-24-45/model_runs/2026-06-03_09-24-48/multiclass_table6_valence_3class_emotion-elicitation_2026-06-03_09-33-29/recording_loo/r_53.avi/baselines/MLP/model_benchmark.json,MLP,multiclass_table6_valence_3class,Table-6 Valence,results/quick_v1_v2_comparison/2026-06-03_09-24-45/model_runs/2026-06-03_09-24-48,results/quick_v1_v2_comparison/2026-06-03_09-24-45/model_runs/2026-06-03_09-24-48/multiclass_table6_valence_3class_emotion-elicitation_2026-06-03_09-33-29,,,,,,,,,,
MLP,0.3941908713692946,128,recording_loo,cuda,19,0.8129342140164226,r_55.avi,241,0.0017081964038727524,tabular_predict_proba,1.7081964038727525e-06,723,0.001235026,0.265692007797271,MLP,MLP,baseline,torch_head,,,,table6-valence-3class,241,3,8771,0.0001890984447584142,9.952549724127063e-06,81681,4299,8771,494,1,results/quick_v1_v2_comparison/2026-06-03_09-24-45/model_runs/2026-06-03_09-24-48/multiclass_table6_valence_3class_emotion-elicitation_2026-06-03_09-33-29/recording_loo/r_55.avi/baselines/MLP/model_benchmark.json,MLP,multiclass_table6_valence_3class,Table-6 Valence,results/quick_v1_v2_comparison/2026-06-03_09-24-45/model_runs/2026-06-03_09-24-48,results/quick_v1_v2_comparison/2026-06-03_09-24-45/model_runs/2026-06-03_09-24-48/multiclass_table6_valence_3class_emotion-elicitation_2026-06-03_09-33-29,,,,,,,,,,
MLP,0.583756345177665,128,recording_loo,cuda,27,1.136597700882703,r_58.avi,197,0.0020201692047377325,tabular_predict_proba,2.0201692047377325e-06,591,0.00119392,0.35640075799254234,MLP,MLP,baseline,torch_head,,,,table6-valence-3class,197,3,8771,0.00026225143075281565,9.713015953807987e-06,117018,4334,8771,503,1,results/quick_v1_v2_comparison/2026-06-03_09-24-45/model_runs/2026-06-03_09-24-48/multiclass_table6_valence_3class_emotion-elicitation_2026-06-03_09-33-29/recording_loo/r_58.avi/baselines/MLP/model_benchmark.json,MLP,multiclass_table6_valence_3class,Table-6 Valence,results/quick_v1_v2_comparison/2026-06-03_09-24-45/model_runs/2026-06-03_09-24-48,results/quick_v1_v2_comparison/2026-06-03_09-24-45/model_runs/2026-06-03_09-24-48/multiclass_table6_valence_3class_emotion-elicitation_2026-06-03_09-33-29,,,,,,,,,,
MLP,0.7242990654205608,128,recording_loo,cuda,32,1.3618091880343854,r_69.avi,214,0.001858190031152648,tabular_predict_proba,1.858190031152648e-06,642,0.001192958,0.2800361336946703,MLP,MLP,baseline,torch_head,,,,table6-valence-3class,214,3,8771,0.0003129876322763469,9.780863508635841e-06,139232,4351,8771,469,1,results/quick_v1_v2_comparison/2026-06-03_09-24-45/model_runs/2026-06-03_09-24-48/multiclass_table6_valence_3class_emotion-elicitation_2026-06-03_09-33-29/recording_loo/r_69.avi/baselines/MLP/model_benchmark.json,MLP,multiclass_table6_valence_3class,Table-6 Valence,results/quick_v1_v2_comparison/2026-06-03_09-24-45/model_runs/2026-06-03_09-24-48,results/quick_v1_v2_comparison/2026-06-03_09-24-45/model_runs/2026-06-03_09-24-48/multiclass_table6_valence_3class_emotion-elicitation_2026-06-03_09-33-29,,,,,,,,,,
MLP,0.38524590163934425,128,recording_loo,cuda,83,3.456065374892205,r_73.avi,244,0.0016662131147540983,tabular_predict_proba,1.6662131147540984e-06,732,0.001219668,0.21650992685475445,MLP,MLP,baseline,torch_head,,,,table6-valence-3class,244,3,8771,0.0008162648499981589,9.83451626503806e-06,351422,4234,8771,556,1,results/quick_v1_v2_comparison/2026-06-03_09-24-45/model_runs/2026-06-03_09-24-48/multiclass_table6_valence_3class_emotion-elicitation_2026-06-03_09-33-29/recording_loo/r_73.avi/baselines/MLP/model_benchmark.json,MLP,multiclass_table6_valence_3class,Table-6 Valence,results/quick_v1_v2_comparison/2026-06-03_09-24-45/model_runs/2026-06-03_09-24-48,results/quick_v1_v2_comparison/2026-06-03_09-24-45/model_runs/2026-06-03_09-24-48/multiclass_table6_valence_3class_emotion-elicitation_2026-06-03_09-33-29,,,,,,,,,,
MLP,0.34355828220858897,128,recording_loo,cuda,35,1.512161805992946,r_79.avi,163,0.002379042944785276,tabular_predict_proba,2.379042944785276e-06,489,0.001163352,0.19906201146430433,MLP,MLP,baseline,torch_head,,,,table6-valence-3class,163,3,8771,0.00034746365027411445,9.927532864974698e-06,152320,4352,8771,519,1,results/quick_v1_v2_comparison/2026-06-03_09-24-45/model_runs/2026-06-03_09-24-48/multiclass_table6_valence_3class_emotion-elicitation_2026-06-03_09-33-29/recording_loo/r_79.avi/baselines/MLP/model_benchmark.json,MLP,multiclass_table6_valence_3class,Table-6 Valence,results/quick_v1_v2_comparison/2026-06-03_09-24-45/model_runs/2026-06-03_09-24-48,results/quick_v1_v2_comparison/2026-06-03_09-24-45/model_runs/2026-06-03_09-24-48/multiclass_table6_valence_3class_emotion-elicitation_2026-06-03_09-33-29,,,,,,,,,,
MLP,0.4050179211469534,128,recording_loo,cuda,16,0.677079448942095,r_80.avi,279,0.00147089486260454,tabular_predict_proba,1.47089486260454e-06,837,0.001231139,0.20685980685980684,MLP,MLP,baseline,torch_head,,,,table6-valence-3class,279,3,8771,0.00016082647243280168,1.0051654527050105e-05,67360,4210,8771,545,1,results/quick_v1_v2_comparison/2026-06-03_09-24-45/model_runs/2026-06-03_09-24-48/multiclass_table6_valence_3class_emotion-elicitation_2026-06-03_09-33-29/recording_loo/r_80.avi/baselines/MLP/model_benchmark.json,MLP,multiclass_table6_valence_3class,Table-6 Valence,results/quick_v1_v2_comparison/2026-06-03_09-24-45/model_runs/2026-06-03_09-24-48,results/quick_v1_v2_comparison/2026-06-03_09-24-45/model_runs/2026-06-03_09-24-48/multiclass_table6_valence_3class_emotion-elicitation_2026-06-03_09-33-29,,,,,,,,,,
MLP,0.35546875,128,recording_loo,cuda,21,0.8972146739251912,r_90.avi,256,0.0015848606770833332,tabular_predict_proba,1.5848606770833333e-06,768,0.001217173,0.23213339718733103,MLP,MLP,baseline,torch_head,,,,table6-valence-3class,256,3,8771,0.00020953168470929265,9.977699271871079e-06,89922,4282,8771,496,1,results/quick_v1_v2_comparison/2026-06-03_09-24-45/model_runs/2026-06-03_09-24-48/multiclass_table6_valence_3class_emotion-elicitation_2026-06-03_09-33-29/recording_loo/r_90.avi/baselines/MLP/model_benchmark.json,MLP,multiclass_table6_valence_3class,Table-6 Valence,results/quick_v1_v2_comparison/2026-06-03_09-24-45/model_runs/2026-06-03_09-24-48,results/quick_v1_v2_comparison/2026-06-03_09-24-45/model_runs/2026-06-03_09-24-48/multiclass_table6_valence_3class_emotion-elicitation_2026-06-03_09-33-29,,,,,,,,,,
MLP,0.3356164383561644,128,recording_loo,cuda,20,0.8834336961153895,r_cats_f.avi,292,0.0014273801369863012,tabular_predict_proba,1.4273801369863013e-06,876,0.001250385,0.1675213675213675,MLP,MLP,baseline,torch_head,,,,table6-valence-3class,292,3,8771,0.00020197386742464322,1.0098693371232162e-05,87480,4374,8771,368,1,results/quick_v1_v2_comparison/2026-06-03_09-24-45/model_runs/2026-06-03_09-24-48/multiclass_table6_valence_3class_emotion-elicitation_2026-06-03_09-33-29/recording_loo/r_cats_f.avi/baselines/MLP/model_benchmark.json,MLP,multiclass_table6_valence_3class,Table-6 Valence,results/quick_v1_v2_comparison/2026-06-03_09-24-45/model_runs/2026-06-03_09-24-48,results/quick_v1_v2_comparison/2026-06-03_09-24-45/model_runs/2026-06-03_09-24-48/multiclass_table6_valence_3class_emotion-elicitation_2026-06-03_09-33-29,,,,,,,,,,
MLP,0.03409090909090909,128,recording_loo,cuda,16,0.6893362978007644,r_dallas_f.avi,264,0.001544020202020202,tabular_predict_proba,1.544020202020202e-06,792,0.001222864,0.02197802197802198,MLP,MLP,baseline,torch_head,,,,table6-valence-3class,264,3,8771,0.0001608719481448692,1.0054496759054324e-05,68560,4285,8771,485,1,results/quick_v1_v2_comparison/2026-06-03_09-24-45/model_runs/2026-06-03_09-24-48/multiclass_table6_valence_3class_emotion-elicitation_2026-06-03_09-33-29/recording_loo/r_dallas_f.avi/baselines/MLP/model_benchmark.json,MLP,multiclass_table6_valence_3class,Table-6 Valence,results/quick_v1_v2_comparison/2026-06-03_09-24-45/model_runs/2026-06-03_09-24-48,results/quick_v1_v2_comparison/2026-06-03_09-24-45/model_runs/2026-06-03_09-24-48/multiclass_table6_valence_3class_emotion-elicitation_2026-06-03_09-33-29,,,,,,,,,,
MLP,0.5687022900763359,128,recording_loo,cuda,23,0.9651560180354863,r_detroit_f.avi,262,0.0015715610687022901,tabular_predict_proba,1.5715610687022902e-06,786,0.001235247,0.24168694241686942,MLP,MLP,baseline,torch_head,,,,table6-valence-3class,262,3,8771,0.0002255564426350751,9.806801853698917e-06,98417,4279,8771,493,1,results/quick_v1_v2_comparison/2026-06-03_09-24-45/model_runs/2026-06-03_09-24-48/multiclass_table6_valence_3class_emotion-elicitation_2026-06-03_09-33-29/recording_loo/r_detroit_f.avi/baselines/MLP/model_benchmark.json,MLP,multiclass_table6_valence_3class,Table-6 Valence,results/quick_v1_v2_comparison/2026-06-03_09-24-45/model_runs/2026-06-03_09-24-48,results/quick_v1_v2_comparison/2026-06-03_09-24-45/model_runs/2026-06-03_09-24-48/multiclass_table6_valence_3class_emotion-elicitation_2026-06-03_09-33-29,,,,,,,,,,
MLP,0.4791666666666667,128,recording_loo,cuda,19,0.8009732000064105,r_earworm_f.avi,192,0.002047833333333333,tabular_predict_proba,2.047833333333333e-06,576,0.001179552,0.40763418839020216,MLP,MLP,baseline,torch_head,,,,table6-valence-3class,192,3,8771,0.00018998415559924348,9.999166084170709e-06,80104,4216,8771,626,1,results/quick_v1_v2_comparison/2026-06-03_09-24-45/model_runs/2026-06-03_09-24-48/multiclass_table6_valence_3class_emotion-elicitation_2026-06-03_09-33-29/recording_loo/r_earworm_f.avi/baselines/MLP/model_benchmark.json,MLP,multiclass_table6_valence_3class,Table-6 Valence,results/quick_v1_v2_comparison/2026-06-03_09-24-45/model_runs/2026-06-03_09-24-48,results/quick_v1_v2_comparison/2026-06-03_09-24-45/model_runs/2026-06-03_09-24-48/multiclass_table6_valence_3class_emotion-elicitation_2026-06-03_09-33-29,,,,,,,,,,
MLP,0.5433962264150943,128,recording_loo,cuda,44,1.8226262261159718,r_funny_f.avi,265,0.0015463220125786165,tabular_predict_proba,1.5463220125786164e-06,795,0.001229326,0.33982632176501276,MLP,MLP,baseline,torch_head,,,,table6-valence-3class,265,3,8771,0.00042754544361153454,9.716941900262148e-06,187572,4263,8771,506,1,results/quick_v1_v2_comparison/2026-06-03_09-24-45/model_runs/2026-06-03_09-24-48/multiclass_table6_valence_3class_emotion-elicitation_2026-06-03_09-33-29/recording_loo/r_funny_f.avi/baselines/MLP/model_benchmark.json,MLP,multiclass_table6_valence_3class,Table-6 Valence,results/quick_v1_v2_comparison/2026-06-03_09-24-45/model_runs/2026-06-03_09-24-48,results/quick_v1_v2_comparison/2026-06-03_09-24-45/model_runs/2026-06-03_09-24-48/multiclass_table6_valence_3class_emotion-elicitation_2026-06-03_09-33-29,,,,,,,,,,
MLP,0.33725490196078434,128,recording_loo,cuda,16,0.6940228890161961,r_newyork_f.avi,255,0.0015682888888888889,tabular_predict_proba,1.5682888888888889e-06,765,0.001199741,0.2440637446459901,MLP,MLP,baseline,torch_head,,,,table6-valence-3class,255,3,8771,0.00015987627021796732,9.992266888622957e-06,69456,4341,8771,438,1,results/quick_v1_v2_comparison/2026-06-03_09-24-45/model_runs/2026-06-03_09-24-48/multiclass_table6_valence_3class_emotion-elicitation_2026-06-03_09-33-29/recording_loo/r_newyork_f.avi/baselines/MLP/model_benchmark.json,MLP,multiclass_table6_valence_3class,Table-6 Valence,results/quick_v1_v2_comparison/2026-06-03_09-24-45/model_runs/2026-06-03_09-24-48,results/quick_v1_v2_comparison/2026-06-03_09-24-45/model_runs/2026-06-03_09-24-48/multiclass_table6_valence_3class_emotion-elicitation_2026-06-03_09-33-29,,,,,,,,,,
GazeMAE_MLP,0.310126582278481,128,recording_loo,cuda,16,0.7528595859184861,r_107.avi,158,0.001919867088607595,cached_gazemae_embedding_mlp_head_predict_proba,1.919867088607595e-06,474,0.000910017,0.26318272366390827,GazeMAE_MLP,GazeMAE_MLP,baseline,frozen_gazemae_encoders_plus_trainable_mlp_head,,,,table6-valence-3class,158,3,2119063,0.0001775193553215011,1.1094959707593819e-05,67856,4241,82563,635,1,results/quick_v1_v2_comparison/2026-06-03_09-24-45/model_runs/2026-06-03_09-24-48/multiclass_table6_valence_3class_emotion-elicitation_2026-06-03_09-33-29/recording_loo/r_107.avi/baselines/GazeMAE_MLP/model_benchmark.json,GazeMAE_MLP,multiclass_table6_valence_3class,Table-6 Valence,results/quick_v1_v2_comparison/2026-06-03_09-24-45/model_runs/2026-06-03_09-24-48,results/quick_v1_v2_comparison/2026-06-03_09-24-45/model_runs/2026-06-03_09-24-48/multiclass_table6_valence_3class_emotion-elicitation_2026-06-03_09-33-29,5.0,2.5213243125,synthetic_gazemae_encoder_pooling_head_forward,0.0025213243125,48.0,0.121023567,16.0,2036500.0,82563.0,
GazeMAE_MLP,0.5287009063444109,128,recording_loo,cuda,17,0.7711307348217815,r_111.avi,331,0.0010449909365558912,cached_gazemae_embedding_mlp_head_predict_proba,1.044990936555891e-06,993,0.001037676,0.26715416354639293,GazeMAE_MLP,GazeMAE_MLP,baseline,frozen_gazemae_encoders_plus_trainable_mlp_head,,,,table6-valence-3class,331,3,2119063,0.00018430466893446022,1.0841451113791777e-05,71128,4184,82563,519,1,results/quick_v1_v2_comparison/2026-06-03_09-24-45/model_runs/2026-06-03_09-24-48/multiclass_table6_valence_3class_emotion-elicitation_2026-06-03_09-33-29/recording_loo/r_111.avi/baselines/GazeMAE_MLP/model_benchmark.json,GazeMAE_MLP,multiclass_table6_valence_3class,Table-6 Valence,results/quick_v1_v2_comparison/2026-06-03_09-24-45/model_runs/2026-06-03_09-24-48,results/quick_v1_v2_comparison/2026-06-03_09-24-45/model_runs/2026-06-03_09-24-48/multiclass_table6_valence_3class_emotion-elicitation_2026-06-03_09-33-29,5.0,2.5242464583333333,synthetic_gazemae_encoder_pooling_head_forward,0.0025242464583333335,48.0,0.12116383,16.0,2036500.0,82563.0,
GazeMAE_MLP,0.47126436781609193,128,recording_loo,cuda,21,1.0538351580034941,r_138.avi,348,0.0010026369731800768,cached_gazemae_embedding_mlp_head_predict_proba,1.0026369731800768e-06,1044,0.001046753,0.23424607520993065,GazeMAE_MLP,GazeMAE_MLP,baseline,frozen_gazemae_encoders_plus_trainable_mlp_head,,,,table6-valence-3class,348,3,2119063,0.00024360498335725708,1.1600237302726528e-05,90846,4326,82563,360,1,results/quick_v1_v2_comparison/2026-06-03_09-24-45/model_runs/2026-06-03_09-24-48/multiclass_table6_valence_3class_emotion-elicitation_2026-06-03_09-33-29/recording_loo/r_138.avi/baselines/GazeMAE_MLP/model_benchmark.json,GazeMAE_MLP,multiclass_table6_valence_3class,Table-6 Valence,results/quick_v1_v2_comparison/2026-06-03_09-24-45/model_runs/2026-06-03_09-24-48,results/quick_v1_v2_comparison/2026-06-03_09-24-45/model_runs/2026-06-03_09-24-48/multiclass_table6_valence_3class_emotion-elicitation_2026-06-03_09-33-29,5.0,2.579479854166667,synthetic_gazemae_encoder_pooling_head_forward,0.0025794798541666666,48.0,0.123815033,16.0,2036500.0,82563.0,
GazeMAE_MLP,0.241635687732342,128,recording_loo,cuda,16,0.7726126660127193,r_146.avi,269,0.0012036456009913259,cached_gazemae_embedding_mlp_head_predict_proba,1.2036456009913259e-06,807,0.000971342,0.19203923787964536,GazeMAE_MLP,GazeMAE_MLP,baseline,frozen_gazemae_encoders_plus_trainable_mlp_head,,,,table6-valence-3class,269,3,2119063,0.0001812793679053776,1.13299604940861e-05,68192,4262,82563,503,1,results/quick_v1_v2_comparison/2026-06-03_09-24-45/model_runs/2026-06-03_09-24-48/multiclass_table6_valence_3class_emotion-elicitation_2026-06-03_09-33-29/recording_loo/r_146.avi/baselines/GazeMAE_MLP/model_benchmark.json,GazeMAE_MLP,multiclass_table6_valence_3class,Table-6 Valence,results/quick_v1_v2_comparison/2026-06-03_09-24-45/model_runs/2026-06-03_09-24-48,results/quick_v1_v2_comparison/2026-06-03_09-24-45/model_runs/2026-06-03_09-24-48/multiclass_table6_valence_3class_emotion-elicitation_2026-06-03_09-33-29,5.0,2.5244050833333334,synthetic_gazemae_encoder_pooling_head_forward,0.0025244050833333333,48.0,0.121171444,16.0,2036500.0,82563.0,
GazeMAE_MLP,0.5024390243902439,128,recording_loo,cuda,23,1.093198941089213,r_30.avi,205,0.0016069333333333332,cached_gazemae_embedding_mlp_head_predict_proba,1.6069333333333332e-06,615,0.000988264,0.2780002617458448,GazeMAE_MLP,GazeMAE_MLP,baseline,frozen_gazemae_encoders_plus_trainable_mlp_head,,,,table6-valence-3class,205,3,2119063,0.00025287969953486305,1.0994769544994045e-05,99429,4323,82563,506,1,results/quick_v1_v2_comparison/2026-06-03_09-24-45/model_runs/2026-06-03_09-24-48/multiclass_table6_valence_3class_emotion-elicitation_2026-06-03_09-33-29/recording_loo/r_30.avi/baselines/GazeMAE_MLP/model_benchmark.json,GazeMAE_MLP,multiclass_table6_valence_3class,Table-6 Valence,results/quick_v1_v2_comparison/2026-06-03_09-24-45/model_runs/2026-06-03_09-24-48,results/quick_v1_v2_comparison/2026-06-03_09-24-45/model_runs/2026-06-03_09-24-48/multiclass_table6_valence_3class_emotion-elicitation_2026-06-03_09-33-29,5.0,2.5669425833333332,synthetic_gazemae_encoder_pooling_head_forward,0.0025669425833333335,48.0,0.123213244,16.0,2036500.0,82563.0,
GazeMAE_MLP,0.4745762711864407,128,recording_loo,cuda,16,0.7412359940353781,r_52.avi,295,0.001145334463276836,cached_gazemae_embedding_mlp_head_predict_proba,1.145334463276836e-06,885,0.001013621,0.27141881980451105,GazeMAE_MLP,GazeMAE_MLP,baseline,frozen_gazemae_encoders_plus_trainable_mlp_head,,,,table6-valence-3class,295,3,2119063,0.00017908576806846535,1.1192860504279085e-05,66224,4139,82563,600,1,results/quick_v1_v2_comparison/2026-06-03_09-24-45/model_runs/2026-06-03_09-24-48/multiclass_table6_valence_3class_emotion-elicitation_2026-06-03_09-33-29/recording_loo/r_52.avi/baselines/GazeMAE_MLP/model_benchmark.json,GazeMAE_MLP,multiclass_table6_valence_3class,Table-6 Valence,results/quick_v1_v2_comparison/2026-06-03_09-24-45/model_runs/2026-06-03_09-24-48,results/quick_v1_v2_comparison/2026-06-03_09-24-45/model_runs/2026-06-03_09-24-48/multiclass_table6_valence_3class_emotion-elicitation_2026-06-03_09-33-29,5.0,2.5143558333333336,synthetic_gazemae_encoder_pooling_head_forward,0.0025143558333333336,48.0,0.12068908,16.0,2036500.0,82563.0,
GazeMAE_MLP,0.41118421052631576,128,recording_loo,cuda,17,0.7987811178900301,r_53.avi,304,0.0011039342105263158,cached_gazemae_embedding_mlp_head_predict_proba,1.1039342105263157e-06,912,0.001006788,0.3352315969534512,GazeMAE_MLP,GazeMAE_MLP,baseline,frozen_gazemae_encoders_plus_trainable_mlp_head,,,,table6-valence-3class,304,3,2119063,0.00019032192468192282,1.1195407334230755e-05,71349,4197,82563,533,1,results/quick_v1_v2_comparison/2026-06-03_09-24-45/model_runs/2026-06-03_09-24-48/multiclass_table6_valence_3class_emotion-elicitation_2026-06-03_09-33-29/recording_loo/r_53.avi/baselines/GazeMAE_MLP/model_benchmark.json,GazeMAE_MLP,multiclass_table6_valence_3class,Table-6 Valence,results/quick_v1_v2_comparison/2026-06-03_09-24-45/model_runs/2026-06-03_09-24-48,results/quick_v1_v2_comparison/2026-06-03_09-24-45/model_runs/2026-06-03_09-24-48/multiclass_table6_valence_3class_emotion-elicitation_2026-06-03_09-33-29,5.0,2.5200093541666666,synthetic_gazemae_encoder_pooling_head_forward,0.0025200093541666666,48.0,0.120960449,16.0,2036500.0,82563.0,
GazeMAE_MLP,0.38589211618257263,128,recording_loo,cuda,20,1.01035219989717,r_55.avi,241,0.0015502116182572615,cached_gazemae_embedding_mlp_head_predict_proba,1.5502116182572615e-06,723,0.001120803,0.24192964636381684,GazeMAE_MLP,GazeMAE_MLP,baseline,frozen_gazemae_encoders_plus_trainable_mlp_head,,,,table6-valence-3class,241,3,2119063,0.0002350202837630077,1.1751014188150385e-05,85980,4299,82563,494,1,results/quick_v1_v2_comparison/2026-06-03_09-24-45/model_runs/2026-06-03_09-24-48/multiclass_table6_valence_3class_emotion-elicitation_2026-06-03_09-33-29/recording_loo/r_55.avi/baselines/GazeMAE_MLP/model_benchmark.json,GazeMAE_MLP,multiclass_table6_valence_3class,Table-6 Valence,results/quick_v1_v2_comparison/2026-06-03_09-24-45/model_runs/2026-06-03_09-24-48,results/quick_v1_v2_comparison/2026-06-03_09-24-45/model_runs/2026-06-03_09-24-48/multiclass_table6_valence_3class_emotion-elicitation_2026-06-03_09-33-29,5.0,2.5779991458333336,synthetic_gazemae_encoder_pooling_head_forward,0.0025779991458333333,48.0,0.123743959,16.0,2036500.0,82563.0,
GazeMAE_MLP,0.34517766497461927,128,recording_loo,cuda,17,0.7909827008843422,r_58.avi,197,0.0015948527918781725,cached_gazemae_embedding_mlp_head_predict_proba,1.5948527918781726e-06,591,0.000942558,0.2722271414756514,GazeMAE_MLP,GazeMAE_MLP,baseline,frozen_gazemae_encoders_plus_trainable_mlp_head,,,,table6-valence-3class,197,3,2119063,0.0001825063915284592,1.0735670089909365e-05,73678,4334,82563,503,1,results/quick_v1_v2_comparison/2026-06-03_09-24-45/model_runs/2026-06-03_09-24-48/multiclass_table6_valence_3class_emotion-elicitation_2026-06-03_09-33-29/recording_loo/r_58.avi/baselines/GazeMAE_MLP/model_benchmark.json,GazeMAE_MLP,multiclass_table6_valence_3class,Table-6 Valence,results/quick_v1_v2_comparison/2026-06-03_09-24-45/model_runs/2026-06-03_09-24-48,results/quick_v1_v2_comparison/2026-06-03_09-24-45/model_runs/2026-06-03_09-24-48/multiclass_table6_valence_3class_emotion-elicitation_2026-06-03_09-33-29,5.0,2.5241658958333333,synthetic_gazemae_encoder_pooling_head_forward,0.0025241658958333334,48.0,0.121159963,16.0,2036500.0,82563.0,
GazeMAE_MLP,0.46261682242990654,128,recording_loo,cuda,25,1.176897019147873,r_69.avi,214,0.0014663956386292835,cached_gazemae_embedding_mlp_head_predict_proba,1.4663956386292835e-06,642,0.000941426,0.2108626198083067,GazeMAE_MLP,GazeMAE_MLP,baseline,frozen_gazemae_encoders_plus_trainable_mlp_head,,,,table6-valence-3class,214,3,2119063,0.00027048885753800804,1.081955430152032e-05,108775,4351,82563,469,1,results/quick_v1_v2_comparison/2026-06-03_09-24-45/model_runs/2026-06-03_09-24-48/multiclass_table6_valence_3class_emotion-elicitation_2026-06-03_09-33-29/recording_loo/r_69.avi/baselines/GazeMAE_MLP/model_benchmark.json,GazeMAE_MLP,multiclass_table6_valence_3class,Table-6 Valence,results/quick_v1_v2_comparison/2026-06-03_09-24-45/model_runs/2026-06-03_09-24-48,results/quick_v1_v2_comparison/2026-06-03_09-24-45/model_runs/2026-06-03_09-24-48/multiclass_table6_valence_3class_emotion-elicitation_2026-06-03_09-33-29,5.0,2.5208603125,synthetic_gazemae_encoder_pooling_head_forward,0.0025208603125,48.0,0.121001295,16.0,2036500.0,82563.0,
GazeMAE_MLP,0.5204918032786885,128,recording_loo,cuda,21,1.0132774871308357,r_73.avi,244,0.0013219467213114755,cached_gazemae_embedding_mlp_head_predict_proba,1.3219467213114754e-06,732,0.000967665,0.23649906890130354,GazeMAE_MLP,GazeMAE_MLP,baseline,frozen_gazemae_encoders_plus_trainable_mlp_head,,,,table6-valence-3class,244,3,2119063,0.00023931919866103819,1.1396152317192295e-05,88914,4234,82563,556,1,results/quick_v1_v2_comparison/2026-06-03_09-24-45/model_runs/2026-06-03_09-24-48/multiclass_table6_valence_3class_emotion-elicitation_2026-06-03_09-33-29/recording_loo/r_73.avi/baselines/GazeMAE_MLP/model_benchmark.json,GazeMAE_MLP,multiclass_table6_valence_3class,Table-6 Valence,results/quick_v1_v2_comparison/2026-06-03_09-24-45/model_runs/2026-06-03_09-24-48,results/quick_v1_v2_comparison/2026-06-03_09-24-45/model_runs/2026-06-03_09-24-48/multiclass_table6_valence_3class_emotion-elicitation_2026-06-03_09-33-29,5.0,2.5192381041666665,synthetic_gazemae_encoder_pooling_head_forward,0.0025192381041666666,48.0,0.120923429,16.0,2036500.0,82563.0,
GazeMAE_MLP,0.49693251533742333,128,recording_loo,cuda,24,1.1708960528485477,r_79.avi,163,0.0018599100204498976,cached_gazemae_embedding_mlp_head_predict_proba,1.8599100204498976e-06,489,0.000909496,0.2679194248700975,GazeMAE_MLP,GazeMAE_MLP,baseline,frozen_gazemae_encoders_plus_trainable_mlp_head,,,,table6-valence-3class,163,3,2119063,0.00026904780626115524,1.1210325260881469e-05,104448,4352,82563,519,1,results/quick_v1_v2_comparison/2026-06-03_09-24-45/model_runs/2026-06-03_09-24-48/multiclass_table6_valence_3class_emotion-elicitation_2026-06-03_09-33-29/recording_loo/r_79.avi/baselines/GazeMAE_MLP/model_benchmark.json,GazeMAE_MLP,multiclass_table6_valence_3class,Table-6 Valence,results/quick_v1_v2_comparison/2026-06-03_09-24-45/model_runs/2026-06-03_09-24-48,results/quick_v1_v2_comparison/2026-06-03_09-24-45/model_runs/2026-06-03_09-24-48/multiclass_table6_valence_3class_emotion-elicitation_2026-06-03_09-33-29,5.0,2.5221594166666663,synthetic_gazemae_encoder_pooling_head_forward,0.0025221594166666664,48.0,0.121063652,16.0,2036500.0,82563.0,
GazeMAE_MLP,0.5663082437275986,128,recording_loo,cuda,16,0.7616192360874265,r_80.avi,279,0.0011931469534050179,cached_gazemae_embedding_mlp_head_predict_proba,1.193146953405018e-06,837,0.000998664,0.24270353302611367,GazeMAE_MLP,GazeMAE_MLP,baseline,frozen_gazemae_encoders_plus_trainable_mlp_head,,,,table6-valence-3class,279,3,2119063,0.00018090718196850988,1.1306698873031867e-05,67360,4210,82563,545,1,results/quick_v1_v2_comparison/2026-06-03_09-24-45/model_runs/2026-06-03_09-24-48/multiclass_table6_valence_3class_emotion-elicitation_2026-06-03_09-33-29/recording_loo/r_80.avi/baselines/GazeMAE_MLP/model_benchmark.json,GazeMAE_MLP,multiclass_table6_valence_3class,Table-6 Valence,results/quick_v1_v2_comparison/2026-06-03_09-24-45/model_runs/2026-06-03_09-24-48,results/quick_v1_v2_comparison/2026-06-03_09-24-45/model_runs/2026-06-03_09-24-48/multiclass_table6_valence_3class_emotion-elicitation_2026-06-03_09-33-29,5.0,2.5371418958333334,synthetic_gazemae_encoder_pooling_head_forward,0.0025371418958333334,48.0,0.121782811,16.0,2036500.0,82563.0,
GazeMAE_MLP,0.39453125,128,recording_loo,cuda,16,0.7627373829018325,r_90.avi,256,0.00127530859375,cached_gazemae_embedding_mlp_head_predict_proba,1.27530859375e-06,768,0.000979437,0.2445539380365808,GazeMAE_MLP,GazeMAE_MLP,baseline,frozen_gazemae_encoders_plus_trainable_mlp_head,,,,table6-valence-3class,256,3,2119063,0.0001781264322517124,1.1132902015732024e-05,68512,4282,82563,496,1,results/quick_v1_v2_comparison/2026-06-03_09-24-45/model_runs/2026-06-03_09-24-48/multiclass_table6_valence_3class_emotion-elicitation_2026-06-03_09-33-29/recording_loo/r_90.avi/baselines/GazeMAE_MLP/model_benchmark.json,GazeMAE_MLP,multiclass_table6_valence_3class,Table-6 Valence,results/quick_v1_v2_comparison/2026-06-03_09-24-45/model_runs/2026-06-03_09-24-48,results/quick_v1_v2_comparison/2026-06-03_09-24-45/model_runs/2026-06-03_09-24-48/multiclass_table6_valence_3class_emotion-elicitation_2026-06-03_09-33-29,5.0,2.5192287083333333,synthetic_gazemae_encoder_pooling_head_forward,0.0025192287083333335,48.0,0.120922978,16.0,2036500.0,82563.0,
GazeMAE_MLP,0.2808219178082192,128,recording_loo,cuda,20,0.9552577829454094,r_cats_f.avi,292,0.0011616187214611873,cached_gazemae_embedding_mlp_head_predict_proba,1.1616187214611873e-06,876,0.001017578,0.1461675579322638,GazeMAE_MLP,GazeMAE_MLP,baseline,frozen_gazemae_encoders_plus_trainable_mlp_head,,,,table6-valence-3class,292,3,2119063,0.0002183945548572038,1.091972774286019e-05,87480,4374,82563,368,1,results/quick_v1_v2_comparison/2026-06-03_09-24-45/model_runs/2026-06-03_09-24-48/multiclass_table6_valence_3class_emotion-elicitation_2026-06-03_09-33-29/recording_loo/r_cats_f.avi/baselines/GazeMAE_MLP/model_benchmark.json,GazeMAE_MLP,multiclass_table6_valence_3class,Table-6 Valence,results/quick_v1_v2_comparison/2026-06-03_09-24-45/model_runs/2026-06-03_09-24-48,results/quick_v1_v2_comparison/2026-06-03_09-24-45/model_runs/2026-06-03_09-24-48/multiclass_table6_valence_3class_emotion-elicitation_2026-06-03_09-33-29,5.0,2.5190485833333334,synthetic_gazemae_encoder_pooling_head_forward,0.0025190485833333333,48.0,0.120914332,16.0,2036500.0,82563.0,
GazeMAE_MLP,0.6287878787878788,128,recording_loo,cuda,18,0.842151866061613,r_dallas_f.avi,264,0.0012606729797979797,cached_gazemae_embedding_mlp_head_predict_proba,1.2606729797979798e-06,792,0.000998453,0.25736434108527134,GazeMAE_MLP,GazeMAE_MLP,baseline,frozen_gazemae_encoders_plus_trainable_mlp_head,,,,table6-valence-3class,264,3,2119063,0.00019653485789069148,1.0918603216149526e-05,77130,4285,82563,485,1,results/quick_v1_v2_comparison/2026-06-03_09-24-45/model_runs/2026-06-03_09-24-48/multiclass_table6_valence_3class_emotion-elicitation_2026-06-03_09-33-29/recording_loo/r_dallas_f.avi/baselines/GazeMAE_MLP/model_benchmark.json,GazeMAE_MLP,multiclass_table6_valence_3class,Table-6 Valence,results/quick_v1_v2_comparison/2026-06-03_09-24-45/model_runs/2026-06-03_09-24-48,results/quick_v1_v2_comparison/2026-06-03_09-24-45/model_runs/2026-06-03_09-24-48/multiclass_table6_valence_3class_emotion-elicitation_2026-06-03_09-33-29,5.0,2.551795020833333,synthetic_gazemae_encoder_pooling_head_forward,0.0025517950208333333,48.0,0.122486161,16.0,2036500.0,82563.0,
GazeMAE_MLP,0.6030534351145038,128,recording_loo,cuda,17,0.8164125380571932,r_detroit_f.avi,262,0.0012423180661577608,cached_gazemae_embedding_mlp_head_predict_proba,1.2423180661577608e-06,786,0.000976462,0.2507936507936508,GazeMAE_MLP,GazeMAE_MLP,baseline,frozen_gazemae_encoders_plus_trainable_mlp_head,,,,table6-valence-3class,262,3,2119063,0.00019079517131507202,1.1223245371474825e-05,72743,4279,82563,493,1,results/quick_v1_v2_comparison/2026-06-03_09-24-45/model_runs/2026-06-03_09-24-48/multiclass_table6_valence_3class_emotion-elicitation_2026-06-03_09-33-29/recording_loo/r_detroit_f.avi/baselines/GazeMAE_MLP/model_benchmark.json,GazeMAE_MLP,multiclass_table6_valence_3class,Table-6 Valence,results/quick_v1_v2_comparison/2026-06-03_09-24-45/model_runs/2026-06-03_09-24-48,results/quick_v1_v2_comparison/2026-06-03_09-24-45/model_runs/2026-06-03_09-24-48/multiclass_table6_valence_3class_emotion-elicitation_2026-06-03_09-33-29,5.0,2.5204829375,synthetic_gazemae_encoder_pooling_head_forward,0.0025204829375,48.0,0.120983181,16.0,2036500.0,82563.0,
GazeMAE_MLP,0.4375,128,recording_loo,cuda,17,0.8133563760202378,r_earworm_f.avi,192,0.0016098940972222222,cached_gazemae_embedding_mlp_head_predict_proba,1.6098940972222222e-06,576,0.000927299,0.33278757339455134,GazeMAE_MLP,GazeMAE_MLP,baseline,frozen_gazemae_encoders_plus_trainable_mlp_head,,,,table6-valence-3class,192,3,2119063,0.00019292134156077747,1.1348314209457498e-05,71672,4216,82563,626,1,results/quick_v1_v2_comparison/2026-06-03_09-24-45/model_runs/2026-06-03_09-24-48/multiclass_table6_valence_3class_emotion-elicitation_2026-06-03_09-33-29/recording_loo/r_earworm_f.avi/baselines/GazeMAE_MLP/model_benchmark.json,GazeMAE_MLP,multiclass_table6_valence_3class,Table-6 Valence,results/quick_v1_v2_comparison/2026-06-03_09-24-45/model_runs/2026-06-03_09-24-48,results/quick_v1_v2_comparison/2026-06-03_09-24-45/model_runs/2026-06-03_09-24-48/multiclass_table6_valence_3class_emotion-elicitation_2026-06-03_09-33-29,5.0,2.5341099583333335,synthetic_gazemae_encoder_pooling_head_forward,0.0025341099583333334,48.0,0.121637278,16.0,2036500.0,82563.0,
GazeMAE_MLP,0.3660377358490566,128,recording_loo,cuda,16,0.7649606440681964,r_funny_f.avi,265,0.0012329672955974842,cached_gazemae_embedding_mlp_head_predict_proba,1.232967295597484e-06,795,0.000980209,0.2538673108876753,GazeMAE_MLP,GazeMAE_MLP,baseline,frozen_gazemae_encoders_plus_trainable_mlp_head,,,,table6-valence-3class,265,3,2119063,0.00017944185880089056,1.121511617505566e-05,68208,4263,82563,506,1,results/quick_v1_v2_comparison/2026-06-03_09-24-45/model_runs/2026-06-03_09-24-48/multiclass_table6_valence_3class_emotion-elicitation_2026-06-03_09-33-29/recording_loo/r_funny_f.avi/baselines/GazeMAE_MLP/model_benchmark.json,GazeMAE_MLP,multiclass_table6_valence_3class,Table-6 Valence,results/quick_v1_v2_comparison/2026-06-03_09-24-45/model_runs/2026-06-03_09-24-48,results/quick_v1_v2_comparison/2026-06-03_09-24-45/model_runs/2026-06-03_09-24-48/multiclass_table6_valence_3class_emotion-elicitation_2026-06-03_09-33-29,5.0,2.5838889583333335,synthetic_gazemae_encoder_pooling_head_forward,0.0025838889583333336,48.0,0.12402667,16.0,2036500.0,82563.0,
GazeMAE_MLP,0.5725490196078431,128,recording_loo,cuda,18,0.8565637480933219,r_newyork_f.avi,255,0.0012681555555555555,cached_gazemae_embedding_mlp_head_predict_proba,1.2681555555555556e-06,765,0.000970139,0.3330742240215924,GazeMAE_MLP,GazeMAE_MLP,baseline,frozen_gazemae_encoders_plus_trainable_mlp_head,,,,table6-valence-3class,255,3,2119063,0.00019731945360362173,1.0962191866867874e-05,78138,4341,82563,438,1,results/quick_v1_v2_comparison/2026-06-03_09-24-45/model_runs/2026-06-03_09-24-48/multiclass_table6_valence_3class_emotion-elicitation_2026-06-03_09-33-29/recording_loo/r_newyork_f.avi/baselines/GazeMAE_MLP/model_benchmark.json,GazeMAE_MLP,multiclass_table6_valence_3class,Table-6 Valence,results/quick_v1_v2_comparison/2026-06-03_09-24-45/model_runs/2026-06-03_09-24-48,results/quick_v1_v2_comparison/2026-06-03_09-24-45/model_runs/2026-06-03_09-24-48/multiclass_table6_valence_3class_emotion-elicitation_2026-06-03_09-33-29,5.0,2.5196718333333337,synthetic_gazemae_encoder_pooling_head_forward,0.0025196718333333336,48.0,0.120944248,16.0,2036500.0,82563.0,
GNN,0.4875,256,subject_loo,cuda,170,148.03190123592503,s_P1,240,0.4232469569444445,materialized_graph_loader_forward_softmax,0.0004232469569444445,720,0.304737809,0.35408133102487227,BasicGCN_mean,BasicGCN,gnn,torch_model,,,,table6-arousal-3class,240,3,22019,0.03431430255816528,0.00020184883857744283,733380,4314,22019,480,1,results/quick_v1_v2_comparison/2026-06-03_09-24-45/model_runs/2026-06-03_09-39-05/multiclass_table6_arousal_3class_emotion-elicitation_2026-06-03_09-40-04/subject_loo/s_P1/model_benchmark.json,GNN,multiclass_table6_arousal_3class,Table-6 Arousal,results/quick_v1_v2_comparison/2026-06-03_09-24-45/model_runs/2026-06-03_09-39-05,results/quick_v1_v2_comparison/2026-06-03_09-24-45/model_runs/2026-06-03_09-39-05/multiclass_table6_arousal_3class_emotion-elicitation_2026-06-03_09-40-04,,,,,,,,,,150.0
GNN,0.5633187772925764,256,subject_loo,cuda,74,62.61678254394792,s_P10,229,0.4069286826783115,materialized_graph_loader_forward_softmax,0.0004069286826783115,687,0.279560005,0.3988765848178462,BasicGCN_mean,BasicGCN,gnn,torch_model,,,,table6-arousal-3class,229,3,22019,0.014351772299781783,0.00019394286891597005,322862,4363,22019,442,1,results/quick_v1_v2_comparison/2026-06-03_09-24-45/model_runs/2026-06-03_09-39-05/multiclass_table6_arousal_3class_emotion-elicitation_2026-06-03_09-40-04/subject_loo/s_P10/model_benchmark.json,GNN,multiclass_table6_arousal_3class,Table-6 Arousal,results/quick_v1_v2_comparison/2026-06-03_09-24-45/model_runs/2026-06-03_09-39-05,results/quick_v1_v2_comparison/2026-06-03_09-24-45/model_runs/2026-06-03_09-39-05/multiclass_table6_arousal_3class_emotion-elicitation_2026-06-03_09-40-04,,,,,,,,,,54.0
GNN,0.5677966101694916,256,subject_loo,cuda,127,109.30843020207249,s_P13,236,0.3831496553672316,materialized_graph_loader_forward_softmax,0.0003831496553672316,708,0.271269956,0.4256290116755233,BasicGCN_mean,BasicGCN,gnn,torch_model,,,,table6-arousal-3class,236,3,22019,0.025163082459040628,0.000198134507551501,551688,4344,22019,454,1,results/quick_v1_v2_comparison/2026-06-03_09-24-45/model_runs/2026-06-03_09-39-05/multiclass_table6_arousal_3class_emotion-elicitation_2026-06-03_09-40-04/subject_loo/s_P13/model_benchmark.json,GNN,multiclass_table6_arousal_3class,Table-6 Arousal,results/quick_v1_v2_comparison/2026-06-03_09-24-45/model_runs/2026-06-03_09-39-05,results/quick_v1_v2_comparison/2026-06-03_09-24-45/model_runs/2026-06-03_09-39-05/multiclass_table6_arousal_3class_emotion-elicitation_2026-06-03_09-40-04,,,,,,,,,,107.0
GNN,0.5944700460829493,256,subject_loo,cuda,124,109.91115059005097,s_P14,217,0.4149979124423963,materialized_graph_loader_forward_softmax,0.00041499791244239634,651,0.270163641,0.44562662436936246,BasicGCN_mean,BasicGCN,gnn,torch_model,,,,table6-arousal-3class,217,3,22019,0.025313484705216712,0.00020414100568723155,538408,4342,22019,475,1,results/quick_v1_v2_comparison/2026-06-03_09-24-45/model_runs/2026-06-03_09-39-05/multiclass_table6_arousal_3class_emotion-elicitation_2026-06-03_09-40-04/subject_loo/s_P14/model_benchmark.json,GNN,multiclass_table6_arousal_3class,Table-6 Arousal,results/quick_v1_v2_comparison/2026-06-03_09-24-45/model_runs/2026-06-03_09-39-05,results/quick_v1_v2_comparison/2026-06-03_09-24-45/model_runs/2026-06-03_09-39-05/multiclass_table6_arousal_3class_emotion-elicitation_2026-06-03_09-40-04,,,,,,,,,,104.0
GNN,0.5233160621761658,256,subject_loo,cuda,169,149.54100155900232,s_P16,193,0.44838714507772026,materialized_graph_loader_forward_softmax,0.00044838714507772025,579,0.259616157,0.42427562117964596,BasicGCN_mean,BasicGCN,gnn,torch_model,,,,table6-arousal-3class,193,3,22019,0.03411062991765564,0.00020183804685003338,740896,4384,22019,457,1,results/quick_v1_v2_comparison/2026-06-03_09-24-45/model_runs/2026-06-03_09-39-05/multiclass_table6_arousal_3class_emotion-elicitation_2026-06-03_09-40-04/subject_loo/s_P16/model_benchmark.json,GNN,multiclass_table6_arousal_3class,Table-6 Arousal,results/quick_v1_v2_comparison/2026-06-03_09-24-45/model_runs/2026-06-03_09-39-05,results/quick_v1_v2_comparison/2026-06-03_09-24-45/model_runs/2026-06-03_09-39-05/multiclass_table6_arousal_3class_emotion-elicitation_2026-06-03_09-40-04,,,,,,,,,,149.0
GNN,0.4602510460251046,256,subject_loo,cuda,79,69.52983867912553,s_P17,239,0.4402743751743375,materialized_graph_loader_forward_softmax,0.0004402743751743375,717,0.315676727,0.3526722147668602,BasicGCN_mean,BasicGCN,gnn,torch_model,,,,table6-arousal-3class,239,3,22019,0.01600594813055376,0.00020260693836144,343176,4344,22019,451,1,results/quick_v1_v2_comparison/2026-06-03_09-24-45/model_runs/2026-06-03_09-39-05/multiclass_table6_arousal_3class_emotion-elicitation_2026-06-03_09-40-04/subject_loo/s_P17/model_benchmark.json,GNN,multiclass_table6_arousal_3class,Table-6 Arousal,results/quick_v1_v2_comparison/2026-06-03_09-24-45/model_runs/2026-06-03_09-39-05,results/quick_v1_v2_comparison/2026-06-03_09-24-45/model_runs/2026-06-03_09-39-05/multiclass_table6_arousal_3class_emotion-elicitation_2026-06-03_09-40-04,,,,,,,,,,59.0
GNN,0.5877192982456141,256,subject_loo,cuda,70,62.786406027153134,s_P18,228,0.4328029678362573,materialized_graph_loader_forward_softmax,0.0004328029678362573,684,0.29603723,0.424024024024024,BasicGCN_mean,BasicGCN,gnn,torch_model,,,,table6-arousal-3class,228,3,22019,0.014390650017683505,0.0002055807145383358,305410,4363,22019,443,1,results/quick_v1_v2_comparison/2026-06-03_09-24-45/model_runs/2026-06-03_09-39-05/multiclass_table6_arousal_3class_emotion-elicitation_2026-06-03_09-40-04/subject_loo/s_P18/model_benchmark.json,GNN,multiclass_table6_arousal_3class,Table-6 Arousal,results/quick_v1_v2_comparison/2026-06-03_09-24-45/model_runs/2026-06-03_09-39-05,results/quick_v1_v2_comparison/2026-06-03_09-24-45/model_runs/2026-06-03_09-39-05/multiclass_table6_arousal_3class_emotion-elicitation_2026-06-03_09-40-04,,,,,,,,,,50.0
GNN,0.4585152838427948,256,subject_loo,cuda,33,29.12958462885581,s_P19,229,0.4298350669577875,materialized_graph_loader_forward_softmax,0.0004298350669577875,687,0.295296691,0.28364607491742216,BasicGCN_mean,BasicGCN,gnn,torch_model,,,,table6-arousal-3class,229,3,22019,0.006713432733084999,0.00020343735554803028,143187,4339,22019,466,1,results/quick_v1_v2_comparison/2026-06-03_09-24-45/model_runs/2026-06-03_09-39-05/multiclass_table6_arousal_3class_emotion-elicitation_2026-06-03_09-40-04/subject_loo/s_P19/model_benchmark.json,GNN,multiclass_table6_arousal_3class,Table-6 Arousal,results/quick_v1_v2_comparison/2026-06-03_09-24-45/model_runs/2026-06-03_09-39-05,results/quick_v1_v2_comparison/2026-06-03_09-24-45/model_runs/2026-06-03_09-39-05/multiclass_table6_arousal_3class_emotion-elicitation_2026-06-03_09-40-04,,,,,,,,,,13.0
GNN,0.46473029045643155,256,subject_loo,cuda,85,75.29179144511,s_P2,241,0.4089290373443984,materialized_graph_loader_forward_softmax,0.0004089290373443984,723,0.295655694,0.3519380933436303,BasicGCN_mean,BasicGCN,gnn,torch_model,,,,table6-arousal-3class,241,3,22019,0.01735633735479714,0.000204192204174084,368730,4338,22019,455,1,results/quick_v1_v2_comparison/2026-06-03_09-24-45/model_runs/2026-06-03_09-39-05/multiclass_table6_arousal_3class_emotion-elicitation_2026-06-03_09-40-04/subject_loo/s_P2/model_benchmark.json,GNN,multiclass_table6_arousal_3class,Table-6 Arousal,results/quick_v1_v2_comparison/2026-06-03_09-24-45/model_runs/2026-06-03_09-39-05,results/quick_v1_v2_comparison/2026-06-03_09-24-45/model_runs/2026-06-03_09-39-05/multiclass_table6_arousal_3class_emotion-elicitation_2026-06-03_09-40-04,,,,,,,,,,65.0
GNN,0.4026548672566372,256,subject_loo,cuda,31,27.672721453011036,s_P20,226,0.4170911489675516,materialized_graph_loader_forward_softmax,0.00041709114896755164,678,0.282787799,0.19714285714285715,BasicGCN_mean,BasicGCN,gnn,torch_model,,,,table6-arousal-3class,226,3,22019,0.0063396841816749224,0.00020450594134435233,135315,4365,22019,443,1,results/quick_v1_v2_comparison/2026-06-03_09-24-45/model_runs/2026-06-03_09-39-05/multiclass_table6_arousal_3class_emotion-elicitation_2026-06-03_09-40-04/subject_loo/s_P20/model_benchmark.json,GNN,multiclass_table6_arousal_3class,Table-6 Arousal,results/quick_v1_v2_comparison/2026-06-03_09-24-45/model_runs/2026-06-03_09-39-05,results/quick_v1_v2_comparison/2026-06-03_09-24-45/model_runs/2026-06-03_09-39-05/multiclass_table6_arousal_3class_emotion-elicitation_2026-06-03_09-40-04,,,,,,,,,,11.0
GNN,0.5205479452054794,256,subject_loo,cuda,81,73.32800265797414,s_P21,219,0.4272693500761035,materialized_graph_loader_forward_softmax,0.0004272693500761035,657,0.280715963,0.3666547367378115,BasicGCN_mean,BasicGCN,gnn,torch_model,,,,table6-arousal-3class,219,3,22019,0.01676835185409882,0.00020701668955677556,354213,4373,22019,442,1,results/quick_v1_v2_comparison/2026-06-03_09-24-45/model_runs/2026-06-03_09-39-05/multiclass_table6_arousal_3class_emotion-elicitation_2026-06-03_09-40-04/subject_loo/s_P21/model_benchmark.json,GNN,multiclass_table6_arousal_3class,Table-6 Arousal,results/quick_v1_v2_comparison/2026-06-03_09-24-45/model_runs/2026-06-03_09-39-05,results/quick_v1_v2_comparison/2026-06-03_09-24-45/model_runs/2026-06-03_09-39-05/multiclass_table6_arousal_3class_emotion-elicitation_2026-06-03_09-40-04,,,,,,,,,,61.0
GNN,0.4392523364485981,256,subject_loo,cuda,26,24.555798990884796,s_P22,214,0.4257940903426791,materialized_graph_loader_forward_softmax,0.0004257940903426791,642,0.273359806,0.20346320346320346,BasicGCN_mean,BasicGCN,gnn,torch_model,,,,table6-arousal-3class,214,3,22019,0.0056606267844363295,0.00021771641478601265,112788,4338,22019,482,1,results/quick_v1_v2_comparison/2026-06-03_09-24-45/model_runs/2026-06-03_09-39-05/multiclass_table6_arousal_3class_emotion-elicitation_2026-06-03_09-40-04/subject_loo/s_P22/model_benchmark.json,GNN,multiclass_table6_arousal_3class,Table-6 Arousal,results/quick_v1_v2_comparison/2026-06-03_09-24-45/model_runs/2026-06-03_09-39-05,results/quick_v1_v2_comparison/2026-06-03_09-24-45/model_runs/2026-06-03_09-39-05/multiclass_table6_arousal_3class_emotion-elicitation_2026-06-03_09-40-04,,,,,,,,,,6.0
GNN,0.5375,256,subject_loo,cuda,68,59.33007826004177,s_P23,240,0.44203985833333337,materialized_graph_loader_forward_softmax,0.00044203985833333336,720,0.318268698,0.3798030989074897,BasicGCN_mean,BasicGCN,gnn,torch_model,,,,table6-arousal-3class,240,3,22019,0.013524066163674898,0.00019888332593639554,298316,4387,22019,407,1,results/quick_v1_v2_comparison/2026-06-03_09-24-45/model_runs/2026-06-03_09-39-05/multiclass_table6_arousal_3class_emotion-elicitation_2026-06-03_09-40-04/subject_loo/s_P23/model_benchmark.json,GNN,multiclass_table6_arousal_3class,Table-6 Arousal,results/quick_v1_v2_comparison/2026-06-03_09-24-45/model_runs/2026-06-03_09-39-05,results/quick_v1_v2_comparison/2026-06-03_09-24-45/model_runs/2026-06-03_09-39-05/multiclass_table6_arousal_3class_emotion-elicitation_2026-06-03_09-40-04,,,,,,,,,,48.0
GNN,0.45454545454545453,256,subject_loo,cuda,84,73.99960390198976,s_P24,231,0.34627067821067825,materialized_graph_loader_forward_softmax,0.00034627067821067824,693,0.23996558,0.3087265614510036,BasicGCN_mean,BasicGCN,gnn,torch_model,,,,table6-arousal-3class,231,3,22019,0.016995774897103758,0.0002023306535369495,365736,4354,22019,449,1,results/quick_v1_v2_comparison/2026-06-03_09-24-45/model_runs/2026-06-03_09-39-05/multiclass_table6_arousal_3class_emotion-elicitation_2026-06-03_09-40-04/subject_loo/s_P24/model_benchmark.json,GNN,multiclass_table6_arousal_3class,Table-6 Arousal,results/quick_v1_v2_comparison/2026-06-03_09-24-45/model_runs/2026-06-03_09-39-05,results/quick_v1_v2_comparison/2026-06-03_09-24-45/model_runs/2026-06-03_09-39-05/multiclass_table6_arousal_3class_emotion-elicitation_2026-06-03_09-40-04,,,,,,,,,,64.0
GNN,0.4977578475336323,256,subject_loo,cuda,93,81.31278128107078,s_P27,223,0.4115652077727952,materialized_graph_loader_forward_softmax,0.0004115652077727952,669,0.275337124,0.35484330484330484,BasicGCN_mean,BasicGCN,gnn,torch_model,,,,table6-arousal-3class,223,3,22019,0.018714103862156682,0.00020122692324899658,404085,4345,22019,466,1,results/quick_v1_v2_comparison/2026-06-03_09-24-45/model_runs/2026-06-03_09-39-05/multiclass_table6_arousal_3class_emotion-elicitation_2026-06-03_09-40-04/subject_loo/s_P27/model_benchmark.json,GNN,multiclass_table6_arousal_3class,Table-6 Arousal,results/quick_v1_v2_comparison/2026-06-03_09-24-45/model_runs/2026-06-03_09-39-05,results/quick_v1_v2_comparison/2026-06-03_09-24-45/model_runs/2026-06-03_09-39-05/multiclass_table6_arousal_3class_emotion-elicitation_2026-06-03_09-40-04,,,,,,,,,,73.0
GNN,0.5518867924528302,256,subject_loo,cuda,147,130.5729654969182,s_P28,212,0.39910677358490565,materialized_graph_loader_forward_softmax,0.00039910677358490564,636,0.253831908,0.3910731470746474,BasicGCN_mean,BasicGCN,gnn,torch_model,,,,table6-arousal-3class,212,3,22019,0.02996854842710998,0.00020386767637489784,640479,4357,22019,465,1,results/quick_v1_v2_comparison/2026-06-03_09-24-45/model_runs/2026-06-03_09-39-05/multiclass_table6_arousal_3class_emotion-elicitation_2026-06-03_09-40-04/subject_loo/s_P28/model_benchmark.json,GNN,multiclass_table6_arousal_3class,Table-6 Arousal,results/quick_v1_v2_comparison/2026-06-03_09-24-45/model_runs/2026-06-03_09-39-05,results/quick_v1_v2_comparison/2026-06-03_09-24-45/model_runs/2026-06-03_09-39-05/multiclass_table6_arousal_3class_emotion-elicitation_2026-06-03_09-40-04,,,,,,,,,,127.0
GNN,0.5555555555555556,256,subject_loo,cuda,122,107.08555260719731,s_P29,216,0.453419512345679,materialized_graph_loader_forward_softmax,0.000453419512345679,648,0.293815844,0.3455374592833876,BasicGCN_mean,BasicGCN,gnn,torch_model,,,,table6-arousal-3class,216,3,22019,0.024538394272959972,0.00020113437928655713,532408,4364,22019,454,1,results/quick_v1_v2_comparison/2026-06-03_09-24-45/model_runs/2026-06-03_09-39-05/multiclass_table6_arousal_3class_emotion-elicitation_2026-06-03_09-40-04/subject_loo/s_P29/model_benchmark.json,GNN,multiclass_table6_arousal_3class,Table-6 Arousal,results/quick_v1_v2_comparison/2026-06-03_09-24-45/model_runs/2026-06-03_09-39-05,results/quick_v1_v2_comparison/2026-06-03_09-24-45/model_runs/2026-06-03_09-39-05/multiclass_table6_arousal_3class_emotion-elicitation_2026-06-03_09-40-04,,,,,,,,,,102.0
GNN,0.5663716814159292,256,subject_loo,cuda,90,81.09186058305204,s_P30,226,0.4573821179941003,materialized_graph_loader_forward_softmax,0.00045738211799410027,678,0.310105076,0.3950617283950617,BasicGCN_mean,BasicGCN,gnn,torch_model,,,,table6-arousal-3class,226,3,22019,0.018740896829917274,0.0002082321869990808,389430,4327,22019,481,1,results/quick_v1_v2_comparison/2026-06-03_09-24-45/model_runs/2026-06-03_09-39-05/multiclass_table6_arousal_3class_emotion-elicitation_2026-06-03_09-40-04/subject_loo/s_P30/model_benchmark.json,GNN,multiclass_table6_arousal_3class,Table-6 Arousal,results/quick_v1_v2_comparison/2026-06-03_09-24-45/model_runs/2026-06-03_09-39-05,results/quick_v1_v2_comparison/2026-06-03_09-24-45/model_runs/2026-06-03_09-39-05/multiclass_table6_arousal_3class_emotion-elicitation_2026-06-03_09-40-04,,,,,,,,,,70.0
GNN,0.4701195219123506,256,subject_loo,cuda,220,194.6755418390967,s_P4,251,0.40870335458167334,materialized_graph_loader_forward_softmax,0.00040870335458167333,753,0.307753626,0.39075752180093537,BasicGCN_mean,BasicGCN,gnn,torch_model,,,,table6-arousal-3class,251,3,22019,0.04471188374806998,0.0002032358352184999,957880,4354,22019,429,1,results/quick_v1_v2_comparison/2026-06-03_09-24-45/model_runs/2026-06-03_09-39-05/multiclass_table6_arousal_3class_emotion-elicitation_2026-06-03_09-40-04/subject_loo/s_P4/model_benchmark.json,GNN,multiclass_table6_arousal_3class,Table-6 Arousal,results/quick_v1_v2_comparison/2026-06-03_09-24-45/model_runs/2026-06-03_09-39-05,results/quick_v1_v2_comparison/2026-06-03_09-24-45/model_runs/2026-06-03_09-39-05/multiclass_table6_arousal_3class_emotion-elicitation_2026-06-03_09-40-04,,,,,,,,,,200.0
GNN,0.34545454545454546,256,subject_loo,cuda,47,41.373752475949004,s_P5,275,0.44684895272727276,materialized_graph_loader_forward_softmax,0.00044684895272727274,825,0.368650386,0.27650524632495105,BasicGCN_mean,BasicGCN,gnn,torch_model,,,,table6-arousal-3class,275,3,22019,0.009506836506422105,0.00020227311715791715,204544,4352,22019,407,1,results/quick_v1_v2_comparison/2026-06-03_09-24-45/model_runs/2026-06-03_09-39-05/multiclass_table6_arousal_3class_emotion-elicitation_2026-06-03_09-40-04/subject_loo/s_P5/model_benchmark.json,GNN,multiclass_table6_arousal_3class,Table-6 Arousal,results/quick_v1_v2_comparison/2026-06-03_09-24-45/model_runs/2026-06-03_09-39-05,results/quick_v1_v2_comparison/2026-06-03_09-24-45/model_runs/2026-06-03_09-39-05/multiclass_table6_arousal_3class_emotion-elicitation_2026-06-03_09-40-04,,,,,,,,,,27.0
GNN,0.5304347826086957,256,subject_loo,cuda,27,24.336540058022365,s_P7,230,0.412650695652174,materialized_graph_loader_forward_softmax,0.00041265069565217397,690,0.28472898,0.33159078989663165,BasicGCN_mean,BasicGCN,gnn,torch_model,,,,table6-arousal-3class,230,3,22019,0.005611376540932065,0.00020782876077526165,117099,4337,22019,467,1,results/quick_v1_v2_comparison/2026-06-03_09-24-45/model_runs/2026-06-03_09-39-05/multiclass_table6_arousal_3class_emotion-elicitation_2026-06-03_09-40-04/subject_loo/s_P7/model_benchmark.json,GNN,multiclass_table6_arousal_3class,Table-6 Arousal,results/quick_v1_v2_comparison/2026-06-03_09-24-45/model_runs/2026-06-03_09-39-05,results/quick_v1_v2_comparison/2026-06-03_09-24-45/model_runs/2026-06-03_09-39-05/multiclass_table6_arousal_3class_emotion-elicitation_2026-06-03_09-40-04,,,,,,,,,,7.0
GNN,0.45662100456621,256,subject_loo,cuda,88,79.7836228061933,s_P8,219,0.4170848127853881,materialized_graph_loader_forward_softmax,0.0004170848127853881,657,0.274024722,0.3493548127346479,BasicGCN_mean,BasicGCN,gnn,torch_model,,,,table6-arousal-3class,219,3,22019,0.018236256641415614,0.0002072301891069956,385000,4375,22019,440,1,results/quick_v1_v2_comparison/2026-06-03_09-24-45/model_runs/2026-06-03_09-39-05/multiclass_table6_arousal_3class_emotion-elicitation_2026-06-03_09-40-04/subject_loo/s_P8/model_benchmark.json,GNN,multiclass_table6_arousal_3class,Table-6 Arousal,results/quick_v1_v2_comparison/2026-06-03_09-24-45/model_runs/2026-06-03_09-39-05,results/quick_v1_v2_comparison/2026-06-03_09-24-45/model_runs/2026-06-03_09-39-05/multiclass_table6_arousal_3class_emotion-elicitation_2026-06-03_09-40-04,,,,,,,,,,68.0
GNN,0.056962025316455694,256,recording_loo,cuda,27,26.70173658290878,r_107.avi,158,0.5091952151898733,materialized_graph_loader_forward_softmax,0.0005091952151898733,474,0.241358532,0.03773584905660377,BasicGCN_mean,BasicGCN,gnn,torch_model,,,,table6-arousal-3class,158,3,22019,0.006296094454824046,0.0002331886835120017,114507,4241,22019,635,1,results/quick_v1_v2_comparison/2026-06-03_09-24-45/model_runs/2026-06-03_09-39-05/multiclass_table6_arousal_3class_emotion-elicitation_2026-06-03_09-40-04/recording_loo/r_107.avi/model_benchmark.json,GNN,multiclass_table6_arousal_3class,Table-6 Arousal,results/quick_v1_v2_comparison/2026-06-03_09-24-45/model_runs/2026-06-03_09-39-05,results/quick_v1_v2_comparison/2026-06-03_09-24-45/model_runs/2026-06-03_09-39-05/multiclass_table6_arousal_3class_emotion-elicitation_2026-06-03_09-40-04,,,,,,,,,,7.0
GNN,0.37462235649546827,256,recording_loo,cuda,266,241.83536280295812,r_111.avi,331,0.3777903927492447,materialized_graph_loader_forward_softmax,0.0003777903927492447,993,0.37514586,0.19634749957330602,BasicGCN_mean,BasicGCN,gnn,torch_model,,,,table6-arousal-3class,331,3,22019,0.05780003891084085,0.00021729337936406335,1112944,4184,22019,519,1,results/quick_v1_v2_comparison/2026-06-03_09-24-45/model_runs/2026-06-03_09-39-05/multiclass_table6_arousal_3class_emotion-elicitation_2026-06-03_09-40-04/recording_loo/r_111.avi/model_benchmark.json,GNN,multiclass_table6_arousal_3class,Table-6 Arousal,results/quick_v1_v2_comparison/2026-06-03_09-24-45/model_runs/2026-06-03_09-39-05,results/quick_v1_v2_comparison/2026-06-03_09-24-45/model_runs/2026-06-03_09-39-05/multiclass_table6_arousal_3class_emotion-elicitation_2026-06-03_09-40-04,,,,,,,,,,246.0
GNN,0.7212643678160919,256,recording_loo,cuda,30,28.062614634167403,r_138.avi,348,0.34438826724137933,materialized_graph_loader_forward_softmax,0.0003443882672413793,1044,0.359541351,0.28361581920903955,BasicGCN_mean,BasicGCN,gnn,torch_model,,,,table6-arousal-3class,348,3,22019,0.006486965934851457,0.0002162321978283819,129780,4326,22019,360,1,results/quick_v1_v2_comparison/2026-06-03_09-24-45/model_runs/2026-06-03_09-39-05/multiclass_table6_arousal_3class_emotion-elicitation_2026-06-03_09-40-04/recording_loo/r_138.avi/model_benchmark.json,GNN,multiclass_table6_arousal_3class,Table-6 Arousal,results/quick_v1_v2_comparison/2026-06-03_09-24-45/model_runs/2026-06-03_09-39-05,results/quick_v1_v2_comparison/2026-06-03_09-24-45/model_runs/2026-06-03_09-39-05/multiclass_table6_arousal_3class_emotion-elicitation_2026-06-03_09-40-04,,,,,,,,,,10.0
GNN,0.2862453531598513,256,recording_loo,cuda,22,21.32766779907979,r_146.avi,269,0.4069679120198265,materialized_graph_loader_forward_softmax,0.0004069679120198265,807,0.328423105,0.15277777777777776,BasicGCN_mean,BasicGCN,gnn,torch_model,,,,table6-arousal-3class,269,3,22019,0.005004145424467337,0.00022746115565760623,93764,4262,22019,503,1,results/quick_v1_v2_comparison/2026-06-03_09-24-45/model_runs/2026-06-03_09-39-05/multiclass_table6_arousal_3class_emotion-elicitation_2026-06-03_09-40-04/recording_loo/r_146.avi/model_benchmark.json,GNN,multiclass_table6_arousal_3class,Table-6 Arousal,results/quick_v1_v2_comparison/2026-06-03_09-24-45/model_runs/2026-06-03_09-39-05,results/quick_v1_v2_comparison/2026-06-03_09-24-45/model_runs/2026-06-03_09-39-05/multiclass_table6_arousal_3class_emotion-elicitation_2026-06-03_09-40-04,,,,,,,,,,2.0
GNN,0.22439024390243903,256,recording_loo,cuda,21,19.586583646945655,r_30.avi,205,0.4361998959349594,materialized_graph_loader_forward_softmax,0.0004361998959349594,615,0.268262936,0.12568306010928962,BasicGCN_mean,BasicGCN,gnn,torch_model,,,,table6-arousal-3class,205,3,22019,0.0045307850212689465,0.00021575166767947364,90783,4323,22019,506,1,results/quick_v1_v2_comparison/2026-06-03_09-24-45/model_runs/2026-06-03_09-39-05/multiclass_table6_arousal_3class_emotion-elicitation_2026-06-03_09-40-04/recording_loo/r_30.avi/model_benchmark.json,GNN,multiclass_table6_arousal_3class,Table-6 Arousal,results/quick_v1_v2_comparison/2026-06-03_09-24-45/model_runs/2026-06-03_09-39-05,results/quick_v1_v2_comparison/2026-06-03_09-24-45/model_runs/2026-06-03_09-39-05/multiclass_table6_arousal_3class_emotion-elicitation_2026-06-03_09-40-04,,,,,,,,,,1.0
GNN,0.4711864406779661,256,recording_loo,cuda,37,33.88447588705458,r_52.avi,295,0.3912716711864407,materialized_graph_loader_forward_softmax,0.0003912716711864407,885,0.346275429,0.3037934584620258,BasicGCN_mean,BasicGCN,gnn,torch_model,,,,table6-arousal-3class,295,3,22019,0.008186633459061265,0.00022126036375841258,153143,4139,22019,600,1,results/quick_v1_v2_comparison/2026-06-03_09-24-45/model_runs/2026-06-03_09-39-05/multiclass_table6_arousal_3class_emotion-elicitation_2026-06-03_09-40-04/recording_loo/r_52.avi/model_benchmark.json,GNN,multiclass_table6_arousal_3class,Table-6 Arousal,results/quick_v1_v2_comparison/2026-06-03_09-24-45/model_runs/2026-06-03_09-39-05,results/quick_v1_v2_comparison/2026-06-03_09-24-45/model_runs/2026-06-03_09-39-05/multiclass_table6_arousal_3class_emotion-elicitation_2026-06-03_09-40-04,,,,,,,,,,17.0
GNN,0.3881578947368421,256,recording_loo,cuda,185,165.95263510313816,r_53.avi,304,0.3937648673245614,materialized_graph_loader_forward_softmax,0.0003937648673245614,912,0.359113559,0.3077998528329654,BasicGCN_mean,BasicGCN,gnn,torch_model,,,,table6-arousal-3class,304,3,22019,0.039540775578541375,0.0002137339220461696,776445,4197,22019,533,1,results/quick_v1_v2_comparison/2026-06-03_09-24-45/model_runs/2026-06-03_09-39-05/multiclass_table6_arousal_3class_emotion-elicitation_2026-06-03_09-40-04/recording_loo/r_53.avi/model_benchmark.json,GNN,multiclass_table6_arousal_3class,Table-6 Arousal,results/quick_v1_v2_comparison/2026-06-03_09-24-45/model_runs/2026-06-03_09-39-05,results/quick_v1_v2_comparison/2026-06-03_09-24-45/model_runs/2026-06-03_09-39-05/multiclass_table6_arousal_3class_emotion-elicitation_2026-06-03_09-40-04,,,,,,,,,,165.0
GNN,0.3236514522821577,256,recording_loo,cuda,33,31.386030385969207,r_55.avi,241,0.42993161272475794,materialized_graph_loader_forward_softmax,0.00042993161272475796,723,0.310840556,0.1962264150943396,BasicGCN_mean,BasicGCN,gnn,torch_model,,,,table6-arousal-3class,241,3,22019,0.007300774688525054,0.00022123559662197133,141867,4299,22019,494,1,results/quick_v1_v2_comparison/2026-06-03_09-24-45/model_runs/2026-06-03_09-39-05/multiclass_table6_arousal_3class_emotion-elicitation_2026-06-03_09-40-04/recording_loo/r_55.avi/model_benchmark.json,GNN,multiclass_table6_arousal_3class,Table-6 Arousal,results/quick_v1_v2_comparison/2026-06-03_09-24-45/model_runs/2026-06-03_09-39-05,results/quick_v1_v2_comparison/2026-06-03_09-24-45/model_runs/2026-06-03_09-39-05/multiclass_table6_arousal_3class_emotion-elicitation_2026-06-03_09-40-04,,,,,,,,,,13.0
GNN,0.25888324873096447,256,recording_loo,cuda,25,23.432349028997123,r_58.avi,197,0.4380473214890017,materialized_graph_loader_forward_softmax,0.0004380473214890017,591,0.258885967,0.17257610114752975,BasicGCN_mean,BasicGCN,gnn,torch_model,,,,table6-arousal-3class,197,3,22019,0.005406633370788445,0.0002162653348315378,108350,4334,22019,503,1,results/quick_v1_v2_comparison/2026-06-03_09-24-45/model_runs/2026-06-03_09-39-05/multiclass_table6_arousal_3class_emotion-elicitation_2026-06-03_09-40-04/recording_loo/r_58.avi/model_benchmark.json,GNN,multiclass_table6_arousal_3class,Table-6 Arousal,results/quick_v1_v2_comparison/2026-06-03_09-24-45/model_runs/2026-06-03_09-39-05,results/quick_v1_v2_comparison/2026-06-03_09-24-45/model_runs/2026-06-03_09-39-05/multiclass_table6_arousal_3class_emotion-elicitation_2026-06-03_09-40-04,,,,,,,,,,5.0
GNN,0.4252336448598131,256,recording_loo,cuda,21,19.61801984999329,r_69.avi,214,0.4073039252336449,materialized_graph_loader_forward_softmax,0.0004073039252336449,642,0.26148912,0.209919261822376,BasicGCN_mean,BasicGCN,gnn,torch_model,,,,table6-arousal-3class,214,3,22019,0.004508853102733461,0.0002147072906063553,91371,4351,22019,469,1,results/quick_v1_v2_comparison/2026-06-03_09-24-45/model_runs/2026-06-03_09-39-05/multiclass_table6_arousal_3class_emotion-elicitation_2026-06-03_09-40-04/recording_loo/r_69.avi/model_benchmark.json,GNN,multiclass_table6_arousal_3class,Table-6 Arousal,results/quick_v1_v2_comparison/2026-06-03_09-24-45/model_runs/2026-06-03_09-39-05,results/quick_v1_v2_comparison/2026-06-03_09-24-45/model_runs/2026-06-03_09-39-05/multiclass_table6_arousal_3class_emotion-elicitation_2026-06-03_09-40-04,,,,,,,,,,1.0
GNN,0.08196721311475409,256,recording_loo,cuda,91,107.62368408008479,r_73.avi,244,0.17819923770491805,materialized_graph_loader_forward_softmax,0.00017819923770491804,732,0.130441842,0.06462206684676096,BasicGCN_mean,BasicGCN,gnn,torch_model,,,,table6-arousal-3class,244,3,22019,0.02541891452056797,0.0002793287309952524,385294,4234,22019,556,1,results/quick_v1_v2_comparison/2026-06-03_09-24-45/model_runs/2026-06-03_09-39-05/multiclass_table6_arousal_3class_emotion-elicitation_2026-06-03_09-40-04/recording_loo/r_73.avi/model_benchmark.json,GNN,multiclass_table6_arousal_3class,Table-6 Arousal,results/quick_v1_v2_comparison/2026-06-03_09-24-45/model_runs/2026-06-03_09-39-05,results/quick_v1_v2_comparison/2026-06-03_09-24-45/model_runs/2026-06-03_09-39-05/multiclass_table6_arousal_3class_emotion-elicitation_2026-06-03_09-40-04,,,,,,,,,,71.0
GNN,0.4171779141104294,256,recording_loo,cuda,283,340.38414231315255,r_79.avi,163,0.19567949897750514,materialized_graph_loader_forward_softmax,0.00019567949897750513,489,0.095687275,0.2577549411412881,BasicGCN_mean,BasicGCN,gnn,torch_model,,,,table6-arousal-3class,163,3,22019,0.07821326799475013,0.000276371971712898,1231616,4352,22019,519,1,results/quick_v1_v2_comparison/2026-06-03_09-24-45/model_runs/2026-06-03_09-39-05/multiclass_table6_arousal_3class_emotion-elicitation_2026-06-03_09-40-04/recording_loo/r_79.avi/model_benchmark.json,GNN,multiclass_table6_arousal_3class,Table-6 Arousal,results/quick_v1_v2_comparison/2026-06-03_09-24-45/model_runs/2026-06-03_09-39-05,results/quick_v1_v2_comparison/2026-06-03_09-24-45/model_runs/2026-06-03_09-39-05/multiclass_table6_arousal_3class_emotion-elicitation_2026-06-03_09-40-04,,,,,,,,,,263.0
GNN,0.05734767025089606,256,recording_loo,cuda,30,33.74596901796758,r_80.avi,279,0.17124494623655914,materialized_graph_loader_forward_softmax,0.00017124494623655913,837,0.14333202,0.03771466286091433,BasicGCN_mean,BasicGCN,gnn,torch_model,,,,table6-arousal-3class,279,3,22019,0.00801566960046736,0.0002671889866822453,126300,4210,22019,545,1,results/quick_v1_v2_comparison/2026-06-03_09-24-45/model_runs/2026-06-03_09-39-05/multiclass_table6_arousal_3class_emotion-elicitation_2026-06-03_09-40-04/recording_loo/r_80.avi/model_benchmark.json,GNN,multiclass_table6_arousal_3class,Table-6 Arousal,results/quick_v1_v2_comparison/2026-06-03_09-24-45/model_runs/2026-06-03_09-39-05,results/quick_v1_v2_comparison/2026-06-03_09-24-45/model_runs/2026-06-03_09-39-05/multiclass_table6_arousal_3class_emotion-elicitation_2026-06-03_09-40-04,,,,,,,,,,10.0
GNN,0.17578125,256,recording_loo,cuda,25,27.188956283032894,r_90.avi,256,0.16145449869791664,materialized_graph_loader_forward_softmax,0.00016145449869791665,768,0.123997055,0.12010679018302294,BasicGCN_mean,BasicGCN,gnn,torch_model,,,,table6-arousal-3class,256,3,22019,0.006349592779783488,0.0002539837111913395,107050,4282,22019,496,1,results/quick_v1_v2_comparison/2026-06-03_09-24-45/model_runs/2026-06-03_09-39-05/multiclass_table6_arousal_3class_emotion-elicitation_2026-06-03_09-40-04/recording_loo/r_90.avi/model_benchmark.json,GNN,multiclass_table6_arousal_3class,Table-6 Arousal,results/quick_v1_v2_comparison/2026-06-03_09-24-45/model_runs/2026-06-03_09-39-05,results/quick_v1_v2_comparison/2026-06-03_09-24-45/model_runs/2026-06-03_09-39-05/multiclass_table6_arousal_3class_emotion-elicitation_2026-06-03_09-40-04,,,,,,,,,,5.0
GNN,0.0410958904109589,256,recording_loo,cuda,21,22.918382863048464,r_cats_f.avi,292,0.17116899657534246,materialized_graph_loader_forward_softmax,0.00017116899657534246,876,0.149944041,0.02631578947368421,BasicGCN_mean,BasicGCN,gnn,torch_model,,,,table6-arousal-3class,292,3,22019,0.00523968515387482,0.0002495088168511819,91854,4374,22019,368,1,results/quick_v1_v2_comparison/2026-06-03_09-24-45/model_runs/2026-06-03_09-39-05/multiclass_table6_arousal_3class_emotion-elicitation_2026-06-03_09-40-04/recording_loo/r_cats_f.avi/model_benchmark.json,GNN,multiclass_table6_arousal_3class,Table-6 Arousal,results/quick_v1_v2_comparison/2026-06-03_09-24-45/model_runs/2026-06-03_09-39-05,results/quick_v1_v2_comparison/2026-06-03_09-24-45/model_runs/2026-06-03_09-39-05/multiclass_table6_arousal_3class_emotion-elicitation_2026-06-03_09-40-04,,,,,,,,,,1.0
GNN,0.06439393939393939,256,recording_loo,cuda,21,23.207077851053327,r_dallas_f.avi,264,0.17666843686868686,materialized_graph_loader_forward_softmax,0.00017666843686868687,792,0.139921402,0.08718459495351925,BasicGCN_mean,BasicGCN,gnn,torch_model,,,,table6-arousal-3class,264,3,22019,0.005415887479825747,0.00025789940380122604,89985,4285,22019,485,1,results/quick_v1_v2_comparison/2026-06-03_09-24-45/model_runs/2026-06-03_09-39-05/multiclass_table6_arousal_3class_emotion-elicitation_2026-06-03_09-40-04/recording_loo/r_dallas_f.avi/model_benchmark.json,GNN,multiclass_table6_arousal_3class,Table-6 Arousal,results/quick_v1_v2_comparison/2026-06-03_09-24-45/model_runs/2026-06-03_09-39-05,results/quick_v1_v2_comparison/2026-06-03_09-24-45/model_runs/2026-06-03_09-39-05/multiclass_table6_arousal_3class_emotion-elicitation_2026-06-03_09-40-04,,,,,,,,,,1.0
GNN,0.7977099236641222,256,recording_loo,cuda,86,95.00049283099361,r_detroit_f.avi,262,0.18059724809160307,materialized_graph_loader_forward_softmax,0.00018059724809160307,786,0.141949437,0.2970859985785359,BasicGCN_mean,BasicGCN,gnn,torch_model,,,,table6-arousal-3class,262,3,22019,0.02220156411100575,0.0002581577222209971,367994,4279,22019,493,1,results/quick_v1_v2_comparison/2026-06-03_09-24-45/model_runs/2026-06-03_09-39-05/multiclass_table6_arousal_3class_emotion-elicitation_2026-06-03_09-40-04/recording_loo/r_detroit_f.avi/model_benchmark.json,GNN,multiclass_table6_arousal_3class,Table-6 Arousal,results/quick_v1_v2_comparison/2026-06-03_09-24-45/model_runs/2026-06-03_09-39-05,results/quick_v1_v2_comparison/2026-06-03_09-24-45/model_runs/2026-06-03_09-39-05/multiclass_table6_arousal_3class_emotion-elicitation_2026-06-03_09-40-04,,,,,,,,,,66.0
GNN,0.6354166666666666,256,recording_loo,cuda,30,32.9190627571661,r_earworm_f.avi,192,0.16432181944444443,materialized_graph_loader_forward_softmax,0.00016432181944444444,576,0.094649368,0.36607622114868493,BasicGCN_mean,BasicGCN,gnn,torch_model,,,,table6-arousal-3class,192,3,22019,0.007808126839935034,0.0002602708946645011,126480,4216,22019,626,1,results/quick_v1_v2_comparison/2026-06-03_09-24-45/model_runs/2026-06-03_09-39-05/multiclass_table6_arousal_3class_emotion-elicitation_2026-06-03_09-40-04/recording_loo/r_earworm_f.avi/model_benchmark.json,GNN,multiclass_table6_arousal_3class,Table-6 Arousal,results/quick_v1_v2_comparison/2026-06-03_09-24-45/model_runs/2026-06-03_09-39-05,results/quick_v1_v2_comparison/2026-06-03_09-24-45/model_runs/2026-06-03_09-39-05/multiclass_table6_arousal_3class_emotion-elicitation_2026-06-03_09-40-04,,,,,,,,,,10.0
GNN,0.3849056603773585,256,recording_loo,cuda,80,85.46379159484059,r_funny_f.avi,265,0.16660585157232705,materialized_graph_loader_forward_softmax,0.00016660585157232704,795,0.132451652,0.2636410858006642,BasicGCN_mean,BasicGCN,gnn,torch_model,,,,table6-arousal-3class,265,3,22019,0.020047804737236826,0.0002505975592154603,341040,4263,22019,506,1,results/quick_v1_v2_comparison/2026-06-03_09-24-45/model_runs/2026-06-03_09-39-05/multiclass_table6_arousal_3class_emotion-elicitation_2026-06-03_09-40-04/recording_loo/r_funny_f.avi/model_benchmark.json,GNN,multiclass_table6_arousal_3class,Table-6 Arousal,results/quick_v1_v2_comparison/2026-06-03_09-24-45/model_runs/2026-06-03_09-39-05,results/quick_v1_v2_comparison/2026-06-03_09-24-45/model_runs/2026-06-03_09-39-05/multiclass_table6_arousal_3class_emotion-elicitation_2026-06-03_09-40-04,,,,,,,,,,60.0
GNN,0.6745098039215687,256,recording_loo,cuda,21,22.49875066196546,r_newyork_f.avi,255,0.1627533725490196,materialized_graph_loader_forward_softmax,0.0001627533725490196,765,0.12450633,0.28305010893246185,BasicGCN_mean,BasicGCN,gnn,torch_model,,,,table6-arousal-3class,255,3,22019,0.005182849726322382,0.00024680236792011344,91161,4341,22019,438,1,results/quick_v1_v2_comparison/2026-06-03_09-24-45/model_runs/2026-06-03_09-39-05/multiclass_table6_arousal_3class_emotion-elicitation_2026-06-03_09-40-04/recording_loo/r_newyork_f.avi/model_benchmark.json,GNN,multiclass_table6_arousal_3class,Table-6 Arousal,results/quick_v1_v2_comparison/2026-06-03_09-24-45/model_runs/2026-06-03_09-39-05,results/quick_v1_v2_comparison/2026-06-03_09-24-45/model_runs/2026-06-03_09-39-05/multiclass_table6_arousal_3class_emotion-elicitation_2026-06-03_09-40-04,,,,,,,,,,1.0
GNN,0.42083333333333334,256,subject_loo,cuda,66,73.05635736789554,s_P1,240,0.1608162861111111,materialized_graph_loader_forward_softmax,0.0001608162861111111,720,0.115787726,0.3322532339052399,BasicGCN_mean,BasicGCN,gnn,torch_model,,,,table6-valence-3class,240,3,22019,0.016934714271649408,0.0002565865798734759,284724,4314,22019,480,1,results/quick_v1_v2_comparison/2026-06-03_09-24-45/model_runs/2026-06-03_09-39-05/multiclass_table6_valence_3class_emotion-elicitation_2026-06-03_10-42-41/subject_loo/s_P1/model_benchmark.json,GNN,multiclass_table6_valence_3class,Table-6 Valence,results/quick_v1_v2_comparison/2026-06-03_09-24-45/model_runs/2026-06-03_09-39-05,results/quick_v1_v2_comparison/2026-06-03_09-24-45/model_runs/2026-06-03_09-39-05/multiclass_table6_valence_3class_emotion-elicitation_2026-06-03_10-42-41,,,,,,,,,,46.0
GNN,0.5633187772925764,256,subject_loo,cuda,94,105.3342776610516,s_P10,229,0.18287730713246,materialized_graph_loader_forward_softmax,0.00018287730713246,687,0.12563671,0.5536915086760418,BasicGCN_mean,BasicGCN,gnn,torch_model,,,,table6-valence-3class,229,3,22019,0.024142626096963465,0.00025683644784003684,410122,4363,22019,442,1,results/quick_v1_v2_comparison/2026-06-03_09-24-45/model_runs/2026-06-03_09-39-05/multiclass_table6_valence_3class_emotion-elicitation_2026-06-03_10-42-41/subject_loo/s_P10/model_benchmark.json,GNN,multiclass_table6_valence_3class,Table-6 Valence,results/quick_v1_v2_comparison/2026-06-03_09-24-45/model_runs/2026-06-03_09-39-05,results/quick_v1_v2_comparison/2026-06-03_09-24-45/model_runs/2026-06-03_09-39-05/multiclass_table6_valence_3class_emotion-elicitation_2026-06-03_10-42-41,,,,,,,,,,74.0
GNN,0.4703389830508475,256,subject_loo,cuda,76,85.3141761990264,s_P13,236,0.16591723163841807,materialized_graph_loader_forward_softmax,0.00016591723163841807,708,0.1174694,0.41153457479149463,BasicGCN_mean,BasicGCN,gnn,torch_model,,,,table6-valence-3class,236,3,22019,0.019639543323901106,0.00025841504373554086,330144,4344,22019,454,1,results/quick_v1_v2_comparison/2026-06-03_09-24-45/model_runs/2026-06-03_09-39-05/multiclass_table6_valence_3class_emotion-elicitation_2026-06-03_10-42-41/subject_loo/s_P13/model_benchmark.json,GNN,multiclass_table6_valence_3class,Table-6 Valence,results/quick_v1_v2_comparison/2026-06-03_09-24-45/model_runs/2026-06-03_09-39-05,results/quick_v1_v2_comparison/2026-06-03_09-24-45/model_runs/2026-06-03_09-39-05/multiclass_table6_valence_3class_emotion-elicitation_2026-06-03_10-42-41,,,,,,,,,,56.0
GNN,0.5714285714285714,256,subject_loo,cuda,115,127.7699621040374,s_P14,217,0.17166016129032258,materialized_graph_loader_forward_softmax,0.0001716601612903226,651,0.111750765,0.5434645727619541,BasicGCN_mean,BasicGCN,gnn,torch_model,,,,table6-valence-3class,217,3,22019,0.02942652282451345,0.0002558828071696822,499330,4342,22019,475,1,results/quick_v1_v2_comparison/2026-06-03_09-24-45/model_runs/2026-06-03_09-39-05/multiclass_table6_valence_3class_emotion-elicitation_2026-06-03_10-42-41/subject_loo/s_P14/model_benchmark.json,GNN,multiclass_table6_valence_3class,Table-6 Valence,results/quick_v1_v2_comparison/2026-06-03_09-24-45/model_runs/2026-06-03_09-39-05,results/quick_v1_v2_comparison/2026-06-03_09-24-45/model_runs/2026-06-03_09-39-05/multiclass_table6_valence_3class_emotion-elicitation_2026-06-03_10-42-41,,,,,,,,,,95.0
GNN,0.5647668393782384,256,subject_loo,cuda,141,155.68540560710244,s_P16,193,0.169698414507772,materialized_graph_loader_forward_softmax,0.00016969841450777202,579,0.098255382,0.5647505324437493,BasicGCN_mean,BasicGCN,gnn,torch_model,,,,table6-valence-3class,193,3,22019,0.03551218193592665,0.0002518594463540897,618144,4384,22019,457,1,results/quick_v1_v2_comparison/2026-06-03_09-24-45/model_runs/2026-06-03_09-39-05/multiclass_table6_valence_3class_emotion-elicitation_2026-06-03_10-42-41/subject_loo/s_P16/model_benchmark.json,GNN,multiclass_table6_valence_3class,Table-6 Valence,results/quick_v1_v2_comparison/2026-06-03_09-24-45/model_runs/2026-06-03_09-39-05,results/quick_v1_v2_comparison/2026-06-03_09-24-45/model_runs/2026-06-03_09-39-05/multiclass_table6_valence_3class_emotion-elicitation_2026-06-03_10-42-41,,,,,,,,,,121.0
GNN,0.5062761506276151,256,subject_loo,cuda,31,33.89834858709946,s_P17,239,0.168283940027894,materialized_graph_loader_forward_softmax,0.00016828394002789401,717,0.120659585,0.3858205348195209,BasicGCN_mean,BasicGCN,gnn,torch_model,,,,table6-valence-3class,239,3,22019,0.007803487243807427,0.0002517253949615299,134664,4344,22019,451,1,results/quick_v1_v2_comparison/2026-06-03_09-24-45/model_runs/2026-06-03_09-39-05/multiclass_table6_valence_3class_emotion-elicitation_2026-06-03_10-42-41/subject_loo/s_P17/model_benchmark.json,GNN,multiclass_table6_valence_3class,Table-6 Valence,results/quick_v1_v2_comparison/2026-06-03_09-24-45/model_runs/2026-06-03_09-39-05,results/quick_v1_v2_comparison/2026-06-03_09-24-45/model_runs/2026-06-03_09-39-05/multiclass_table6_valence_3class_emotion-elicitation_2026-06-03_10-42-41,,,,,,,,,,11.0
GNN,0.38596491228070173,256,subject_loo,cuda,28,30.47827230603434,s_P18,228,0.1715326111111111,materialized_graph_loader_forward_softmax,0.0001715326111111111,684,0.117328306,0.346376075003583,BasicGCN_mean,BasicGCN,gnn,torch_model,,,,table6-valence-3class,228,3,22019,0.006985622806792194,0.0002494865288140069,122164,4363,22019,443,1,results/quick_v1_v2_comparison/2026-06-03_09-24-45/model_runs/2026-06-03_09-39-05/multiclass_table6_valence_3class_emotion-elicitation_2026-06-03_10-42-41/subject_loo/s_P18/model_benchmark.json,GNN,multiclass_table6_valence_3class,Table-6 Valence,results/quick_v1_v2_comparison/2026-06-03_09-24-45/model_runs/2026-06-03_09-39-05,results/quick_v1_v2_comparison/2026-06-03_09-24-45/model_runs/2026-06-03_09-39-05/multiclass_table6_valence_3class_emotion-elicitation_2026-06-03_10-42-41,,,,,,,,,,8.0
GNN,0.3930131004366812,256,subject_loo,cuda,28,30.714051622897387,s_P19,229,0.16671295633187774,materialized_graph_loader_forward_softmax,0.00016671295633187774,687,0.114531801,0.3030791891702322,BasicGCN_mean,BasicGCN,gnn,torch_model,,,,table6-valence-3class,229,3,22019,0.00707860143417778,0.00025280719407777785,121492,4339,22019,466,1,results/quick_v1_v2_comparison/2026-06-03_09-24-45/model_runs/2026-06-03_09-39-05/multiclass_table6_valence_3class_emotion-elicitation_2026-06-03_10-42-41/subject_loo/s_P19/model_benchmark.json,GNN,multiclass_table6_valence_3class,Table-6 Valence,results/quick_v1_v2_comparison/2026-06-03_09-24-45/model_runs/2026-06-03_09-39-05,results/quick_v1_v2_comparison/2026-06-03_09-24-45/model_runs/2026-06-03_09-39-05/multiclass_table6_valence_3class_emotion-elicitation_2026-06-03_10-42-41,,,,,,,,,,8.0
GNN,0.4107883817427386,256,subject_loo,cuda,89,97.48149353289045,s_P2,241,0.16662144260027661,materialized_graph_loader_forward_softmax,0.00016662144260027662,723,0.120467303,0.4070225875764586,BasicGCN_mean,BasicGCN,gnn,torch_model,,,,table6-valence-3class,241,3,22019,0.02247152916848558,0.0002524890917807369,386082,4338,22019,455,1,results/quick_v1_v2_comparison/2026-06-03_09-24-45/model_runs/2026-06-03_09-39-05/multiclass_table6_valence_3class_emotion-elicitation_2026-06-03_10-42-41/subject_loo/s_P2/model_benchmark.json,GNN,multiclass_table6_valence_3class,Table-6 Valence,results/quick_v1_v2_comparison/2026-06-03_09-24-45/model_runs/2026-06-03_09-39-05,results/quick_v1_v2_comparison/2026-06-03_09-24-45/model_runs/2026-06-03_09-39-05/multiclass_table6_valence_3class_emotion-elicitation_2026-06-03_10-42-41,,,,,,,,,,69.0
GNN,0.4424778761061947,256,subject_loo,cuda,25,27.45825202600099,s_P20,226,0.1625724646017699,materialized_graph_loader_forward_softmax,0.0001625724646017699,678,0.110224131,0.33958333333333335,BasicGCN_mean,BasicGCN,gnn,torch_model,,,,table6-valence-3class,226,3,22019,0.006290550292325542,0.00025162201169302167,109125,4365,22019,443,1,results/quick_v1_v2_comparison/2026-06-03_09-24-45/model_runs/2026-06-03_09-39-05/multiclass_table6_valence_3class_emotion-elicitation_2026-06-03_10-42-41/subject_loo/s_P20/model_benchmark.json,GNN,multiclass_table6_valence_3class,Table-6 Valence,results/quick_v1_v2_comparison/2026-06-03_09-24-45/model_runs/2026-06-03_09-39-05,results/quick_v1_v2_comparison/2026-06-03_09-24-45/model_runs/2026-06-03_09-39-05/multiclass_table6_valence_3class_emotion-elicitation_2026-06-03_10-42-41,,,,,,,,,,5.0
GNN,0.4931506849315068,256,subject_loo,cuda,74,81.18372507812455,s_P21,219,0.15284717351598173,materialized_graph_loader_forward_softmax,0.00015284717351598173,657,0.100420593,0.44871890258079516,BasicGCN_mean,BasicGCN,gnn,torch_model,,,,table6-valence-3class,219,3,22019,0.018564766768379728,0.0002508752265997261,323602,4373,22019,442,1,results/quick_v1_v2_comparison/2026-06-03_09-24-45/model_runs/2026-06-03_09-39-05/multiclass_table6_valence_3class_emotion-elicitation_2026-06-03_10-42-41/subject_loo/s_P21/model_benchmark.json,GNN,multiclass_table6_valence_3class,Table-6 Valence,results/quick_v1_v2_comparison/2026-06-03_09-24-45/model_runs/2026-06-03_09-39-05,results/quick_v1_v2_comparison/2026-06-03_09-24-45/model_runs/2026-06-03_09-39-05/multiclass_table6_valence_3class_emotion-elicitation_2026-06-03_10-42-41,,,,,,,,,,54.0
GNN,0.5,256,subject_loo,cuda,22,23.982924291864038,s_P22,214,0.16386453115264799,materialized_graph_loader_forward_softmax,0.000163864531152648,642,0.105201029,0.3795782106184095,BasicGCN_mean,BasicGCN,gnn,torch_model,,,,table6-valence-3class,214,3,22019,0.00552856714888521,0.0002512985067675095,95436,4338,22019,482,1,results/quick_v1_v2_comparison/2026-06-03_09-24-45/model_runs/2026-06-03_09-39-05/multiclass_table6_valence_3class_emotion-elicitation_2026-06-03_10-42-41/subject_loo/s_P22/model_benchmark.json,GNN,multiclass_table6_valence_3class,Table-6 Valence,results/quick_v1_v2_comparison/2026-06-03_09-24-45/model_runs/2026-06-03_09-39-05,results/quick_v1_v2_comparison/2026-06-03_09-24-45/model_runs/2026-06-03_09-39-05/multiclass_table6_valence_3class_emotion-elicitation_2026-06-03_10-42-41,,,,,,,,,,2.0
GNN,0.5416666666666666,256,subject_loo,cuda,76,82.71349410898983,s_P23,240,0.17286857222222224,materialized_graph_loader_forward_softmax,0.00017286857222222223,720,0.124465372,0.5429969533952358,BasicGCN_mean,BasicGCN,gnn,torch_model,,,,table6-valence-3class,240,3,22019,0.018854227059263696,0.0002480819349903118,333412,4387,22019,407,1,results/quick_v1_v2_comparison/2026-06-03_09-24-45/model_runs/2026-06-03_09-39-05/multiclass_table6_valence_3class_emotion-elicitation_2026-06-03_10-42-41/subject_loo/s_P23/model_benchmark.json,GNN,multiclass_table6_valence_3class,Table-6 Valence,results/quick_v1_v2_comparison/2026-06-03_09-24-45/model_runs/2026-06-03_09-39-05,results/quick_v1_v2_comparison/2026-06-03_09-24-45/model_runs/2026-06-03_09-39-05/multiclass_table6_valence_3class_emotion-elicitation_2026-06-03_10-42-41,,,,,,,,,,56.0
GNN,0.341991341991342,256,subject_loo,cuda,87,94.0402616399806,s_P24,231,0.14530166810966813,materialized_graph_loader_forward_softmax,0.00014530166810966812,693,0.100694056,0.2214723063747108,BasicGCN_mean,BasicGCN,gnn,torch_model,,,,table6-valence-3class,231,3,22019,0.021598590179141158,0.0002482596572315076,378798,4354,22019,449,1,results/quick_v1_v2_comparison/2026-06-03_09-24-45/model_runs/2026-06-03_09-39-05/multiclass_table6_valence_3class_emotion-elicitation_2026-06-03_10-42-41/subject_loo/s_P24/model_benchmark.json,GNN,multiclass_table6_valence_3class,Table-6 Valence,results/quick_v1_v2_comparison/2026-06-03_09-24-45/model_runs/2026-06-03_09-39-05,results/quick_v1_v2_comparison/2026-06-03_09-24-45/model_runs/2026-06-03_09-39-05/multiclass_table6_valence_3class_emotion-elicitation_2026-06-03_10-42-41,,,,,,,,,,67.0
GNN,0.4798206278026906,256,subject_loo,cuda,199,210.3463016890455,s_P27,223,0.1451419058295964,materialized_graph_loader_forward_softmax,0.00014514190582959642,669,0.097099935,0.454863653455763,BasicGCN_mean,BasicGCN,gnn,torch_model,,,,table6-valence-3class,223,3,22019,0.04841111661427975,0.00024327194278532538,864655,4345,22019,466,1,results/quick_v1_v2_comparison/2026-06-03_09-24-45/model_runs/2026-06-03_09-39-05/multiclass_table6_valence_3class_emotion-elicitation_2026-06-03_10-42-41/subject_loo/s_P27/model_benchmark.json,GNN,multiclass_table6_valence_3class,Table-6 Valence,results/quick_v1_v2_comparison/2026-06-03_09-24-45/model_runs/2026-06-03_09-39-05,results/quick_v1_v2_comparison/2026-06-03_09-24-45/model_runs/2026-06-03_09-39-05/multiclass_table6_valence_3class_emotion-elicitation_2026-06-03_10-42-41,,,,,,,,,,179.0
GNN,0.5660377358490566,256,subject_loo,cuda,105,111.81528194108978,s_P28,212,0.15108484433962263,materialized_graph_loader_forward_softmax,0.00015108484433962264,636,0.096089961,0.511648490595859,BasicGCN_mean,BasicGCN,gnn,torch_model,,,,table6-valence-3class,212,3,22019,0.025663365145992604,0.00024441300139040577,457485,4357,22019,465,1,results/quick_v1_v2_comparison/2026-06-03_09-24-45/model_runs/2026-06-03_09-39-05/multiclass_table6_valence_3class_emotion-elicitation_2026-06-03_10-42-41/subject_loo/s_P28/model_benchmark.json,GNN,multiclass_table6_valence_3class,Table-6 Valence,results/quick_v1_v2_comparison/2026-06-03_09-24-45/model_runs/2026-06-03_09-39-05,results/quick_v1_v2_comparison/2026-06-03_09-24-45/model_runs/2026-06-03_09-39-05/multiclass_table6_valence_3class_emotion-elicitation_2026-06-03_10-42-41,,,,,,,,,,85.0
GNN,0.5601851851851852,256,subject_loo,cuda,99,106.83337984094396,s_P29,216,0.15651285339506174,materialized_graph_loader_forward_softmax,0.00015651285339506174,648,0.101420329,0.4263665481056785,BasicGCN_mean,BasicGCN,gnn,torch_model,,,,table6-valence-3class,216,3,22019,0.02448060949609165,0.00024727888379890556,432036,4364,22019,454,1,results/quick_v1_v2_comparison/2026-06-03_09-24-45/model_runs/2026-06-03_09-39-05/multiclass_table6_valence_3class_emotion-elicitation_2026-06-03_10-42-41/subject_loo/s_P29/model_benchmark.json,GNN,multiclass_table6_valence_3class,Table-6 Valence,results/quick_v1_v2_comparison/2026-06-03_09-24-45/model_runs/2026-06-03_09-39-05,results/quick_v1_v2_comparison/2026-06-03_09-24-45/model_runs/2026-06-03_09-39-05/multiclass_table6_valence_3class_emotion-elicitation_2026-06-03_10-42-41,,,,,,,,,,79.0
GNN,0.5530973451327433,256,subject_loo,cuda,75,81.4418874590192,s_P30,226,0.1615030250737463,materialized_graph_loader_forward_softmax,0.00016150302507374632,678,0.109499051,0.4971479432894654,BasicGCN_mean,BasicGCN,gnn,torch_model,,,,table6-valence-3class,226,3,22019,0.018821790492031247,0.0002509572065604166,324525,4327,22019,481,1,results/quick_v1_v2_comparison/2026-06-03_09-24-45/model_runs/2026-06-03_09-39-05/multiclass_table6_valence_3class_emotion-elicitation_2026-06-03_10-42-41/subject_loo/s_P30/model_benchmark.json,GNN,multiclass_table6_valence_3class,Table-6 Valence,results/quick_v1_v2_comparison/2026-06-03_09-24-45/model_runs/2026-06-03_09-39-05,results/quick_v1_v2_comparison/2026-06-03_09-24-45/model_runs/2026-06-03_09-39-05/multiclass_table6_valence_3class_emotion-elicitation_2026-06-03_10-42-41,,,,,,,,,,55.0
GNN,0.4541832669322709,256,subject_loo,cuda,43,46.51691420096904,s_P4,251,0.16344184329349268,materialized_graph_loader_forward_softmax,0.0001634418432934927,753,0.123071708,0.43657915143458514,BasicGCN_mean,BasicGCN,gnn,torch_model,,,,table6-valence-3class,251,3,22019,0.010683719384696611,0.00024845859034178166,187222,4354,22019,429,1,results/quick_v1_v2_comparison/2026-06-03_09-24-45/model_runs/2026-06-03_09-39-05/multiclass_table6_valence_3class_emotion-elicitation_2026-06-03_10-42-41/subject_loo/s_P4/model_benchmark.json,GNN,multiclass_table6_valence_3class,Table-6 Valence,results/quick_v1_v2_comparison/2026-06-03_09-24-45/model_runs/2026-06-03_09-39-05,results/quick_v1_v2_comparison/2026-06-03_09-24-45/model_runs/2026-06-03_09-39-05/multiclass_table6_valence_3class_emotion-elicitation_2026-06-03_10-42-41,,,,,,,,,,23.0
GNN,0.5636363636363636,256,subject_loo,cuda,60,63.56012079003267,s_P5,275,0.16973256363636363,materialized_graph_loader_forward_softmax,0.00016973256363636362,825,0.140029365,0.5550109942578562,BasicGCN_mean,BasicGCN,gnn,torch_model,,,,table6-valence-3class,275,3,22019,0.01460480716682736,0.000243413452780456,261120,4352,22019,407,1,results/quick_v1_v2_comparison/2026-06-03_09-24-45/model_runs/2026-06-03_09-39-05/multiclass_table6_valence_3class_emotion-elicitation_2026-06-03_10-42-41/subject_loo/s_P5/model_benchmark.json,GNN,multiclass_table6_valence_3class,Table-6 Valence,results/quick_v1_v2_comparison/2026-06-03_09-24-45/model_runs/2026-06-03_09-39-05,results/quick_v1_v2_comparison/2026-06-03_09-24-45/model_runs/2026-06-03_09-39-05/multiclass_table6_valence_3class_emotion-elicitation_2026-06-03_10-42-41,,,,,,,,,,40.0
GNN,0.4782608695652174,256,subject_loo,cuda,21,22.532454218016937,s_P7,230,0.15713641159420288,materialized_graph_loader_forward_softmax,0.0001571364115942029,690,0.108424124,0.3739556487014642,BasicGCN_mean,BasicGCN,gnn,torch_model,,,,table6-valence-3class,230,3,22019,0.00519540101868041,0.00024740004850859097,91077,4337,22019,467,1,results/quick_v1_v2_comparison/2026-06-03_09-24-45/model_runs/2026-06-03_09-39-05/multiclass_table6_valence_3class_emotion-elicitation_2026-06-03_10-42-41/subject_loo/s_P7/model_benchmark.json,GNN,multiclass_table6_valence_3class,Table-6 Valence,results/quick_v1_v2_comparison/2026-06-03_09-24-45/model_runs/2026-06-03_09-39-05,results/quick_v1_v2_comparison/2026-06-03_09-24-45/model_runs/2026-06-03_09-39-05/multiclass_table6_valence_3class_emotion-elicitation_2026-06-03_10-42-41,,,,,,,,,,1.0
GNN,0.5799086757990868,256,subject_loo,cuda,67,73.03835951094516,s_P8,219,0.18411553424657534,materialized_graph_loader_forward_softmax,0.00018411553424657533,657,0.120963906,0.5637536188479585,BasicGCN_mean,BasicGCN,gnn,torch_model,,,,table6-valence-3class,219,3,22019,0.01669448217393032,0.0002491713757303033,293125,4375,22019,440,1,results/quick_v1_v2_comparison/2026-06-03_09-24-45/model_runs/2026-06-03_09-39-05/multiclass_table6_valence_3class_emotion-elicitation_2026-06-03_10-42-41/subject_loo/s_P8/model_benchmark.json,GNN,multiclass_table6_valence_3class,Table-6 Valence,results/quick_v1_v2_comparison/2026-06-03_09-24-45/model_runs/2026-06-03_09-39-05,results/quick_v1_v2_comparison/2026-06-03_09-24-45/model_runs/2026-06-03_09-39-05/multiclass_table6_valence_3class_emotion-elicitation_2026-06-03_10-42-41,,,,,,,,,,47.0
GNN,0.4240506329113924,256,recording_loo,cuda,25,26.81583038205281,r_107.avi,158,0.1547022552742616,materialized_graph_loader_forward_softmax,0.0001547022552742616,474,0.073328869,0.2527986633249791,BasicGCN_mean,BasicGCN,gnn,torch_model,,,,table6-valence-3class,158,3,22019,0.006322997024770764,0.0002529198809908306,106025,4241,22019,635,1,results/quick_v1_v2_comparison/2026-06-03_09-24-45/model_runs/2026-06-03_09-39-05/multiclass_table6_valence_3class_emotion-elicitation_2026-06-03_10-42-41/recording_loo/r_107.avi/model_benchmark.json,GNN,multiclass_table6_valence_3class,Table-6 Valence,results/quick_v1_v2_comparison/2026-06-03_09-24-45/model_runs/2026-06-03_09-39-05,results/quick_v1_v2_comparison/2026-06-03_09-24-45/model_runs/2026-06-03_09-39-05/multiclass_table6_valence_3class_emotion-elicitation_2026-06-03_10-42-41,,,,,,,,,,5.0
GNN,0.39274924471299094,256,recording_loo,cuda,21,21.984117073006928,r_111.avi,331,0.16526670795568982,materialized_graph_loader_forward_softmax,0.00016526670795568983,993,0.164109841,0.20489060489060487,BasicGCN_mean,BasicGCN,gnn,torch_model,,,,table6-valence-3class,331,3,22019,0.00525433008437068,0.0002502061944938419,87864,4184,22019,519,1,results/quick_v1_v2_comparison/2026-06-03_09-24-45/model_runs/2026-06-03_09-39-05/multiclass_table6_valence_3class_emotion-elicitation_2026-06-03_10-42-41/recording_loo/r_111.avi/model_benchmark.json,GNN,multiclass_table6_valence_3class,Table-6 Valence,results/quick_v1_v2_comparison/2026-06-03_09-24-45/model_runs/2026-06-03_09-39-05,results/quick_v1_v2_comparison/2026-06-03_09-24-45/model_runs/2026-06-03_09-39-05/multiclass_table6_valence_3class_emotion-elicitation_2026-06-03_10-42-41,,,,,,,,,,1.0
GNN,0.4425287356321839,256,recording_loo,cuda,24,25.284805486211553,r_138.avi,348,0.16231547030651342,materialized_graph_loader_forward_softmax,0.0001623154703065134,1044,0.169457351,0.25837173579109063,BasicGCN_mean,BasicGCN,gnn,torch_model,,,,table6-valence-3class,348,3,22019,0.0058448463907100215,0.00024353526627958423,103824,4326,22019,360,1,results/quick_v1_v2_comparison/2026-06-03_09-24-45/model_runs/2026-06-03_09-39-05/multiclass_table6_valence_3class_emotion-elicitation_2026-06-03_10-42-41/recording_loo/r_138.avi/model_benchmark.json,GNN,multiclass_table6_valence_3class,Table-6 Valence,results/quick_v1_v2_comparison/2026-06-03_09-24-45/model_runs/2026-06-03_09-39-05,results/quick_v1_v2_comparison/2026-06-03_09-24-45/model_runs/2026-06-03_09-39-05/multiclass_table6_valence_3class_emotion-elicitation_2026-06-03_10-42-41,,,,,,,,,,4.0
GNN,0.49070631970260226,256,recording_loo,cuda,21,22.3961664410308,r_146.avi,269,0.1691079913258984,materialized_graph_loader_forward_softmax,0.0001691079913258984,807,0.136470149,0.2988439076263428,BasicGCN_mean,BasicGCN,gnn,torch_model,,,,table6-valence-3class,269,3,22019,0.005254849000711122,0.0002502309047957677,89502,4262,22019,503,1,results/quick_v1_v2_comparison/2026-06-03_09-24-45/model_runs/2026-06-03_09-39-05/multiclass_table6_valence_3class_emotion-elicitation_2026-06-03_10-42-41/recording_loo/r_146.avi/model_benchmark.json,GNN,multiclass_table6_valence_3class,Table-6 Valence,results/quick_v1_v2_comparison/2026-06-03_09-24-45/model_runs/2026-06-03_09-39-05,results/quick_v1_v2_comparison/2026-06-03_09-24-45/model_runs/2026-06-03_09-39-05/multiclass_table6_valence_3class_emotion-elicitation_2026-06-03_10-42-41,,,,,,,,,,1.0
GNN,0.44390243902439025,256,recording_loo,cuda,21,23.06689201295376,r_30.avi,205,0.1637229056910569,materialized_graph_loader_forward_softmax,0.00016372290569105692,615,0.100689587,0.28823848238482386,BasicGCN_mean,BasicGCN,gnn,torch_model,,,,table6-valence-3class,205,3,22019,0.005335852882940958,0.000254088232520998,90783,4323,22019,506,1,results/quick_v1_v2_comparison/2026-06-03_09-24-45/model_runs/2026-06-03_09-39-05/multiclass_table6_valence_3class_emotion-elicitation_2026-06-03_10-42-41/recording_loo/r_30.avi/model_benchmark.json,GNN,multiclass_table6_valence_3class,Table-6 Valence,results/quick_v1_v2_comparison/2026-06-03_09-24-45/model_runs/2026-06-03_09-39-05,results/quick_v1_v2_comparison/2026-06-03_09-24-45/model_runs/2026-06-03_09-39-05/multiclass_table6_valence_3class_emotion-elicitation_2026-06-03_10-42-41,,,,,,,,,,1.0
GNN,0.49491525423728816,256,recording_loo,cuda,66,69.90018169116229,r_52.avi,295,0.16362486779661017,materialized_graph_loader_forward_softmax,0.00016362486779661017,885,0.144808008,0.2875691020469147,BasicGCN_mean,BasicGCN,gnn,torch_model,,,,table6-valence-3class,295,3,22019,0.016888181128572672,0.00025588153225110106,273174,4139,22019,600,1,results/quick_v1_v2_comparison/2026-06-03_09-24-45/model_runs/2026-06-03_09-39-05/multiclass_table6_valence_3class_emotion-elicitation_2026-06-03_10-42-41/recording_loo/r_52.avi/model_benchmark.json,GNN,multiclass_table6_valence_3class,Table-6 Valence,results/quick_v1_v2_comparison/2026-06-03_09-24-45/model_runs/2026-06-03_09-39-05,results/quick_v1_v2_comparison/2026-06-03_09-24-45/model_runs/2026-06-03_09-39-05/multiclass_table6_valence_3class_emotion-elicitation_2026-06-03_10-42-41,,,,,,,,,,46.0
GNN,0.3519736842105263,256,recording_loo,cuda,170,181.11925071803853,r_53.avi,304,0.1647861085526316,materialized_graph_loader_forward_softmax,0.00016478610855263158,912,0.150284931,0.3142009352055014,BasicGCN_mean,BasicGCN,gnn,torch_model,,,,table6-valence-3class,304,3,22019,0.043154455734581494,0.00025384973961518523,713490,4197,22019,533,1,results/quick_v1_v2_comparison/2026-06-03_09-24-45/model_runs/2026-06-03_09-39-05/multiclass_table6_valence_3class_emotion-elicitation_2026-06-03_10-42-41/recording_loo/r_53.avi/model_benchmark.json,GNN,multiclass_table6_valence_3class,Table-6 Valence,results/quick_v1_v2_comparison/2026-06-03_09-24-45/model_runs/2026-06-03_09-39-05,results/quick_v1_v2_comparison/2026-06-03_09-24-45/model_runs/2026-06-03_09-39-05/multiclass_table6_valence_3class_emotion-elicitation_2026-06-03_10-42-41,,,,,,,,,,150.0
GNN,0.38589211618257263,256,recording_loo,cuda,173,187.66653209994547,r_55.avi,241,0.16499521161825725,materialized_graph_loader_forward_softmax,0.00016499521161825726,723,0.119291538,0.26481253300475266,BasicGCN_mean,BasicGCN,gnn,torch_model,,,,table6-valence-3class,241,3,22019,0.043653531542206435,0.00025233255226708923,743727,4299,22019,494,1,results/quick_v1_v2_comparison/2026-06-03_09-24-45/model_runs/2026-06-03_09-39-05/multiclass_table6_valence_3class_emotion-elicitation_2026-06-03_10-42-41/recording_loo/r_55.avi/model_benchmark.json,GNN,multiclass_table6_valence_3class,Table-6 Valence,results/quick_v1_v2_comparison/2026-06-03_09-24-45/model_runs/2026-06-03_09-39-05,results/quick_v1_v2_comparison/2026-06-03_09-24-45/model_runs/2026-06-03_09-39-05/multiclass_table6_valence_3class_emotion-elicitation_2026-06-03_10-42-41,,,,,,,,,,153.0
GNN,0.583756345177665,256,recording_loo,cuda,67,75.2062749559991,r_58.avi,197,0.161223820642978,materialized_graph_loader_forward_softmax,0.000161223820642978,591,0.095283278,0.3972509776857603,BasicGCN_mean,BasicGCN,gnn,torch_model,,,,table6-valence-3class,197,3,22019,0.017352624586063476,0.00025899439680691753,290378,4334,22019,503,1,results/quick_v1_v2_comparison/2026-06-03_09-24-45/model_runs/2026-06-03_09-39-05/multiclass_table6_valence_3class_emotion-elicitation_2026-06-03_10-42-41/recording_loo/r_58.avi/model_benchmark.json,GNN,multiclass_table6_valence_3class,Table-6 Valence,results/quick_v1_v2_comparison/2026-06-03_09-24-45/model_runs/2026-06-03_09-39-05,results/quick_v1_v2_comparison/2026-06-03_09-24-45/model_runs/2026-06-03_09-39-05/multiclass_table6_valence_3class_emotion-elicitation_2026-06-03_10-42-41,,,,,,,,,,47.0
GNN,0.5700934579439252,256,recording_loo,cuda,210,223.9013294710312,r_69.avi,214,0.14684802024922117,materialized_graph_loader_forward_softmax,0.00014684802024922118,642,0.094276429,0.24206349206349206,BasicGCN_mean,BasicGCN,gnn,torch_model,,,,table6-valence-3class,214,3,22019,0.05145974016801453,0.00024504638175245014,913710,4351,22019,469,1,results/quick_v1_v2_comparison/2026-06-03_09-24-45/model_runs/2026-06-03_09-39-05/multiclass_table6_valence_3class_emotion-elicitation_2026-06-03_10-42-41/recording_loo/r_69.avi/model_benchmark.json,GNN,multiclass_table6_valence_3class,Table-6 Valence,results/quick_v1_v2_comparison/2026-06-03_09-24-45/model_runs/2026-06-03_09-39-05,results/quick_v1_v2_comparison/2026-06-03_09-24-45/model_runs/2026-06-03_09-39-05/multiclass_table6_valence_3class_emotion-elicitation_2026-06-03_10-42-41,,,,,,,,,,190.0
GNN,0.5573770491803278,256,recording_loo,cuda,159,165.58678441797383,r_73.avi,244,0.1566071680327869,materialized_graph_loader_forward_softmax,0.0001566071680327869,732,0.114636447,0.24977043158861342,BasicGCN_mean,BasicGCN,gnn,torch_model,,,,table6-valence-3class,244,3,22019,0.03910882957439155,0.00024596748159994686,673206,4234,22019,556,1,results/quick_v1_v2_comparison/2026-06-03_09-24-45/model_runs/2026-06-03_09-39-05/multiclass_table6_valence_3class_emotion-elicitation_2026-06-03_10-42-41/recording_loo/r_73.avi/model_benchmark.json,GNN,multiclass_table6_valence_3class,Table-6 Valence,results/quick_v1_v2_comparison/2026-06-03_09-24-45/model_runs/2026-06-03_09-39-05,results/quick_v1_v2_comparison/2026-06-03_09-24-45/model_runs/2026-06-03_09-39-05/multiclass_table6_valence_3class_emotion-elicitation_2026-06-03_10-42-41,,,,,,,,,,139.0
GNN,0.5153374233128835,256,recording_loo,cuda,21,22.575926847057417,r_79.avi,163,0.15349499795501023,materialized_graph_loader_forward_softmax,0.00015349499795501022,489,0.075059054,0.24347826086956523,BasicGCN_mean,BasicGCN,gnn,torch_model,,,,table6-valence-3class,163,3,22019,0.005187483190959885,0.00024702300909332784,91392,4352,22019,519,1,results/quick_v1_v2_comparison/2026-06-03_09-24-45/model_runs/2026-06-03_09-39-05/multiclass_table6_valence_3class_emotion-elicitation_2026-06-03_10-42-41/recording_loo/r_79.avi/model_benchmark.json,GNN,multiclass_table6_valence_3class,Table-6 Valence,results/quick_v1_v2_comparison/2026-06-03_09-24-45/model_runs/2026-06-03_09-39-05,results/quick_v1_v2_comparison/2026-06-03_09-24-45/model_runs/2026-06-03_09-39-05/multiclass_table6_valence_3class_emotion-elicitation_2026-06-03_10-42-41,,,,,,,,,,1.0
GNN,0.21505376344086022,256,recording_loo,cuda,31,32.00319549604319,r_80.avi,279,0.16267408004778974,materialized_graph_loader_forward_softmax,0.00016267408004778973,837,0.136158205,0.13700954400848356,BasicGCN_mean,BasicGCN,gnn,torch_model,,,,table6-valence-3class,279,3,22019,0.007601709143953252,0.000245216423998492,130510,4210,22019,545,1,results/quick_v1_v2_comparison/2026-06-03_09-24-45/model_runs/2026-06-03_09-39-05/multiclass_table6_valence_3class_emotion-elicitation_2026-06-03_10-42-41/recording_loo/r_80.avi/model_benchmark.json,GNN,multiclass_table6_valence_3class,Table-6 Valence,results/quick_v1_v2_comparison/2026-06-03_09-24-45/model_runs/2026-06-03_09-39-05,results/quick_v1_v2_comparison/2026-06-03_09-24-45/model_runs/2026-06-03_09-39-05/multiclass_table6_valence_3class_emotion-elicitation_2026-06-03_10-42-41,,,,,,,,,,11.0
GNN,0.26171875,256,recording_loo,cuda,21,21.774602429009974,r_90.avi,256,0.15414198046875,materialized_graph_loader_forward_softmax,0.00015414198046875,768,0.118381041,0.21915717113077063,BasicGCN_mean,BasicGCN,gnn,torch_model,,,,table6-valence-3class,256,3,22019,0.005085147694771129,0.0002421498902271966,89922,4282,22019,496,1,results/quick_v1_v2_comparison/2026-06-03_09-24-45/model_runs/2026-06-03_09-39-05/multiclass_table6_valence_3class_emotion-elicitation_2026-06-03_10-42-41/recording_loo/r_90.avi/model_benchmark.json,GNN,multiclass_table6_valence_3class,Table-6 Valence,results/quick_v1_v2_comparison/2026-06-03_09-24-45/model_runs/2026-06-03_09-39-05,results/quick_v1_v2_comparison/2026-06-03_09-24-45/model_runs/2026-06-03_09-39-05/multiclass_table6_valence_3class_emotion-elicitation_2026-06-03_10-42-41,,,,,,,,,,1.0
GNN,0.4075342465753425,256,recording_loo,cuda,60,62.60552122211084,r_cats_f.avi,292,0.1610963493150685,materialized_graph_loader_forward_softmax,0.0001610963493150685,876,0.141120402,0.19302514193025141,BasicGCN_mean,BasicGCN,gnn,torch_model,,,,table6-valence-3class,292,3,22019,0.014313104989051403,0.00023855174981752338,262440,4374,22019,368,1,results/quick_v1_v2_comparison/2026-06-03_09-24-45/model_runs/2026-06-03_09-39-05/multiclass_table6_valence_3class_emotion-elicitation_2026-06-03_10-42-41/recording_loo/r_cats_f.avi/model_benchmark.json,GNN,multiclass_table6_valence_3class,Table-6 Valence,results/quick_v1_v2_comparison/2026-06-03_09-24-45/model_runs/2026-06-03_09-39-05,results/quick_v1_v2_comparison/2026-06-03_09-24-45/model_runs/2026-06-03_09-39-05/multiclass_table6_valence_3class_emotion-elicitation_2026-06-03_10-42-41,,,,,,,,,,40.0
GNN,0.011363636363636364,256,recording_loo,cuda,25,25.828704486833885,r_dallas_f.avi,264,0.1601724090909091,materialized_graph_loader_forward_softmax,0.0001601724090909091,792,0.126856548,0.00749063670411985,BasicGCN_mean,BasicGCN,gnn,torch_model,,,,table6-valence-3class,264,3,22019,0.0060277023306496815,0.00024110809322598726,107125,4285,22019,485,1,results/quick_v1_v2_comparison/2026-06-03_09-24-45/model_runs/2026-06-03_09-39-05/multiclass_table6_valence_3class_emotion-elicitation_2026-06-03_10-42-41/recording_loo/r_dallas_f.avi/model_benchmark.json,GNN,multiclass_table6_valence_3class,Table-6 Valence,results/quick_v1_v2_comparison/2026-06-03_09-24-45/model_runs/2026-06-03_09-39-05,results/quick_v1_v2_comparison/2026-06-03_09-24-45/model_runs/2026-06-03_09-39-05/multiclass_table6_valence_3class_emotion-elicitation_2026-06-03_10-42-41,,,,,,,,,,5.0
GNN,0.6793893129770993,256,recording_loo,cuda,158,164.30549622909166,r_detroit_f.avi,262,0.16104532061068702,materialized_graph_loader_forward_softmax,0.00016104532061068702,786,0.126581622,0.2696969696969697,BasicGCN_mean,BasicGCN,gnn,torch_model,,,,table6-valence-3class,262,3,22019,0.038398106153094566,0.00024302598831072513,676082,4279,22019,493,1,results/quick_v1_v2_comparison/2026-06-03_09-24-45/model_runs/2026-06-03_09-39-05/multiclass_table6_valence_3class_emotion-elicitation_2026-06-03_10-42-41/recording_loo/r_detroit_f.avi/model_benchmark.json,GNN,multiclass_table6_valence_3class,Table-6 Valence,results/quick_v1_v2_comparison/2026-06-03_09-24-45/model_runs/2026-06-03_09-39-05,results/quick_v1_v2_comparison/2026-06-03_09-24-45/model_runs/2026-06-03_09-39-05/multiclass_table6_valence_3class_emotion-elicitation_2026-06-03_10-42-41,,,,,,,,,,138.0
GNN,0.46875,256,recording_loo,cuda,177,185.73303915793076,r_earworm_f.avi,192,0.150120375,materialized_graph_loader_forward_softmax,0.000150120375,576,0.086469336,0.37295906692510633,BasicGCN_mean,BasicGCN,gnn,torch_model,,,,table6-valence-3class,192,3,22019,0.044054326175979784,0.0002488944981693773,746232,4216,22019,626,1,results/quick_v1_v2_comparison/2026-06-03_09-24-45/model_runs/2026-06-03_09-39-05/multiclass_table6_valence_3class_emotion-elicitation_2026-06-03_10-42-41/recording_loo/r_earworm_f.avi/model_benchmark.json,GNN,multiclass_table6_valence_3class,Table-6 Valence,results/quick_v1_v2_comparison/2026-06-03_09-24-45/model_runs/2026-06-03_09-39-05,results/quick_v1_v2_comparison/2026-06-03_09-24-45/model_runs/2026-06-03_09-39-05/multiclass_table6_valence_3class_emotion-elicitation_2026-06-03_10-42-41,,,,,,,,,,157.0
GNN,0.4075471698113208,256,recording_loo,cuda,70,72.10499669588171,r_funny_f.avi,265,0.16504366289308176,materialized_graph_loader_forward_softmax,0.00016504366289308176,795,0.131209712,0.3185593969232989,BasicGCN_mean,BasicGCN,gnn,torch_model,,,,table6-valence-3class,265,3,22019,0.016914144193263363,0.00024163063133233374,298410,4263,22019,506,1,results/quick_v1_v2_comparison/2026-06-03_09-24-45/model_runs/2026-06-03_09-39-05/multiclass_table6_valence_3class_emotion-elicitation_2026-06-03_10-42-41/recording_loo/r_funny_f.avi/model_benchmark.json,GNN,multiclass_table6_valence_3class,Table-6 Valence,results/quick_v1_v2_comparison/2026-06-03_09-24-45/model_runs/2026-06-03_09-39-05,results/quick_v1_v2_comparison/2026-06-03_09-24-45/model_runs/2026-06-03_09-39-05/multiclass_table6_valence_3class_emotion-elicitation_2026-06-03_10-42-41,,,,,,,,,,50.0
GNN,0.10980392156862745,256,recording_loo,cuda,29,30.138178090099245,r_newyork_f.avi,255,0.1534790483660131,materialized_graph_loader_forward_softmax,0.00015347904836601308,765,0.117411472,0.08339095105456891,BasicGCN_mean,BasicGCN,gnn,torch_model,,,,table6-valence-3class,255,3,22019,0.006942680969845484,0.00023940279206363738,125889,4341,22019,438,1,results/quick_v1_v2_comparison/2026-06-03_09-24-45/model_runs/2026-06-03_09-39-05/multiclass_table6_valence_3class_emotion-elicitation_2026-06-03_10-42-41/recording_loo/r_newyork_f.avi/model_benchmark.json,GNN,multiclass_table6_valence_3class,Table-6 Valence,results/quick_v1_v2_comparison/2026-06-03_09-24-45/model_runs/2026-06-03_09-39-05,results/quick_v1_v2_comparison/2026-06-03_09-24-45/model_runs/2026-06-03_09-39-05/multiclass_table6_valence_3class_emotion-elicitation_2026-06-03_10-42-41,,,,,,,,,,9.0
GNN,0.44166666666666665,256,subject_loo,cuda,130,147.8412883139681,s_P1,240,0.16094746388888892,materialized_graph_loader_forward_softmax,0.0001609474638888889,720,0.115882174,0.3180205415499533,BasicGCN_attention,BasicGCN,gnn,torch_model,,,,table6-arousal-3class,240,3,26244,0.03427011782892168,0.00026361629099170517,560820,4314,26244,480,1,results/quick_v1_v2_comparison/2026-06-03_09-24-45/model_runs/2026-06-03_11-46-08/multiclass_table6_arousal_3class_emotion-elicitation_2026-06-03_11-47-09/subject_loo/s_P1/model_benchmark.json,GNN,multiclass_table6_arousal_3class,Table-6 Arousal,results/quick_v1_v2_comparison/2026-06-03_09-24-45/model_runs/2026-06-03_11-46-08,results/quick_v1_v2_comparison/2026-06-03_09-24-45/model_runs/2026-06-03_11-46-08/multiclass_table6_arousal_3class_emotion-elicitation_2026-06-03_11-47-09,,,,,,,,,,110.0
GNN,0.5720524017467249,256,subject_loo,cuda,111,127.95454446412623,s_P10,229,0.16729363755458512,materialized_graph_loader_forward_softmax,0.00016729363755458513,687,0.114930729,0.4551111111111111,BasicGCN_attention,BasicGCN,gnn,torch_model,,,,table6-arousal-3class,229,3,26244,0.02932719332205506,0.00026420894884734286,484293,4363,26244,442,1,results/quick_v1_v2_comparison/2026-06-03_09-24-45/model_runs/2026-06-03_11-46-08/multiclass_table6_arousal_3class_emotion-elicitation_2026-06-03_11-47-09/subject_loo/s_P10/model_benchmark.json,GNN,multiclass_table6_arousal_3class,Table-6 Arousal,results/quick_v1_v2_comparison/2026-06-03_09-24-45/model_runs/2026-06-03_11-46-08,results/quick_v1_v2_comparison/2026-06-03_09-24-45/model_runs/2026-06-03_11-46-08/multiclass_table6_arousal_3class_emotion-elicitation_2026-06-03_11-47-09,,,,,,,,,,91.0
GNN,0.5211864406779662,256,subject_loo,cuda,91,102.01601437409408,s_P13,236,0.15231931214689265,materialized_graph_loader_forward_softmax,0.00015231931214689266,708,0.107842073,0.3727211994738184,BasicGCN_attention,BasicGCN,gnn,torch_model,,,,table6-arousal-3class,236,3,26244,0.023484349533631235,0.00025806977509484875,395304,4344,26244,454,1,results/quick_v1_v2_comparison/2026-06-03_09-24-45/model_runs/2026-06-03_11-46-08/multiclass_table6_arousal_3class_emotion-elicitation_2026-06-03_11-47-09/subject_loo/s_P13/model_benchmark.json,GNN,multiclass_table6_arousal_3class,Table-6 Arousal,results/quick_v1_v2_comparison/2026-06-03_09-24-45/model_runs/2026-06-03_11-46-08,results/quick_v1_v2_comparison/2026-06-03_09-24-45/model_runs/2026-06-03_11-46-08/multiclass_table6_arousal_3class_emotion-elicitation_2026-06-03_11-47-09,,,,,,,,,,71.0
GNN,0.5668202764976958,256,subject_loo,cuda,38,42.612732278881595,s_P14,217,0.16256163594470044,materialized_graph_loader_forward_softmax,0.00016256163594470044,651,0.105827625,0.4047619047619048,BasicGCN_attention,BasicGCN,gnn,torch_model,,,,table6-arousal-3class,217,3,26244,0.009814079290391893,0.00025826524448399716,164996,4342,26244,475,1,results/quick_v1_v2_comparison/2026-06-03_09-24-45/model_runs/2026-06-03_11-46-08/multiclass_table6_arousal_3class_emotion-elicitation_2026-06-03_11-47-09/subject_loo/s_P14/model_benchmark.json,GNN,multiclass_table6_arousal_3class,Table-6 Arousal,results/quick_v1_v2_comparison/2026-06-03_09-24-45/model_runs/2026-06-03_11-46-08,results/quick_v1_v2_comparison/2026-06-03_09-24-45/model_runs/2026-06-03_11-46-08/multiclass_table6_arousal_3class_emotion-elicitation_2026-06-03_11-47-09,,,,,,,,,,18.0
GNN,0.5544041450777202,256,subject_loo,cuda,123,138.93586144293658,s_P16,193,0.16871411744386874,materialized_graph_loader_forward_softmax,0.00016871411744386874,579,0.097685474,0.41320338640786697,BasicGCN_attention,BasicGCN,gnn,torch_model,,,,table6-arousal-3class,193,3,26244,0.03169157423424648,0.00025765507507517467,539232,4384,26244,457,1,results/quick_v1_v2_comparison/2026-06-03_09-24-45/model_runs/2026-06-03_11-46-08/multiclass_table6_arousal_3class_emotion-elicitation_2026-06-03_11-47-09/subject_loo/s_P16/model_benchmark.json,GNN,multiclass_table6_arousal_3class,Table-6 Arousal,results/quick_v1_v2_comparison/2026-06-03_09-24-45/model_runs/2026-06-03_11-46-08,results/quick_v1_v2_comparison/2026-06-03_09-24-45/model_runs/2026-06-03_11-46-08/multiclass_table6_arousal_3class_emotion-elicitation_2026-06-03_11-47-09,,,,,,,,,,103.0
GNN,0.4602510460251046,256,subject_loo,cuda,66,73.84788651508279,s_P17,239,0.16574004602510461,materialized_graph_loader_forward_softmax,0.00016574004602510462,717,0.118835613,0.34131597302952804,BasicGCN_attention,BasicGCN,gnn,torch_model,,,,table6-arousal-3class,239,3,26244,0.016999973875479465,0.00025757536174968887,286704,4344,26244,451,1,results/quick_v1_v2_comparison/2026-06-03_09-24-45/model_runs/2026-06-03_11-46-08/multiclass_table6_arousal_3class_emotion-elicitation_2026-06-03_11-47-09/subject_loo/s_P17/model_benchmark.json,GNN,multiclass_table6_arousal_3class,Table-6 Arousal,results/quick_v1_v2_comparison/2026-06-03_09-24-45/model_runs/2026-06-03_11-46-08,results/quick_v1_v2_comparison/2026-06-03_09-24-45/model_runs/2026-06-03_11-46-08/multiclass_table6_arousal_3class_emotion-elicitation_2026-06-03_11-47-09,,,,,,,,,,46.0
GNN,0.6096491228070176,256,subject_loo,cuda,80,90.15547883487307,s_P18,228,0.16471980263157895,materialized_graph_loader_forward_softmax,0.00016471980263157895,684,0.112668345,0.45708471693126423,BasicGCN_attention,BasicGCN,gnn,torch_model,,,,table6-arousal-3class,228,3,26244,0.020663644014410513,0.0002582955501801314,349040,4363,26244,443,1,results/quick_v1_v2_comparison/2026-06-03_09-24-45/model_runs/2026-06-03_11-46-08/multiclass_table6_arousal_3class_emotion-elicitation_2026-06-03_11-47-09/subject_loo/s_P18/model_benchmark.json,GNN,multiclass_table6_arousal_3class,Table-6 Arousal,results/quick_v1_v2_comparison/2026-06-03_09-24-45/model_runs/2026-06-03_11-46-08,results/quick_v1_v2_comparison/2026-06-03_09-24-45/model_runs/2026-06-03_11-46-08/multiclass_table6_arousal_3class_emotion-elicitation_2026-06-03_11-47-09,,,,,,,,,,60.0
GNN,0.3930131004366812,256,subject_loo,cuda,25,27.83990344707854,s_P19,229,0.16580277729257645,materialized_graph_loader_forward_softmax,0.00016580277729257644,687,0.113906508,0.28776910541212797,BasicGCN_attention,BasicGCN,gnn,torch_model,,,,table6-arousal-3class,229,3,26244,0.006416202684277147,0.00025664810737108587,108475,4339,26244,466,1,results/quick_v1_v2_comparison/2026-06-03_09-24-45/model_runs/2026-06-03_11-46-08/multiclass_table6_arousal_3class_emotion-elicitation_2026-06-03_11-47-09/subject_loo/s_P19/model_benchmark.json,GNN,multiclass_table6_arousal_3class,Table-6 Arousal,results/quick_v1_v2_comparison/2026-06-03_09-24-45/model_runs/2026-06-03_11-46-08,results/quick_v1_v2_comparison/2026-06-03_09-24-45/model_runs/2026-06-03_11-46-08/multiclass_table6_arousal_3class_emotion-elicitation_2026-06-03_11-47-09,,,,,,,,,,5.0
GNN,0.46473029045643155,256,subject_loo,cuda,77,86.7617416351568,s_P2,241,0.16285130152143845,materialized_graph_loader_forward_softmax,0.00016285130152143845,723,0.117741491,0.35515151515151516,BasicGCN_attention,BasicGCN,gnn,torch_model,,,,table6-arousal-3class,241,3,26244,0.020000401483438634,0.0002597454738108914,334026,4338,26244,455,1,results/quick_v1_v2_comparison/2026-06-03_09-24-45/model_runs/2026-06-03_11-46-08/multiclass_table6_arousal_3class_emotion-elicitation_2026-06-03_11-47-09/subject_loo/s_P2/model_benchmark.json,GNN,multiclass_table6_arousal_3class,Table-6 Arousal,results/quick_v1_v2_comparison/2026-06-03_09-24-45/model_runs/2026-06-03_11-46-08,results/quick_v1_v2_comparison/2026-06-03_09-24-45/model_runs/2026-06-03_11-46-08/multiclass_table6_arousal_3class_emotion-elicitation_2026-06-03_11-47-09,,,,,,,,,,57.0
GNN,0.4646017699115044,256,subject_loo,cuda,50,57.14588242885657,s_P20,226,0.15782008554572272,materialized_graph_loader_forward_softmax,0.00015782008554572272,678,0.107002018,0.30225769500794447,BasicGCN_attention,BasicGCN,gnn,torch_model,,,,table6-arousal-3class,226,3,26244,0.013091840189886957,0.00026183680379773913,218250,4365,26244,443,1,results/quick_v1_v2_comparison/2026-06-03_09-24-45/model_runs/2026-06-03_11-46-08/multiclass_table6_arousal_3class_emotion-elicitation_2026-06-03_11-47-09/subject_loo/s_P20/model_benchmark.json,GNN,multiclass_table6_arousal_3class,Table-6 Arousal,results/quick_v1_v2_comparison/2026-06-03_09-24-45/model_runs/2026-06-03_11-46-08,results/quick_v1_v2_comparison/2026-06-03_09-24-45/model_runs/2026-06-03_11-46-08/multiclass_table6_arousal_3class_emotion-elicitation_2026-06-03_11-47-09,,,,,,,,,,30.0
GNN,0.45662100456621,256,subject_loo,cuda,32,37.255778457038105,s_P21,219,0.20748312176560121,materialized_graph_loader_forward_softmax,0.00020748312176560122,657,0.136316411,0.20898641588296762,BasicGCN_attention,BasicGCN,gnn,torch_model,,,,table6-arousal-3class,219,3,26244,0.008519501133555478,0.0002662344104236087,139936,4373,26244,442,1,results/quick_v1_v2_comparison/2026-06-03_09-24-45/model_runs/2026-06-03_11-46-08/multiclass_table6_arousal_3class_emotion-elicitation_2026-06-03_11-47-09/subject_loo/s_P21/model_benchmark.json,GNN,multiclass_table6_arousal_3class,Table-6 Arousal,results/quick_v1_v2_comparison/2026-06-03_09-24-45/model_runs/2026-06-03_11-46-08,results/quick_v1_v2_comparison/2026-06-03_09-24-45/model_runs/2026-06-03_11-46-08/multiclass_table6_arousal_3class_emotion-elicitation_2026-06-03_11-47-09,,,,,,,,,,12.0
GNN,0.4532710280373832,256,subject_loo,cuda,28,31.487000399036333,s_P22,214,0.15841807009345793,materialized_graph_loader_forward_softmax,0.00015841807009345793,642,0.101704401,0.2359493542412017,BasicGCN_attention,BasicGCN,gnn,torch_model,,,,table6-arousal-3class,214,3,26244,0.007258414107661672,0.00025922907527363117,121464,4338,26244,482,1,results/quick_v1_v2_comparison/2026-06-03_09-24-45/model_runs/2026-06-03_11-46-08/multiclass_table6_arousal_3class_emotion-elicitation_2026-06-03_11-47-09/subject_loo/s_P22/model_benchmark.json,GNN,multiclass_table6_arousal_3class,Table-6 Arousal,results/quick_v1_v2_comparison/2026-06-03_09-24-45/model_runs/2026-06-03_11-46-08,results/quick_v1_v2_comparison/2026-06-03_09-24-45/model_runs/2026-06-03_11-46-08/multiclass_table6_arousal_3class_emotion-elicitation_2026-06-03_11-47-09,,,,,,,,,,8.0
GNN,0.5083333333333333,256,subject_loo,cuda,56,63.925848805112764,s_P23,240,0.17043455,materialized_graph_loader_forward_softmax,0.00017043454999999999,720,0.122712876,0.3560784313725491,BasicGCN_attention,BasicGCN,gnn,torch_model,,,,table6-arousal-3class,240,3,26244,0.014571654617076081,0.00026020811816207285,245672,4387,26244,407,1,results/quick_v1_v2_comparison/2026-06-03_09-24-45/model_runs/2026-06-03_11-46-08/multiclass_table6_arousal_3class_emotion-elicitation_2026-06-03_11-47-09/subject_loo/s_P23/model_benchmark.json,GNN,multiclass_table6_arousal_3class,Table-6 Arousal,results/quick_v1_v2_comparison/2026-06-03_09-24-45/model_runs/2026-06-03_11-46-08,results/quick_v1_v2_comparison/2026-06-03_09-24-45/model_runs/2026-06-03_11-46-08/multiclass_table6_arousal_3class_emotion-elicitation_2026-06-03_11-47-09,,,,,,,,,,36.0
GNN,0.5151515151515151,256,subject_loo,cuda,83,96.0677618959453,s_P24,231,0.14326701443001444,materialized_graph_loader_forward_softmax,0.00014326701443001443,693,0.099284041,0.3251231527093596,BasicGCN_attention,BasicGCN,gnn,torch_model,,,,table6-arousal-3class,231,3,26244,0.022064253995393957,0.0002658343854866742,361382,4354,26244,449,1,results/quick_v1_v2_comparison/2026-06-03_09-24-45/model_runs/2026-06-03_11-46-08/multiclass_table6_arousal_3class_emotion-elicitation_2026-06-03_11-47-09/subject_loo/s_P24/model_benchmark.json,GNN,multiclass_table6_arousal_3class,Table-6 Arousal,results/quick_v1_v2_comparison/2026-06-03_09-24-45/model_runs/2026-06-03_11-46-08,results/quick_v1_v2_comparison/2026-06-03_09-24-45/model_runs/2026-06-03_11-46-08/multiclass_table6_arousal_3class_emotion-elicitation_2026-06-03_11-47-09,,,,,,,,,,63.0
GNN,0.5919282511210763,256,subject_loo,cuda,185,214.61964529613033,s_P27,223,0.1562060657698057,materialized_graph_loader_forward_softmax,0.0001562060657698057,669,0.104501858,0.4508422630114142,BasicGCN_attention,BasicGCN,gnn,torch_model,,,,table6-arousal-3class,223,3,26244,0.04939462492431078,0.00026699797256384206,803825,4345,26244,466,1,results/quick_v1_v2_comparison/2026-06-03_09-24-45/model_runs/2026-06-03_11-46-08/multiclass_table6_arousal_3class_emotion-elicitation_2026-06-03_11-47-09/subject_loo/s_P27/model_benchmark.json,GNN,multiclass_table6_arousal_3class,Table-6 Arousal,results/quick_v1_v2_comparison/2026-06-03_09-24-45/model_runs/2026-06-03_11-46-08,results/quick_v1_v2_comparison/2026-06-03_09-24-45/model_runs/2026-06-03_11-46-08/multiclass_table6_arousal_3class_emotion-elicitation_2026-06-03_11-47-09,,,,,,,,,,165.0
GNN,0.5566037735849056,256,subject_loo,cuda,71,80.57312745600939,s_P28,212,0.1909414245283019,materialized_graph_loader_forward_softmax,0.0001909414245283019,636,0.121438746,0.3703640175338288,BasicGCN_attention,BasicGCN,gnn,torch_model,,,,table6-arousal-3class,212,3,26244,0.018492799507920446,0.000260461964900288,309347,4357,26244,465,1,results/quick_v1_v2_comparison/2026-06-03_09-24-45/model_runs/2026-06-03_11-46-08/multiclass_table6_arousal_3class_emotion-elicitation_2026-06-03_11-47-09/subject_loo/s_P28/model_benchmark.json,GNN,multiclass_table6_arousal_3class,Table-6 Arousal,results/quick_v1_v2_comparison/2026-06-03_09-24-45/model_runs/2026-06-03_11-46-08,results/quick_v1_v2_comparison/2026-06-03_09-24-45/model_runs/2026-06-03_11-46-08/multiclass_table6_arousal_3class_emotion-elicitation_2026-06-03_11-47-09,,,,,,,,,,51.0
GNN,0.625,256,subject_loo,cuda,76,86.6578117001336,s_P29,216,0.1614033364197531,materialized_graph_loader_forward_softmax,0.0001614033364197531,648,0.104589362,0.2923976608187135,BasicGCN_attention,BasicGCN,gnn,torch_model,,,,table6-arousal-3class,216,3,26244,0.019857427062358754,0.00026128193503103625,331664,4364,26244,454,1,results/quick_v1_v2_comparison/2026-06-03_09-24-45/model_runs/2026-06-03_11-46-08/multiclass_table6_arousal_3class_emotion-elicitation_2026-06-03_11-47-09/subject_loo/s_P29/model_benchmark.json,GNN,multiclass_table6_arousal_3class,Table-6 Arousal,results/quick_v1_v2_comparison/2026-06-03_09-24-45/model_runs/2026-06-03_11-46-08,results/quick_v1_v2_comparison/2026-06-03_09-24-45/model_runs/2026-06-03_11-46-08/multiclass_table6_arousal_3class_emotion-elicitation_2026-06-03_11-47-09,,,,,,,,,,56.0
GNN,0.5796460176991151,256,subject_loo,cuda,52,58.23276459192857,s_P30,226,0.16076732448377581,materialized_graph_loader_forward_softmax,0.00016076732448377581,678,0.109000246,0.4040451720413958,BasicGCN_attention,BasicGCN,gnn,torch_model,,,,table6-arousal-3class,226,3,26244,0.013457999674584832,0.0002588076860497083,225004,4327,26244,481,1,results/quick_v1_v2_comparison/2026-06-03_09-24-45/model_runs/2026-06-03_11-46-08/multiclass_table6_arousal_3class_emotion-elicitation_2026-06-03_11-47-09/subject_loo/s_P30/model_benchmark.json,GNN,multiclass_table6_arousal_3class,Table-6 Arousal,results/quick_v1_v2_comparison/2026-06-03_09-24-45/model_runs/2026-06-03_11-46-08,results/quick_v1_v2_comparison/2026-06-03_09-24-45/model_runs/2026-06-03_11-46-08/multiclass_table6_arousal_3class_emotion-elicitation_2026-06-03_11-47-09,,,,,,,,,,32.0
GNN,0.4701195219123506,256,subject_loo,cuda,152,173.46006193500943,s_P4,251,0.19256768260292165,materialized_graph_loader_forward_softmax,0.00019256768260292166,753,0.145003465,0.39040886957221616,BasicGCN_attention,BasicGCN,gnn,torch_model,,,,table6-arousal-3class,251,3,26244,0.039839242520672814,0.00026210027974126854,661808,4354,26244,429,1,results/quick_v1_v2_comparison/2026-06-03_09-24-45/model_runs/2026-06-03_11-46-08/multiclass_table6_arousal_3class_emotion-elicitation_2026-06-03_11-47-09/subject_loo/s_P4/model_benchmark.json,GNN,multiclass_table6_arousal_3class,Table-6 Arousal,results/quick_v1_v2_comparison/2026-06-03_09-24-45/model_runs/2026-06-03_11-46-08,results/quick_v1_v2_comparison/2026-06-03_09-24-45/model_runs/2026-06-03_11-46-08/multiclass_table6_arousal_3class_emotion-elicitation_2026-06-03_11-47-09,,,,,,,,,,132.0
GNN,0.3381818181818182,256,subject_loo,cuda,57,66.38974319095723,s_P5,275,0.17553648,materialized_graph_loader_forward_softmax,0.00017553648,825,0.144817596,0.2713884992987377,BasicGCN_attention,BasicGCN,gnn,torch_model,,,,table6-arousal-3class,275,3,26244,0.01525499613762804,0.0002676315111864569,248064,4352,26244,407,1,results/quick_v1_v2_comparison/2026-06-03_09-24-45/model_runs/2026-06-03_11-46-08/multiclass_table6_arousal_3class_emotion-elicitation_2026-06-03_11-47-09/subject_loo/s_P5/model_benchmark.json,GNN,multiclass_table6_arousal_3class,Table-6 Arousal,results/quick_v1_v2_comparison/2026-06-03_09-24-45/model_runs/2026-06-03_11-46-08,results/quick_v1_v2_comparison/2026-06-03_09-24-45/model_runs/2026-06-03_11-46-08/multiclass_table6_arousal_3class_emotion-elicitation_2026-06-03_11-47-09,,,,,,,,,,37.0
GNN,0.5304347826086957,256,subject_loo,cuda,26,30.33511740807444,s_P7,230,0.19072990144927535,materialized_graph_loader_forward_softmax,0.00019072990144927536,690,0.131603632,0.26692209450830146,BasicGCN_attention,BasicGCN,gnn,torch_model,,,,table6-arousal-3class,230,3,26244,0.006994493292154586,0.0002690189727751764,112762,4337,26244,467,1,results/quick_v1_v2_comparison/2026-06-03_09-24-45/model_runs/2026-06-03_11-46-08/multiclass_table6_arousal_3class_emotion-elicitation_2026-06-03_11-47-09/subject_loo/s_P7/model_benchmark.json,GNN,multiclass_table6_arousal_3class,Table-6 Arousal,results/quick_v1_v2_comparison/2026-06-03_09-24-45/model_runs/2026-06-03_11-46-08,results/quick_v1_v2_comparison/2026-06-03_09-24-45/model_runs/2026-06-03_11-46-08/multiclass_table6_arousal_3class_emotion-elicitation_2026-06-03_11-47-09,,,,,,,,,,6.0
GNN,0.4794520547945205,256,subject_loo,cuda,90,105.36769955791533,s_P8,219,0.15990165296803652,materialized_graph_loader_forward_softmax,0.00015990165296803652,657,0.105055386,0.3694161487048517,BasicGCN_attention,BasicGCN,gnn,torch_model,,,,table6-arousal-3class,219,3,26244,0.02408404561323779,0.00026760050681375324,393750,4375,26244,440,1,results/quick_v1_v2_comparison/2026-06-03_09-24-45/model_runs/2026-06-03_11-46-08/multiclass_table6_arousal_3class_emotion-elicitation_2026-06-03_11-47-09/subject_loo/s_P8/model_benchmark.json,GNN,multiclass_table6_arousal_3class,Table-6 Arousal,results/quick_v1_v2_comparison/2026-06-03_09-24-45/model_runs/2026-06-03_11-46-08,results/quick_v1_v2_comparison/2026-06-03_09-24-45/model_runs/2026-06-03_11-46-08/multiclass_table6_arousal_3class_emotion-elicitation_2026-06-03_11-47-09,,,,,,,,,,70.0
GNN,0.0759493670886076,256,recording_loo,cuda,27,31.42335985181853,r_107.avi,158,0.16253464556962027,materialized_graph_loader_forward_softmax,0.00016253464556962026,474,0.077041422,0.0999194198227236,BasicGCN_attention,BasicGCN,gnn,torch_model,,,,table6-arousal-3class,158,3,26244,0.007409422271119672,0.0002744230470785064,114507,4241,26244,635,1,results/quick_v1_v2_comparison/2026-06-03_09-24-45/model_runs/2026-06-03_11-46-08/multiclass_table6_arousal_3class_emotion-elicitation_2026-06-03_11-47-09/recording_loo/r_107.avi/model_benchmark.json,GNN,multiclass_table6_arousal_3class,Table-6 Arousal,results/quick_v1_v2_comparison/2026-06-03_09-24-45/model_runs/2026-06-03_11-46-08,results/quick_v1_v2_comparison/2026-06-03_09-24-45/model_runs/2026-06-03_11-46-08/multiclass_table6_arousal_3class_emotion-elicitation_2026-06-03_11-47-09,,,,,,,,,,7.0
GNN,0.40483383685800606,256,recording_loo,cuda,145,162.03758994699456,r_111.avi,331,0.1967437139979859,materialized_graph_loader_forward_softmax,0.0001967437139979859,993,0.195366508,0.21529221529221532,BasicGCN_attention,BasicGCN,gnn,torch_model,,,,table6-arousal-3class,331,3,26244,0.03872791346725491,0.00026708905839486146,606680,4184,26244,519,1,results/quick_v1_v2_comparison/2026-06-03_09-24-45/model_runs/2026-06-03_11-46-08/multiclass_table6_arousal_3class_emotion-elicitation_2026-06-03_11-47-09/recording_loo/r_111.avi/model_benchmark.json,GNN,multiclass_table6_arousal_3class,Table-6 Arousal,results/quick_v1_v2_comparison/2026-06-03_09-24-45/model_runs/2026-06-03_11-46-08,results/quick_v1_v2_comparison/2026-06-03_09-24-45/model_runs/2026-06-03_11-46-08/multiclass_table6_arousal_3class_emotion-elicitation_2026-06-03_11-47-09,,,,,,,,,,125.0
GNN,0.6149425287356322,256,recording_loo,cuda,35,40.456574076088145,r_138.avi,348,0.18482757088122606,materialized_graph_loader_forward_softmax,0.00018482757088122606,1044,0.192959984,0.2584541062801932,BasicGCN_attention,BasicGCN,gnn,torch_model,,,,table6-arousal-3class,348,3,26244,0.00935195887103286,0.0002671988248866531,151410,4326,26244,360,1,results/quick_v1_v2_comparison/2026-06-03_09-24-45/model_runs/2026-06-03_11-46-08/multiclass_table6_arousal_3class_emotion-elicitation_2026-06-03_11-47-09/recording_loo/r_138.avi/model_benchmark.json,GNN,multiclass_table6_arousal_3class,Table-6 Arousal,results/quick_v1_v2_comparison/2026-06-03_09-24-45/model_runs/2026-06-03_11-46-08,results/quick_v1_v2_comparison/2026-06-03_09-24-45/model_runs/2026-06-03_11-46-08/multiclass_table6_arousal_3class_emotion-elicitation_2026-06-03_11-47-09,,,,,,,,,,15.0
GNN,0.24535315985130113,256,recording_loo,cuda,21,24.63620626507327,r_146.avi,269,0.19490400867410163,materialized_graph_loader_forward_softmax,0.00019490400867410161,807,0.157287535,0.13414634146341464,BasicGCN_attention,BasicGCN,gnn,torch_model,,,,table6-arousal-3class,269,3,26244,0.005780433192180495,0.0002752587234371664,89502,4262,26244,503,1,results/quick_v1_v2_comparison/2026-06-03_09-24-45/model_runs/2026-06-03_11-46-08/multiclass_table6_arousal_3class_emotion-elicitation_2026-06-03_11-47-09/recording_loo/r_146.avi/model_benchmark.json,GNN,multiclass_table6_arousal_3class,Table-6 Arousal,results/quick_v1_v2_comparison/2026-06-03_09-24-45/model_runs/2026-06-03_11-46-08,results/quick_v1_v2_comparison/2026-06-03_09-24-45/model_runs/2026-06-03_11-46-08/multiclass_table6_arousal_3class_emotion-elicitation_2026-06-03_11-47-09,,,,,,,,,,1.0
GNN,0.22926829268292684,256,recording_loo,cuda,22,25.836833463981748,r_30.avi,205,0.15164312845528455,materialized_graph_loader_forward_softmax,0.00015164312845528455,615,0.093260524,0.12737127371273713,BasicGCN_attention,BasicGCN,gnn,torch_model,,,,table6-arousal-3class,205,3,26244,0.005976598071705239,0.00027166354871387447,95106,4323,26244,506,1,results/quick_v1_v2_comparison/2026-06-03_09-24-45/model_runs/2026-06-03_11-46-08/multiclass_table6_arousal_3class_emotion-elicitation_2026-06-03_11-47-09/recording_loo/r_30.avi/model_benchmark.json,GNN,multiclass_table6_arousal_3class,Table-6 Arousal,results/quick_v1_v2_comparison/2026-06-03_09-24-45/model_runs/2026-06-03_11-46-08,results/quick_v1_v2_comparison/2026-06-03_09-24-45/model_runs/2026-06-03_11-46-08/multiclass_table6_arousal_3class_emotion-elicitation_2026-06-03_11-47-09,,,,,,,,,,2.0
GNN,0.4915254237288136,256,recording_loo,cuda,36,39.95067410799675,r_52.avi,295,0.1687129084745763,materialized_graph_loader_forward_softmax,0.00016871290847457628,885,0.149310924,0.3207100591715976,BasicGCN_attention,BasicGCN,gnn,torch_model,,,,table6-arousal-3class,295,3,26244,0.00965225274414031,0.0002681181317816753,149004,4139,26244,600,1,results/quick_v1_v2_comparison/2026-06-03_09-24-45/model_runs/2026-06-03_11-46-08/multiclass_table6_arousal_3class_emotion-elicitation_2026-06-03_11-47-09/recording_loo/r_52.avi/model_benchmark.json,GNN,multiclass_table6_arousal_3class,Table-6 Arousal,results/quick_v1_v2_comparison/2026-06-03_09-24-45/model_runs/2026-06-03_11-46-08,results/quick_v1_v2_comparison/2026-06-03_09-24-45/model_runs/2026-06-03_11-46-08/multiclass_table6_arousal_3class_emotion-elicitation_2026-06-03_11-47-09,,,,,,,,,,16.0
GNN,0.32894736842105265,256,recording_loo,cuda,111,123.92802145401947,r_53.avi,304,0.19520967434210526,materialized_graph_loader_forward_softmax,0.00019520967434210525,912,0.178031223,0.259656145728715,BasicGCN_attention,BasicGCN,gnn,torch_model,,,,table6-arousal-3class,304,3,26244,0.029527763034076594,0.00026601588318987923,465867,4197,26244,533,1,results/quick_v1_v2_comparison/2026-06-03_09-24-45/model_runs/2026-06-03_11-46-08/multiclass_table6_arousal_3class_emotion-elicitation_2026-06-03_11-47-09/recording_loo/r_53.avi/model_benchmark.json,GNN,multiclass_table6_arousal_3class,Table-6 Arousal,results/quick_v1_v2_comparison/2026-06-03_09-24-45/model_runs/2026-06-03_11-46-08,results/quick_v1_v2_comparison/2026-06-03_09-24-45/model_runs/2026-06-03_11-46-08/multiclass_table6_arousal_3class_emotion-elicitation_2026-06-03_11-47-09,,,,,,,,,,91.0
GNN,0.3153526970954357,256,recording_loo,cuda,31,36.16889555193484,r_55.avi,241,0.15871175380359612,materialized_graph_loader_forward_softmax,0.00015871175380359611,723,0.114748598,0.19191919191919193,BasicGCN_attention,BasicGCN,gnn,torch_model,,,,table6-arousal-3class,241,3,26244,0.008413327646414245,0.0002713976660133627,133269,4299,26244,494,1,results/quick_v1_v2_comparison/2026-06-03_09-24-45/model_runs/2026-06-03_11-46-08/multiclass_table6_arousal_3class_emotion-elicitation_2026-06-03_11-47-09/recording_loo/r_55.avi/model_benchmark.json,GNN,multiclass_table6_arousal_3class,Table-6 Arousal,results/quick_v1_v2_comparison/2026-06-03_09-24-45/model_runs/2026-06-03_11-46-08,results/quick_v1_v2_comparison/2026-06-03_09-24-45/model_runs/2026-06-03_11-46-08/multiclass_table6_arousal_3class_emotion-elicitation_2026-06-03_11-47-09,,,,,,,,,,11.0
GNN,0.18274111675126903,256,recording_loo,cuda,23,25.791535540949553,r_58.avi,197,0.15840616582064299,materialized_graph_loader_forward_softmax,0.00015840616582064298,591,0.093618044,0.10510008056020326,BasicGCN_attention,BasicGCN,gnn,torch_model,,,,table6-arousal-3class,197,3,26244,0.005950977282175716,0.000258738142703292,99682,4334,26244,503,1,results/quick_v1_v2_comparison/2026-06-03_09-24-45/model_runs/2026-06-03_11-46-08/multiclass_table6_arousal_3class_emotion-elicitation_2026-06-03_11-47-09/recording_loo/r_58.avi/model_benchmark.json,GNN,multiclass_table6_arousal_3class,Table-6 Arousal,results/quick_v1_v2_comparison/2026-06-03_09-24-45/model_runs/2026-06-03_11-46-08,results/quick_v1_v2_comparison/2026-06-03_09-24-45/model_runs/2026-06-03_11-46-08/multiclass_table6_arousal_3class_emotion-elicitation_2026-06-03_11-47-09,,,,,,,,,,3.0
GNN,0.4158878504672897,256,recording_loo,cuda,21,23.274949113838375,r_69.avi,214,0.15174728660436138,materialized_graph_loader_forward_softmax,0.00015174728660436137,642,0.097421758,0.20892018779342725,BasicGCN_attention,BasicGCN,gnn,torch_model,,,,table6-arousal-3class,214,3,26244,0.005349333282886319,0.00025473015632791995,91371,4351,26244,469,1,results/quick_v1_v2_comparison/2026-06-03_09-24-45/model_runs/2026-06-03_11-46-08/multiclass_table6_arousal_3class_emotion-elicitation_2026-06-03_11-47-09/recording_loo/r_69.avi/model_benchmark.json,GNN,multiclass_table6_arousal_3class,Table-6 Arousal,results/quick_v1_v2_comparison/2026-06-03_09-24-45/model_runs/2026-06-03_11-46-08,results/quick_v1_v2_comparison/2026-06-03_09-24-45/model_runs/2026-06-03_11-46-08/multiclass_table6_arousal_3class_emotion-elicitation_2026-06-03_11-47-09,,,,,,,,,,1.0
GNN,0.12295081967213115,256,recording_loo,cuda,203,224.26258363504894,r_73.avi,244,0.17743878142076505,materialized_graph_loader_forward_softmax,0.00017743878142076504,732,0.129885188,0.0975699558173785,BasicGCN_attention,BasicGCN,gnn,torch_model,,,,table6-arousal-3class,244,3,26244,0.0529670721858878,0.00026092153786151623,859502,4234,26244,556,1,results/quick_v1_v2_comparison/2026-06-03_09-24-45/model_runs/2026-06-03_11-46-08/multiclass_table6_arousal_3class_emotion-elicitation_2026-06-03_11-47-09/recording_loo/r_73.avi/model_benchmark.json,GNN,multiclass_table6_arousal_3class,Table-6 Arousal,results/quick_v1_v2_comparison/2026-06-03_09-24-45/model_runs/2026-06-03_11-46-08,results/quick_v1_v2_comparison/2026-06-03_09-24-45/model_runs/2026-06-03_11-46-08/multiclass_table6_arousal_3class_emotion-elicitation_2026-06-03_11-47-09,,,,,,,,,,183.0
GNN,0.4662576687116564,256,recording_loo,cuda,229,262.6615543218795,r_79.avi,163,0.1835741145194274,materialized_graph_loader_forward_softmax,0.0001835741145194274,489,0.089767742,0.27848844524598415,BasicGCN_attention,BasicGCN,gnn,torch_model,,,,table6-arousal-3class,163,3,26244,0.06035421744528482,0.0002635555346955669,996608,4352,26244,519,1,results/quick_v1_v2_comparison/2026-06-03_09-24-45/model_runs/2026-06-03_11-46-08/multiclass_table6_arousal_3class_emotion-elicitation_2026-06-03_11-47-09/recording_loo/r_79.avi/model_benchmark.json,GNN,multiclass_table6_arousal_3class,Table-6 Arousal,results/quick_v1_v2_comparison/2026-06-03_09-24-45/model_runs/2026-06-03_11-46-08,results/quick_v1_v2_comparison/2026-06-03_09-24-45/model_runs/2026-06-03_11-46-08/multiclass_table6_arousal_3class_emotion-elicitation_2026-06-03_11-47-09,,,,,,,,,,209.0
GNN,0.07885304659498207,256,recording_loo,cuda,30,33.2362290781457,r_80.avi,279,0.1679108064516129,materialized_graph_loader_forward_softmax,0.0001679108064516129,837,0.140541345,0.052537139578007035,BasicGCN_attention,BasicGCN,gnn,torch_model,,,,table6-arousal-3class,279,3,26244,0.007894591229963348,0.0002631530409987783,126300,4210,26244,545,1,results/quick_v1_v2_comparison/2026-06-03_09-24-45/model_runs/2026-06-03_11-46-08/multiclass_table6_arousal_3class_emotion-elicitation_2026-06-03_11-47-09/recording_loo/r_80.avi/model_benchmark.json,GNN,multiclass_table6_arousal_3class,Table-6 Arousal,results/quick_v1_v2_comparison/2026-06-03_09-24-45/model_runs/2026-06-03_11-46-08,results/quick_v1_v2_comparison/2026-06-03_09-24-45/model_runs/2026-06-03_11-46-08/multiclass_table6_arousal_3class_emotion-elicitation_2026-06-03_11-47-09,,,,,,,,,,10.0
GNN,0.1328125,256,recording_loo,cuda,24,26.93360775988549,r_90.avi,256,0.1610217578125,materialized_graph_loader_forward_softmax,0.0001610217578125,768,0.12366471,0.07816091954022988,BasicGCN_attention,BasicGCN,gnn,torch_model,,,,table6-arousal-3class,256,3,26244,0.006289959775778956,0.0002620816573241232,102768,4282,26244,496,1,results/quick_v1_v2_comparison/2026-06-03_09-24-45/model_runs/2026-06-03_11-46-08/multiclass_table6_arousal_3class_emotion-elicitation_2026-06-03_11-47-09/recording_loo/r_90.avi/model_benchmark.json,GNN,multiclass_table6_arousal_3class,Table-6 Arousal,results/quick_v1_v2_comparison/2026-06-03_09-24-45/model_runs/2026-06-03_11-46-08,results/quick_v1_v2_comparison/2026-06-03_09-24-45/model_runs/2026-06-03_11-46-08/multiclass_table6_arousal_3class_emotion-elicitation_2026-06-03_11-47-09,,,,,,,,,,4.0
GNN,0.22945205479452055,256,recording_loo,cuda,21,24.015870176954195,r_cats_f.avi,292,0.20075660388127853,materialized_graph_loader_forward_softmax,0.00020075660388127852,876,0.175862785,0.12441968430826371,BasicGCN_attention,BasicGCN,gnn,torch_model,,,,table6-arousal-3class,292,3,26244,0.00549059674827485,0.0002614569880130881,91854,4374,26244,368,1,results/quick_v1_v2_comparison/2026-06-03_09-24-45/model_runs/2026-06-03_11-46-08/multiclass_table6_arousal_3class_emotion-elicitation_2026-06-03_11-47-09/recording_loo/r_cats_f.avi/model_benchmark.json,GNN,multiclass_table6_arousal_3class,Table-6 Arousal,results/quick_v1_v2_comparison/2026-06-03_09-24-45/model_runs/2026-06-03_11-46-08,results/quick_v1_v2_comparison/2026-06-03_09-24-45/model_runs/2026-06-03_11-46-08/multiclass_table6_arousal_3class_emotion-elicitation_2026-06-03_11-47-09,,,,,,,,,,1.0
GNN,0.30303030303030304,256,recording_loo,cuda,21,23.753122146008536,r_dallas_f.avi,264,0.17909932323232325,materialized_graph_loader_forward_softmax,0.00017909932323232326,792,0.141846664,0.19893390473922992,BasicGCN_attention,BasicGCN,gnn,torch_model,,,,table6-arousal-3class,264,3,26244,0.005543319053910977,0.0002639675739957608,89985,4285,26244,485,1,results/quick_v1_v2_comparison/2026-06-03_09-24-45/model_runs/2026-06-03_11-46-08/multiclass_table6_arousal_3class_emotion-elicitation_2026-06-03_11-47-09/recording_loo/r_dallas_f.avi/model_benchmark.json,GNN,multiclass_table6_arousal_3class,Table-6 Arousal,results/quick_v1_v2_comparison/2026-06-03_09-24-45/model_runs/2026-06-03_11-46-08,results/quick_v1_v2_comparison/2026-06-03_09-24-45/model_runs/2026-06-03_11-46-08/multiclass_table6_arousal_3class_emotion-elicitation_2026-06-03_11-47-09,,,,,,,,,,1.0
GNN,0.7977099236641222,256,recording_loo,cuda,84,96.50793821993284,r_detroit_f.avi,262,0.17231271374045803,materialized_graph_loader_forward_softmax,0.00017231271374045803,786,0.135437793,0.29772079772079774,BasicGCN_attention,BasicGCN,gnn,torch_model,,,,table6-arousal-3class,262,3,26244,0.022553853288135743,0.0002684982534301874,359436,4279,26244,493,1,results/quick_v1_v2_comparison/2026-06-03_09-24-45/model_runs/2026-06-03_11-46-08/multiclass_table6_arousal_3class_emotion-elicitation_2026-06-03_11-47-09/recording_loo/r_detroit_f.avi/model_benchmark.json,GNN,multiclass_table6_arousal_3class,Table-6 Arousal,results/quick_v1_v2_comparison/2026-06-03_09-24-45/model_runs/2026-06-03_11-46-08,results/quick_v1_v2_comparison/2026-06-03_09-24-45/model_runs/2026-06-03_11-46-08/multiclass_table6_arousal_3class_emotion-elicitation_2026-06-03_11-47-09,,,,,,,,,,64.0
GNN,0.5520833333333334,256,recording_loo,cuda,28,31.61795074515976,r_earworm_f.avi,192,0.16604171354166666,materialized_graph_loader_forward_softmax,0.00016604171354166666,576,0.095640027,0.2739165596308453,BasicGCN_attention,BasicGCN,gnn,torch_model,,,,table6-arousal-3class,192,3,26244,0.007499513933861423,0.0002678397833521937,118048,4216,26244,626,1,results/quick_v1_v2_comparison/2026-06-03_09-24-45/model_runs/2026-06-03_11-46-08/multiclass_table6_arousal_3class_emotion-elicitation_2026-06-03_11-47-09/recording_loo/r_earworm_f.avi/model_benchmark.json,GNN,multiclass_table6_arousal_3class,Table-6 Arousal,results/quick_v1_v2_comparison/2026-06-03_09-24-45/model_runs/2026-06-03_11-46-08,results/quick_v1_v2_comparison/2026-06-03_09-24-45/model_runs/2026-06-03_11-46-08/multiclass_table6_arousal_3class_emotion-elicitation_2026-06-03_11-47-09,,,,,,,,,,8.0
GNN,0.44150943396226416,256,recording_loo,cuda,81,90.99567367089912,r_funny_f.avi,265,0.1737099182389937,materialized_graph_loader_forward_softmax,0.0001737099182389937,795,0.138099385,0.304036747265314,BasicGCN_attention,BasicGCN,gnn,torch_model,,,,table6-arousal-3class,265,3,26244,0.021345454766807208,0.00026352413292354577,345303,4263,26244,506,1,results/quick_v1_v2_comparison/2026-06-03_09-24-45/model_runs/2026-06-03_11-46-08/multiclass_table6_arousal_3class_emotion-elicitation_2026-06-03_11-47-09/recording_loo/r_funny_f.avi/model_benchmark.json,GNN,multiclass_table6_arousal_3class,Table-6 Arousal,results/quick_v1_v2_comparison/2026-06-03_09-24-45/model_runs/2026-06-03_11-46-08,results/quick_v1_v2_comparison/2026-06-03_09-24-45/model_runs/2026-06-03_11-46-08/multiclass_table6_arousal_3class_emotion-elicitation_2026-06-03_11-47-09,,,,,,,,,,61.0
GNN,0.7647058823529411,256,recording_loo,cuda,21,23.724350719945505,r_newyork_f.avi,255,0.16675422222222222,materialized_graph_loader_forward_softmax,0.00016675422222222223,765,0.12756698,0.34889434889434895,BasicGCN_attention,BasicGCN,gnn,torch_model,,,,table6-arousal-3class,255,3,26244,0.0054651809997570844,0.0002602467142741469,91161,4341,26244,438,1,results/quick_v1_v2_comparison/2026-06-03_09-24-45/model_runs/2026-06-03_11-46-08/multiclass_table6_arousal_3class_emotion-elicitation_2026-06-03_11-47-09/recording_loo/r_newyork_f.avi/model_benchmark.json,GNN,multiclass_table6_arousal_3class,Table-6 Arousal,results/quick_v1_v2_comparison/2026-06-03_09-24-45/model_runs/2026-06-03_11-46-08,results/quick_v1_v2_comparison/2026-06-03_09-24-45/model_runs/2026-06-03_11-46-08/multiclass_table6_arousal_3class_emotion-elicitation_2026-06-03_11-47-09,,,,,,,,,,1.0
GNN,0.49583333333333335,256,subject_loo,cuda,76,88.15237880405039,s_P1,240,0.16198394861111112,materialized_graph_loader_forward_softmax,0.00016198394861111111,720,0.116628443,0.38827263128511963,BasicGCN_attention,BasicGCN,gnn,torch_model,,,,table6-valence-3class,240,3,26244,0.02043402383033157,0.0002688687346096259,327864,4314,26244,480,1,results/quick_v1_v2_comparison/2026-06-03_09-24-45/model_runs/2026-06-03_11-46-08/multiclass_table6_valence_3class_emotion-elicitation_2026-06-03_12-50-01/subject_loo/s_P1/model_benchmark.json,GNN,multiclass_table6_valence_3class,Table-6 Valence,results/quick_v1_v2_comparison/2026-06-03_09-24-45/model_runs/2026-06-03_11-46-08,results/quick_v1_v2_comparison/2026-06-03_09-24-45/model_runs/2026-06-03_11-46-08/multiclass_table6_valence_3class_emotion-elicitation_2026-06-03_12-50-01,,,,,,,,,,56.0
GNN,0.5502183406113537,256,subject_loo,cuda,82,97.46341736800969,s_P10,229,0.17402947452692868,materialized_graph_loader_forward_softmax,0.00017402947452692868,687,0.119558249,0.5405729705515321,BasicGCN_attention,BasicGCN,gnn,torch_model,,,,table6-valence-3class,229,3,26244,0.022338624196197497,0.00027242224629509145,357766,4363,26244,442,1,results/quick_v1_v2_comparison/2026-06-03_09-24-45/model_runs/2026-06-03_11-46-08/multiclass_table6_valence_3class_emotion-elicitation_2026-06-03_12-50-01/subject_loo/s_P10/model_benchmark.json,GNN,multiclass_table6_valence_3class,Table-6 Valence,results/quick_v1_v2_comparison/2026-06-03_09-24-45/model_runs/2026-06-03_11-46-08,results/quick_v1_v2_comparison/2026-06-03_09-24-45/model_runs/2026-06-03_11-46-08/multiclass_table6_valence_3class_emotion-elicitation_2026-06-03_12-50-01,,,,,,,,,,62.0
GNN,0.4788135593220339,256,subject_loo,cuda,80,95.2198089400772,s_P13,236,0.15964040395480225,materialized_graph_loader_forward_softmax,0.00015964040395480226,708,0.113025406,0.42059146326547436,BasicGCN_attention,BasicGCN,gnn,torch_model,,,,table6-valence-3class,236,3,26244,0.021919845520275597,0.000273998069003445,347520,4344,26244,454,1,results/quick_v1_v2_comparison/2026-06-03_09-24-45/model_runs/2026-06-03_11-46-08/multiclass_table6_valence_3class_emotion-elicitation_2026-06-03_12-50-01/subject_loo/s_P13/model_benchmark.json,GNN,multiclass_table6_valence_3class,Table-6 Valence,results/quick_v1_v2_comparison/2026-06-03_09-24-45/model_runs/2026-06-03_11-46-08,results/quick_v1_v2_comparison/2026-06-03_09-24-45/model_runs/2026-06-03_11-46-08/multiclass_table6_valence_3class_emotion-elicitation_2026-06-03_12-50-01,,,,,,,,,,60.0
GNN,0.5161290322580645,256,subject_loo,cuda,37,43.7976089050062,s_P14,217,0.1709274039938556,materialized_graph_loader_forward_softmax,0.0001709274039938556,651,0.11127374,0.4790409475014276,BasicGCN_attention,BasicGCN,gnn,torch_model,,,,table6-valence-3class,217,3,26244,0.010086966583373146,0.0002726207184695445,160654,4342,26244,475,1,results/quick_v1_v2_comparison/2026-06-03_09-24-45/model_runs/2026-06-03_11-46-08/multiclass_table6_valence_3class_emotion-elicitation_2026-06-03_12-50-01/subject_loo/s_P14/model_benchmark.json,GNN,multiclass_table6_valence_3class,Table-6 Valence,results/quick_v1_v2_comparison/2026-06-03_09-24-45/model_runs/2026-06-03_11-46-08,results/quick_v1_v2_comparison/2026-06-03_09-24-45/model_runs/2026-06-03_11-46-08/multiclass_table6_valence_3class_emotion-elicitation_2026-06-03_12-50-01,,,,,,,,,,17.0
GNN,0.5803108808290155,256,subject_loo,cuda,128,148.47335124807432,s_P16,193,0.20671447668393783,materialized_graph_loader_forward_softmax,0.00020671447668393783,579,0.119687682,0.5835467419616083,BasicGCN_attention,BasicGCN,gnn,torch_model,,,,table6-valence-3class,193,3,26244,0.03386709654381257,0.0002645866917485357,561152,4384,26244,457,1,results/quick_v1_v2_comparison/2026-06-03_09-24-45/model_runs/2026-06-03_11-46-08/multiclass_table6_valence_3class_emotion-elicitation_2026-06-03_12-50-01/subject_loo/s_P16/model_benchmark.json,GNN,multiclass_table6_valence_3class,Table-6 Valence,results/quick_v1_v2_comparison/2026-06-03_09-24-45/model_runs/2026-06-03_11-46-08,results/quick_v1_v2_comparison/2026-06-03_09-24-45/model_runs/2026-06-03_11-46-08/multiclass_table6_valence_3class_emotion-elicitation_2026-06-03_12-50-01,,,,,,,,,,108.0
GNN,0.602510460251046,256,subject_loo,cuda,80,91.57888398505747,s_P17,239,0.1957728340306834,materialized_graph_loader_forward_softmax,0.00019577283403068342,717,0.140369122,0.5490227408108203,BasicGCN_attention,BasicGCN,gnn,torch_model,,,,table6-valence-3class,239,3,26244,0.021081695208346563,0.00026352119010433203,347520,4344,26244,451,1,results/quick_v1_v2_comparison/2026-06-03_09-24-45/model_runs/2026-06-03_11-46-08/multiclass_table6_valence_3class_emotion-elicitation_2026-06-03_12-50-01/subject_loo/s_P17/model_benchmark.json,GNN,multiclass_table6_valence_3class,Table-6 Valence,results/quick_v1_v2_comparison/2026-06-03_09-24-45/model_runs/2026-06-03_11-46-08,results/quick_v1_v2_comparison/2026-06-03_09-24-45/model_runs/2026-06-03_11-46-08/multiclass_table6_valence_3class_emotion-elicitation_2026-06-03_12-50-01,,,,,,,,,,60.0
GNN,0.35964912280701755,256,subject_loo,cuda,28,32.61025324999355,s_P18,228,0.17023476754385963,materialized_graph_loader_forward_softmax,0.00017023476754385964,684,0.116440581,0.3242260622752314,BasicGCN_attention,BasicGCN,gnn,torch_model,,,,table6-valence-3class,228,3,26244,0.007474273034607735,0.00026693832266456194,122164,4363,26244,443,1,results/quick_v1_v2_comparison/2026-06-03_09-24-45/model_runs/2026-06-03_11-46-08/multiclass_table6_valence_3class_emotion-elicitation_2026-06-03_12-50-01/subject_loo/s_P18/model_benchmark.json,GNN,multiclass_table6_valence_3class,Table-6 Valence,results/quick_v1_v2_comparison/2026-06-03_09-24-45/model_runs/2026-06-03_11-46-08,results/quick_v1_v2_comparison/2026-06-03_09-24-45/model_runs/2026-06-03_11-46-08/multiclass_table6_valence_3class_emotion-elicitation_2026-06-03_12-50-01,,,,,,,,,,8.0
GNN,0.537117903930131,256,subject_loo,cuda,47,55.06407230696641,s_P19,229,0.18228959679767104,materialized_graph_loader_forward_softmax,0.00018228959679767104,687,0.125232953,0.49801796057176256,BasicGCN_attention,BasicGCN,gnn,torch_model,,,,table6-valence-3class,229,3,26244,0.012690498342237014,0.00027001060302631947,203933,4339,26244,466,1,results/quick_v1_v2_comparison/2026-06-03_09-24-45/model_runs/2026-06-03_11-46-08/multiclass_table6_valence_3class_emotion-elicitation_2026-06-03_12-50-01/subject_loo/s_P19/model_benchmark.json,GNN,multiclass_table6_valence_3class,Table-6 Valence,results/quick_v1_v2_comparison/2026-06-03_09-24-45/model_runs/2026-06-03_11-46-08,results/quick_v1_v2_comparison/2026-06-03_09-24-45/model_runs/2026-06-03_11-46-08/multiclass_table6_valence_3class_emotion-elicitation_2026-06-03_12-50-01,,,,,,,,,,27.0
GNN,0.42738589211618255,256,subject_loo,cuda,82,93.17589218192734,s_P2,241,0.16383383540802213,materialized_graph_loader_forward_softmax,0.00016383383540802214,723,0.118451863,0.42670931333351714,BasicGCN_attention,BasicGCN,gnn,torch_model,,,,table6-valence-3class,241,3,26244,0.021478997736728293,0.00026193899678936944,355716,4338,26244,455,1,results/quick_v1_v2_comparison/2026-06-03_09-24-45/model_runs/2026-06-03_11-46-08/multiclass_table6_valence_3class_emotion-elicitation_2026-06-03_12-50-01/subject_loo/s_P2/model_benchmark.json,GNN,multiclass_table6_valence_3class,Table-6 Valence,results/quick_v1_v2_comparison/2026-06-03_09-24-45/model_runs/2026-06-03_11-46-08,results/quick_v1_v2_comparison/2026-06-03_09-24-45/model_runs/2026-06-03_11-46-08/multiclass_table6_valence_3class_emotion-elicitation_2026-06-03_12-50-01,,,,,,,,,,62.0
GNN,0.48672566371681414,256,subject_loo,cuda,24,27.85822549299337,s_P20,226,0.18463972418879054,materialized_graph_loader_forward_softmax,0.00018463972418879054,678,0.125185733,0.39139928418278935,BasicGCN_attention,BasicGCN,gnn,torch_model,,,,table6-valence-3class,226,3,26244,0.006382182243526545,0.0002659242601469394,104760,4365,26244,443,1,results/quick_v1_v2_comparison/2026-06-03_09-24-45/model_runs/2026-06-03_11-46-08/multiclass_table6_valence_3class_emotion-elicitation_2026-06-03_12-50-01/subject_loo/s_P20/model_benchmark.json,GNN,multiclass_table6_valence_3class,Table-6 Valence,results/quick_v1_v2_comparison/2026-06-03_09-24-45/model_runs/2026-06-03_11-46-08,results/quick_v1_v2_comparison/2026-06-03_09-24-45/model_runs/2026-06-03_11-46-08/multiclass_table6_valence_3class_emotion-elicitation_2026-06-03_12-50-01,,,,,,,,,,4.0
GNN,0.5068493150684932,256,subject_loo,cuda,60,68.80325754196383,s_P21,219,0.1600468112633181,materialized_graph_loader_forward_softmax,0.0001600468112633181,657,0.105150755,0.4692642770007365,BasicGCN_attention,BasicGCN,gnn,torch_model,,,,table6-valence-3class,219,3,26244,0.015733651393085715,0.00026222752321809523,262380,4373,26244,442,1,results/quick_v1_v2_comparison/2026-06-03_09-24-45/model_runs/2026-06-03_11-46-08/multiclass_table6_valence_3class_emotion-elicitation_2026-06-03_12-50-01/subject_loo/s_P21/model_benchmark.json,GNN,multiclass_table6_valence_3class,Table-6 Valence,results/quick_v1_v2_comparison/2026-06-03_09-24-45/model_runs/2026-06-03_11-46-08,results/quick_v1_v2_comparison/2026-06-03_09-24-45/model_runs/2026-06-03_11-46-08/multiclass_table6_valence_3class_emotion-elicitation_2026-06-03_12-50-01,,,,,,,,,,40.0
GNN,0.4766355140186916,256,subject_loo,cuda,23,26.279736862052232,s_P22,214,0.16130969470404985,materialized_graph_loader_forward_softmax,0.00016130969470404984,642,0.103560824,0.4045686508959901,BasicGCN_attention,BasicGCN,gnn,torch_model,,,,table6-valence-3class,214,3,26244,0.006058030627490141,0.00026339263597783223,99774,4338,26244,482,1,results/quick_v1_v2_comparison/2026-06-03_09-24-45/model_runs/2026-06-03_11-46-08/multiclass_table6_valence_3class_emotion-elicitation_2026-06-03_12-50-01/subject_loo/s_P22/model_benchmark.json,GNN,multiclass_table6_valence_3class,Table-6 Valence,results/quick_v1_v2_comparison/2026-06-03_09-24-45/model_runs/2026-06-03_11-46-08,results/quick_v1_v2_comparison/2026-06-03_09-24-45/model_runs/2026-06-03_11-46-08/multiclass_table6_valence_3class_emotion-elicitation_2026-06-03_12-50-01,,,,,,,,,,3.0
GNN,0.5625,256,subject_loo,cuda,60,68.89984250091948,s_P23,240,0.1804148236111111,materialized_graph_loader_forward_softmax,0.0001804148236111111,720,0.129898673,0.5581620241696643,BasicGCN_attention,BasicGCN,gnn,torch_model,,,,table6-valence-3class,240,3,26244,0.015705457602215516,0.00026175762670359196,263220,4387,26244,407,1,results/quick_v1_v2_comparison/2026-06-03_09-24-45/model_runs/2026-06-03_11-46-08/multiclass_table6_valence_3class_emotion-elicitation_2026-06-03_12-50-01/subject_loo/s_P23/model_benchmark.json,GNN,multiclass_table6_valence_3class,Table-6 Valence,results/quick_v1_v2_comparison/2026-06-03_09-24-45/model_runs/2026-06-03_11-46-08,results/quick_v1_v2_comparison/2026-06-03_09-24-45/model_runs/2026-06-03_11-46-08/multiclass_table6_valence_3class_emotion-elicitation_2026-06-03_12-50-01,,,,,,,,,,40.0
GNN,0.3722943722943723,256,subject_loo,cuda,88,102.7614134370815,s_P24,231,0.15559145887445885,materialized_graph_loader_forward_softmax,0.00015559145887445887,693,0.107824881,0.2701876642826579,BasicGCN_attention,BasicGCN,gnn,torch_model,,,,table6-valence-3class,231,3,26244,0.02360161080318822,0.0002682001227635025,383152,4354,26244,449,1,results/quick_v1_v2_comparison/2026-06-03_09-24-45/model_runs/2026-06-03_11-46-08/multiclass_table6_valence_3class_emotion-elicitation_2026-06-03_12-50-01/subject_loo/s_P24/model_benchmark.json,GNN,multiclass_table6_valence_3class,Table-6 Valence,results/quick_v1_v2_comparison/2026-06-03_09-24-45/model_runs/2026-06-03_11-46-08,results/quick_v1_v2_comparison/2026-06-03_09-24-45/model_runs/2026-06-03_11-46-08/multiclass_table6_valence_3class_emotion-elicitation_2026-06-03_12-50-01,,,,,,,,,,68.0
GNN,0.49327354260089684,256,subject_loo,cuda,143,165.948628928978,s_P27,223,0.16231505829596413,materialized_graph_loader_forward_softmax,0.00016231505829596412,669,0.108588774,0.46087246087246087,BasicGCN_attention,BasicGCN,gnn,torch_model,,,,table6-valence-3class,223,3,26244,0.03819301011023659,0.00026708398678487125,621335,4345,26244,466,1,results/quick_v1_v2_comparison/2026-06-03_09-24-45/model_runs/2026-06-03_11-46-08/multiclass_table6_valence_3class_emotion-elicitation_2026-06-03_12-50-01/subject_loo/s_P27/model_benchmark.json,GNN,multiclass_table6_valence_3class,Table-6 Valence,results/quick_v1_v2_comparison/2026-06-03_09-24-45/model_runs/2026-06-03_11-46-08,results/quick_v1_v2_comparison/2026-06-03_09-24-45/model_runs/2026-06-03_11-46-08/multiclass_table6_valence_3class_emotion-elicitation_2026-06-03_12-50-01,,,,,,,,,,123.0
GNN,0.5424528301886793,256,subject_loo,cuda,71,81.93993206205778,s_P28,212,0.15216929874213836,materialized_graph_loader_forward_softmax,0.00015216929874213835,636,0.096779674,0.4596007217274896,BasicGCN_attention,BasicGCN,gnn,torch_model,,,,table6-valence-3class,212,3,26244,0.018806502653674038,0.0002648803190658315,309347,4357,26244,465,1,results/quick_v1_v2_comparison/2026-06-03_09-24-45/model_runs/2026-06-03_11-46-08/multiclass_table6_valence_3class_emotion-elicitation_2026-06-03_12-50-01/subject_loo/s_P28/model_benchmark.json,GNN,multiclass_table6_valence_3class,Table-6 Valence,results/quick_v1_v2_comparison/2026-06-03_09-24-45/model_runs/2026-06-03_11-46-08,results/quick_v1_v2_comparison/2026-06-03_09-24-45/model_runs/2026-06-03_11-46-08/multiclass_table6_valence_3class_emotion-elicitation_2026-06-03_12-50-01,,,,,,,,,,51.0
GNN,0.5416666666666666,256,subject_loo,cuda,64,74.45510494988412,s_P29,216,0.15945247067901233,materialized_graph_loader_forward_softmax,0.00015945247067901234,648,0.103325201,0.3902449279932723,BasicGCN_attention,BasicGCN,gnn,torch_model,,,,table6-valence-3class,216,3,26244,0.01706120645047757,0.00026658135078871204,279296,4364,26244,454,1,results/quick_v1_v2_comparison/2026-06-03_09-24-45/model_runs/2026-06-03_11-46-08/multiclass_table6_valence_3class_emotion-elicitation_2026-06-03_12-50-01/subject_loo/s_P29/model_benchmark.json,GNN,multiclass_table6_valence_3class,Table-6 Valence,results/quick_v1_v2_comparison/2026-06-03_09-24-45/model_runs/2026-06-03_11-46-08,results/quick_v1_v2_comparison/2026-06-03_09-24-45/model_runs/2026-06-03_11-46-08/multiclass_table6_valence_3class_emotion-elicitation_2026-06-03_12-50-01,,,,,,,,,,44.0
GNN,0.5442477876106194,256,subject_loo,cuda,72,82.17095128307119,s_P30,226,0.20174152212389382,materialized_graph_loader_forward_softmax,0.0002017415221238938,678,0.136780752,0.5202882752359824,BasicGCN_attention,BasicGCN,gnn,torch_model,,,,table6-valence-3class,226,3,26244,0.018990282247069838,0.0002637539200981922,311544,4327,26244,481,1,results/quick_v1_v2_comparison/2026-06-03_09-24-45/model_runs/2026-06-03_11-46-08/multiclass_table6_valence_3class_emotion-elicitation_2026-06-03_12-50-01/subject_loo/s_P30/model_benchmark.json,GNN,multiclass_table6_valence_3class,Table-6 Valence,results/quick_v1_v2_comparison/2026-06-03_09-24-45/model_runs/2026-06-03_11-46-08,results/quick_v1_v2_comparison/2026-06-03_09-24-45/model_runs/2026-06-03_11-46-08/multiclass_table6_valence_3class_emotion-elicitation_2026-06-03_12-50-01,,,,,,,,,,52.0
GNN,0.50199203187251,256,subject_loo,cuda,116,132.1110580288805,s_P4,251,0.16502790039840637,materialized_graph_loader_forward_softmax,0.00016502790039840638,753,0.124266009,0.492756241217331,BasicGCN_attention,BasicGCN,gnn,torch_model,,,,table6-valence-3class,251,3,26244,0.030342457057620696,0.0002615729056691439,505064,4354,26244,429,1,results/quick_v1_v2_comparison/2026-06-03_09-24-45/model_runs/2026-06-03_11-46-08/multiclass_table6_valence_3class_emotion-elicitation_2026-06-03_12-50-01/subject_loo/s_P4/model_benchmark.json,GNN,multiclass_table6_valence_3class,Table-6 Valence,results/quick_v1_v2_comparison/2026-06-03_09-24-45/model_runs/2026-06-03_11-46-08,results/quick_v1_v2_comparison/2026-06-03_09-24-45/model_runs/2026-06-03_11-46-08/multiclass_table6_valence_3class_emotion-elicitation_2026-06-03_12-50-01,,,,,,,,,,96.0
GNN,0.5527272727272727,256,subject_loo,cuda,60,67.91288824682124,s_P5,275,0.17160188848484847,materialized_graph_loader_forward_softmax,0.00017160188848484848,825,0.141571558,0.5444727385903857,BasicGCN_attention,BasicGCN,gnn,torch_model,,,,table6-valence-3class,275,3,26244,0.015604983512596792,0.00026008305854327985,261120,4352,26244,407,1,results/quick_v1_v2_comparison/2026-06-03_09-24-45/model_runs/2026-06-03_11-46-08/multiclass_table6_valence_3class_emotion-elicitation_2026-06-03_12-50-01/subject_loo/s_P5/model_benchmark.json,GNN,multiclass_table6_valence_3class,Table-6 Valence,results/quick_v1_v2_comparison/2026-06-03_09-24-45/model_runs/2026-06-03_11-46-08,results/quick_v1_v2_comparison/2026-06-03_09-24-45/model_runs/2026-06-03_11-46-08/multiclass_table6_valence_3class_emotion-elicitation_2026-06-03_12-50-01,,,,,,,,,,40.0
GNN,0.591304347826087,256,subject_loo,cuda,21,23.680369227193296,s_P7,230,0.17190576811594202,materialized_graph_loader_forward_softmax,0.00017190576811594203,690,0.11861498,0.2854081023154492,BasicGCN_attention,BasicGCN,gnn,torch_model,,,,table6-valence-3class,230,3,26244,0.0054600805227561205,0.00026000383441695813,91077,4337,26244,467,1,results/quick_v1_v2_comparison/2026-06-03_09-24-45/model_runs/2026-06-03_11-46-08/multiclass_table6_valence_3class_emotion-elicitation_2026-06-03_12-50-01/subject_loo/s_P7/model_benchmark.json,GNN,multiclass_table6_valence_3class,Table-6 Valence,results/quick_v1_v2_comparison/2026-06-03_09-24-45/model_runs/2026-06-03_11-46-08,results/quick_v1_v2_comparison/2026-06-03_09-24-45/model_runs/2026-06-03_11-46-08/multiclass_table6_valence_3class_emotion-elicitation_2026-06-03_12-50-01,,,,,,,,,,1.0
GNN,0.5570776255707762,256,subject_loo,cuda,55,62.621644443133846,s_P8,219,0.15609016590563166,materialized_graph_loader_forward_softmax,0.00015609016590563166,657,0.102551239,0.5346152308753782,BasicGCN_attention,BasicGCN,gnn,torch_model,,,,table6-valence-3class,219,3,26244,0.014313518729859165,0.00026024579508834844,240625,4375,26244,440,1,results/quick_v1_v2_comparison/2026-06-03_09-24-45/model_runs/2026-06-03_11-46-08/multiclass_table6_valence_3class_emotion-elicitation_2026-06-03_12-50-01/subject_loo/s_P8/model_benchmark.json,GNN,multiclass_table6_valence_3class,Table-6 Valence,results/quick_v1_v2_comparison/2026-06-03_09-24-45/model_runs/2026-06-03_11-46-08,results/quick_v1_v2_comparison/2026-06-03_09-24-45/model_runs/2026-06-03_11-46-08/multiclass_table6_valence_3class_emotion-elicitation_2026-06-03_12-50-01,,,,,,,,,,35.0
GNN,0.379746835443038,256,recording_loo,cuda,28,33.45531685790047,r_107.avi,158,0.15628625949367092,materialized_graph_loader_forward_softmax,0.0001562862594936709,474,0.074079687,0.23850223850223848,BasicGCN_attention,BasicGCN,gnn,torch_model,,,,table6-valence-3class,158,3,26244,0.007888544413558234,0.00028173372905565124,118748,4241,26244,635,1,results/quick_v1_v2_comparison/2026-06-03_09-24-45/model_runs/2026-06-03_11-46-08/multiclass_table6_valence_3class_emotion-elicitation_2026-06-03_12-50-01/recording_loo/r_107.avi/model_benchmark.json,GNN,multiclass_table6_valence_3class,Table-6 Valence,results/quick_v1_v2_comparison/2026-06-03_09-24-45/model_runs/2026-06-03_11-46-08,results/quick_v1_v2_comparison/2026-06-03_09-24-45/model_runs/2026-06-03_11-46-08/multiclass_table6_valence_3class_emotion-elicitation_2026-06-03_12-50-01,,,,,,,,,,8.0
GNN,0.4471299093655589,256,recording_loo,cuda,149,165.3493052518461,r_111.avi,331,0.16903275528700906,materialized_graph_loader_forward_softmax,0.00016903275528700907,993,0.167849526,0.2240345042295017,BasicGCN_attention,BasicGCN,gnn,torch_model,,,,table6-valence-3class,331,3,26244,0.039519432421569335,0.0002652310900776465,623416,4184,26244,519,1,results/quick_v1_v2_comparison/2026-06-03_09-24-45/model_runs/2026-06-03_11-46-08/multiclass_table6_valence_3class_emotion-elicitation_2026-06-03_12-50-01/recording_loo/r_111.avi/model_benchmark.json,GNN,multiclass_table6_valence_3class,Table-6 Valence,results/quick_v1_v2_comparison/2026-06-03_09-24-45/model_runs/2026-06-03_11-46-08,results/quick_v1_v2_comparison/2026-06-03_09-24-45/model_runs/2026-06-03_11-46-08/multiclass_table6_valence_3class_emotion-elicitation_2026-06-03_12-50-01,,,,,,,,,,129.0
GNN,0.4367816091954023,256,recording_loo,cuda,32,35.17381318286061,r_138.avi,348,0.16229223754789274,materialized_graph_loader_forward_softmax,0.00016229223754789273,1044,0.169433096,0.23737206999009572,BasicGCN_attention,BasicGCN,gnn,torch_model,,,,table6-valence-3class,348,3,26244,0.008130793616010313,0.0002540873005003223,138432,4326,26244,360,1,results/quick_v1_v2_comparison/2026-06-03_09-24-45/model_runs/2026-06-03_11-46-08/multiclass_table6_valence_3class_emotion-elicitation_2026-06-03_12-50-01/recording_loo/r_138.avi/model_benchmark.json,GNN,multiclass_table6_valence_3class,Table-6 Valence,results/quick_v1_v2_comparison/2026-06-03_09-24-45/model_runs/2026-06-03_11-46-08,results/quick_v1_v2_comparison/2026-06-03_09-24-45/model_runs/2026-06-03_11-46-08/multiclass_table6_valence_3class_emotion-elicitation_2026-06-03_12-50-01,,,,,,,,,,12.0
GNN,0.4758364312267658,256,recording_loo,cuda,68,74.90082163503394,r_146.avi,269,0.1983264262701363,materialized_graph_loader_forward_softmax,0.0001983264262701363,807,0.160049426,0.27985159817351596,BasicGCN_attention,BasicGCN,gnn,torch_model,,,,table6-valence-3class,269,3,26244,0.017574101744494117,0.0002584426727131488,289816,4262,26244,503,1,results/quick_v1_v2_comparison/2026-06-03_09-24-45/model_runs/2026-06-03_11-46-08/multiclass_table6_valence_3class_emotion-elicitation_2026-06-03_12-50-01/recording_loo/r_146.avi/model_benchmark.json,GNN,multiclass_table6_valence_3class,Table-6 Valence,results/quick_v1_v2_comparison/2026-06-03_09-24-45/model_runs/2026-06-03_11-46-08,results/quick_v1_v2_comparison/2026-06-03_09-24-45/model_runs/2026-06-03_11-46-08/multiclass_table6_valence_3class_emotion-elicitation_2026-06-03_12-50-01,,,,,,,,,,48.0
GNN,0.624390243902439,256,recording_loo,cuda,21,23.824087450979277,r_30.avi,205,0.16063110731707317,materialized_graph_loader_forward_softmax,0.00016063110731707317,615,0.098788131,0.3211356466876972,BasicGCN_attention,BasicGCN,gnn,torch_model,,,,table6-valence-3class,205,3,26244,0.005511007969229534,0.0002624289509156921,90783,4323,26244,506,1,results/quick_v1_v2_comparison/2026-06-03_09-24-45/model_runs/2026-06-03_11-46-08/multiclass_table6_valence_3class_emotion-elicitation_2026-06-03_12-50-01/recording_loo/r_30.avi/model_benchmark.json,GNN,multiclass_table6_valence_3class,Table-6 Valence,results/quick_v1_v2_comparison/2026-06-03_09-24-45/model_runs/2026-06-03_11-46-08,results/quick_v1_v2_comparison/2026-06-03_09-24-45/model_runs/2026-06-03_11-46-08/multiclass_table6_valence_3class_emotion-elicitation_2026-06-03_12-50-01,,,,,,,,,,1.0
GNN,0.43050847457627117,256,recording_loo,cuda,27,29.83191907708533,r_52.avi,295,0.170873604519774,materialized_graph_loader_forward_softmax,0.00017087360451977402,885,0.15122314,0.23895770910662914,BasicGCN_attention,BasicGCN,gnn,torch_model,,,,table6-valence-3class,295,3,26244,0.00720751850134944,0.0002669451296796089,111753,4139,26244,600,1,results/quick_v1_v2_comparison/2026-06-03_09-24-45/model_runs/2026-06-03_11-46-08/multiclass_table6_valence_3class_emotion-elicitation_2026-06-03_12-50-01/recording_loo/r_52.avi/model_benchmark.json,GNN,multiclass_table6_valence_3class,Table-6 Valence,results/quick_v1_v2_comparison/2026-06-03_09-24-45/model_runs/2026-06-03_11-46-08,results/quick_v1_v2_comparison/2026-06-03_09-24-45/model_runs/2026-06-03_11-46-08/multiclass_table6_valence_3class_emotion-elicitation_2026-06-03_12-50-01,,,,,,,,,,7.0
GNN,0.35526315789473684,256,recording_loo,cuda,149,166.49735144688748,r_53.avi,304,0.17014710635964914,materialized_graph_loader_forward_softmax,0.00017014710635964914,912,0.155174161,0.30557724697448174,BasicGCN_attention,BasicGCN,gnn,torch_model,,,,table6-valence-3class,304,3,26244,0.039670562651152604,0.00026624538692048726,625353,4197,26244,533,1,results/quick_v1_v2_comparison/2026-06-03_09-24-45/model_runs/2026-06-03_11-46-08/multiclass_table6_valence_3class_emotion-elicitation_2026-06-03_12-50-01/recording_loo/r_53.avi/model_benchmark.json,GNN,multiclass_table6_valence_3class,Table-6 Valence,results/quick_v1_v2_comparison/2026-06-03_09-24-45/model_runs/2026-06-03_11-46-08,results/quick_v1_v2_comparison/2026-06-03_09-24-45/model_runs/2026-06-03_11-46-08/multiclass_table6_valence_3class_emotion-elicitation_2026-06-03_12-50-01,,,,,,,,,,129.0
GNN,0.8879668049792531,256,recording_loo,cuda,21,23.917502163909376,r_55.avi,241,0.20226481327800833,materialized_graph_loader_forward_softmax,0.00020226481327800832,723,0.14623746,0.40984483681112893,BasicGCN_attention,BasicGCN,gnn,torch_model,,,,table6-valence-3class,241,3,26244,0.005563503643616975,0.00026492874493414166,90279,4299,26244,494,1,results/quick_v1_v2_comparison/2026-06-03_09-24-45/model_runs/2026-06-03_11-46-08/multiclass_table6_valence_3class_emotion-elicitation_2026-06-03_12-50-01/recording_loo/r_55.avi/model_benchmark.json,GNN,multiclass_table6_valence_3class,Table-6 Valence,results/quick_v1_v2_comparison/2026-06-03_09-24-45/model_runs/2026-06-03_11-46-08,results/quick_v1_v2_comparison/2026-06-03_09-24-45/model_runs/2026-06-03_11-46-08/multiclass_table6_valence_3class_emotion-elicitation_2026-06-03_12-50-01,,,,,,,,,,1.0
GNN,0.5279187817258884,256,recording_loo,cuda,68,75.94955985294655,r_58.avi,197,0.16044928764805413,materialized_graph_loader_forward_softmax,0.00016044928764805415,591,0.094825529,0.3488599132938412,BasicGCN_attention,BasicGCN,gnn,torch_model,,,,table6-valence-3class,197,3,26244,0.01752412548522071,0.00025770772772383397,294712,4334,26244,503,1,results/quick_v1_v2_comparison/2026-06-03_09-24-45/model_runs/2026-06-03_11-46-08/multiclass_table6_valence_3class_emotion-elicitation_2026-06-03_12-50-01/recording_loo/r_58.avi/model_benchmark.json,GNN,multiclass_table6_valence_3class,Table-6 Valence,results/quick_v1_v2_comparison/2026-06-03_09-24-45/model_runs/2026-06-03_11-46-08,results/quick_v1_v2_comparison/2026-06-03_09-24-45/model_runs/2026-06-03_11-46-08/multiclass_table6_valence_3class_emotion-elicitation_2026-06-03_12-50-01,,,,,,,,,,48.0
GNN,0.34579439252336447,256,recording_loo,cuda,21,24.15165817597881,r_69.avi,214,0.15173506853582555,materialized_graph_loader_forward_softmax,0.00015173506853582554,642,0.097413914,0.17129629629629628,BasicGCN_attention,BasicGCN,gnn,torch_model,,,,table6-valence-3class,214,3,26244,0.0055508292751043,0.00026432520357639526,91371,4351,26244,469,1,results/quick_v1_v2_comparison/2026-06-03_09-24-45/model_runs/2026-06-03_11-46-08/multiclass_table6_valence_3class_emotion-elicitation_2026-06-03_12-50-01/recording_loo/r_69.avi/model_benchmark.json,GNN,multiclass_table6_valence_3class,Table-6 Valence,results/quick_v1_v2_comparison/2026-06-03_09-24-45/model_runs/2026-06-03_11-46-08,results/quick_v1_v2_comparison/2026-06-03_09-24-45/model_runs/2026-06-03_11-46-08/multiclass_table6_valence_3class_emotion-elicitation_2026-06-03_12-50-01,,,,,,,,,,1.0
GNN,0.5327868852459017,256,recording_loo,cuda,164,182.95338496915065,r_73.avi,244,0.1602133592896175,materialized_graph_loader_forward_softmax,0.00016021335928961749,732,0.117276179,0.24276377217553688,BasicGCN_attention,BasicGCN,gnn,torch_model,,,,table6-valence-3class,244,3,26244,0.04321053022417351,0.0002634788428303263,694376,4234,26244,556,1,results/quick_v1_v2_comparison/2026-06-03_09-24-45/model_runs/2026-06-03_11-46-08/multiclass_table6_valence_3class_emotion-elicitation_2026-06-03_12-50-01/recording_loo/r_73.avi/model_benchmark.json,GNN,multiclass_table6_valence_3class,Table-6 Valence,results/quick_v1_v2_comparison/2026-06-03_09-24-45/model_runs/2026-06-03_11-46-08,results/quick_v1_v2_comparison/2026-06-03_09-24-45/model_runs/2026-06-03_11-46-08/multiclass_table6_valence_3class_emotion-elicitation_2026-06-03_12-50-01,,,,,,,,,,144.0
GNN,0.26993865030674846,256,recording_loo,cuda,21,24.11170621099882,r_79.avi,163,0.1566706891615542,materialized_graph_loader_forward_softmax,0.0001566706891615542,489,0.076611967,0.18162393162393164,BasicGCN_attention,BasicGCN,gnn,torch_model,,,,table6-valence-3class,163,3,26244,0.005540373669806714,0.0002638273176098435,91392,4352,26244,519,1,results/quick_v1_v2_comparison/2026-06-03_09-24-45/model_runs/2026-06-03_11-46-08/multiclass_table6_valence_3class_emotion-elicitation_2026-06-03_12-50-01/recording_loo/r_79.avi/model_benchmark.json,GNN,multiclass_table6_valence_3class,Table-6 Valence,results/quick_v1_v2_comparison/2026-06-03_09-24-45/model_runs/2026-06-03_11-46-08,results/quick_v1_v2_comparison/2026-06-03_09-24-45/model_runs/2026-06-03_11-46-08/multiclass_table6_valence_3class_emotion-elicitation_2026-06-03_12-50-01,,,,,,,,,,1.0
GNN,0.2867383512544803,256,recording_loo,cuda,26,28.95082966820337,r_80.avi,279,0.17326059020310633,materialized_graph_loader_forward_softmax,0.00017326059020310634,837,0.145019114,0.15065913370998116,BasicGCN_attention,BasicGCN,gnn,torch_model,,,,table6-valence-3class,279,3,26244,0.006876681631402226,0.00026448775505393175,109460,4210,26244,545,1,results/quick_v1_v2_comparison/2026-06-03_09-24-45/model_runs/2026-06-03_11-46-08/multiclass_table6_valence_3class_emotion-elicitation_2026-06-03_12-50-01/recording_loo/r_80.avi/model_benchmark.json,GNN,multiclass_table6_valence_3class,Table-6 Valence,results/quick_v1_v2_comparison/2026-06-03_09-24-45/model_runs/2026-06-03_11-46-08,results/quick_v1_v2_comparison/2026-06-03_09-24-45/model_runs/2026-06-03_11-46-08/multiclass_table6_valence_3class_emotion-elicitation_2026-06-03_12-50-01,,,,,,,,,,6.0
GNN,0.31640625,256,recording_loo,cuda,22,24.541891515022144,r_90.avi,256,0.16069048697916666,materialized_graph_loader_forward_softmax,0.00016069048697916666,768,0.123410294,0.2604186118892001,BasicGCN_attention,BasicGCN,gnn,torch_model,,,,table6-valence-3class,256,3,26244,0.005731408574269534,0.00026051857155770606,94204,4282,26244,496,1,results/quick_v1_v2_comparison/2026-06-03_09-24-45/model_runs/2026-06-03_11-46-08/multiclass_table6_valence_3class_emotion-elicitation_2026-06-03_12-50-01/recording_loo/r_90.avi/model_benchmark.json,GNN,multiclass_table6_valence_3class,Table-6 Valence,results/quick_v1_v2_comparison/2026-06-03_09-24-45/model_runs/2026-06-03_11-46-08,results/quick_v1_v2_comparison/2026-06-03_09-24-45/model_runs/2026-06-03_11-46-08/multiclass_table6_valence_3class_emotion-elicitation_2026-06-03_12-50-01,,,,,,,,,,2.0
GNN,0.4589041095890411,256,recording_loo,cuda,125,142.34730162704363,r_cats_f.avi,292,0.17539740753424657,materialized_graph_loader_forward_softmax,0.00017539740753424657,876,0.153648129,0.20970266040688576,BasicGCN_attention,BasicGCN,gnn,torch_model,,,,table6-valence-3class,292,3,26244,0.03254396470668579,0.0002603517176534863,546750,4374,26244,368,1,results/quick_v1_v2_comparison/2026-06-03_09-24-45/model_runs/2026-06-03_11-46-08/multiclass_table6_valence_3class_emotion-elicitation_2026-06-03_12-50-01/recording_loo/r_cats_f.avi/model_benchmark.json,GNN,multiclass_table6_valence_3class,Table-6 Valence,results/quick_v1_v2_comparison/2026-06-03_09-24-45/model_runs/2026-06-03_11-46-08,results/quick_v1_v2_comparison/2026-06-03_09-24-45/model_runs/2026-06-03_11-46-08/multiclass_table6_valence_3class_emotion-elicitation_2026-06-03_12-50-01,,,,,,,,,,105.0
GNN,0.0,256,recording_loo,cuda,21,23.572318952996284,r_dallas_f.avi,264,0.1680767803030303,materialized_graph_loader_forward_softmax,0.0001680767803030303,792,0.13311681,0.0,BasicGCN_attention,BasicGCN,gnn,torch_model,,,,table6-valence-3class,264,3,26244,0.005501124609800767,0.00026195831475241745,89985,4285,26244,485,1,results/quick_v1_v2_comparison/2026-06-03_09-24-45/model_runs/2026-06-03_11-46-08/multiclass_table6_valence_3class_emotion-elicitation_2026-06-03_12-50-01/recording_loo/r_dallas_f.avi/model_benchmark.json,GNN,multiclass_table6_valence_3class,Table-6 Valence,results/quick_v1_v2_comparison/2026-06-03_09-24-45/model_runs/2026-06-03_11-46-08,results/quick_v1_v2_comparison/2026-06-03_09-24-45/model_runs/2026-06-03_11-46-08/multiclass_table6_valence_3class_emotion-elicitation_2026-06-03_12-50-01,,,,,,,,,,1.0
GNN,0.6297709923664122,256,recording_loo,cuda,119,133.82841396611184,r_detroit_f.avi,262,0.18053648473282444,materialized_graph_loader_forward_softmax,0.00018053648473282443,786,0.141901677,0.2576112412177986,BasicGCN_attention,BasicGCN,gnn,torch_model,,,,table6-valence-3class,262,3,26244,0.031275628409934995,0.0002628204068061764,509201,4279,26244,493,1,results/quick_v1_v2_comparison/2026-06-03_09-24-45/model_runs/2026-06-03_11-46-08/multiclass_table6_valence_3class_emotion-elicitation_2026-06-03_12-50-01/recording_loo/r_detroit_f.avi/model_benchmark.json,GNN,multiclass_table6_valence_3class,Table-6 Valence,results/quick_v1_v2_comparison/2026-06-03_09-24-45/model_runs/2026-06-03_11-46-08,results/quick_v1_v2_comparison/2026-06-03_09-24-45/model_runs/2026-06-03_11-46-08/multiclass_table6_valence_3class_emotion-elicitation_2026-06-03_12-50-01,,,,,,,,,,99.0
GNN,0.4479166666666667,256,recording_loo,cuda,30,33.95417177095078,r_earworm_f.avi,192,0.15272539930555556,materialized_graph_loader_forward_softmax,0.00015272539930555557,576,0.08796983,0.3885823754789272,BasicGCN_attention,BasicGCN,gnn,torch_model,,,,table6-valence-3class,192,3,26244,0.008053646055728364,0.00026845486852427876,126480,4216,26244,626,1,results/quick_v1_v2_comparison/2026-06-03_09-24-45/model_runs/2026-06-03_11-46-08/multiclass_table6_valence_3class_emotion-elicitation_2026-06-03_12-50-01/recording_loo/r_earworm_f.avi/model_benchmark.json,GNN,multiclass_table6_valence_3class,Table-6 Valence,results/quick_v1_v2_comparison/2026-06-03_09-24-45/model_runs/2026-06-03_11-46-08,results/quick_v1_v2_comparison/2026-06-03_09-24-45/model_runs/2026-06-03_11-46-08/multiclass_table6_valence_3class_emotion-elicitation_2026-06-03_12-50-01,,,,,,,,,,10.0
GNN,0.2792452830188679,256,recording_loo,cuda,69,77.38055490888655,r_funny_f.avi,265,0.1758051572327044,materialized_graph_loader_forward_softmax,0.0001758051572327044,795,0.1397651,0.24107915575594832,BasicGCN_attention,BasicGCN,gnn,torch_model,,,,table6-valence-3class,265,3,26244,0.018151666645293586,0.00026306763254048675,294147,4263,26244,506,1,results/quick_v1_v2_comparison/2026-06-03_09-24-45/model_runs/2026-06-03_11-46-08/multiclass_table6_valence_3class_emotion-elicitation_2026-06-03_12-50-01/recording_loo/r_funny_f.avi/model_benchmark.json,GNN,multiclass_table6_valence_3class,Table-6 Valence,results/quick_v1_v2_comparison/2026-06-03_09-24-45/model_runs/2026-06-03_11-46-08,results/quick_v1_v2_comparison/2026-06-03_09-24-45/model_runs/2026-06-03_11-46-08/multiclass_table6_valence_3class_emotion-elicitation_2026-06-03_12-50-01,,,,,,,,,,49.0
GNN,0.2784313725490196,256,recording_loo,cuda,32,36.08820978505537,r_newyork_f.avi,255,0.16246910065359477,materialized_graph_loader_forward_softmax,0.00016246910065359477,765,0.124288862,0.20069634811103756,BasicGCN_attention,BasicGCN,gnn,torch_model,,,,table6-valence-3class,255,3,26244,0.008313340194668364,0.00025979188108338637,138912,4341,26244,438,1,results/quick_v1_v2_comparison/2026-06-03_09-24-45/model_runs/2026-06-03_11-46-08/multiclass_table6_valence_3class_emotion-elicitation_2026-06-03_12-50-01/recording_loo/r_newyork_f.avi/model_benchmark.json,GNN,multiclass_table6_valence_3class,Table-6 Valence,results/quick_v1_v2_comparison/2026-06-03_09-24-45/model_runs/2026-06-03_11-46-08,results/quick_v1_v2_comparison/2026-06-03_09-24-45/model_runs/2026-06-03_11-46-08/multiclass_table6_valence_3class_emotion-elicitation_2026-06-03_12-50-01,,,,,,,,,,12.0
GNN,0.4791666666666667,256,subject_loo,cuda,126,211.66225804388523,s_P1,240,0.19768706805555555,materialized_graph_loader_forward_softmax,0.00019768706805555554,720,0.142334689,0.3343905417076149,GNN_v2,GNN_v2,gnn,torch_model,,,,table6-arousal-3class,240,3,101143,0.04906403756232852,0.0003893971235105438,543564,4314,101143,480,1,results/quick_v1_v2_comparison/2026-06-03_09-24-45/model_runs/2026-06-03_13-48-09/multiclass_table6_arousal_3class_emotion-elicitation_2026-06-03_13-49-14/subject_loo/s_P1/model_benchmark.json,GNN,multiclass_table6_arousal_3class,Table-6 Arousal,results/quick_v1_v2_comparison/2026-06-03_09-24-45/model_runs/2026-06-03_13-48-09,results/quick_v1_v2_comparison/2026-06-03_09-24-45/model_runs/2026-06-03_13-48-09/multiclass_table6_arousal_3class_emotion-elicitation_2026-06-03_13-49-14,,,,,,,,,,106.0
GNN,0.5807860262008734,256,subject_loo,cuda,68,117.83532121498138,s_P10,229,0.20672709170305675,materialized_graph_loader_forward_softmax,0.00020672709170305674,687,0.142021512,0.4175722543352601,GNN_v2,GNN_v2,gnn,torch_model,,,,table6-arousal-3class,229,3,101143,0.0270078664256203,0.0003971745062591221,296684,4363,101143,442,1,results/quick_v1_v2_comparison/2026-06-03_09-24-45/model_runs/2026-06-03_13-48-09/multiclass_table6_arousal_3class_emotion-elicitation_2026-06-03_13-49-14/subject_loo/s_P10/model_benchmark.json,GNN,multiclass_table6_arousal_3class,Table-6 Arousal,results/quick_v1_v2_comparison/2026-06-03_09-24-45/model_runs/2026-06-03_13-48-09,results/quick_v1_v2_comparison/2026-06-03_09-24-45/model_runs/2026-06-03_13-48-09/multiclass_table6_arousal_3class_emotion-elicitation_2026-06-03_13-49-14,,,,,,,,,,48.0
GNN,0.5508474576271186,256,subject_loo,cuda,86,151.13757803686894,s_P13,236,0.20198178389830507,materialized_graph_loader_forward_softmax,0.00020198178389830508,708,0.143003103,0.393919984572684,GNN_v2,GNN_v2,gnn,torch_model,,,,table6-arousal-3class,236,3,101143,0.03479226013740077,0.00040456116438838106,373584,4344,101143,454,1,results/quick_v1_v2_comparison/2026-06-03_09-24-45/model_runs/2026-06-03_13-48-09/multiclass_table6_arousal_3class_emotion-elicitation_2026-06-03_13-49-14/subject_loo/s_P13/model_benchmark.json,GNN,multiclass_table6_arousal_3class,Table-6 Arousal,results/quick_v1_v2_comparison/2026-06-03_09-24-45/model_runs/2026-06-03_13-48-09,results/quick_v1_v2_comparison/2026-06-03_09-24-45/model_runs/2026-06-03_13-48-09/multiclass_table6_arousal_3class_emotion-elicitation_2026-06-03_13-49-14,,,,,,,,,,66.0
GNN,0.5483870967741935,256,subject_loo,cuda,36,64.10804767510854,s_P14,217,0.20047763748079878,materialized_graph_loader_forward_softmax,0.00020047763748079876,651,0.130510942,0.39176886369928826,GNN_v2,GNN_v2,gnn,torch_model,,,,table6-arousal-3class,217,3,101143,0.014764635576948074,0.0004101287660263354,156312,4342,101143,475,1,results/quick_v1_v2_comparison/2026-06-03_09-24-45/model_runs/2026-06-03_13-48-09/multiclass_table6_arousal_3class_emotion-elicitation_2026-06-03_13-49-14/subject_loo/s_P14/model_benchmark.json,GNN,multiclass_table6_arousal_3class,Table-6 Arousal,results/quick_v1_v2_comparison/2026-06-03_09-24-45/model_runs/2026-06-03_13-48-09,results/quick_v1_v2_comparison/2026-06-03_09-24-45/model_runs/2026-06-03_13-48-09/multiclass_table6_arousal_3class_emotion-elicitation_2026-06-03_13-49-14,,,,,,,,,,16.0
GNN,0.5595854922279793,256,subject_loo,cuda,85,149.3061911589466,s_P16,193,0.2280836925734024,materialized_graph_loader_forward_softmax,0.0002280836925734024,579,0.132060458,0.41931818181818176,GNN_v2,GNN_v2,gnn,torch_model,,,,table6-arousal-3class,193,3,101143,0.034057069151219574,0.0004006714017790538,372640,4384,101143,457,1,results/quick_v1_v2_comparison/2026-06-03_09-24-45/model_runs/2026-06-03_13-48-09/multiclass_table6_arousal_3class_emotion-elicitation_2026-06-03_13-49-14/subject_loo/s_P16/model_benchmark.json,GNN,multiclass_table6_arousal_3class,Table-6 Arousal,results/quick_v1_v2_comparison/2026-06-03_09-24-45/model_runs/2026-06-03_13-48-09,results/quick_v1_v2_comparison/2026-06-03_09-24-45/model_runs/2026-06-03_13-48-09/multiclass_table6_arousal_3class_emotion-elicitation_2026-06-03_13-49-14,,,,,,,,,,65.0
GNN,0.4686192468619247,256,subject_loo,cuda,76,130.93579845200293,s_P17,239,0.20976388842398883,materialized_graph_loader_forward_softmax,0.00020976388842398883,717,0.150400708,0.36894469519019096,GNN_v2,GNN_v2,gnn,torch_model,,,,table6-arousal-3class,239,3,101143,0.030141758391345058,0.00039660208409664547,330144,4344,101143,451,1,results/quick_v1_v2_comparison/2026-06-03_09-24-45/model_runs/2026-06-03_13-48-09/multiclass_table6_arousal_3class_emotion-elicitation_2026-06-03_13-49-14/subject_loo/s_P17/model_benchmark.json,GNN,multiclass_table6_arousal_3class,Table-6 Arousal,results/quick_v1_v2_comparison/2026-06-03_09-24-45/model_runs/2026-06-03_13-48-09,results/quick_v1_v2_comparison/2026-06-03_09-24-45/model_runs/2026-06-03_13-48-09/multiclass_table6_arousal_3class_emotion-elicitation_2026-06-03_13-49-14,,,,,,,,,,56.0
GNN,0.6008771929824561,256,subject_loo,cuda,48,83.01354143000208,s_P18,228,0.22817083333333332,materialized_graph_loader_forward_softmax,0.00022817083333333333,684,0.15606885,0.4340802340802341,GNN_v2,GNN_v2,gnn,torch_model,,,,table6-arousal-3class,228,3,101143,0.019026711306441,0.0003963898188841875,209424,4363,101143,443,1,results/quick_v1_v2_comparison/2026-06-03_09-24-45/model_runs/2026-06-03_13-48-09/multiclass_table6_arousal_3class_emotion-elicitation_2026-06-03_13-49-14/subject_loo/s_P18/model_benchmark.json,GNN,multiclass_table6_arousal_3class,Table-6 Arousal,results/quick_v1_v2_comparison/2026-06-03_09-24-45/model_runs/2026-06-03_13-48-09,results/quick_v1_v2_comparison/2026-06-03_09-24-45/model_runs/2026-06-03_13-48-09/multiclass_table6_arousal_3class_emotion-elicitation_2026-06-03_13-49-14,,,,,,,,,,28.0
GNN,0.4497816593886463,256,subject_loo,cuda,24,41.02772282809019,s_P19,229,0.2142011091703057,materialized_graph_loader_forward_softmax,0.00021420110917030568,687,0.147156162,0.25273701374330304,GNN_v2,GNN_v2,gnn,torch_model,,,,table6-arousal-3class,229,3,101143,0.009455571059711959,0.0003939821274879983,104136,4339,101143,466,1,results/quick_v1_v2_comparison/2026-06-03_09-24-45/model_runs/2026-06-03_13-48-09/multiclass_table6_arousal_3class_emotion-elicitation_2026-06-03_13-49-14/subject_loo/s_P19/model_benchmark.json,GNN,multiclass_table6_arousal_3class,Table-6 Arousal,results/quick_v1_v2_comparison/2026-06-03_09-24-45/model_runs/2026-06-03_13-48-09,results/quick_v1_v2_comparison/2026-06-03_09-24-45/model_runs/2026-06-03_13-48-09/multiclass_table6_arousal_3class_emotion-elicitation_2026-06-03_13-49-14,,,,,,,,,,4.0
GNN,0.4315352697095436,256,subject_loo,cuda,59,99.77302864403464,s_P2,241,0.1955038326417704,materialized_graph_loader_forward_softmax,0.0001955038326417704,723,0.141349271,0.32989035436198955,GNN_v2,GNN_v2,gnn,torch_model,,,,table6-arousal-3class,241,3,101143,0.022999776082073452,0.00038982671325548226,255942,4338,101143,455,1,results/quick_v1_v2_comparison/2026-06-03_09-24-45/model_runs/2026-06-03_13-48-09/multiclass_table6_arousal_3class_emotion-elicitation_2026-06-03_13-49-14/subject_loo/s_P2/model_benchmark.json,GNN,multiclass_table6_arousal_3class,Table-6 Arousal,results/quick_v1_v2_comparison/2026-06-03_09-24-45/model_runs/2026-06-03_13-48-09,results/quick_v1_v2_comparison/2026-06-03_09-24-45/model_runs/2026-06-03_13-48-09/multiclass_table6_arousal_3class_emotion-elicitation_2026-06-03_13-49-14,,,,,,,,,,39.0
GNN,0.47345132743362833,256,subject_loo,cuda,62,107.39242276689038,s_P20,226,0.19448252359882007,materialized_graph_loader_forward_softmax,0.00019448252359882006,678,0.131859151,0.3014704483631037,GNN_v2,GNN_v2,gnn,torch_model,,,,table6-arousal-3class,226,3,101143,0.024603075089780154,0.00039682379177064767,270630,4365,101143,443,1,results/quick_v1_v2_comparison/2026-06-03_09-24-45/model_runs/2026-06-03_13-48-09/multiclass_table6_arousal_3class_emotion-elicitation_2026-06-03_13-49-14/subject_loo/s_P20/model_benchmark.json,GNN,multiclass_table6_arousal_3class,Table-6 Arousal,results/quick_v1_v2_comparison/2026-06-03_09-24-45/model_runs/2026-06-03_13-48-09,results/quick_v1_v2_comparison/2026-06-03_09-24-45/model_runs/2026-06-03_13-48-09/multiclass_table6_arousal_3class_emotion-elicitation_2026-06-03_13-49-14,,,,,,,,,,42.0
GNN,0.4977168949771689,256,subject_loo,cuda,29,50.12297701719217,s_P21,219,0.18756567275494673,materialized_graph_loader_forward_softmax,0.00018756567275494672,657,0.123230647,0.2905965391621129,GNN_v2,GNN_v2,gnn,torch_model,,,,table6-arousal-3class,219,3,101143,0.011461920196019248,0.00039523862744893955,126817,4373,101143,442,1,results/quick_v1_v2_comparison/2026-06-03_09-24-45/model_runs/2026-06-03_13-48-09/multiclass_table6_arousal_3class_emotion-elicitation_2026-06-03_13-49-14/subject_loo/s_P21/model_benchmark.json,GNN,multiclass_table6_arousal_3class,Table-6 Arousal,results/quick_v1_v2_comparison/2026-06-03_09-24-45/model_runs/2026-06-03_13-48-09,results/quick_v1_v2_comparison/2026-06-03_09-24-45/model_runs/2026-06-03_13-48-09/multiclass_table6_arousal_3class_emotion-elicitation_2026-06-03_13-49-14,,,,,,,,,,9.0
GNN,0.4532710280373832,256,subject_loo,cuda,23,39.28328659781255,s_P22,214,0.1960986214953271,materialized_graph_loader_forward_softmax,0.00019609862149532712,642,0.125895315,0.2628281553171096,GNN_v2,GNN_v2,gnn,torch_model,,,,table6-arousal-3class,214,3,101143,0.009055621622363428,0.0003937226792331925,99774,4338,101143,482,1,results/quick_v1_v2_comparison/2026-06-03_09-24-45/model_runs/2026-06-03_13-48-09/multiclass_table6_arousal_3class_emotion-elicitation_2026-06-03_13-49-14/subject_loo/s_P22/model_benchmark.json,GNN,multiclass_table6_arousal_3class,Table-6 Arousal,results/quick_v1_v2_comparison/2026-06-03_09-24-45/model_runs/2026-06-03_13-48-09,results/quick_v1_v2_comparison/2026-06-03_09-24-45/model_runs/2026-06-03_13-48-09/multiclass_table6_arousal_3class_emotion-elicitation_2026-06-03_13-49-14,,,,,,,,,,3.0
GNN,0.5083333333333333,256,subject_loo,cuda,45,77.1222279900685,s_P23,240,0.20403383333333336,materialized_graph_loader_forward_softmax,0.00020403383333333336,720,0.14690436,0.35949660539824474,GNN_v2,GNN_v2,gnn,torch_model,,,,table6-arousal-3class,240,3,101143,0.017579719168011966,0.0003906604259558215,197415,4387,101143,407,1,results/quick_v1_v2_comparison/2026-06-03_09-24-45/model_runs/2026-06-03_13-48-09/multiclass_table6_arousal_3class_emotion-elicitation_2026-06-03_13-49-14/subject_loo/s_P23/model_benchmark.json,GNN,multiclass_table6_arousal_3class,Table-6 Arousal,results/quick_v1_v2_comparison/2026-06-03_09-24-45/model_runs/2026-06-03_13-48-09,results/quick_v1_v2_comparison/2026-06-03_09-24-45/model_runs/2026-06-03_13-48-09/multiclass_table6_arousal_3class_emotion-elicitation_2026-06-03_13-49-14,,,,,,,,,,25.0
GNN,0.5454545454545454,256,subject_loo,cuda,60,104.33623292599805,s_P24,231,0.16570218326118327,materialized_graph_loader_forward_softmax,0.00016570218326118327,693,0.114831613,0.32064987167027986,GNN_v2,GNN_v2,gnn,torch_model,,,,table6-arousal-3class,231,3,101143,0.02396330567891549,0.00039938842798192483,261240,4354,101143,449,1,results/quick_v1_v2_comparison/2026-06-03_09-24-45/model_runs/2026-06-03_13-48-09/multiclass_table6_arousal_3class_emotion-elicitation_2026-06-03_13-49-14/subject_loo/s_P24/model_benchmark.json,GNN,multiclass_table6_arousal_3class,Table-6 Arousal,results/quick_v1_v2_comparison/2026-06-03_09-24-45/model_runs/2026-06-03_13-48-09,results/quick_v1_v2_comparison/2026-06-03_09-24-45/model_runs/2026-06-03_13-48-09/multiclass_table6_arousal_3class_emotion-elicitation_2026-06-03_13-49-14,,,,,,,,,,40.0
GNN,0.5695067264573991,256,subject_loo,cuda,73,124.35907703102566,s_P27,223,0.17773331988041852,materialized_graph_loader_forward_softmax,0.00017773331988041853,669,0.118903591,0.4180550272600481,GNN_v2,GNN_v2,gnn,torch_model,,,,table6-arousal-3class,223,3,101143,0.028621191491605445,0.00039207111632336226,317185,4345,101143,466,1,results/quick_v1_v2_comparison/2026-06-03_09-24-45/model_runs/2026-06-03_13-48-09/multiclass_table6_arousal_3class_emotion-elicitation_2026-06-03_13-49-14/subject_loo/s_P27/model_benchmark.json,GNN,multiclass_table6_arousal_3class,Table-6 Arousal,results/quick_v1_v2_comparison/2026-06-03_09-24-45/model_runs/2026-06-03_13-48-09,results/quick_v1_v2_comparison/2026-06-03_09-24-45/model_runs/2026-06-03_13-48-09/multiclass_table6_arousal_3class_emotion-elicitation_2026-06-03_13-49-14,,,,,,,,,,53.0
GNN,0.6132075471698113,256,subject_loo,cuda,126,220.90420582797378,s_P28,212,0.1907183962264151,materialized_graph_loader_forward_softmax,0.00019071839622641508,636,0.1212969,0.4182961692395654,GNN_v2,GNN_v2,gnn,torch_model,,,,table6-arousal-3class,212,3,101143,0.05070098825521546,0.0004023887956763132,548982,4357,101143,465,1,results/quick_v1_v2_comparison/2026-06-03_09-24-45/model_runs/2026-06-03_13-48-09/multiclass_table6_arousal_3class_emotion-elicitation_2026-06-03_13-49-14/subject_loo/s_P28/model_benchmark.json,GNN,multiclass_table6_arousal_3class,Table-6 Arousal,results/quick_v1_v2_comparison/2026-06-03_09-24-45/model_runs/2026-06-03_13-48-09,results/quick_v1_v2_comparison/2026-06-03_09-24-45/model_runs/2026-06-03_13-48-09/multiclass_table6_arousal_3class_emotion-elicitation_2026-06-03_13-49-14,,,,,,,,,,106.0
GNN,0.5046296296296297,256,subject_loo,cuda,69,120.92691489984281,s_P29,216,0.19688422222222224,materialized_graph_loader_forward_softmax,0.00019688422222222224,648,0.127580976,0.28610021786492373,GNN_v2,GNN_v2,gnn,torch_model,,,,table6-arousal-3class,216,3,101143,0.027710108822145467,0.00040159578003109373,301116,4364,101143,454,1,results/quick_v1_v2_comparison/2026-06-03_09-24-45/model_runs/2026-06-03_13-48-09/multiclass_table6_arousal_3class_emotion-elicitation_2026-06-03_13-49-14/subject_loo/s_P29/model_benchmark.json,GNN,multiclass_table6_arousal_3class,Table-6 Arousal,results/quick_v1_v2_comparison/2026-06-03_09-24-45/model_runs/2026-06-03_13-48-09,results/quick_v1_v2_comparison/2026-06-03_09-24-45/model_runs/2026-06-03_13-48-09/multiclass_table6_arousal_3class_emotion-elicitation_2026-06-03_13-49-14,,,,,,,,,,49.0
GNN,0.5707964601769911,256,subject_loo,cuda,43,74.0234096639324,s_P30,226,0.2036428761061947,materialized_graph_loader_forward_softmax,0.0002036428761061947,678,0.13806987,0.3976811594202898,GNN_v2,GNN_v2,gnn,torch_model,,,,table6-arousal-3class,226,3,101143,0.017107328325383038,0.0003978448447763497,186061,4327,101143,481,1,results/quick_v1_v2_comparison/2026-06-03_09-24-45/model_runs/2026-06-03_13-48-09/multiclass_table6_arousal_3class_emotion-elicitation_2026-06-03_13-49-14/subject_loo/s_P30/model_benchmark.json,GNN,multiclass_table6_arousal_3class,Table-6 Arousal,results/quick_v1_v2_comparison/2026-06-03_09-24-45/model_runs/2026-06-03_13-48-09,results/quick_v1_v2_comparison/2026-06-03_09-24-45/model_runs/2026-06-03_13-48-09/multiclass_table6_arousal_3class_emotion-elicitation_2026-06-03_13-49-14,,,,,,,,,,23.0
GNN,0.47410358565737054,256,subject_loo,cuda,113,198.47355255205184,s_P4,251,0.19850238645418328,materialized_graph_loader_forward_softmax,0.00019850238645418327,753,0.149472297,0.3970234126262495,GNN_v2,GNN_v2,gnn,torch_model,,,,table6-arousal-3class,251,3,101143,0.04558418754066418,0.000403399889740391,492002,4354,101143,429,1,results/quick_v1_v2_comparison/2026-06-03_09-24-45/model_runs/2026-06-03_13-48-09/multiclass_table6_arousal_3class_emotion-elicitation_2026-06-03_13-49-14/subject_loo/s_P4/model_benchmark.json,GNN,multiclass_table6_arousal_3class,Table-6 Arousal,results/quick_v1_v2_comparison/2026-06-03_09-24-45/model_runs/2026-06-03_13-48-09,results/quick_v1_v2_comparison/2026-06-03_09-24-45/model_runs/2026-06-03_13-48-09/multiclass_table6_arousal_3class_emotion-elicitation_2026-06-03_13-49-14,,,,,,,,,,93.0
GNN,0.36,256,subject_loo,cuda,40,68.60211042221636,s_P5,275,0.2233557963636364,materialized_graph_loader_forward_softmax,0.0002233557963636364,825,0.184268532,0.290559796437659,GNN_v2,GNN_v2,gnn,torch_model,,,,table6-arousal-3class,275,3,101143,0.015763352578634274,0.00039408381446585683,174080,4352,101143,407,1,results/quick_v1_v2_comparison/2026-06-03_09-24-45/model_runs/2026-06-03_13-48-09/multiclass_table6_arousal_3class_emotion-elicitation_2026-06-03_13-49-14/subject_loo/s_P5/model_benchmark.json,GNN,multiclass_table6_arousal_3class,Table-6 Arousal,results/quick_v1_v2_comparison/2026-06-03_09-24-45/model_runs/2026-06-03_13-48-09,results/quick_v1_v2_comparison/2026-06-03_09-24-45/model_runs/2026-06-03_13-48-09/multiclass_table6_arousal_3class_emotion-elicitation_2026-06-03_13-49-14,,,,,,,,,,20.0
GNN,0.5304347826086957,256,subject_loo,cuda,26,44.9963827659376,s_P7,230,0.19382724637681156,materialized_graph_loader_forward_softmax,0.00019382724637681157,690,0.1337408,0.3001996007984032,GNN_v2,GNN_v2,gnn,torch_model,,,,table6-arousal-3class,230,3,101143,0.010375001790624302,0.000399038530408627,112762,4337,101143,467,1,results/quick_v1_v2_comparison/2026-06-03_09-24-45/model_runs/2026-06-03_13-48-09/multiclass_table6_arousal_3class_emotion-elicitation_2026-06-03_13-49-14/subject_loo/s_P7/model_benchmark.json,GNN,multiclass_table6_arousal_3class,Table-6 Arousal,results/quick_v1_v2_comparison/2026-06-03_09-24-45/model_runs/2026-06-03_13-48-09,results/quick_v1_v2_comparison/2026-06-03_09-24-45/model_runs/2026-06-03_13-48-09/multiclass_table6_arousal_3class_emotion-elicitation_2026-06-03_13-49-14,,,,,,,,,,6.0
GNN,0.4611872146118721,256,subject_loo,cuda,72,122.19513880601153,s_P8,219,0.18619296042617958,materialized_graph_loader_forward_softmax,0.0001861929604261796,657,0.122328775,0.35399402294622023,GNN_v2,GNN_v2,gnn,torch_model,,,,table6-arousal-3class,219,3,101143,0.027930317441374062,0.00038792107557463976,315000,4375,101143,440,1,results/quick_v1_v2_comparison/2026-06-03_09-24-45/model_runs/2026-06-03_13-48-09/multiclass_table6_arousal_3class_emotion-elicitation_2026-06-03_13-49-14/subject_loo/s_P8/model_benchmark.json,GNN,multiclass_table6_arousal_3class,Table-6 Arousal,results/quick_v1_v2_comparison/2026-06-03_09-24-45/model_runs/2026-06-03_13-48-09,results/quick_v1_v2_comparison/2026-06-03_09-24-45/model_runs/2026-06-03_13-48-09/multiclass_table6_arousal_3class_emotion-elicitation_2026-06-03_13-49-14,,,,,,,,,,52.0
GNN,0.10126582278481013,256,recording_loo,cuda,27,45.41885214811191,r_107.avi,158,0.1777282911392405,materialized_graph_loader_forward_softmax,0.0001777282911392405,474,0.08424321,0.14222222222222222,GNN_v2,GNN_v2,gnn,torch_model,,,,table6-arousal-3class,158,3,101143,0.010709467613325137,0.0003966469486416718,114507,4241,101143,635,1,results/quick_v1_v2_comparison/2026-06-03_09-24-45/model_runs/2026-06-03_13-48-09/multiclass_table6_arousal_3class_emotion-elicitation_2026-06-03_13-49-14/recording_loo/r_107.avi/model_benchmark.json,GNN,multiclass_table6_arousal_3class,Table-6 Arousal,results/quick_v1_v2_comparison/2026-06-03_09-24-45/model_runs/2026-06-03_13-48-09,results/quick_v1_v2_comparison/2026-06-03_09-24-45/model_runs/2026-06-03_13-48-09/multiclass_table6_arousal_3class_emotion-elicitation_2026-06-03_13-49-14,,,,,,,,,,7.0
GNN,0.38368580060422963,256,recording_loo,cuda,106,175.332453974057,r_111.avi,331,0.2061148247734139,materialized_graph_loader_forward_softmax,0.0002061148247734139,993,0.204672021,0.20457612562875718,GNN_v2,GNN_v2,gnn,torch_model,,,,table6-arousal-3class,331,3,101143,0.04190546223089316,0.0003953345493480487,443504,4184,101143,519,1,results/quick_v1_v2_comparison/2026-06-03_09-24-45/model_runs/2026-06-03_13-48-09/multiclass_table6_arousal_3class_emotion-elicitation_2026-06-03_13-49-14/recording_loo/r_111.avi/model_benchmark.json,GNN,multiclass_table6_arousal_3class,Table-6 Arousal,results/quick_v1_v2_comparison/2026-06-03_09-24-45/model_runs/2026-06-03_13-48-09,results/quick_v1_v2_comparison/2026-06-03_09-24-45/model_runs/2026-06-03_13-48-09/multiclass_table6_arousal_3class_emotion-elicitation_2026-06-03_13-49-14,,,,,,,,,,86.0
GNN,0.6724137931034483,256,recording_loo,cuda,27,45.5022589690052,r_138.avi,348,0.21689725287356323,materialized_graph_loader_forward_softmax,0.00021689725287356323,1044,0.226440732,0.27272727272727276,GNN_v2,GNN_v2,gnn,torch_model,,,,table6-arousal-3class,348,3,101143,0.010518321536986869,0.000389567464332847,116802,4326,101143,360,1,results/quick_v1_v2_comparison/2026-06-03_09-24-45/model_runs/2026-06-03_13-48-09/multiclass_table6_arousal_3class_emotion-elicitation_2026-06-03_13-49-14/recording_loo/r_138.avi/model_benchmark.json,GNN,multiclass_table6_arousal_3class,Table-6 Arousal,results/quick_v1_v2_comparison/2026-06-03_09-24-45/model_runs/2026-06-03_13-48-09,results/quick_v1_v2_comparison/2026-06-03_09-24-45/model_runs/2026-06-03_13-48-09/multiclass_table6_arousal_3class_emotion-elicitation_2026-06-03_13-49-14,,,,,,,,,,7.0
GNN,0.7286245353159851,256,recording_loo,cuda,21,35.394893241114914,r_146.avi,269,0.2062747286245353,materialized_graph_loader_forward_softmax,0.0002062747286245353,807,0.166463706,0.28467683369644153,GNN_v2,GNN_v2,gnn,torch_model,,,,table6-arousal-3class,269,3,101143,0.00830476143620716,0.00039546483029557903,89502,4262,101143,503,1,results/quick_v1_v2_comparison/2026-06-03_09-24-45/model_runs/2026-06-03_13-48-09/multiclass_table6_arousal_3class_emotion-elicitation_2026-06-03_13-49-14/recording_loo/r_146.avi/model_benchmark.json,GNN,multiclass_table6_arousal_3class,Table-6 Arousal,results/quick_v1_v2_comparison/2026-06-03_09-24-45/model_runs/2026-06-03_13-48-09,results/quick_v1_v2_comparison/2026-06-03_09-24-45/model_runs/2026-06-03_13-48-09/multiclass_table6_arousal_3class_emotion-elicitation_2026-06-03_13-49-14,,,,,,,,,,1.0
GNN,0.18048780487804877,256,recording_loo,cuda,21,35.972051413031295,r_30.avi,205,0.21374490894308945,materialized_graph_loader_forward_softmax,0.00021374490894308945,615,0.131453119,0.11419753086419754,GNN_v2,GNN_v2,gnn,torch_model,,,,table6-arousal-3class,205,3,101143,0.008321085221612606,0.00039624215341012406,90783,4323,101143,506,1,results/quick_v1_v2_comparison/2026-06-03_09-24-45/model_runs/2026-06-03_13-48-09/multiclass_table6_arousal_3class_emotion-elicitation_2026-06-03_13-49-14/recording_loo/r_30.avi/model_benchmark.json,GNN,multiclass_table6_arousal_3class,Table-6 Arousal,results/quick_v1_v2_comparison/2026-06-03_09-24-45/model_runs/2026-06-03_13-48-09,results/quick_v1_v2_comparison/2026-06-03_09-24-45/model_runs/2026-06-03_13-48-09/multiclass_table6_arousal_3class_emotion-elicitation_2026-06-03_13-49-14,,,,,,,,,,1.0
GNN,0.33559322033898303,256,recording_loo,cuda,30,50.71283307601698,r_52.avi,295,0.2110041638418079,materialized_graph_loader_forward_softmax,0.0002110041638418079,885,0.186738685,0.22372372372372373,GNN_v2,GNN_v2,gnn,torch_model,,,,table6-arousal-3class,295,3,101143,0.01225243611404131,0.0004084145371347103,124170,4139,101143,600,1,results/quick_v1_v2_comparison/2026-06-03_09-24-45/model_runs/2026-06-03_13-48-09/multiclass_table6_arousal_3class_emotion-elicitation_2026-06-03_13-49-14/recording_loo/r_52.avi/model_benchmark.json,GNN,multiclass_table6_arousal_3class,Table-6 Arousal,results/quick_v1_v2_comparison/2026-06-03_09-24-45/model_runs/2026-06-03_13-48-09,results/quick_v1_v2_comparison/2026-06-03_09-24-45/model_runs/2026-06-03_13-48-09/multiclass_table6_arousal_3class_emotion-elicitation_2026-06-03_13-49-14,,,,,,,,,,10.0
GNN,0.3256578947368421,256,recording_loo,cuda,73,122.87909402092919,r_53.avi,304,0.20135265460526316,materialized_graph_loader_forward_softmax,0.00020135265460526316,912,0.183633621,0.2335702597029468,GNN_v2,GNN_v2,gnn,torch_model,,,,table6-arousal-3class,304,3,101143,0.029277839890619297,0.0004010662998714972,306381,4197,101143,533,1,results/quick_v1_v2_comparison/2026-06-03_09-24-45/model_runs/2026-06-03_13-48-09/multiclass_table6_arousal_3class_emotion-elicitation_2026-06-03_13-49-14/recording_loo/r_53.avi/model_benchmark.json,GNN,multiclass_table6_arousal_3class,Table-6 Arousal,results/quick_v1_v2_comparison/2026-06-03_09-24-45/model_runs/2026-06-03_13-48-09,results/quick_v1_v2_comparison/2026-06-03_09-24-45/model_runs/2026-06-03_13-48-09/multiclass_table6_arousal_3class_emotion-elicitation_2026-06-03_13-49-14,,,,,,,,,,53.0
GNN,0.3817427385892116,256,recording_loo,cuda,23,39.33726464188658,r_55.avi,241,0.19714250760719226,materialized_graph_loader_forward_softmax,0.00019714250760719226,723,0.142534033,0.1922675026123302,GNN_v2,GNN_v2,gnn,torch_model,,,,table6-arousal-3class,241,3,101143,0.009150329063011532,0.0003978403940439797,98877,4299,101143,494,1,results/quick_v1_v2_comparison/2026-06-03_09-24-45/model_runs/2026-06-03_13-48-09/multiclass_table6_arousal_3class_emotion-elicitation_2026-06-03_13-49-14/recording_loo/r_55.avi/model_benchmark.json,GNN,multiclass_table6_arousal_3class,Table-6 Arousal,results/quick_v1_v2_comparison/2026-06-03_09-24-45/model_runs/2026-06-03_13-48-09,results/quick_v1_v2_comparison/2026-06-03_09-24-45/model_runs/2026-06-03_13-48-09/multiclass_table6_arousal_3class_emotion-elicitation_2026-06-03_13-49-14,,,,,,,,,,3.0
GNN,0.5177664974619289,256,recording_loo,cuda,91,157.53510263795033,r_58.avi,197,0.19595903891708968,materialized_graph_loader_forward_softmax,0.00019595903891708968,591,0.115811792,0.3098336431669765,GNN_v2,GNN_v2,gnn,torch_model,,,,table6-arousal-3class,197,3,101143,0.03634866235301115,0.00039943585003308956,394394,4334,101143,503,1,results/quick_v1_v2_comparison/2026-06-03_09-24-45/model_runs/2026-06-03_13-48-09/multiclass_table6_arousal_3class_emotion-elicitation_2026-06-03_13-49-14/recording_loo/r_58.avi/model_benchmark.json,GNN,multiclass_table6_arousal_3class,Table-6 Arousal,results/quick_v1_v2_comparison/2026-06-03_09-24-45/model_runs/2026-06-03_13-48-09,results/quick_v1_v2_comparison/2026-06-03_09-24-45/model_runs/2026-06-03_13-48-09/multiclass_table6_arousal_3class_emotion-elicitation_2026-06-03_13-49-14,,,,,,,,,,71.0
GNN,0.6915887850467289,256,recording_loo,cuda,21,36.41671479283832,r_69.avi,214,0.1915703613707165,materialized_graph_loader_forward_softmax,0.0001915703613707165,642,0.122988172,0.2756052141527002,GNN_v2,GNN_v2,gnn,torch_model,,,,table6-arousal-3class,214,3,101143,0.008369734496170608,0.00039855878553193375,91371,4351,101143,469,1,results/quick_v1_v2_comparison/2026-06-03_09-24-45/model_runs/2026-06-03_13-48-09/multiclass_table6_arousal_3class_emotion-elicitation_2026-06-03_13-49-14/recording_loo/r_69.avi/model_benchmark.json,GNN,multiclass_table6_arousal_3class,Table-6 Arousal,results/quick_v1_v2_comparison/2026-06-03_09-24-45/model_runs/2026-06-03_13-48-09,results/quick_v1_v2_comparison/2026-06-03_09-24-45/model_runs/2026-06-03_13-48-09/multiclass_table6_arousal_3class_emotion-elicitation_2026-06-03_13-49-14,,,,,,,,,,1.0
GNN,0.12295081967213115,256,recording_loo,cuda,152,257.2976160889957,r_73.avi,244,0.1976586325136612,materialized_graph_loader_forward_softmax,0.0001976586325136612,732,0.144686119,0.10721500721500721,GNN_v2,GNN_v2,gnn,torch_model,,,,table6-arousal-3class,244,3,101143,0.060769394447093936,0.00039979864767824956,643568,4234,101143,556,1,results/quick_v1_v2_comparison/2026-06-03_09-24-45/model_runs/2026-06-03_13-48-09/multiclass_table6_arousal_3class_emotion-elicitation_2026-06-03_13-49-14/recording_loo/r_73.avi/model_benchmark.json,GNN,multiclass_table6_arousal_3class,Table-6 Arousal,results/quick_v1_v2_comparison/2026-06-03_09-24-45/model_runs/2026-06-03_13-48-09,results/quick_v1_v2_comparison/2026-06-03_09-24-45/model_runs/2026-06-03_13-48-09/multiclass_table6_arousal_3class_emotion-elicitation_2026-06-03_13-49-14,,,,,,,,,,132.0
GNN,0.3987730061349693,256,recording_loo,cuda,101,174.88777078711428,r_79.avi,163,0.2061388527607362,materialized_graph_loader_forward_softmax,0.0002061388527607362,489,0.100801899,0.24526881720430108,GNN_v2,GNN_v2,gnn,torch_model,,,,table6-arousal-3class,163,3,101143,0.04018560909630383,0.00039787731778518644,439552,4352,101143,519,1,results/quick_v1_v2_comparison/2026-06-03_09-24-45/model_runs/2026-06-03_13-48-09/multiclass_table6_arousal_3class_emotion-elicitation_2026-06-03_13-49-14/recording_loo/r_79.avi/model_benchmark.json,GNN,multiclass_table6_arousal_3class,Table-6 Arousal,results/quick_v1_v2_comparison/2026-06-03_09-24-45/model_runs/2026-06-03_13-48-09,results/quick_v1_v2_comparison/2026-06-03_09-24-45/model_runs/2026-06-03_13-48-09/multiclass_table6_arousal_3class_emotion-elicitation_2026-06-03_13-49-14,,,,,,,,,,81.0
GNN,0.043010752688172046,256,recording_loo,cuda,23,38.64621075219475,r_80.avi,279,0.2141044265232975,materialized_graph_loader_forward_softmax,0.0002141044265232975,837,0.179205405,0.027491408934707903,GNN_v2,GNN_v2,gnn,torch_model,,,,table6-arousal-3class,279,3,101143,0.00917962250645956,0.0003991140220199809,96830,4210,101143,545,1,results/quick_v1_v2_comparison/2026-06-03_09-24-45/model_runs/2026-06-03_13-48-09/multiclass_table6_arousal_3class_emotion-elicitation_2026-06-03_13-49-14/recording_loo/r_80.avi/model_benchmark.json,GNN,multiclass_table6_arousal_3class,Table-6 Arousal,results/quick_v1_v2_comparison/2026-06-03_09-24-45/model_runs/2026-06-03_13-48-09,results/quick_v1_v2_comparison/2026-06-03_09-24-45/model_runs/2026-06-03_13-48-09/multiclass_table6_arousal_3class_emotion-elicitation_2026-06-03_13-49-14,,,,,,,,,,3.0
GNN,0.23046875,256,recording_loo,cuda,22,38.00778030301444,r_90.avi,256,0.20177115885416666,materialized_graph_loader_forward_softmax,0.00020177115885416667,768,0.15496025,0.1495739640500127,GNN_v2,GNN_v2,gnn,torch_model,,,,table6-arousal-3class,256,3,101143,0.008876174755491462,0.0004034624888859756,94204,4282,101143,496,1,results/quick_v1_v2_comparison/2026-06-03_09-24-45/model_runs/2026-06-03_13-48-09/multiclass_table6_arousal_3class_emotion-elicitation_2026-06-03_13-49-14/recording_loo/r_90.avi/model_benchmark.json,GNN,multiclass_table6_arousal_3class,Table-6 Arousal,results/quick_v1_v2_comparison/2026-06-03_09-24-45/model_runs/2026-06-03_13-48-09,results/quick_v1_v2_comparison/2026-06-03_09-24-45/model_runs/2026-06-03_13-48-09/multiclass_table6_arousal_3class_emotion-elicitation_2026-06-03_13-49-14,,,,,,,,,,2.0
GNN,0.3424657534246575,256,recording_loo,cuda,21,35.96539928717539,r_cats_f.avi,292,0.20962375,materialized_graph_loader_forward_softmax,0.00020962375,876,0.183630405,0.17006802721088435,GNN_v2,GNN_v2,gnn,torch_model,,,,table6-arousal-3class,292,3,101143,0.008222542132413212,0.0003915496253530101,91854,4374,101143,368,1,results/quick_v1_v2_comparison/2026-06-03_09-24-45/model_runs/2026-06-03_13-48-09/multiclass_table6_arousal_3class_emotion-elicitation_2026-06-03_13-49-14/recording_loo/r_cats_f.avi/model_benchmark.json,GNN,multiclass_table6_arousal_3class,Table-6 Arousal,results/quick_v1_v2_comparison/2026-06-03_09-24-45/model_runs/2026-06-03_13-48-09,results/quick_v1_v2_comparison/2026-06-03_09-24-45/model_runs/2026-06-03_13-48-09/multiclass_table6_arousal_3class_emotion-elicitation_2026-06-03_13-49-14,,,,,,,,,,1.0
GNN,0.5189393939393939,256,recording_loo,cuda,21,36.365149694960564,r_dallas_f.avi,264,0.23297222474747478,materialized_graph_loader_forward_softmax,0.00023297222474747477,792,0.184514002,0.28626218819607324,GNN_v2,GNN_v2,gnn,torch_model,,,,table6-arousal-3class,264,3,101143,0.008486616031496048,0.00040412457292838324,89985,4285,101143,485,1,results/quick_v1_v2_comparison/2026-06-03_09-24-45/model_runs/2026-06-03_13-48-09/multiclass_table6_arousal_3class_emotion-elicitation_2026-06-03_13-49-14/recording_loo/r_dallas_f.avi/model_benchmark.json,GNN,multiclass_table6_arousal_3class,Table-6 Arousal,results/quick_v1_v2_comparison/2026-06-03_09-24-45/model_runs/2026-06-03_13-48-09,results/quick_v1_v2_comparison/2026-06-03_09-24-45/model_runs/2026-06-03_13-48-09/multiclass_table6_arousal_3class_emotion-elicitation_2026-06-03_13-49-14,,,,,,,,,,1.0
GNN,0.7709923664122137,256,recording_loo,cuda,54,93.19983107200824,r_detroit_f.avi,262,0.24200026844783715,materialized_graph_loader_forward_softmax,0.00024200026844783715,786,0.190212211,0.292118582791034,GNN_v2,GNN_v2,gnn,torch_model,,,,table6-arousal-3class,262,3,101143,0.021780750425802346,0.00040334723010745086,231066,4279,101143,493,1,results/quick_v1_v2_comparison/2026-06-03_09-24-45/model_runs/2026-06-03_13-48-09/multiclass_table6_arousal_3class_emotion-elicitation_2026-06-03_13-49-14/recording_loo/r_detroit_f.avi/model_benchmark.json,GNN,multiclass_table6_arousal_3class,Table-6 Arousal,results/quick_v1_v2_comparison/2026-06-03_09-24-45/model_runs/2026-06-03_13-48-09,results/quick_v1_v2_comparison/2026-06-03_09-24-45/model_runs/2026-06-03_13-48-09/multiclass_table6_arousal_3class_emotion-elicitation_2026-06-03_13-49-14,,,,,,,,,,34.0
GNN,0.5729166666666666,256,recording_loo,cuda,25,42.708590033929795,r_earworm_f.avi,192,0.21734006597222225,materialized_graph_loader_forward_softmax,0.00021734006597222224,576,0.125187878,0.26999244142101286,GNN_v2,GNN_v2,gnn,torch_model,,,,table6-arousal-3class,192,3,101143,0.010130120975789799,0.00040520483903159197,105400,4216,101143,626,1,results/quick_v1_v2_comparison/2026-06-03_09-24-45/model_runs/2026-06-03_13-48-09/multiclass_table6_arousal_3class_emotion-elicitation_2026-06-03_13-49-14/recording_loo/r_earworm_f.avi/model_benchmark.json,GNN,multiclass_table6_arousal_3class,Table-6 Arousal,results/quick_v1_v2_comparison/2026-06-03_09-24-45/model_runs/2026-06-03_13-48-09,results/quick_v1_v2_comparison/2026-06-03_09-24-45/model_runs/2026-06-03_13-48-09/multiclass_table6_arousal_3class_emotion-elicitation_2026-06-03_13-49-14,,,,,,,,,,5.0
GNN,0.5320754716981132,256,recording_loo,cuda,78,133.89628346497193,r_funny_f.avi,265,0.24193408427672955,materialized_graph_loader_forward_softmax,0.00024193408427672955,795,0.192337597,0.33182770089927316,GNN_v2,GNN_v2,gnn,torch_model,,,,table6-arousal-3class,265,3,101143,0.03140893348932018,0.00040267863447846386,332514,4263,101143,506,1,results/quick_v1_v2_comparison/2026-06-03_09-24-45/model_runs/2026-06-03_13-48-09/multiclass_table6_arousal_3class_emotion-elicitation_2026-06-03_13-49-14/recording_loo/r_funny_f.avi/model_benchmark.json,GNN,multiclass_table6_arousal_3class,Table-6 Arousal,results/quick_v1_v2_comparison/2026-06-03_09-24-45/model_runs/2026-06-03_13-48-09,results/quick_v1_v2_comparison/2026-06-03_09-24-45/model_runs/2026-06-03_13-48-09/multiclass_table6_arousal_3class_emotion-elicitation_2026-06-03_13-49-14,,,,,,,,,,58.0
GNN,0.788235294117647,256,recording_loo,cuda,21,35.93955155508593,r_newyork_f.avi,255,0.2178650549019608,materialized_graph_loader_forward_softmax,0.00021786505490196077,765,0.166666767,0.4024665257223397,GNN_v2,GNN_v2,gnn,torch_model,,,,table6-arousal-3class,255,3,101143,0.00827909503687766,0.00039424262080369816,91161,4341,101143,438,1,results/quick_v1_v2_comparison/2026-06-03_09-24-45/model_runs/2026-06-03_13-48-09/multiclass_table6_arousal_3class_emotion-elicitation_2026-06-03_13-49-14/recording_loo/r_newyork_f.avi/model_benchmark.json,GNN,multiclass_table6_arousal_3class,Table-6 Arousal,results/quick_v1_v2_comparison/2026-06-03_09-24-45/model_runs/2026-06-03_13-48-09,results/quick_v1_v2_comparison/2026-06-03_09-24-45/model_runs/2026-06-03_13-48-09/multiclass_table6_arousal_3class_emotion-elicitation_2026-06-03_13-49-14,,,,,,,,,,1.0
GNN,0.425,256,subject_loo,cuda,69,117.69849011790939,s_P1,240,0.20136644166666667,materialized_graph_loader_forward_softmax,0.00020136644166666667,720,0.144983838,0.3610858168173609,GNN_v2,GNN_v2,gnn,torch_model,,,,table6-valence-3class,240,3,101143,0.027282913796455584,0.0003954045477747186,297666,4314,101143,480,1,results/quick_v1_v2_comparison/2026-06-03_09-24-45/model_runs/2026-06-03_13-48-09/multiclass_table6_valence_3class_emotion-elicitation_2026-06-03_15-04-16/subject_loo/s_P1/model_benchmark.json,GNN,multiclass_table6_valence_3class,Table-6 Valence,results/quick_v1_v2_comparison/2026-06-03_09-24-45/model_runs/2026-06-03_13-48-09,results/quick_v1_v2_comparison/2026-06-03_09-24-45/model_runs/2026-06-03_13-48-09/multiclass_table6_valence_3class_emotion-elicitation_2026-06-03_15-04-16,,,,,,,,,,49.0
GNN,0.5545851528384279,256,subject_loo,cuda,69,119.23120762920007,s_P10,229,0.20185663173216886,materialized_graph_loader_forward_softmax,0.00020185663173216887,687,0.138675506,0.5467330051061068,GNN_v2,GNN_v2,gnn,torch_model,,,,table6-valence-3class,229,3,101143,0.027327803719734145,0.0003960551263729586,301047,4363,101143,442,1,results/quick_v1_v2_comparison/2026-06-03_09-24-45/model_runs/2026-06-03_13-48-09/multiclass_table6_valence_3class_emotion-elicitation_2026-06-03_15-04-16/subject_loo/s_P10/model_benchmark.json,GNN,multiclass_table6_valence_3class,Table-6 Valence,results/quick_v1_v2_comparison/2026-06-03_09-24-45/model_runs/2026-06-03_13-48-09,results/quick_v1_v2_comparison/2026-06-03_09-24-45/model_runs/2026-06-03_13-48-09/multiclass_table6_valence_3class_emotion-elicitation_2026-06-03_15-04-16,,,,,,,,,,49.0
GNN,0.4322033898305085,256,subject_loo,cuda,50,85.27244614902884,s_P13,236,0.18339396751412426,materialized_graph_loader_forward_softmax,0.00018339396751412428,708,0.129842929,0.36689681306105015,GNN_v2,GNN_v2,gnn,torch_model,,,,table6-valence-3class,236,3,101143,0.019629936958800377,0.00039259873917600754,217200,4344,101143,454,1,results/quick_v1_v2_comparison/2026-06-03_09-24-45/model_runs/2026-06-03_13-48-09/multiclass_table6_valence_3class_emotion-elicitation_2026-06-03_15-04-16/subject_loo/s_P13/model_benchmark.json,GNN,multiclass_table6_valence_3class,Table-6 Valence,results/quick_v1_v2_comparison/2026-06-03_09-24-45/model_runs/2026-06-03_13-48-09,results/quick_v1_v2_comparison/2026-06-03_09-24-45/model_runs/2026-06-03_13-48-09/multiclass_table6_valence_3class_emotion-elicitation_2026-06-03_15-04-16,,,,,,,,,,30.0
GNN,0.5576036866359447,256,subject_loo,cuda,83,141.17420699098147,s_P14,217,0.20118246082949312,materialized_graph_loader_forward_softmax,0.0002011824608294931,651,0.130969782,0.5269043427797659,GNN_v2,GNN_v2,gnn,torch_model,,,,table6-valence-3class,217,3,101143,0.03251363588000494,0.0003917305527711439,360386,4342,101143,475,1,results/quick_v1_v2_comparison/2026-06-03_09-24-45/model_runs/2026-06-03_13-48-09/multiclass_table6_valence_3class_emotion-elicitation_2026-06-03_15-04-16/subject_loo/s_P14/model_benchmark.json,GNN,multiclass_table6_valence_3class,Table-6 Valence,results/quick_v1_v2_comparison/2026-06-03_09-24-45/model_runs/2026-06-03_13-48-09,results/quick_v1_v2_comparison/2026-06-03_09-24-45/model_runs/2026-06-03_13-48-09/multiclass_table6_valence_3class_emotion-elicitation_2026-06-03_15-04-16,,,,,,,,,,63.0
GNN,0.5958549222797928,256,subject_loo,cuda,107,182.61470962595195,s_P16,193,0.19891810880829014,materialized_graph_loader_forward_softmax,0.00019891810880829015,579,0.115173585,0.5996172353455819,GNN_v2,GNN_v2,gnn,torch_model,,,,table6-valence-3class,193,3,101143,0.0416548151519051,0.0003892973378682719,469088,4384,101143,457,1,results/quick_v1_v2_comparison/2026-06-03_09-24-45/model_runs/2026-06-03_13-48-09/multiclass_table6_valence_3class_emotion-elicitation_2026-06-03_15-04-16/subject_loo/s_P16/model_benchmark.json,GNN,multiclass_table6_valence_3class,Table-6 Valence,results/quick_v1_v2_comparison/2026-06-03_09-24-45/model_runs/2026-06-03_13-48-09,results/quick_v1_v2_comparison/2026-06-03_09-24-45/model_runs/2026-06-03_13-48-09/multiclass_table6_valence_3class_emotion-elicitation_2026-06-03_15-04-16,,,,,,,,,,87.0
GNN,0.5857740585774058,256,subject_loo,cuda,55,93.12962884805165,s_P17,239,0.2093261352859135,materialized_graph_loader_forward_softmax,0.00020932613528591352,717,0.150086839,0.5371893448383888,GNN_v2,GNN_v2,gnn,torch_model,,,,table6-valence-3class,239,3,101143,0.02143868067404504,0.0003897941940735462,238920,4344,101143,451,1,results/quick_v1_v2_comparison/2026-06-03_09-24-45/model_runs/2026-06-03_13-48-09/multiclass_table6_valence_3class_emotion-elicitation_2026-06-03_15-04-16/subject_loo/s_P17/model_benchmark.json,GNN,multiclass_table6_valence_3class,Table-6 Valence,results/quick_v1_v2_comparison/2026-06-03_09-24-45/model_runs/2026-06-03_13-48-09,results/quick_v1_v2_comparison/2026-06-03_09-24-45/model_runs/2026-06-03_13-48-09/multiclass_table6_valence_3class_emotion-elicitation_2026-06-03_15-04-16,,,,,,,,,,35.0
GNN,0.37280701754385964,256,subject_loo,cuda,24,40.868710447102785,s_P18,228,0.2082604897660819,materialized_graph_loader_forward_softmax,0.0002082604897660819,684,0.142450175,0.34491725768321513,GNN_v2,GNN_v2,gnn,torch_model,,,,table6-valence-3class,228,3,101143,0.00936711218132083,0.0003902963408883679,104712,4363,101143,443,1,results/quick_v1_v2_comparison/2026-06-03_09-24-45/model_runs/2026-06-03_13-48-09/multiclass_table6_valence_3class_emotion-elicitation_2026-06-03_15-04-16/subject_loo/s_P18/model_benchmark.json,GNN,multiclass_table6_valence_3class,Table-6 Valence,results/quick_v1_v2_comparison/2026-06-03_09-24-45/model_runs/2026-06-03_13-48-09,results/quick_v1_v2_comparison/2026-06-03_09-24-45/model_runs/2026-06-03_13-48-09/multiclass_table6_valence_3class_emotion-elicitation_2026-06-03_15-04-16,,,,,,,,,,4.0
GNN,0.519650655021834,256,subject_loo,cuda,36,60.70205226400867,s_P19,229,0.19607042212518197,materialized_graph_loader_forward_softmax,0.00019607042212518196,687,0.13470038,0.47562197130325684,GNN_v2,GNN_v2,gnn,torch_model,,,,table6-valence-3class,229,3,101143,0.013989871459785358,0.0003886075405495933,156204,4339,101143,466,1,results/quick_v1_v2_comparison/2026-06-03_09-24-45/model_runs/2026-06-03_13-48-09/multiclass_table6_valence_3class_emotion-elicitation_2026-06-03_15-04-16/subject_loo/s_P19/model_benchmark.json,GNN,multiclass_table6_valence_3class,Table-6 Valence,results/quick_v1_v2_comparison/2026-06-03_09-24-45/model_runs/2026-06-03_13-48-09,results/quick_v1_v2_comparison/2026-06-03_09-24-45/model_runs/2026-06-03_13-48-09/multiclass_table6_valence_3class_emotion-elicitation_2026-06-03_15-04-16,,,,,,,,,,16.0
GNN,0.4024896265560166,256,subject_loo,cuda,56,94.41485470207408,s_P2,241,0.196311806362379,materialized_graph_loader_forward_softmax,0.00019631180636237898,723,0.141933436,0.39674523007856344,GNN_v2,GNN_v2,gnn,torch_model,,,,table6-valence-3class,241,3,101143,0.02176460458784557,0.00038865365335438517,242928,4338,101143,455,1,results/quick_v1_v2_comparison/2026-06-03_09-24-45/model_runs/2026-06-03_13-48-09/multiclass_table6_valence_3class_emotion-elicitation_2026-06-03_15-04-16/subject_loo/s_P2/model_benchmark.json,GNN,multiclass_table6_valence_3class,Table-6 Valence,results/quick_v1_v2_comparison/2026-06-03_09-24-45/model_runs/2026-06-03_13-48-09,results/quick_v1_v2_comparison/2026-06-03_09-24-45/model_runs/2026-06-03_13-48-09/multiclass_table6_valence_3class_emotion-elicitation_2026-06-03_15-04-16,,,,,,,,,,36.0
GNN,0.5265486725663717,256,subject_loo,cuda,43,73.70155476895161,s_P20,226,0.1930632684365782,materialized_graph_loader_forward_softmax,0.0001930632684365782,678,0.130896896,0.5179346616532546,GNN_v2,GNN_v2,gnn,torch_model,,,,table6-valence-3class,226,3,101143,0.016884663177308502,0.00039266658551880235,187695,4365,101143,443,1,results/quick_v1_v2_comparison/2026-06-03_09-24-45/model_runs/2026-06-03_13-48-09/multiclass_table6_valence_3class_emotion-elicitation_2026-06-03_15-04-16/subject_loo/s_P20/model_benchmark.json,GNN,multiclass_table6_valence_3class,Table-6 Valence,results/quick_v1_v2_comparison/2026-06-03_09-24-45/model_runs/2026-06-03_13-48-09,results/quick_v1_v2_comparison/2026-06-03_09-24-45/model_runs/2026-06-03_13-48-09/multiclass_table6_valence_3class_emotion-elicitation_2026-06-03_15-04-16,,,,,,,,,,23.0
GNN,0.4840182648401826,256,subject_loo,cuda,44,75.24121521203779,s_P21,219,0.1861824383561644,materialized_graph_loader_forward_softmax,0.0001861824383561644,657,0.122321862,0.43098938098938094,GNN_v2,GNN_v2,gnn,torch_model,,,,table6-valence-3class,219,3,101143,0.01720585758336103,0.0003910422178036598,192412,4373,101143,442,1,results/quick_v1_v2_comparison/2026-06-03_09-24-45/model_runs/2026-06-03_13-48-09/multiclass_table6_valence_3class_emotion-elicitation_2026-06-03_15-04-16/subject_loo/s_P21/model_benchmark.json,GNN,multiclass_table6_valence_3class,Table-6 Valence,results/quick_v1_v2_comparison/2026-06-03_09-24-45/model_runs/2026-06-03_13-48-09,results/quick_v1_v2_comparison/2026-06-03_09-24-45/model_runs/2026-06-03_13-48-09/multiclass_table6_valence_3class_emotion-elicitation_2026-06-03_15-04-16,,,,,,,,,,24.0
GNN,0.4392523364485981,256,subject_loo,cuda,23,38.96094993012957,s_P22,214,0.1973654672897196,materialized_graph_loader_forward_softmax,0.0001973654672897196,642,0.12670863,0.3286526040389175,GNN_v2,GNN_v2,gnn,torch_model,,,,table6-valence-3class,214,3,101143,0.008981316258674406,0.0003904920112467133,99774,4338,101143,482,1,results/quick_v1_v2_comparison/2026-06-03_09-24-45/model_runs/2026-06-03_13-48-09/multiclass_table6_valence_3class_emotion-elicitation_2026-06-03_15-04-16/subject_loo/s_P22/model_benchmark.json,GNN,multiclass_table6_valence_3class,Table-6 Valence,results/quick_v1_v2_comparison/2026-06-03_09-24-45/model_runs/2026-06-03_13-48-09,results/quick_v1_v2_comparison/2026-06-03_09-24-45/model_runs/2026-06-03_13-48-09/multiclass_table6_valence_3class_emotion-elicitation_2026-06-03_15-04-16,,,,,,,,,,3.0
GNN,0.5416666666666666,256,subject_loo,cuda,49,83.06677674083039,s_P23,240,0.20327859722222225,materialized_graph_loader_forward_softmax,0.00020327859722222224,720,0.14636059,0.5381288981288982,GNN_v2,GNN_v2,gnn,torch_model,,,,table6-valence-3class,240,3,101143,0.018934756494376655,0.0003864236019260542,214963,4387,101143,407,1,results/quick_v1_v2_comparison/2026-06-03_09-24-45/model_runs/2026-06-03_13-48-09/multiclass_table6_valence_3class_emotion-elicitation_2026-06-03_15-04-16/subject_loo/s_P23/model_benchmark.json,GNN,multiclass_table6_valence_3class,Table-6 Valence,results/quick_v1_v2_comparison/2026-06-03_09-24-45/model_runs/2026-06-03_13-48-09,results/quick_v1_v2_comparison/2026-06-03_09-24-45/model_runs/2026-06-03_13-48-09/multiclass_table6_valence_3class_emotion-elicitation_2026-06-03_15-04-16,,,,,,,,,,29.0
GNN,0.37662337662337664,256,subject_loo,cuda,63,108.28368518617935,s_P24,231,0.16362408658008656,materialized_graph_loader_forward_softmax,0.00016362408658008657,693,0.113391492,0.2810521082446355,GNN_v2,GNN_v2,gnn,torch_model,,,,table6-valence-3class,231,3,101143,0.024869932288970914,0.00039476082998366526,274302,4354,101143,449,1,results/quick_v1_v2_comparison/2026-06-03_09-24-45/model_runs/2026-06-03_13-48-09/multiclass_table6_valence_3class_emotion-elicitation_2026-06-03_15-04-16/subject_loo/s_P24/model_benchmark.json,GNN,multiclass_table6_valence_3class,Table-6 Valence,results/quick_v1_v2_comparison/2026-06-03_09-24-45/model_runs/2026-06-03_13-48-09,results/quick_v1_v2_comparison/2026-06-03_09-24-45/model_runs/2026-06-03_13-48-09/multiclass_table6_valence_3class_emotion-elicitation_2026-06-03_15-04-16,,,,,,,,,,43.0
GNN,0.5067264573991032,256,subject_loo,cuda,119,201.50549707585014,s_P27,223,0.17736585799701046,materialized_graph_loader_forward_softmax,0.00017736585799701046,669,0.118657759,0.46961527681078147,GNN_v2,GNN_v2,gnn,torch_model,,,,table6-valence-3class,223,3,101143,0.04637640899329117,0.00038971772263269894,517055,4345,101143,466,1,results/quick_v1_v2_comparison/2026-06-03_09-24-45/model_runs/2026-06-03_13-48-09/multiclass_table6_valence_3class_emotion-elicitation_2026-06-03_15-04-16/subject_loo/s_P27/model_benchmark.json,GNN,multiclass_table6_valence_3class,Table-6 Valence,results/quick_v1_v2_comparison/2026-06-03_09-24-45/model_runs/2026-06-03_13-48-09,results/quick_v1_v2_comparison/2026-06-03_09-24-45/model_runs/2026-06-03_13-48-09/multiclass_table6_valence_3class_emotion-elicitation_2026-06-03_15-04-16,,,,,,,,,,99.0
GNN,0.5094339622641509,256,subject_loo,cuda,101,171.80328476289287,s_P28,212,0.17963361006289308,materialized_graph_loader_forward_softmax,0.00017963361006289309,636,0.114246976,0.4210905265737979,GNN_v2,GNN_v2,gnn,torch_model,,,,table6-valence-3class,212,3,101143,0.03943155491459557,0.0003904114347979759,440057,4357,101143,465,1,results/quick_v1_v2_comparison/2026-06-03_09-24-45/model_runs/2026-06-03_13-48-09/multiclass_table6_valence_3class_emotion-elicitation_2026-06-03_15-04-16/subject_loo/s_P28/model_benchmark.json,GNN,multiclass_table6_valence_3class,Table-6 Valence,results/quick_v1_v2_comparison/2026-06-03_09-24-45/model_runs/2026-06-03_13-48-09,results/quick_v1_v2_comparison/2026-06-03_09-24-45/model_runs/2026-06-03_13-48-09/multiclass_table6_valence_3class_emotion-elicitation_2026-06-03_15-04-16,,,,,,,,,,81.0
GNN,0.5416666666666666,256,subject_loo,cuda,88,149.522305150982,s_P29,216,0.19061272222222223,materialized_graph_loader_forward_softmax,0.00019061272222222224,648,0.123517044,0.3912419160191896,GNN_v2,GNN_v2,gnn,torch_model,,,,table6-valence-3class,216,3,101143,0.03426267304101329,0.0003893485572842419,384032,4364,101143,454,1,results/quick_v1_v2_comparison/2026-06-03_09-24-45/model_runs/2026-06-03_13-48-09/multiclass_table6_valence_3class_emotion-elicitation_2026-06-03_15-04-16/subject_loo/s_P29/model_benchmark.json,GNN,multiclass_table6_valence_3class,Table-6 Valence,results/quick_v1_v2_comparison/2026-06-03_09-24-45/model_runs/2026-06-03_13-48-09,results/quick_v1_v2_comparison/2026-06-03_09-24-45/model_runs/2026-06-03_13-48-09/multiclass_table6_valence_3class_emotion-elicitation_2026-06-03_15-04-16,,,,,,,,,,68.0
GNN,0.5353982300884956,256,subject_loo,cuda,58,97.43458360503428,s_P30,226,0.1934174424778761,materialized_graph_loader_forward_softmax,0.0001934174424778761,678,0.131137026,0.5013631513724814,GNN_v2,GNN_v2,gnn,torch_model,,,,table6-valence-3class,226,3,101143,0.02251781456090462,0.00038823818208456233,250966,4327,101143,481,1,results/quick_v1_v2_comparison/2026-06-03_09-24-45/model_runs/2026-06-03_13-48-09/multiclass_table6_valence_3class_emotion-elicitation_2026-06-03_15-04-16/subject_loo/s_P30/model_benchmark.json,GNN,multiclass_table6_valence_3class,Table-6 Valence,results/quick_v1_v2_comparison/2026-06-03_09-24-45/model_runs/2026-06-03_13-48-09,results/quick_v1_v2_comparison/2026-06-03_09-24-45/model_runs/2026-06-03_13-48-09/multiclass_table6_valence_3class_emotion-elicitation_2026-06-03_15-04-16,,,,,,,,,,38.0
GNN,0.46613545816733065,256,subject_loo,cuda,49,82.91867750999518,s_P4,251,0.19919329614873837,materialized_graph_loader_forward_softmax,0.0001991932961487384,753,0.149992552,0.4526322458029775,GNN_v2,GNN_v2,gnn,torch_model,,,,table6-valence-3class,251,3,101143,0.01904425298805585,0.00038865822424603776,213346,4354,101143,429,1,results/quick_v1_v2_comparison/2026-06-03_09-24-45/model_runs/2026-06-03_13-48-09/multiclass_table6_valence_3class_emotion-elicitation_2026-06-03_15-04-16/subject_loo/s_P4/model_benchmark.json,GNN,multiclass_table6_valence_3class,Table-6 Valence,results/quick_v1_v2_comparison/2026-06-03_09-24-45/model_runs/2026-06-03_13-48-09,results/quick_v1_v2_comparison/2026-06-03_09-24-45/model_runs/2026-06-03_13-48-09/multiclass_table6_valence_3class_emotion-elicitation_2026-06-03_15-04-16,,,,,,,,,,29.0
GNN,0.5345454545454545,256,subject_loo,cuda,41,68.36101255891845,s_P5,275,0.22017466666666669,materialized_graph_loader_forward_softmax,0.00022017466666666668,825,0.1816441,0.5220697035110053,GNN_v2,GNN_v2,gnn,torch_model,,,,table6-valence-3class,275,3,101143,0.015707953253427952,0.00038312081105921835,178432,4352,101143,407,1,results/quick_v1_v2_comparison/2026-06-03_09-24-45/model_runs/2026-06-03_13-48-09/multiclass_table6_valence_3class_emotion-elicitation_2026-06-03_15-04-16/subject_loo/s_P5/model_benchmark.json,GNN,multiclass_table6_valence_3class,Table-6 Valence,results/quick_v1_v2_comparison/2026-06-03_09-24-45/model_runs/2026-06-03_13-48-09,results/quick_v1_v2_comparison/2026-06-03_09-24-45/model_runs/2026-06-03_13-48-09/multiclass_table6_valence_3class_emotion-elicitation_2026-06-03_15-04-16,,,,,,,,,,21.0
GNN,0.6260869565217392,256,subject_loo,cuda,21,35.550418560858816,s_P7,230,0.19597877391304347,materialized_graph_loader_forward_softmax,0.00019597877391304346,690,0.135225354,0.3118744228993537,GNN_v2,GNN_v2,gnn,torch_model,,,,table6-valence-3class,230,3,101143,0.008197006815969292,0.0003903336579032996,91077,4337,101143,467,1,results/quick_v1_v2_comparison/2026-06-03_09-24-45/model_runs/2026-06-03_13-48-09/multiclass_table6_valence_3class_emotion-elicitation_2026-06-03_15-04-16/subject_loo/s_P7/model_benchmark.json,GNN,multiclass_table6_valence_3class,Table-6 Valence,results/quick_v1_v2_comparison/2026-06-03_09-24-45/model_runs/2026-06-03_13-48-09,results/quick_v1_v2_comparison/2026-06-03_09-24-45/model_runs/2026-06-03_13-48-09/multiclass_table6_valence_3class_emotion-elicitation_2026-06-03_15-04-16,,,,,,,,,,1.0
GNN,0.5570776255707762,256,subject_loo,cuda,56,95.14286260516383,s_P8,219,0.18687138660578387,materialized_graph_loader_forward_softmax,0.00018687138660578387,657,0.122774501,0.541809093646492,GNN_v2,GNN_v2,gnn,torch_model,,,,table6-valence-3class,219,3,101143,0.021746940024037445,0.0003883382147149544,245000,4375,101143,440,1,results/quick_v1_v2_comparison/2026-06-03_09-24-45/model_runs/2026-06-03_13-48-09/multiclass_table6_valence_3class_emotion-elicitation_2026-06-03_15-04-16/subject_loo/s_P8/model_benchmark.json,GNN,multiclass_table6_valence_3class,Table-6 Valence,results/quick_v1_v2_comparison/2026-06-03_09-24-45/model_runs/2026-06-03_13-48-09,results/quick_v1_v2_comparison/2026-06-03_09-24-45/model_runs/2026-06-03_13-48-09/multiclass_table6_valence_3class_emotion-elicitation_2026-06-03_15-04-16,,,,,,,,,,36.0
GNN,0.4873417721518987,256,recording_loo,cuda,22,36.893025691853836,r_107.avi,158,0.21018046835443038,materialized_graph_loader_forward_softmax,0.00021018046835443038,474,0.099625542,0.34710167880899584,GNN_v2,GNN_v2,gnn,torch_model,,,,table6-valence-3class,158,3,101143,0.008699133622224436,0.0003954151646465653,93302,4241,101143,635,1,results/quick_v1_v2_comparison/2026-06-03_09-24-45/model_runs/2026-06-03_13-48-09/multiclass_table6_valence_3class_emotion-elicitation_2026-06-03_15-04-16/recording_loo/r_107.avi/model_benchmark.json,GNN,multiclass_table6_valence_3class,Table-6 Valence,results/quick_v1_v2_comparison/2026-06-03_09-24-45/model_runs/2026-06-03_13-48-09,results/quick_v1_v2_comparison/2026-06-03_09-24-45/model_runs/2026-06-03_13-48-09/multiclass_table6_valence_3class_emotion-elicitation_2026-06-03_15-04-16,,,,,,,,,,2.0
GNN,0.47129909365558914,256,recording_loo,cuda,115,188.1504857139662,r_111.avi,331,0.2062064370594159,materialized_graph_loader_forward_softmax,0.0002062064370594159,993,0.204762992,0.22966545108609482,GNN_v2,GNN_v2,gnn,torch_model,,,,table6-valence-3class,331,3,101143,0.044969045342726145,0.00039103517689327084,481160,4184,101143,519,1,results/quick_v1_v2_comparison/2026-06-03_09-24-45/model_runs/2026-06-03_13-48-09/multiclass_table6_valence_3class_emotion-elicitation_2026-06-03_15-04-16/recording_loo/r_111.avi/model_benchmark.json,GNN,multiclass_table6_valence_3class,Table-6 Valence,results/quick_v1_v2_comparison/2026-06-03_09-24-45/model_runs/2026-06-03_13-48-09,results/quick_v1_v2_comparison/2026-06-03_09-24-45/model_runs/2026-06-03_13-48-09/multiclass_table6_valence_3class_emotion-elicitation_2026-06-03_15-04-16,,,,,,,,,,95.0
GNN,0.4511494252873563,256,recording_loo,cuda,24,39.603263651020825,r_138.avi,348,0.19437204406130268,materialized_graph_loader_forward_softmax,0.00019437204406130268,1044,0.202924414,0.2406883545497407,GNN_v2,GNN_v2,gnn,torch_model,,,,table6-valence-3class,348,3,101143,0.009154707270231351,0.0003814461362596396,103824,4326,101143,360,1,results/quick_v1_v2_comparison/2026-06-03_09-24-45/model_runs/2026-06-03_13-48-09/multiclass_table6_valence_3class_emotion-elicitation_2026-06-03_15-04-16/recording_loo/r_138.avi/model_benchmark.json,GNN,multiclass_table6_valence_3class,Table-6 Valence,results/quick_v1_v2_comparison/2026-06-03_09-24-45/model_runs/2026-06-03_13-48-09,results/quick_v1_v2_comparison/2026-06-03_09-24-45/model_runs/2026-06-03_13-48-09/multiclass_table6_valence_3class_emotion-elicitation_2026-06-03_15-04-16,,,,,,,,,,4.0
GNN,0.43866171003717475,256,recording_loo,cuda,43,71.34763074712828,r_146.avi,269,0.20166607187112764,materialized_graph_loader_forward_softmax,0.00020166607187112765,807,0.16274452,0.2650672264707352,GNN_v2,GNN_v2,gnn,torch_model,,,,table6-valence-3class,269,3,101143,0.016740410780649525,0.0003893118786197564,183266,4262,101143,503,1,results/quick_v1_v2_comparison/2026-06-03_09-24-45/model_runs/2026-06-03_13-48-09/multiclass_table6_valence_3class_emotion-elicitation_2026-06-03_15-04-16/recording_loo/r_146.avi/model_benchmark.json,GNN,multiclass_table6_valence_3class,Table-6 Valence,results/quick_v1_v2_comparison/2026-06-03_09-24-45/model_runs/2026-06-03_13-48-09,results/quick_v1_v2_comparison/2026-06-03_09-24-45/model_runs/2026-06-03_13-48-09/multiclass_table6_valence_3class_emotion-elicitation_2026-06-03_15-04-16,,,,,,,,,,23.0
GNN,0.526829268292683,256,recording_loo,cuda,21,35.577904083998874,r_30.avi,205,0.17604533658536584,materialized_graph_loader_forward_softmax,0.00017604533658536583,615,0.108267882,0.27049525816649106,GNN_v2,GNN_v2,gnn,torch_model,,,,table6-valence-3class,205,3,101143,0.008229910729585675,0.0003919005109326512,90783,4323,101143,506,1,results/quick_v1_v2_comparison/2026-06-03_09-24-45/model_runs/2026-06-03_13-48-09/multiclass_table6_valence_3class_emotion-elicitation_2026-06-03_15-04-16/recording_loo/r_30.avi/model_benchmark.json,GNN,multiclass_table6_valence_3class,Table-6 Valence,results/quick_v1_v2_comparison/2026-06-03_09-24-45/model_runs/2026-06-03_13-48-09,results/quick_v1_v2_comparison/2026-06-03_09-24-45/model_runs/2026-06-03_13-48-09/multiclass_table6_valence_3class_emotion-elicitation_2026-06-03_15-04-16,,,,,,,,,,1.0
GNN,0.42033898305084744,256,recording_loo,cuda,23,37.5290135180112,r_52.avi,295,0.20324666440677966,materialized_graph_loader_forward_softmax,0.00020324666440677965,885,0.179873298,0.2524808524808525,GNN_v2,GNN_v2,gnn,torch_model,,,,table6-valence-3class,295,3,101143,0.009067169248130273,0.0003942247499187075,95197,4139,101143,600,1,results/quick_v1_v2_comparison/2026-06-03_09-24-45/model_runs/2026-06-03_13-48-09/multiclass_table6_valence_3class_emotion-elicitation_2026-06-03_15-04-16/recording_loo/r_52.avi/model_benchmark.json,GNN,multiclass_table6_valence_3class,Table-6 Valence,results/quick_v1_v2_comparison/2026-06-03_09-24-45/model_runs/2026-06-03_13-48-09,results/quick_v1_v2_comparison/2026-06-03_09-24-45/model_runs/2026-06-03_13-48-09/multiclass_table6_valence_3class_emotion-elicitation_2026-06-03_15-04-16,,,,,,,,,,3.0
GNN,0.33223684210526316,256,recording_loo,cuda,121,199.10163556109183,r_53.avi,304,0.1984742850877193,materialized_graph_loader_forward_softmax,0.0001984742850877193,912,0.181008548,0.28525254484806356,GNN_v2,GNN_v2,gnn,torch_model,,,,table6-valence-3class,304,3,101143,0.04743903635003379,0.0003920581516531718,507837,4197,101143,533,1,results/quick_v1_v2_comparison/2026-06-03_09-24-45/model_runs/2026-06-03_13-48-09/multiclass_table6_valence_3class_emotion-elicitation_2026-06-03_15-04-16/recording_loo/r_53.avi/model_benchmark.json,GNN,multiclass_table6_valence_3class,Table-6 Valence,results/quick_v1_v2_comparison/2026-06-03_09-24-45/model_runs/2026-06-03_13-48-09,results/quick_v1_v2_comparison/2026-06-03_09-24-45/model_runs/2026-06-03_13-48-09/multiclass_table6_valence_3class_emotion-elicitation_2026-06-03_15-04-16,,,,,,,,,,101.0
GNN,0.44398340248962653,256,recording_loo,cuda,21,35.00485805305652,r_55.avi,241,0.19163131258644536,materialized_graph_loader_forward_softmax,0.00019163131258644536,723,0.138549439,0.2578723882453986,GNN_v2,GNN_v2,gnn,torch_model,,,,table6-valence-3class,241,3,101143,0.008142558281706565,0.00038774087055745547,90279,4299,101143,494,1,results/quick_v1_v2_comparison/2026-06-03_09-24-45/model_runs/2026-06-03_13-48-09/multiclass_table6_valence_3class_emotion-elicitation_2026-06-03_15-04-16/recording_loo/r_55.avi/model_benchmark.json,GNN,multiclass_table6_valence_3class,Table-6 Valence,results/quick_v1_v2_comparison/2026-06-03_09-24-45/model_runs/2026-06-03_13-48-09,results/quick_v1_v2_comparison/2026-06-03_09-24-45/model_runs/2026-06-03_13-48-09/multiclass_table6_valence_3class_emotion-elicitation_2026-06-03_15-04-16,,,,,,,,,,1.0
GNN,0.5583756345177665,256,recording_loo,cuda,46,77.34523515217006,r_58.avi,197,0.18754659390862943,materialized_graph_loader_forward_softmax,0.00018754659390862944,591,0.110840037,0.35469828980689205,GNN_v2,GNN_v2,gnn,torch_model,,,,table6-valence-3class,197,3,101143,0.01784615485744579,0.0003879598882053433,199364,4334,101143,503,1,results/quick_v1_v2_comparison/2026-06-03_09-24-45/model_runs/2026-06-03_13-48-09/multiclass_table6_valence_3class_emotion-elicitation_2026-06-03_15-04-16/recording_loo/r_58.avi/model_benchmark.json,GNN,multiclass_table6_valence_3class,Table-6 Valence,results/quick_v1_v2_comparison/2026-06-03_09-24-45/model_runs/2026-06-03_13-48-09,results/quick_v1_v2_comparison/2026-06-03_09-24-45/model_runs/2026-06-03_13-48-09/multiclass_table6_valence_3class_emotion-elicitation_2026-06-03_15-04-16,,,,,,,,,,26.0
GNN,0.5887850467289719,256,recording_loo,cuda,71,120.01780599704944,r_69.avi,214,0.18172488473520249,materialized_graph_loader_forward_softmax,0.0001817248847352025,642,0.116667376,0.24705882352941178,GNN_v2,GNN_v2,gnn,torch_model,,,,table6-valence-3class,214,3,101143,0.027583959089186264,0.00038850646604487695,308921,4351,101143,469,1,results/quick_v1_v2_comparison/2026-06-03_09-24-45/model_runs/2026-06-03_13-48-09/multiclass_table6_valence_3class_emotion-elicitation_2026-06-03_15-04-16/recording_loo/r_69.avi/model_benchmark.json,GNN,multiclass_table6_valence_3class,Table-6 Valence,results/quick_v1_v2_comparison/2026-06-03_09-24-45/model_runs/2026-06-03_13-48-09,results/quick_v1_v2_comparison/2026-06-03_09-24-45/model_runs/2026-06-03_13-48-09/multiclass_table6_valence_3class_emotion-elicitation_2026-06-03_15-04-16,,,,,,,,,,51.0
GNN,0.5,256,recording_loo,cuda,50,83.30873951595277,r_73.avi,244,0.19218699043715848,materialized_graph_loader_forward_softmax,0.00019218699043715848,732,0.140680877,0.24282186948853615,GNN_v2,GNN_v2,gnn,torch_model,,,,table6-valence-3class,244,3,101143,0.01967613120357883,0.0003935226240715766,211700,4234,101143,556,1,results/quick_v1_v2_comparison/2026-06-03_09-24-45/model_runs/2026-06-03_13-48-09/multiclass_table6_valence_3class_emotion-elicitation_2026-06-03_15-04-16/recording_loo/r_73.avi/model_benchmark.json,GNN,multiclass_table6_valence_3class,Table-6 Valence,results/quick_v1_v2_comparison/2026-06-03_09-24-45/model_runs/2026-06-03_13-48-09,results/quick_v1_v2_comparison/2026-06-03_09-24-45/model_runs/2026-06-03_13-48-09/multiclass_table6_valence_3class_emotion-elicitation_2026-06-03_15-04-16,,,,,,,,,,30.0
GNN,0.049079754601226995,256,recording_loo,cuda,21,35.63707433594391,r_79.avi,163,0.18307389161554194,materialized_graph_loader_forward_softmax,0.00018307389161554194,489,0.089523133,0.05233494363929147,GNN_v2,GNN_v2,gnn,torch_model,,,,table6-valence-3class,163,3,101143,0.008188665977928288,0.0003899364751394423,91392,4352,101143,519,1,results/quick_v1_v2_comparison/2026-06-03_09-24-45/model_runs/2026-06-03_13-48-09/multiclass_table6_valence_3class_emotion-elicitation_2026-06-03_15-04-16/recording_loo/r_79.avi/model_benchmark.json,GNN,multiclass_table6_valence_3class,Table-6 Valence,results/quick_v1_v2_comparison/2026-06-03_09-24-45/model_runs/2026-06-03_13-48-09,results/quick_v1_v2_comparison/2026-06-03_09-24-45/model_runs/2026-06-03_13-48-09/multiclass_table6_valence_3class_emotion-elicitation_2026-06-03_15-04-16,,,,,,,,,,1.0
GNN,0.13978494623655913,256,recording_loo,cuda,25,41.07721135020256,r_80.avi,279,0.20836685543608124,materialized_graph_loader_forward_softmax,0.00020836685543608124,837,0.174403058,0.10570073221930217,GNN_v2,GNN_v2,gnn,torch_model,,,,table6-valence-3class,279,3,101143,0.009757057327839089,0.0003902822931135635,105250,4210,101143,545,1,results/quick_v1_v2_comparison/2026-06-03_09-24-45/model_runs/2026-06-03_13-48-09/multiclass_table6_valence_3class_emotion-elicitation_2026-06-03_15-04-16/recording_loo/r_80.avi/model_benchmark.json,GNN,multiclass_table6_valence_3class,Table-6 Valence,results/quick_v1_v2_comparison/2026-06-03_09-24-45/model_runs/2026-06-03_13-48-09,results/quick_v1_v2_comparison/2026-06-03_09-24-45/model_runs/2026-06-03_13-48-09/multiclass_table6_valence_3class_emotion-elicitation_2026-06-03_15-04-16,,,,,,,,,,5.0
GNN,0.16015625,256,recording_loo,cuda,21,34.81739459000528,r_90.avi,256,0.19365227213541666,materialized_graph_loader_forward_softmax,0.00019365227213541665,768,0.148724945,0.13607532058630228,GNN_v2,GNN_v2,gnn,torch_model,,,,table6-valence-3class,256,3,101143,0.008131105695937712,0.00038719550933036717,89922,4282,101143,496,1,results/quick_v1_v2_comparison/2026-06-03_09-24-45/model_runs/2026-06-03_13-48-09/multiclass_table6_valence_3class_emotion-elicitation_2026-06-03_15-04-16/recording_loo/r_90.avi/model_benchmark.json,GNN,multiclass_table6_valence_3class,Table-6 Valence,results/quick_v1_v2_comparison/2026-06-03_09-24-45/model_runs/2026-06-03_13-48-09,results/quick_v1_v2_comparison/2026-06-03_09-24-45/model_runs/2026-06-03_13-48-09/multiclass_table6_valence_3class_emotion-elicitation_2026-06-03_15-04-16,,,,,,,,,,1.0
GNN,0.2568493150684932,256,recording_loo,cuda,25,42.04717576713301,r_cats_f.avi,292,0.20649309474885844,materialized_graph_loader_forward_softmax,0.00020649309474885845,876,0.180887951,0.13623978201634876,GNN_v2,GNN_v2,gnn,torch_model,,,,table6-valence-3class,292,3,101143,0.009612980285124145,0.0003845192114049658,109350,4374,101143,368,1,results/quick_v1_v2_comparison/2026-06-03_09-24-45/model_runs/2026-06-03_13-48-09/multiclass_table6_valence_3class_emotion-elicitation_2026-06-03_15-04-16/recording_loo/r_cats_f.avi/model_benchmark.json,GNN,multiclass_table6_valence_3class,Table-6 Valence,results/quick_v1_v2_comparison/2026-06-03_09-24-45/model_runs/2026-06-03_13-48-09,results/quick_v1_v2_comparison/2026-06-03_09-24-45/model_runs/2026-06-03_13-48-09/multiclass_table6_valence_3class_emotion-elicitation_2026-06-03_15-04-16,,,,,,,,,,5.0
GNN,0.11363636363636363,256,recording_loo,cuda,21,34.83404430793598,r_dallas_f.avi,264,0.23895620075757576,materialized_graph_loader_forward_softmax,0.00023895620075757576,792,0.189253311,0.06802721088435375,GNN_v2,GNN_v2,gnn,torch_model,,,,table6-valence-3class,264,3,101143,0.00812929855494422,0.0003871094549973438,89985,4285,101143,485,1,results/quick_v1_v2_comparison/2026-06-03_09-24-45/model_runs/2026-06-03_13-48-09/multiclass_table6_valence_3class_emotion-elicitation_2026-06-03_15-04-16/recording_loo/r_dallas_f.avi/model_benchmark.json,GNN,multiclass_table6_valence_3class,Table-6 Valence,results/quick_v1_v2_comparison/2026-06-03_09-24-45/model_runs/2026-06-03_13-48-09,results/quick_v1_v2_comparison/2026-06-03_09-24-45/model_runs/2026-06-03_13-48-09/multiclass_table6_valence_3class_emotion-elicitation_2026-06-03_15-04-16,,,,,,,,,,1.0
GNN,0.6145038167938931,256,recording_loo,cuda,61,101.57236919389106,r_detroit_f.avi,262,0.20692914249363867,materialized_graph_loader_forward_softmax,0.00020692914249363867,786,0.162646306,0.25374310480693457,GNN_v2,GNN_v2,gnn,torch_model,,,,table6-valence-3class,262,3,101143,0.023737408084573745,0.00038913783745202863,261019,4279,101143,493,1,results/quick_v1_v2_comparison/2026-06-03_09-24-45/model_runs/2026-06-03_13-48-09/multiclass_table6_valence_3class_emotion-elicitation_2026-06-03_15-04-16/recording_loo/r_detroit_f.avi/model_benchmark.json,GNN,multiclass_table6_valence_3class,Table-6 Valence,results/quick_v1_v2_comparison/2026-06-03_09-24-45/model_runs/2026-06-03_13-48-09,results/quick_v1_v2_comparison/2026-06-03_09-24-45/model_runs/2026-06-03_13-48-09/multiclass_table6_valence_3class_emotion-elicitation_2026-06-03_15-04-16,,,,,,,,,,41.0
GNN,0.4010416666666667,256,recording_loo,cuda,21,35.037445897003636,r_earworm_f.avi,192,0.1835363142361111,materialized_graph_loader_forward_softmax,0.0001835363142361111,576,0.105716917,0.3390204796602933,GNN_v2,GNN_v2,gnn,torch_model,,,,table6-valence-3class,192,3,101143,0.008310589634014145,0.0003957423635244831,88536,4216,101143,626,1,results/quick_v1_v2_comparison/2026-06-03_09-24-45/model_runs/2026-06-03_13-48-09/multiclass_table6_valence_3class_emotion-elicitation_2026-06-03_15-04-16/recording_loo/r_earworm_f.avi/model_benchmark.json,GNN,multiclass_table6_valence_3class,Table-6 Valence,results/quick_v1_v2_comparison/2026-06-03_09-24-45/model_runs/2026-06-03_13-48-09,results/quick_v1_v2_comparison/2026-06-03_09-24-45/model_runs/2026-06-03_13-48-09/multiclass_table6_valence_3class_emotion-elicitation_2026-06-03_15-04-16,,,,,,,,,,1.0
GNN,0.3584905660377358,256,recording_loo,cuda,53,87.60732149099931,r_funny_f.avi,265,0.22080290188679247,materialized_graph_loader_forward_softmax,0.00022080290188679247,795,0.175538307,0.26823530394958967,GNN_v2,GNN_v2,gnn,torch_model,,,,table6-valence-3class,265,3,101143,0.020550626669246848,0.0003877476730046575,225939,4263,101143,506,1,results/quick_v1_v2_comparison/2026-06-03_09-24-45/model_runs/2026-06-03_13-48-09/multiclass_table6_valence_3class_emotion-elicitation_2026-06-03_15-04-16/recording_loo/r_funny_f.avi/model_benchmark.json,GNN,multiclass_table6_valence_3class,Table-6 Valence,results/quick_v1_v2_comparison/2026-06-03_09-24-45/model_runs/2026-06-03_13-48-09,results/quick_v1_v2_comparison/2026-06-03_09-24-45/model_runs/2026-06-03_13-48-09/multiclass_table6_valence_3class_emotion-elicitation_2026-06-03_15-04-16,,,,,,,,,,33.0
GNN,0.12941176470588237,256,recording_loo,cuda,28,46.79521369095892,r_newyork_f.avi,255,0.19154474640522876,materialized_graph_loader_forward_softmax,0.00019154474640522876,765,0.146531731,0.0990444024499752,GNN_v2,GNN_v2,gnn,torch_model,,,,table6-valence-3class,255,3,101143,0.010779823471771232,0.00038499369542040115,121548,4341,101143,438,1,results/quick_v1_v2_comparison/2026-06-03_09-24-45/model_runs/2026-06-03_13-48-09/multiclass_table6_valence_3class_emotion-elicitation_2026-06-03_15-04-16/recording_loo/r_newyork_f.avi/model_benchmark.json,GNN,multiclass_table6_valence_3class,Table-6 Valence,results/quick_v1_v2_comparison/2026-06-03_09-24-45/model_runs/2026-06-03_13-48-09,results/quick_v1_v2_comparison/2026-06-03_09-24-45/model_runs/2026-06-03_13-48-09/multiclass_table6_valence_3class_emotion-elicitation_2026-06-03_15-04-16,,,,,,,,,,8.0
