experiment_id,experiment_display_name,cv_strategy,summary_model_name,model,fold_id,suite_run_dir,trainer_run_dir,diagnostics_path,split,logit_mean,logit_std,logit_min,logit_max,logit_range,prediction_entropy_mean,prediction_entropy_std,prediction_entropy_min,prediction_entropy_max,graph_embedding_variance,graph_embedding_mean_pairwise_cosine_similarity,graph_embedding_pair_count,temporal_forward_edge_weight_mean,temporal_forward_edge_weight_std,temporal_forward_edge_weight_min,temporal_forward_edge_weight_max,temporal_backward_edge_weight_mean,temporal_backward_edge_weight_std,temporal_backward_edge_weight_min,temporal_backward_edge_weight_max,spatial_edge_weight_mean,spatial_edge_weight_std,spatial_edge_weight_min,spatial_edge_weight_max,fixation_edge_weight_mean,fixation_edge_weight_std,fixation_edge_weight_min,fixation_edge_weight_max,best_epoch,best_val_loss,early_stopped
multiclass_table6_arousal_3class,Table-6 Arousal,subject_loo,GNN,BasicGCN_mean,s_P1,results/quick_v1_v2_comparison/2026-06-03_09-24-45/model_runs/2026-06-03_09-39-05,results/quick_v1_v2_comparison/2026-06-03_09-24-45/model_runs/2026-06-03_09-39-05/multiclass_table6_arousal_3class_emotion-elicitation_2026-06-03_09-40-04,results/quick_v1_v2_comparison/2026-06-03_09-24-45/model_runs/2026-06-03_09-39-05/multiclass_table6_arousal_3class_emotion-elicitation_2026-06-03_09-40-04/subject_loo/s_P1/gnn_fold_diagnostics.csv,train,0.0533623769879341,0.8119857907295227,-3.3286118507385254,4.9292497634887695,8.257861614227295,0.8768017888069153,0.1959947347640991,0.0239829197525978,1.09859037399292,0.3384549915790558,0.3291172385215759,10000,,,,,,,,,,,,,,,,,150,0.9640565812587738,1
multiclass_table6_arousal_3class,Table-6 Arousal,subject_loo,GNN,BasicGCN_mean,s_P1,results/quick_v1_v2_comparison/2026-06-03_09-24-45/model_runs/2026-06-03_09-39-05,results/quick_v1_v2_comparison/2026-06-03_09-24-45/model_runs/2026-06-03_09-39-05/multiclass_table6_arousal_3class_emotion-elicitation_2026-06-03_09-40-04,results/quick_v1_v2_comparison/2026-06-03_09-24-45/model_runs/2026-06-03_09-39-05/multiclass_table6_arousal_3class_emotion-elicitation_2026-06-03_09-40-04/subject_loo/s_P1/gnn_fold_diagnostics.csv,val,0.0365978181362152,0.7737295627593994,-2.890710592269897,2.974825620651245,5.865536212921143,0.8927949070930481,0.190456211566925,0.1608142256736755,1.0982491970062256,0.3115600943565368,0.3652890920639038,114960,,,,,,,,,,,,,,,,,150,0.9640565812587738,1
multiclass_table6_arousal_3class,Table-6 Arousal,subject_loo,GNN,BasicGCN_mean,s_P1,results/quick_v1_v2_comparison/2026-06-03_09-24-45/model_runs/2026-06-03_09-39-05,results/quick_v1_v2_comparison/2026-06-03_09-24-45/model_runs/2026-06-03_09-39-05/multiclass_table6_arousal_3class_emotion-elicitation_2026-06-03_09-40-04,results/quick_v1_v2_comparison/2026-06-03_09-24-45/model_runs/2026-06-03_09-39-05/multiclass_table6_arousal_3class_emotion-elicitation_2026-06-03_09-40-04/subject_loo/s_P1/gnn_fold_diagnostics.csv,test,0.1692243963479995,1.1819511651992798,-2.05887770652771,3.672339677810669,5.731217384338379,0.7771756052970886,0.1339631378650665,0.0758889764547348,0.9856420755386353,0.1971682608127594,0.6778978705406189,28680,,,,,,,,,,,,,,,,,150,0.9640565812587738,1
multiclass_table6_arousal_3class,Table-6 Arousal,subject_loo,GNN,BasicGCN_mean,s_P10,results/quick_v1_v2_comparison/2026-06-03_09-24-45/model_runs/2026-06-03_09-39-05,results/quick_v1_v2_comparison/2026-06-03_09-24-45/model_runs/2026-06-03_09-39-05/multiclass_table6_arousal_3class_emotion-elicitation_2026-06-03_09-40-04,results/quick_v1_v2_comparison/2026-06-03_09-24-45/model_runs/2026-06-03_09-39-05/multiclass_table6_arousal_3class_emotion-elicitation_2026-06-03_09-40-04/subject_loo/s_P10/gnn_fold_diagnostics.csv,train,0.3036969900131225,0.588928759098053,-1.2192710638046265,2.355304479598999,3.574575543403625,0.9615221619606018,0.0988992899656295,0.3468612432479858,1.0985567569732666,0.346750944852829,0.411693811416626,10000,,,,,,,,,,,,,,,,,54,1.000791758298874,1
multiclass_table6_arousal_3class,Table-6 Arousal,subject_loo,GNN,BasicGCN_mean,s_P10,results/quick_v1_v2_comparison/2026-06-03_09-24-45/model_runs/2026-06-03_09-39-05,results/quick_v1_v2_comparison/2026-06-03_09-24-45/model_runs/2026-06-03_09-39-05/multiclass_table6_arousal_3class_emotion-elicitation_2026-06-03_09-40-04,results/quick_v1_v2_comparison/2026-06-03_09-24-45/model_runs/2026-06-03_09-39-05/multiclass_table6_arousal_3class_emotion-elicitation_2026-06-03_09-40-04/subject_loo/s_P10/gnn_fold_diagnostics.csv,val,0.3356206715106964,0.6917980909347534,-1.030886173248291,2.2966291904449463,3.3275153636932373,0.9317000508308412,0.1185774952173233,0.4131983518600464,1.094684362411499,0.3230169117450714,0.4865278601646423,97461,,,,,,,,,,,,,,,,,54,1.000791758298874,1
multiclass_table6_arousal_3class,Table-6 Arousal,subject_loo,GNN,BasicGCN_mean,s_P10,results/quick_v1_v2_comparison/2026-06-03_09-24-45/model_runs/2026-06-03_09-39-05,results/quick_v1_v2_comparison/2026-06-03_09-24-45/model_runs/2026-06-03_09-39-05/multiclass_table6_arousal_3class_emotion-elicitation_2026-06-03_09-40-04,results/quick_v1_v2_comparison/2026-06-03_09-24-45/model_runs/2026-06-03_09-39-05/multiclass_table6_arousal_3class_emotion-elicitation_2026-06-03_09-40-04/subject_loo/s_P10/gnn_fold_diagnostics.csv,test,0.3129029870033264,0.6819801330566406,-1.0709446668624878,1.952415108680725,3.023359775543213,0.93010675907135,0.0894095078110694,0.6107576489448547,1.091325283050537,0.2864349484443664,0.5074526071548462,26106,,,,,,,,,,,,,,,,,54,1.000791758298874,1
multiclass_table6_arousal_3class,Table-6 Arousal,subject_loo,GNN,BasicGCN_mean,s_P13,results/quick_v1_v2_comparison/2026-06-03_09-24-45/model_runs/2026-06-03_09-39-05,results/quick_v1_v2_comparison/2026-06-03_09-24-45/model_runs/2026-06-03_09-39-05/multiclass_table6_arousal_3class_emotion-elicitation_2026-06-03_09-40-04,results/quick_v1_v2_comparison/2026-06-03_09-24-45/model_runs/2026-06-03_09-39-05/multiclass_table6_arousal_3class_emotion-elicitation_2026-06-03_09-40-04/subject_loo/s_P13/gnn_fold_diagnostics.csv,train,-0.0455969981849193,0.6941507458686829,-2.0182435512542725,2.704029321670532,4.722272872924805,0.9170763492584229,0.1525762528181076,0.1982801109552383,1.0984041690826416,0.3350377082824707,0.4033822417259216,10000,,,,,,,,,,,,,,,,,107,0.8354139924049377,1
multiclass_table6_arousal_3class,Table-6 Arousal,subject_loo,GNN,BasicGCN_mean,s_P13,results/quick_v1_v2_comparison/2026-06-03_09-24-45/model_runs/2026-06-03_09-39-05,results/quick_v1_v2_comparison/2026-06-03_09-24-45/model_runs/2026-06-03_09-39-05/multiclass_table6_arousal_3class_emotion-elicitation_2026-06-03_09-40-04,results/quick_v1_v2_comparison/2026-06-03_09-24-45/model_runs/2026-06-03_09-39-05/multiclass_table6_arousal_3class_emotion-elicitation_2026-06-03_09-40-04/subject_loo/s_P13/gnn_fold_diagnostics.csv,val,-0.1227480098605156,0.703080415725708,-1.920746922492981,2.2931125164031982,4.213859438896179,0.9095913171768188,0.167398601770401,0.2786380052566528,1.0982449054718018,0.2804737985134125,0.4894925057888031,102831,,,,,,,,,,,,,,,,,107,0.8354139924049377,1
multiclass_table6_arousal_3class,Table-6 Arousal,subject_loo,GNN,BasicGCN_mean,s_P13,results/quick_v1_v2_comparison/2026-06-03_09-24-45/model_runs/2026-06-03_09-39-05,results/quick_v1_v2_comparison/2026-06-03_09-24-45/model_runs/2026-06-03_09-39-05/multiclass_table6_arousal_3class_emotion-elicitation_2026-06-03_09-40-04,results/quick_v1_v2_comparison/2026-06-03_09-24-45/model_runs/2026-06-03_09-39-05/multiclass_table6_arousal_3class_emotion-elicitation_2026-06-03_09-40-04/subject_loo/s_P13/gnn_fold_diagnostics.csv,test,-0.1077543795108795,0.7181905508041382,-2.3270375728607178,2.8810694217681885,5.208106994628906,0.8847681879997253,0.1851776838302612,0.2524589896202087,1.094491958618164,0.2518092095851898,0.5622770190238953,27730,,,,,,,,,,,,,,,,,107,0.8354139924049377,1
multiclass_table6_arousal_3class,Table-6 Arousal,subject_loo,GNN,BasicGCN_mean,s_P14,results/quick_v1_v2_comparison/2026-06-03_09-24-45/model_runs/2026-06-03_09-39-05,results/quick_v1_v2_comparison/2026-06-03_09-24-45/model_runs/2026-06-03_09-39-05/multiclass_table6_arousal_3class_emotion-elicitation_2026-06-03_09-40-04,results/quick_v1_v2_comparison/2026-06-03_09-24-45/model_runs/2026-06-03_09-39-05/multiclass_table6_arousal_3class_emotion-elicitation_2026-06-03_09-40-04/subject_loo/s_P14/gnn_fold_diagnostics.csv,train,-0.1034608036279678,0.7085370421409607,-2.362855911254883,2.332686185836792,4.695542097091675,0.9116650819778442,0.1493098884820938,0.2011832445859909,1.098193645477295,0.3692962825298309,0.3493004441261291,10000,,,,,,,,,,,,,,,,,104,0.9755636155605316,1
multiclass_table6_arousal_3class,Table-6 Arousal,subject_loo,GNN,BasicGCN_mean,s_P14,results/quick_v1_v2_comparison/2026-06-03_09-24-45/model_runs/2026-06-03_09-39-05,results/quick_v1_v2_comparison/2026-06-03_09-24-45/model_runs/2026-06-03_09-39-05/multiclass_table6_arousal_3class_emotion-elicitation_2026-06-03_09-40-04,results/quick_v1_v2_comparison/2026-06-03_09-24-45/model_runs/2026-06-03_09-39-05/multiclass_table6_arousal_3class_emotion-elicitation_2026-06-03_09-40-04/subject_loo/s_P14/gnn_fold_diagnostics.csv,val,-0.03268688544631,0.6645207405090332,-2.3347415924072266,2.6708946228027344,5.005636215209961,0.9196327328681946,0.1648666858673095,0.1851815283298492,1.098281979560852,0.3099433481693268,0.4327547550201416,112575,,,,,,,,,,,,,,,,,104,0.9755636155605316,1
multiclass_table6_arousal_3class,Table-6 Arousal,subject_loo,GNN,BasicGCN_mean,s_P14,results/quick_v1_v2_comparison/2026-06-03_09-24-45/model_runs/2026-06-03_09-39-05,results/quick_v1_v2_comparison/2026-06-03_09-24-45/model_runs/2026-06-03_09-39-05/multiclass_table6_arousal_3class_emotion-elicitation_2026-06-03_09-40-04,results/quick_v1_v2_comparison/2026-06-03_09-24-45/model_runs/2026-06-03_09-39-05/multiclass_table6_arousal_3class_emotion-elicitation_2026-06-03_09-40-04/subject_loo/s_P14/gnn_fold_diagnostics.csv,test,-0.1081281155347824,0.868523120880127,-2.100825786590576,2.176908016204834,4.27773380279541,0.836108386516571,0.1724864840507507,0.3199667334556579,1.0875613689422607,0.2600805461406708,0.5268508195877075,23436,,,,,,,,,,,,,,,,,104,0.9755636155605316,1
multiclass_table6_arousal_3class,Table-6 Arousal,subject_loo,GNN,BasicGCN_mean,s_P16,results/quick_v1_v2_comparison/2026-06-03_09-24-45/model_runs/2026-06-03_09-39-05,results/quick_v1_v2_comparison/2026-06-03_09-24-45/model_runs/2026-06-03_09-39-05/multiclass_table6_arousal_3class_emotion-elicitation_2026-06-03_09-40-04,results/quick_v1_v2_comparison/2026-06-03_09-24-45/model_runs/2026-06-03_09-39-05/multiclass_table6_arousal_3class_emotion-elicitation_2026-06-03_09-40-04/subject_loo/s_P16/gnn_fold_diagnostics.csv,train,0.0296886190772056,0.7956587076187134,-3.861596822738648,4.170802116394043,8.03239893913269,0.889551043510437,0.1909204870462417,0.0253306850790977,1.0985817909240725,0.372385025024414,0.2569642066955566,10000,,,,,,,,,,,,,,,,,149,0.8646058142185211,1
multiclass_table6_arousal_3class,Table-6 Arousal,subject_loo,GNN,BasicGCN_mean,s_P16,results/quick_v1_v2_comparison/2026-06-03_09-24-45/model_runs/2026-06-03_09-39-05,results/quick_v1_v2_comparison/2026-06-03_09-24-45/model_runs/2026-06-03_09-39-05/multiclass_table6_arousal_3class_emotion-elicitation_2026-06-03_09-40-04,results/quick_v1_v2_comparison/2026-06-03_09-24-45/model_runs/2026-06-03_09-39-05/multiclass_table6_arousal_3class_emotion-elicitation_2026-06-03_09-40-04/subject_loo/s_P16/gnn_fold_diagnostics.csv,val,0.0558166392147541,0.7918855547904968,-3.383185148239136,2.5029444694519043,5.88612961769104,0.892301619052887,0.1838244944810867,0.2001793384552002,1.0977309942245483,0.307037204504013,0.3579247593879699,104196,,,,,,,,,,,,,,,,,149,0.8646058142185211,1
multiclass_table6_arousal_3class,Table-6 Arousal,subject_loo,GNN,BasicGCN_mean,s_P16,results/quick_v1_v2_comparison/2026-06-03_09-24-45/model_runs/2026-06-03_09-39-05,results/quick_v1_v2_comparison/2026-06-03_09-24-45/model_runs/2026-06-03_09-39-05/multiclass_table6_arousal_3class_emotion-elicitation_2026-06-03_09-40-04,results/quick_v1_v2_comparison/2026-06-03_09-24-45/model_runs/2026-06-03_09-39-05/multiclass_table6_arousal_3class_emotion-elicitation_2026-06-03_09-40-04/subject_loo/s_P16/gnn_fold_diagnostics.csv,test,0.0582669898867607,0.6840482950210571,-2.3116769790649414,2.907254695892334,5.218931674957275,0.9173011779785156,0.1973596662282943,0.1128751188516616,1.0985522270202637,0.2713215351104736,0.3312821090221405,18528,,,,,,,,,,,,,,,,,149,0.8646058142185211,1
multiclass_table6_arousal_3class,Table-6 Arousal,subject_loo,GNN,BasicGCN_mean,s_P17,results/quick_v1_v2_comparison/2026-06-03_09-24-45/model_runs/2026-06-03_09-39-05,results/quick_v1_v2_comparison/2026-06-03_09-24-45/model_runs/2026-06-03_09-39-05/multiclass_table6_arousal_3class_emotion-elicitation_2026-06-03_09-40-04,results/quick_v1_v2_comparison/2026-06-03_09-24-45/model_runs/2026-06-03_09-39-05/multiclass_table6_arousal_3class_emotion-elicitation_2026-06-03_09-40-04/subject_loo/s_P17/gnn_fold_diagnostics.csv,train,0.0972947850823402,0.599128007888794,-1.7240417003631592,2.205671548843384,3.929713249206543,0.9529910087585448,0.1068297922611236,0.3882297873497009,1.0985467433929443,0.3338834941387176,0.4704361259937286,10000,,,,,,,,,,,,,,,,,59,0.9580263793468476,1
multiclass_table6_arousal_3class,Table-6 Arousal,subject_loo,GNN,BasicGCN_mean,s_P17,results/quick_v1_v2_comparison/2026-06-03_09-24-45/model_runs/2026-06-03_09-39-05,results/quick_v1_v2_comparison/2026-06-03_09-24-45/model_runs/2026-06-03_09-39-05/multiclass_table6_arousal_3class_emotion-elicitation_2026-06-03_09-40-04,results/quick_v1_v2_comparison/2026-06-03_09-24-45/model_runs/2026-06-03_09-39-05/multiclass_table6_arousal_3class_emotion-elicitation_2026-06-03_09-40-04/subject_loo/s_P17/gnn_fold_diagnostics.csv,val,0.1319060176610946,0.7307549118995667,-1.5042307376861572,2.2535345554351807,3.757765293121338,0.8946019411087036,0.1622285842895507,0.3624353408813476,1.0984927415847778,0.2904293239116668,0.5542423725128174,101475,,,,,,,,,,,,,,,,,59,0.9580263793468476,1
multiclass_table6_arousal_3class,Table-6 Arousal,subject_loo,GNN,BasicGCN_mean,s_P17,results/quick_v1_v2_comparison/2026-06-03_09-24-45/model_runs/2026-06-03_09-39-05,results/quick_v1_v2_comparison/2026-06-03_09-24-45/model_runs/2026-06-03_09-39-05/multiclass_table6_arousal_3class_emotion-elicitation_2026-06-03_09-40-04,results/quick_v1_v2_comparison/2026-06-03_09-24-45/model_runs/2026-06-03_09-39-05/multiclass_table6_arousal_3class_emotion-elicitation_2026-06-03_09-40-04/subject_loo/s_P17/gnn_fold_diagnostics.csv,test,0.0880954191088676,0.4539878964424133,-1.2214508056640625,1.600378155708313,2.8218289613723755,1.006746530532837,0.0746412873268127,0.5930416584014893,1.0982075929641724,0.2296655923128128,0.6181073188781738,28441,,,,,,,,,,,,,,,,,59,0.9580263793468476,1
multiclass_table6_arousal_3class,Table-6 Arousal,subject_loo,GNN,BasicGCN_mean,s_P18,results/quick_v1_v2_comparison/2026-06-03_09-24-45/model_runs/2026-06-03_09-39-05,results/quick_v1_v2_comparison/2026-06-03_09-24-45/model_runs/2026-06-03_09-39-05/multiclass_table6_arousal_3class_emotion-elicitation_2026-06-03_09-40-04,results/quick_v1_v2_comparison/2026-06-03_09-24-45/model_runs/2026-06-03_09-39-05/multiclass_table6_arousal_3class_emotion-elicitation_2026-06-03_09-40-04/subject_loo/s_P18/gnn_fold_diagnostics.csv,train,-0.0992964655160904,0.534028172492981,-1.776172399520874,1.524701714515686,3.30087411403656,0.9810980558395386,0.0786185264587402,0.5086984634399414,1.0972528457641602,0.3018592298030853,0.5060431361198425,10000,,,,,,,,,,,,,,,,,50,0.9541720151901244,1
multiclass_table6_arousal_3class,Table-6 Arousal,subject_loo,GNN,BasicGCN_mean,s_P18,results/quick_v1_v2_comparison/2026-06-03_09-24-45/model_runs/2026-06-03_09-39-05,results/quick_v1_v2_comparison/2026-06-03_09-24-45/model_runs/2026-06-03_09-39-05/multiclass_table6_arousal_3class_emotion-elicitation_2026-06-03_09-40-04,results/quick_v1_v2_comparison/2026-06-03_09-24-45/model_runs/2026-06-03_09-39-05/multiclass_table6_arousal_3class_emotion-elicitation_2026-06-03_09-40-04/subject_loo/s_P18/gnn_fold_diagnostics.csv,val,-0.1285933405160904,0.5965176224708557,-1.827186107635498,1.271929383277893,3.099115490913391,0.9536933302879332,0.0727122649550437,0.6605795621871948,1.0869848728179932,0.2165922820568084,0.6361812949180603,97903,,,,,,,,,,,,,,,,,50,0.9541720151901244,1
multiclass_table6_arousal_3class,Table-6 Arousal,subject_loo,GNN,BasicGCN_mean,s_P18,results/quick_v1_v2_comparison/2026-06-03_09-24-45/model_runs/2026-06-03_09-39-05,results/quick_v1_v2_comparison/2026-06-03_09-24-45/model_runs/2026-06-03_09-39-05/multiclass_table6_arousal_3class_emotion-elicitation_2026-06-03_09-40-04,results/quick_v1_v2_comparison/2026-06-03_09-24-45/model_runs/2026-06-03_09-39-05/multiclass_table6_arousal_3class_emotion-elicitation_2026-06-03_09-40-04/subject_loo/s_P18/gnn_fold_diagnostics.csv,test,-0.1283086240291595,0.4748668968677521,-1.4941236972808838,1.4129968881607056,2.9071205854415894,0.9993045330047609,0.0894741639494896,0.5630428194999695,1.0904875993728638,0.1991564631462097,0.6600576043128967,25878,,,,,,,,,,,,,,,,,50,0.9541720151901244,1
multiclass_table6_arousal_3class,Table-6 Arousal,subject_loo,GNN,BasicGCN_mean,s_P19,results/quick_v1_v2_comparison/2026-06-03_09-24-45/model_runs/2026-06-03_09-39-05,results/quick_v1_v2_comparison/2026-06-03_09-24-45/model_runs/2026-06-03_09-39-05/multiclass_table6_arousal_3class_emotion-elicitation_2026-06-03_09-40-04,results/quick_v1_v2_comparison/2026-06-03_09-24-45/model_runs/2026-06-03_09-39-05/multiclass_table6_arousal_3class_emotion-elicitation_2026-06-03_09-40-04/subject_loo/s_P19/gnn_fold_diagnostics.csv,train,-0.0398629233241081,0.4783041477203369,-1.2846657037734983,0.8278945088386536,2.112560212612152,1.010331630706787,0.0342527404427528,0.8228597640991211,1.0937955379486084,0.3431015312671661,0.4322498440742492,10000,,,,,,,,,,,,,,,,,13,1.039495885372162,1
multiclass_table6_arousal_3class,Table-6 Arousal,subject_loo,GNN,BasicGCN_mean,s_P19,results/quick_v1_v2_comparison/2026-06-03_09-24-45/model_runs/2026-06-03_09-39-05,results/quick_v1_v2_comparison/2026-06-03_09-24-45/model_runs/2026-06-03_09-39-05/multiclass_table6_arousal_3class_emotion-elicitation_2026-06-03_09-40-04,results/quick_v1_v2_comparison/2026-06-03_09-24-45/model_runs/2026-06-03_09-39-05/multiclass_table6_arousal_3class_emotion-elicitation_2026-06-03_09-40-04/subject_loo/s_P19/gnn_fold_diagnostics.csv,val,-0.1877293437719345,0.4264655411243438,-1.1412153244018557,0.5984950661659241,1.7397103905677795,1.0222928524017334,0.0315226912498474,0.8894357681274414,1.0872212648391724,0.2235946655273437,0.6720606088638306,108345,,,,,,,,,,,,,,,,,13,1.039495885372162,1
multiclass_table6_arousal_3class,Table-6 Arousal,subject_loo,GNN,BasicGCN_mean,s_P19,results/quick_v1_v2_comparison/2026-06-03_09-24-45/model_runs/2026-06-03_09-39-05,results/quick_v1_v2_comparison/2026-06-03_09-24-45/model_runs/2026-06-03_09-39-05/multiclass_table6_arousal_3class_emotion-elicitation_2026-06-03_09-40-04,results/quick_v1_v2_comparison/2026-06-03_09-24-45/model_runs/2026-06-03_09-39-05/multiclass_table6_arousal_3class_emotion-elicitation_2026-06-03_09-40-04/subject_loo/s_P19/gnn_fold_diagnostics.csv,test,-0.046953659504652,0.5061447024345398,-1.1365216970443726,0.7702268958091736,1.906748592853546,1.0033780336380005,0.0289503037929534,0.9152536988258362,1.0850811004638672,0.1721560359001159,0.7017370462417603,26106,,,,,,,,,,,,,,,,,13,1.039495885372162,1
multiclass_table6_arousal_3class,Table-6 Arousal,subject_loo,GNN,BasicGCN_mean,s_P2,results/quick_v1_v2_comparison/2026-06-03_09-24-45/model_runs/2026-06-03_09-39-05,results/quick_v1_v2_comparison/2026-06-03_09-24-45/model_runs/2026-06-03_09-39-05/multiclass_table6_arousal_3class_emotion-elicitation_2026-06-03_09-40-04,results/quick_v1_v2_comparison/2026-06-03_09-24-45/model_runs/2026-06-03_09-39-05/multiclass_table6_arousal_3class_emotion-elicitation_2026-06-03_09-40-04/subject_loo/s_P2/gnn_fold_diagnostics.csv,train,-0.1365897059440612,0.6384643316268921,-2.294687032699585,2.6669745445251465,4.9616615772247314,0.9347524642944336,0.1376914829015731,0.1729902029037475,1.098587989807129,0.330924779176712,0.4595749974250793,10000,,,,,,,,,,,,,,,,,65,0.8981700241565704,1
multiclass_table6_arousal_3class,Table-6 Arousal,subject_loo,GNN,BasicGCN_mean,s_P2,results/quick_v1_v2_comparison/2026-06-03_09-24-45/model_runs/2026-06-03_09-39-05,results/quick_v1_v2_comparison/2026-06-03_09-24-45/model_runs/2026-06-03_09-39-05/multiclass_table6_arousal_3class_emotion-elicitation_2026-06-03_09-40-04,results/quick_v1_v2_comparison/2026-06-03_09-24-45/model_runs/2026-06-03_09-39-05/multiclass_table6_arousal_3class_emotion-elicitation_2026-06-03_09-40-04/subject_loo/s_P2/gnn_fold_diagnostics.csv,val,-0.189554825425148,0.6664156913757324,-2.2266652584075928,1.6562806367874146,3.8829458951950073,0.915023922920227,0.1224949285387992,0.4816647469997406,1.0980613231658936,0.2547949850559234,0.6006715893745422,103285,,,,,,,,,,,,,,,,,65,0.8981700241565704,1
multiclass_table6_arousal_3class,Table-6 Arousal,subject_loo,GNN,BasicGCN_mean,s_P2,results/quick_v1_v2_comparison/2026-06-03_09-24-45/model_runs/2026-06-03_09-39-05,results/quick_v1_v2_comparison/2026-06-03_09-24-45/model_runs/2026-06-03_09-39-05/multiclass_table6_arousal_3class_emotion-elicitation_2026-06-03_09-40-04,results/quick_v1_v2_comparison/2026-06-03_09-24-45/model_runs/2026-06-03_09-39-05/multiclass_table6_arousal_3class_emotion-elicitation_2026-06-03_09-40-04/subject_loo/s_P2/gnn_fold_diagnostics.csv,test,-0.1272325664758682,0.6489535570144653,-1.6143865585327148,1.8507550954818728,3.4651416540145874,0.9310131669044496,0.1129992306232452,0.4297833144664764,1.0790793895721436,0.178278312087059,0.7178708910942078,28920,,,,,,,,,,,,,,,,,65,0.8981700241565704,1
multiclass_table6_arousal_3class,Table-6 Arousal,subject_loo,GNN,BasicGCN_mean,s_P20,results/quick_v1_v2_comparison/2026-06-03_09-24-45/model_runs/2026-06-03_09-39-05,results/quick_v1_v2_comparison/2026-06-03_09-24-45/model_runs/2026-06-03_09-39-05/multiclass_table6_arousal_3class_emotion-elicitation_2026-06-03_09-40-04,results/quick_v1_v2_comparison/2026-06-03_09-24-45/model_runs/2026-06-03_09-39-05/multiclass_table6_arousal_3class_emotion-elicitation_2026-06-03_09-40-04/subject_loo/s_P20/gnn_fold_diagnostics.csv,train,0.1663544028997421,0.4366876184940338,-0.7280824780464172,1.0525853633880615,1.7806678414344788,1.025484561920166,0.027230879291892,0.9312450885772704,1.0913407802581787,0.3624755442142486,0.4297444224357605,10000,,,,,,,,,,,,,,,,,11,0.9953323602676392,1
multiclass_table6_arousal_3class,Table-6 Arousal,subject_loo,GNN,BasicGCN_mean,s_P20,results/quick_v1_v2_comparison/2026-06-03_09-24-45/model_runs/2026-06-03_09-39-05,results/quick_v1_v2_comparison/2026-06-03_09-24-45/model_runs/2026-06-03_09-39-05/multiclass_table6_arousal_3class_emotion-elicitation_2026-06-03_09-40-04,results/quick_v1_v2_comparison/2026-06-03_09-24-45/model_runs/2026-06-03_09-39-05/multiclass_table6_arousal_3class_emotion-elicitation_2026-06-03_09-40-04/subject_loo/s_P20/gnn_fold_diagnostics.csv,val,0.1600176244974136,0.3902924060821533,-0.5328088998794556,0.9429998397827148,1.4758087396621704,1.0374603271484375,0.0246243085712194,0.9636046290397644,1.0966715812683103,0.3845260143280029,0.4450162947177887,97903,,,,,,,,,,,,,,,,,11,0.9953323602676392,1
multiclass_table6_arousal_3class,Table-6 Arousal,subject_loo,GNN,BasicGCN_mean,s_P20,results/quick_v1_v2_comparison/2026-06-03_09-24-45/model_runs/2026-06-03_09-39-05,results/quick_v1_v2_comparison/2026-06-03_09-24-45/model_runs/2026-06-03_09-39-05/multiclass_table6_arousal_3class_emotion-elicitation_2026-06-03_09-40-04,results/quick_v1_v2_comparison/2026-06-03_09-24-45/model_runs/2026-06-03_09-39-05/multiclass_table6_arousal_3class_emotion-elicitation_2026-06-03_09-40-04/subject_loo/s_P20/gnn_fold_diagnostics.csv,test,0.1691843122243881,0.3807061910629272,-0.5087096691131592,0.888429582118988,1.3971392512321472,1.040702223777771,0.0241906344890594,0.98398756980896,1.088353395462036,0.3089229762554168,0.5177148580551147,25425,,,,,,,,,,,,,,,,,11,0.9953323602676392,1
multiclass_table6_arousal_3class,Table-6 Arousal,subject_loo,GNN,BasicGCN_mean,s_P21,results/quick_v1_v2_comparison/2026-06-03_09-24-45/model_runs/2026-06-03_09-39-05,results/quick_v1_v2_comparison/2026-06-03_09-24-45/model_runs/2026-06-03_09-39-05/multiclass_table6_arousal_3class_emotion-elicitation_2026-06-03_09-40-04,results/quick_v1_v2_comparison/2026-06-03_09-24-45/model_runs/2026-06-03_09-39-05/multiclass_table6_arousal_3class_emotion-elicitation_2026-06-03_09-40-04/subject_loo/s_P21/gnn_fold_diagnostics.csv,train,-0.0127887018024921,0.6117867827415466,-1.9347481727600095,1.9459110498428345,3.880659222602844,0.9538263082504272,0.1069355458021164,0.3488554358482361,1.098583698272705,0.335110455751419,0.4730395376682281,10000,,,,,,,,,,,,,,,,,61,0.9789195656776428,1
multiclass_table6_arousal_3class,Table-6 Arousal,subject_loo,GNN,BasicGCN_mean,s_P21,results/quick_v1_v2_comparison/2026-06-03_09-24-45/model_runs/2026-06-03_09-39-05,results/quick_v1_v2_comparison/2026-06-03_09-24-45/model_runs/2026-06-03_09-39-05/multiclass_table6_arousal_3class_emotion-elicitation_2026-06-03_09-40-04,results/quick_v1_v2_comparison/2026-06-03_09-24-45/model_runs/2026-06-03_09-39-05/multiclass_table6_arousal_3class_emotion-elicitation_2026-06-03_09-40-04/subject_loo/s_P21/gnn_fold_diagnostics.csv,val,0.0749891772866249,0.5591214299201965,-1.2499138116836548,1.836539387702942,3.0864531993865967,0.9693502187728882,0.0839219987392425,0.4882098436355591,1.0965698957443235,0.3038465082645416,0.5395022034645081,97461,,,,,,,,,,,,,,,,,61,0.9789195656776428,1
multiclass_table6_arousal_3class,Table-6 Arousal,subject_loo,GNN,BasicGCN_mean,s_P21,results/quick_v1_v2_comparison/2026-06-03_09-24-45/model_runs/2026-06-03_09-39-05,results/quick_v1_v2_comparison/2026-06-03_09-24-45/model_runs/2026-06-03_09-39-05/multiclass_table6_arousal_3class_emotion-elicitation_2026-06-03_09-40-04,results/quick_v1_v2_comparison/2026-06-03_09-24-45/model_runs/2026-06-03_09-39-05/multiclass_table6_arousal_3class_emotion-elicitation_2026-06-03_09-40-04/subject_loo/s_P21/gnn_fold_diagnostics.csv,test,0.0835728496313095,0.5069167017936707,-1.0515488386154177,1.33753502368927,2.3890838623046875,0.989098072052002,0.0709163770079612,0.7243744134902954,1.0979068279266355,0.2791685461997986,0.5785323977470398,23871,,,,,,,,,,,,,,,,,61,0.9789195656776428,1
multiclass_table6_arousal_3class,Table-6 Arousal,subject_loo,GNN,BasicGCN_mean,s_P22,results/quick_v1_v2_comparison/2026-06-03_09-24-45/model_runs/2026-06-03_09-39-05,results/quick_v1_v2_comparison/2026-06-03_09-24-45/model_runs/2026-06-03_09-39-05/multiclass_table6_arousal_3class_emotion-elicitation_2026-06-03_09-40-04,results/quick_v1_v2_comparison/2026-06-03_09-24-45/model_runs/2026-06-03_09-39-05/multiclass_table6_arousal_3class_emotion-elicitation_2026-06-03_09-40-04/subject_loo/s_P22/gnn_fold_diagnostics.csv,train,0.0393626727163791,0.325311005115509,-0.7377179861068726,0.719870924949646,1.4575889110565186,1.055691838264465,0.015648990869522,1.009430170059204,1.0947730541229248,0.3193317353725433,0.4240889549255371,10000,,,,,,,,,,,,,,,,,6,1.057132363319397,1
multiclass_table6_arousal_3class,Table-6 Arousal,subject_loo,GNN,BasicGCN_mean,s_P22,results/quick_v1_v2_comparison/2026-06-03_09-24-45/model_runs/2026-06-03_09-39-05,results/quick_v1_v2_comparison/2026-06-03_09-24-45/model_runs/2026-06-03_09-39-05/multiclass_table6_arousal_3class_emotion-elicitation_2026-06-03_09-40-04,results/quick_v1_v2_comparison/2026-06-03_09-24-45/model_runs/2026-06-03_09-39-05/multiclass_table6_arousal_3class_emotion-elicitation_2026-06-03_09-40-04/subject_loo/s_P22/gnn_fold_diagnostics.csv,val,0.0223439130932092,0.281330406665802,-0.6922941207885742,0.4857454895973205,1.1780396103858948,1.0651674270629885,0.0192181412130594,1.0193954706192017,1.0938315391540527,0.2806546986103058,0.5068021416664124,115921,,,,,,,,,,,,,,,,,6,1.057132363319397,1
multiclass_table6_arousal_3class,Table-6 Arousal,subject_loo,GNN,BasicGCN_mean,s_P22,results/quick_v1_v2_comparison/2026-06-03_09-24-45/model_runs/2026-06-03_09-39-05,results/quick_v1_v2_comparison/2026-06-03_09-24-45/model_runs/2026-06-03_09-39-05/multiclass_table6_arousal_3class_emotion-elicitation_2026-06-03_09-40-04,results/quick_v1_v2_comparison/2026-06-03_09-24-45/model_runs/2026-06-03_09-39-05/multiclass_table6_arousal_3class_emotion-elicitation_2026-06-03_09-40-04/subject_loo/s_P22/gnn_fold_diagnostics.csv,test,0.1766647547483444,0.275656521320343,-0.4365800619125366,0.7613195180892944,1.197899580001831,1.063370943069458,0.0076928944326937,1.0436729192733765,1.081470251083374,0.1644579172134399,0.7183874249458313,22791,,,,,,,,,,,,,,,,,6,1.057132363319397,1
multiclass_table6_arousal_3class,Table-6 Arousal,subject_loo,GNN,BasicGCN_mean,s_P23,results/quick_v1_v2_comparison/2026-06-03_09-24-45/model_runs/2026-06-03_09-39-05,results/quick_v1_v2_comparison/2026-06-03_09-24-45/model_runs/2026-06-03_09-39-05/multiclass_table6_arousal_3class_emotion-elicitation_2026-06-03_09-40-04,results/quick_v1_v2_comparison/2026-06-03_09-24-45/model_runs/2026-06-03_09-39-05/multiclass_table6_arousal_3class_emotion-elicitation_2026-06-03_09-40-04/subject_loo/s_P23/gnn_fold_diagnostics.csv,train,-0.1100078150629997,0.5330516695976257,-1.586888551712036,1.8639386892318728,3.4508272409439087,0.9789444804191588,0.0820917561650276,0.3993709683418274,1.098588228225708,0.352461040019989,0.4208828210830688,10000,,,,,,,,,,,,,,,,,48,0.9157004058361052,1
multiclass_table6_arousal_3class,Table-6 Arousal,subject_loo,GNN,BasicGCN_mean,s_P23,results/quick_v1_v2_comparison/2026-06-03_09-24-45/model_runs/2026-06-03_09-39-05,results/quick_v1_v2_comparison/2026-06-03_09-24-45/model_runs/2026-06-03_09-39-05/multiclass_table6_arousal_3class_emotion-elicitation_2026-06-03_09-40-04,results/quick_v1_v2_comparison/2026-06-03_09-24-45/model_runs/2026-06-03_09-39-05/multiclass_table6_arousal_3class_emotion-elicitation_2026-06-03_09-40-04/subject_loo/s_P23/gnn_fold_diagnostics.csv,val,-0.0942380204796791,0.5479615926742554,-1.4872571229934692,1.8232533931732176,3.310510516166687,0.9699999690055848,0.0886339247226715,0.4937238097190857,1.0955177545547483,0.3357256054878235,0.3950580656528473,82621,,,,,,,,,,,,,,,,,48,0.9157004058361052,1
multiclass_table6_arousal_3class,Table-6 Arousal,subject_loo,GNN,BasicGCN_mean,s_P23,results/quick_v1_v2_comparison/2026-06-03_09-24-45/model_runs/2026-06-03_09-39-05,results/quick_v1_v2_comparison/2026-06-03_09-24-45/model_runs/2026-06-03_09-39-05/multiclass_table6_arousal_3class_emotion-elicitation_2026-06-03_09-40-04,results/quick_v1_v2_comparison/2026-06-03_09-24-45/model_runs/2026-06-03_09-39-05/multiclass_table6_arousal_3class_emotion-elicitation_2026-06-03_09-40-04/subject_loo/s_P23/gnn_fold_diagnostics.csv,test,-0.117803931236267,0.5583399534225464,-1.3841572999954224,1.3373574018478394,2.7215147018432617,0.964242696762085,0.0883134976029396,0.5770766139030457,1.092051386833191,0.2666522264480591,0.5148817896842957,28680,,,,,,,,,,,,,,,,,48,0.9157004058361052,1
multiclass_table6_arousal_3class,Table-6 Arousal,subject_loo,GNN,BasicGCN_mean,s_P24,results/quick_v1_v2_comparison/2026-06-03_09-24-45/model_runs/2026-06-03_09-39-05,results/quick_v1_v2_comparison/2026-06-03_09-24-45/model_runs/2026-06-03_09-39-05/multiclass_table6_arousal_3class_emotion-elicitation_2026-06-03_09-40-04,results/quick_v1_v2_comparison/2026-06-03_09-24-45/model_runs/2026-06-03_09-39-05/multiclass_table6_arousal_3class_emotion-elicitation_2026-06-03_09-40-04/subject_loo/s_P24/gnn_fold_diagnostics.csv,train,-0.0453954935073852,0.5804018378257751,-1.6556878089904783,1.870973825454712,3.5266616344451904,0.9638583064079284,0.0947141200304031,0.371664822101593,1.0983726978302002,0.3124042153358459,0.4542277753353119,10000,,,,,,,,,,,,,,,,,64,0.9623889327049256,1
multiclass_table6_arousal_3class,Table-6 Arousal,subject_loo,GNN,BasicGCN_mean,s_P24,results/quick_v1_v2_comparison/2026-06-03_09-24-45/model_runs/2026-06-03_09-39-05,results/quick_v1_v2_comparison/2026-06-03_09-24-45/model_runs/2026-06-03_09-39-05/multiclass_table6_arousal_3class_emotion-elicitation_2026-06-03_09-40-04,results/quick_v1_v2_comparison/2026-06-03_09-24-45/model_runs/2026-06-03_09-39-05/multiclass_table6_arousal_3class_emotion-elicitation_2026-06-03_09-40-04/subject_loo/s_P24/gnn_fold_diagnostics.csv,val,-0.1276989430189132,0.7202188968658447,-1.601282835006714,1.3782259225845337,2.979508757591248,0.8998430371284485,0.0933128967881202,0.5611386299133301,1.0770525932312012,0.2404401302337646,0.6244304776191711,100576,,,,,,,,,,,,,,,,,64,0.9623889327049256,1
multiclass_table6_arousal_3class,Table-6 Arousal,subject_loo,GNN,BasicGCN_mean,s_P24,results/quick_v1_v2_comparison/2026-06-03_09-24-45/model_runs/2026-06-03_09-39-05,results/quick_v1_v2_comparison/2026-06-03_09-24-45/model_runs/2026-06-03_09-39-05/multiclass_table6_arousal_3class_emotion-elicitation_2026-06-03_09-40-04,results/quick_v1_v2_comparison/2026-06-03_09-24-45/model_runs/2026-06-03_09-39-05/multiclass_table6_arousal_3class_emotion-elicitation_2026-06-03_09-40-04/subject_loo/s_P24/gnn_fold_diagnostics.csv,test,0.0271631926298141,0.5760148167610168,-1.3496742248535156,1.0735830068588257,2.4232572317123413,0.9804803729057312,0.0537855811417102,0.8087067008018494,1.095089077949524,0.170345738530159,0.7340235114097595,26565,,,,,,,,,,,,,,,,,64,0.9623889327049256,1
multiclass_table6_arousal_3class,Table-6 Arousal,subject_loo,GNN,BasicGCN_mean,s_P27,results/quick_v1_v2_comparison/2026-06-03_09-24-45/model_runs/2026-06-03_09-39-05,results/quick_v1_v2_comparison/2026-06-03_09-24-45/model_runs/2026-06-03_09-39-05/multiclass_table6_arousal_3class_emotion-elicitation_2026-06-03_09-40-04,results/quick_v1_v2_comparison/2026-06-03_09-24-45/model_runs/2026-06-03_09-39-05/multiclass_table6_arousal_3class_emotion-elicitation_2026-06-03_09-40-04/subject_loo/s_P27/gnn_fold_diagnostics.csv,train,0.1514240950345993,0.6742067337036133,-1.7981812953948977,3.1834726333618164,4.981653928756714,0.9308023452758788,0.1317121684551239,0.192191481590271,1.0983153581619265,0.3999739289283752,0.3374113738536834,10000,,,,,,,,,,,,,,,,,73,0.9494327902793884,1
multiclass_table6_arousal_3class,Table-6 Arousal,subject_loo,GNN,BasicGCN_mean,s_P27,results/quick_v1_v2_comparison/2026-06-03_09-24-45/model_runs/2026-06-03_09-39-05,results/quick_v1_v2_comparison/2026-06-03_09-24-45/model_runs/2026-06-03_09-39-05/multiclass_table6_arousal_3class_emotion-elicitation_2026-06-03_09-40-04,results/quick_v1_v2_comparison/2026-06-03_09-24-45/model_runs/2026-06-03_09-39-05/multiclass_table6_arousal_3class_emotion-elicitation_2026-06-03_09-40-04/subject_loo/s_P27/gnn_fold_diagnostics.csv,val,0.1634667366743087,0.7028515338897705,-1.6829688549041748,2.6484620571136475,4.331430912017822,0.9147037863731384,0.1322956830263137,0.3365045487880707,1.098536491394043,0.3804951310157776,0.357786625623703,108345,,,,,,,,,,,,,,,,,73,0.9494327902793884,1
multiclass_table6_arousal_3class,Table-6 Arousal,subject_loo,GNN,BasicGCN_mean,s_P27,results/quick_v1_v2_comparison/2026-06-03_09-24-45/model_runs/2026-06-03_09-39-05,results/quick_v1_v2_comparison/2026-06-03_09-24-45/model_runs/2026-06-03_09-39-05/multiclass_table6_arousal_3class_emotion-elicitation_2026-06-03_09-40-04,results/quick_v1_v2_comparison/2026-06-03_09-24-45/model_runs/2026-06-03_09-39-05/multiclass_table6_arousal_3class_emotion-elicitation_2026-06-03_09-40-04/subject_loo/s_P27/gnn_fold_diagnostics.csv,test,0.3875573575496673,1.0675989389419556,-1.3879562616348269,2.8496413230896,4.237597584724426,0.7470835447311401,0.1683288961648941,0.2670668065547943,1.073528528213501,0.2127954661846161,0.6825639009475708,24753,,,,,,,,,,,,,,,,,73,0.9494327902793884,1
multiclass_table6_arousal_3class,Table-6 Arousal,subject_loo,GNN,BasicGCN_mean,s_P28,results/quick_v1_v2_comparison/2026-06-03_09-24-45/model_runs/2026-06-03_09-39-05,results/quick_v1_v2_comparison/2026-06-03_09-24-45/model_runs/2026-06-03_09-39-05/multiclass_table6_arousal_3class_emotion-elicitation_2026-06-03_09-40-04,results/quick_v1_v2_comparison/2026-06-03_09-24-45/model_runs/2026-06-03_09-39-05/multiclass_table6_arousal_3class_emotion-elicitation_2026-06-03_09-40-04/subject_loo/s_P28/gnn_fold_diagnostics.csv,train,0.0220035538077354,0.7443528175354004,-2.5609867572784424,3.370482444763184,5.931469202041626,0.8977670669555664,0.1713238805532455,0.0888397544622421,1.0985898971557615,0.3602305352687835,0.3802294135093689,10000,,,,,,,,,,,,,,,,,127,0.9878363013267516,1
multiclass_table6_arousal_3class,Table-6 Arousal,subject_loo,GNN,BasicGCN_mean,s_P28,results/quick_v1_v2_comparison/2026-06-03_09-24-45/model_runs/2026-06-03_09-39-05,results/quick_v1_v2_comparison/2026-06-03_09-24-45/model_runs/2026-06-03_09-39-05/multiclass_table6_arousal_3class_emotion-elicitation_2026-06-03_09-40-04,results/quick_v1_v2_comparison/2026-06-03_09-24-45/model_runs/2026-06-03_09-39-05/multiclass_table6_arousal_3class_emotion-elicitation_2026-06-03_09-40-04/subject_loo/s_P28/gnn_fold_diagnostics.csv,val,0.084852322936058,0.5923748016357422,-1.8116164207458496,2.040653944015503,3.852270364761353,0.950739324092865,0.1183633059263229,0.3756704926490783,1.098515272140503,0.2607983350753784,0.515232503414154,107880,,,,,,,,,,,,,,,,,127,0.9878363013267516,1
multiclass_table6_arousal_3class,Table-6 Arousal,subject_loo,GNN,BasicGCN_mean,s_P28,results/quick_v1_v2_comparison/2026-06-03_09-24-45/model_runs/2026-06-03_09-39-05,results/quick_v1_v2_comparison/2026-06-03_09-24-45/model_runs/2026-06-03_09-39-05/multiclass_table6_arousal_3class_emotion-elicitation_2026-06-03_09-40-04,results/quick_v1_v2_comparison/2026-06-03_09-24-45/model_runs/2026-06-03_09-39-05/multiclass_table6_arousal_3class_emotion-elicitation_2026-06-03_09-40-04/subject_loo/s_P28/gnn_fold_diagnostics.csv,test,0.0268357321619987,0.574425220489502,-2.13412880897522,2.0053443908691406,4.13947319984436,0.959187388420105,0.1321592181921005,0.3880737125873565,1.0968023538589478,0.2052530646324157,0.6587374210357666,22366,,,,,,,,,,,,,,,,,127,0.9878363013267516,1
multiclass_table6_arousal_3class,Table-6 Arousal,subject_loo,GNN,BasicGCN_mean,s_P29,results/quick_v1_v2_comparison/2026-06-03_09-24-45/model_runs/2026-06-03_09-39-05,results/quick_v1_v2_comparison/2026-06-03_09-24-45/model_runs/2026-06-03_09-39-05/multiclass_table6_arousal_3class_emotion-elicitation_2026-06-03_09-40-04,results/quick_v1_v2_comparison/2026-06-03_09-24-45/model_runs/2026-06-03_09-39-05/multiclass_table6_arousal_3class_emotion-elicitation_2026-06-03_09-40-04/subject_loo/s_P29/gnn_fold_diagnostics.csv,train,-0.2194064557552337,0.7070209980010986,-2.5826544761657715,2.4086153507232666,4.991269826889038,0.9241986274719238,0.1415200978517532,0.1285960674285888,1.0985556840896606,0.3670984506607055,0.3014349639415741,10000,,,,,,,,,,,,,,,,,102,0.9158372581005096,1
multiclass_table6_arousal_3class,Table-6 Arousal,subject_loo,GNN,BasicGCN_mean,s_P29,results/quick_v1_v2_comparison/2026-06-03_09-24-45/model_runs/2026-06-03_09-39-05,results/quick_v1_v2_comparison/2026-06-03_09-24-45/model_runs/2026-06-03_09-39-05/multiclass_table6_arousal_3class_emotion-elicitation_2026-06-03_09-40-04,results/quick_v1_v2_comparison/2026-06-03_09-24-45/model_runs/2026-06-03_09-39-05/multiclass_table6_arousal_3class_emotion-elicitation_2026-06-03_09-40-04/subject_loo/s_P29/gnn_fold_diagnostics.csv,val,-0.1572704166173935,0.572533130645752,-1.7773956060409546,1.615596055984497,3.392991662025452,0.9708214402198792,0.1134399995207786,0.4538951814174652,1.0985913276672363,0.3484186828136444,0.3056526780128479,102831,,,,,,,,,,,,,,,,,102,0.9158372581005096,1
multiclass_table6_arousal_3class,Table-6 Arousal,subject_loo,GNN,BasicGCN_mean,s_P29,results/quick_v1_v2_comparison/2026-06-03_09-24-45/model_runs/2026-06-03_09-39-05,results/quick_v1_v2_comparison/2026-06-03_09-24-45/model_runs/2026-06-03_09-39-05/multiclass_table6_arousal_3class_emotion-elicitation_2026-06-03_09-40-04,results/quick_v1_v2_comparison/2026-06-03_09-24-45/model_runs/2026-06-03_09-39-05/multiclass_table6_arousal_3class_emotion-elicitation_2026-06-03_09-40-04/subject_loo/s_P29/gnn_fold_diagnostics.csv,test,-0.1182745695114135,0.6774380803108215,-1.880415797233581,1.4788696765899658,3.359285473823548,0.956502079963684,0.0988793969154357,0.6081150770187378,1.0979998111724854,0.2335063368082046,0.5410323143005371,23220,,,,,,,,,,,,,,,,,102,0.9158372581005096,1
multiclass_table6_arousal_3class,Table-6 Arousal,subject_loo,GNN,BasicGCN_mean,s_P30,results/quick_v1_v2_comparison/2026-06-03_09-24-45/model_runs/2026-06-03_09-39-05,results/quick_v1_v2_comparison/2026-06-03_09-24-45/model_runs/2026-06-03_09-39-05/multiclass_table6_arousal_3class_emotion-elicitation_2026-06-03_09-40-04,results/quick_v1_v2_comparison/2026-06-03_09-24-45/model_runs/2026-06-03_09-39-05/multiclass_table6_arousal_3class_emotion-elicitation_2026-06-03_09-40-04/subject_loo/s_P30/gnn_fold_diagnostics.csv,train,-0.1344986408948898,0.6407333016395569,-2.0245165824890137,2.399564027786255,4.4240806102752686,0.935610830783844,0.1260214447975158,0.2722612619400024,1.0985947847366333,0.334048181772232,0.4357959032058716,10000,,,,,,,,,,,,,,,,,70,1.0512701272964478,1
multiclass_table6_arousal_3class,Table-6 Arousal,subject_loo,GNN,BasicGCN_mean,s_P30,results/quick_v1_v2_comparison/2026-06-03_09-24-45/model_runs/2026-06-03_09-39-05,results/quick_v1_v2_comparison/2026-06-03_09-24-45/model_runs/2026-06-03_09-39-05/multiclass_table6_arousal_3class_emotion-elicitation_2026-06-03_09-40-04,results/quick_v1_v2_comparison/2026-06-03_09-24-45/model_runs/2026-06-03_09-39-05/multiclass_table6_arousal_3class_emotion-elicitation_2026-06-03_09-40-04/subject_loo/s_P30/gnn_fold_diagnostics.csv,val,-0.1338944733142852,0.6447628736495972,-1.7396332025527954,1.9297053813934328,3.669338583946228,0.9287554025650024,0.1213550046086311,0.3147623538970947,1.0878156423568726,0.261406809091568,0.5580840110778809,115440,,,,,,,,,,,,,,,,,70,1.0512701272964478,1
multiclass_table6_arousal_3class,Table-6 Arousal,subject_loo,GNN,BasicGCN_mean,s_P30,results/quick_v1_v2_comparison/2026-06-03_09-24-45/model_runs/2026-06-03_09-39-05,results/quick_v1_v2_comparison/2026-06-03_09-24-45/model_runs/2026-06-03_09-39-05/multiclass_table6_arousal_3class_emotion-elicitation_2026-06-03_09-40-04,results/quick_v1_v2_comparison/2026-06-03_09-24-45/model_runs/2026-06-03_09-39-05/multiclass_table6_arousal_3class_emotion-elicitation_2026-06-03_09-40-04/subject_loo/s_P30/gnn_fold_diagnostics.csv,test,-0.1533153653144836,0.7460650205612183,-1.7860368490219116,1.634302854537964,3.4203397035598755,0.8811777830123901,0.1381966918706894,0.4754545092582702,1.0903735160827637,0.2214155942201614,0.6565854549407959,25425,,,,,,,,,,,,,,,,,70,1.0512701272964478,1
multiclass_table6_arousal_3class,Table-6 Arousal,subject_loo,GNN,BasicGCN_mean,s_P4,results/quick_v1_v2_comparison/2026-06-03_09-24-45/model_runs/2026-06-03_09-39-05,results/quick_v1_v2_comparison/2026-06-03_09-24-45/model_runs/2026-06-03_09-39-05/multiclass_table6_arousal_3class_emotion-elicitation_2026-06-03_09-40-04,results/quick_v1_v2_comparison/2026-06-03_09-24-45/model_runs/2026-06-03_09-39-05/multiclass_table6_arousal_3class_emotion-elicitation_2026-06-03_09-40-04/subject_loo/s_P4/gnn_fold_diagnostics.csv,train,0.0885897427797317,0.8143028616905212,-3.366486072540283,4.338948249816895,7.705434322357178,0.878765344619751,0.1987398564815521,0.0277896635234355,1.0985890626907349,0.3720859587192535,0.2906456887722015,10000,,,,,,,,,,,,,,,,,200,0.8460752069950104,1
multiclass_table6_arousal_3class,Table-6 Arousal,subject_loo,GNN,BasicGCN_mean,s_P4,results/quick_v1_v2_comparison/2026-06-03_09-24-45/model_runs/2026-06-03_09-39-05,results/quick_v1_v2_comparison/2026-06-03_09-24-45/model_runs/2026-06-03_09-39-05/multiclass_table6_arousal_3class_emotion-elicitation_2026-06-03_09-40-04,results/quick_v1_v2_comparison/2026-06-03_09-24-45/model_runs/2026-06-03_09-39-05/multiclass_table6_arousal_3class_emotion-elicitation_2026-06-03_09-40-04/subject_loo/s_P4/gnn_fold_diagnostics.csv,val,0.0799838900566101,0.8410389423370361,-2.32350492477417,2.778668165206909,5.102173089981079,0.868380606174469,0.2056064903736114,0.1779908537864685,1.0981229543685913,0.3198419511318207,0.4242019951343536,91806,,,,,,,,,,,,,,,,,200,0.8460752069950104,1
multiclass_table6_arousal_3class,Table-6 Arousal,subject_loo,GNN,BasicGCN_mean,s_P4,results/quick_v1_v2_comparison/2026-06-03_09-24-45/model_runs/2026-06-03_09-39-05,results/quick_v1_v2_comparison/2026-06-03_09-24-45/model_runs/2026-06-03_09-39-05/multiclass_table6_arousal_3class_emotion-elicitation_2026-06-03_09-40-04,results/quick_v1_v2_comparison/2026-06-03_09-24-45/model_runs/2026-06-03_09-39-05/multiclass_table6_arousal_3class_emotion-elicitation_2026-06-03_09-40-04/subject_loo/s_P4/gnn_fold_diagnostics.csv,test,0.1019878014922142,0.6801196336746216,-1.6600416898727417,2.476290464401245,4.136332154273987,0.9227078557014464,0.1801923364400863,0.2124605476856231,1.0943015813827517,0.3030822277069092,0.3730405271053314,31375,,,,,,,,,,,,,,,,,200,0.8460752069950104,1
multiclass_table6_arousal_3class,Table-6 Arousal,subject_loo,GNN,BasicGCN_mean,s_P5,results/quick_v1_v2_comparison/2026-06-03_09-24-45/model_runs/2026-06-03_09-39-05,results/quick_v1_v2_comparison/2026-06-03_09-24-45/model_runs/2026-06-03_09-39-05/multiclass_table6_arousal_3class_emotion-elicitation_2026-06-03_09-40-04,results/quick_v1_v2_comparison/2026-06-03_09-24-45/model_runs/2026-06-03_09-39-05/multiclass_table6_arousal_3class_emotion-elicitation_2026-06-03_09-40-04/subject_loo/s_P5/gnn_fold_diagnostics.csv,train,-0.0358261689543724,0.5410731434822083,-1.428213596343994,1.217685341835022,2.645898938179016,0.9841188788414,0.0527437664568424,0.6371629238128662,1.091253638267517,0.313404768705368,0.5029319524765015,10000,,,,,,,,,,,,,,,,,27,0.9420074224472046,1
multiclass_table6_arousal_3class,Table-6 Arousal,subject_loo,GNN,BasicGCN_mean,s_P5,results/quick_v1_v2_comparison/2026-06-03_09-24-45/model_runs/2026-06-03_09-39-05,results/quick_v1_v2_comparison/2026-06-03_09-24-45/model_runs/2026-06-03_09-39-05/multiclass_table6_arousal_3class_emotion-elicitation_2026-06-03_09-40-04,results/quick_v1_v2_comparison/2026-06-03_09-24-45/model_runs/2026-06-03_09-39-05/multiclass_table6_arousal_3class_emotion-elicitation_2026-06-03_09-40-04/subject_loo/s_P5/gnn_fold_diagnostics.csv,val,-0.0039547611959278,0.5148527026176453,-1.1251884698867798,1.0224801301956177,2.147668600082397,0.987977147102356,0.0462739318609237,0.7432242631912231,1.0786232948303225,0.2520450055599212,0.5845809578895569,82621,,,,,,,,,,,,,,,,,27,0.9420074224472046,1
multiclass_table6_arousal_3class,Table-6 Arousal,subject_loo,GNN,BasicGCN_mean,s_P5,results/quick_v1_v2_comparison/2026-06-03_09-24-45/model_runs/2026-06-03_09-39-05,results/quick_v1_v2_comparison/2026-06-03_09-24-45/model_runs/2026-06-03_09-39-05/multiclass_table6_arousal_3class_emotion-elicitation_2026-06-03_09-40-04,results/quick_v1_v2_comparison/2026-06-03_09-24-45/model_runs/2026-06-03_09-39-05/multiclass_table6_arousal_3class_emotion-elicitation_2026-06-03_09-40-04/subject_loo/s_P5/gnn_fold_diagnostics.csv,test,0.0037853019312024,0.4886084496974945,-1.0305794477462769,1.0690388679504397,2.0996183156967163,0.9984528422355652,0.0494517721235752,0.7553935050964355,1.0912137031555176,0.2221078425645828,0.6211512088775635,37675,,,,,,,,,,,,,,,,,27,0.9420074224472046,1
multiclass_table6_arousal_3class,Table-6 Arousal,subject_loo,GNN,BasicGCN_mean,s_P7,results/quick_v1_v2_comparison/2026-06-03_09-24-45/model_runs/2026-06-03_09-39-05,results/quick_v1_v2_comparison/2026-06-03_09-24-45/model_runs/2026-06-03_09-39-05/multiclass_table6_arousal_3class_emotion-elicitation_2026-06-03_09-40-04,results/quick_v1_v2_comparison/2026-06-03_09-24-45/model_runs/2026-06-03_09-39-05/multiclass_table6_arousal_3class_emotion-elicitation_2026-06-03_09-40-04/subject_loo/s_P7/gnn_fold_diagnostics.csv,train,0.0218734741210937,0.4111908674240112,-0.8231247067451477,0.8523041009902954,1.6754288077354431,1.0328534841537476,0.0259027630090713,0.9733306169509888,1.096200704574585,0.4004356563091278,0.3484696447849273,10000,,,,,,,,,,,,,,,,,7,0.99515962600708,1
multiclass_table6_arousal_3class,Table-6 Arousal,subject_loo,GNN,BasicGCN_mean,s_P7,results/quick_v1_v2_comparison/2026-06-03_09-24-45/model_runs/2026-06-03_09-39-05,results/quick_v1_v2_comparison/2026-06-03_09-24-45/model_runs/2026-06-03_09-39-05/multiclass_table6_arousal_3class_emotion-elicitation_2026-06-03_09-40-04,results/quick_v1_v2_comparison/2026-06-03_09-24-45/model_runs/2026-06-03_09-39-05/multiclass_table6_arousal_3class_emotion-elicitation_2026-06-03_09-40-04/subject_loo/s_P7/gnn_fold_diagnostics.csv,val,-0.0750329047441482,0.3576433062553406,-0.7940590977668762,0.7193702459335327,1.513429343700409,1.0482430458068848,0.0323162972927093,0.967690110206604,1.092260718345642,0.3204611241817474,0.5331888794898987,108811,,,,,,,,,,,,,,,,,7,0.99515962600708,1
multiclass_table6_arousal_3class,Table-6 Arousal,subject_loo,GNN,BasicGCN_mean,s_P7,results/quick_v1_v2_comparison/2026-06-03_09-24-45/model_runs/2026-06-03_09-39-05,results/quick_v1_v2_comparison/2026-06-03_09-24-45/model_runs/2026-06-03_09-39-05/multiclass_table6_arousal_3class_emotion-elicitation_2026-06-03_09-40-04,results/quick_v1_v2_comparison/2026-06-03_09-24-45/model_runs/2026-06-03_09-39-05/multiclass_table6_arousal_3class_emotion-elicitation_2026-06-03_09-40-04/subject_loo/s_P7/gnn_fold_diagnostics.csv,test,0.0638144612312316,0.426946610212326,-0.739490270614624,0.7447903156280518,1.4842805862426758,1.026833176612854,0.022640161216259,0.982085943222046,1.096916675567627,0.2470027953386306,0.6062487959861755,26335,,,,,,,,,,,,,,,,,7,0.99515962600708,1
multiclass_table6_arousal_3class,Table-6 Arousal,subject_loo,GNN,BasicGCN_mean,s_P8,results/quick_v1_v2_comparison/2026-06-03_09-24-45/model_runs/2026-06-03_09-39-05,results/quick_v1_v2_comparison/2026-06-03_09-24-45/model_runs/2026-06-03_09-39-05/multiclass_table6_arousal_3class_emotion-elicitation_2026-06-03_09-40-04,results/quick_v1_v2_comparison/2026-06-03_09-24-45/model_runs/2026-06-03_09-39-05/multiclass_table6_arousal_3class_emotion-elicitation_2026-06-03_09-40-04/subject_loo/s_P8/gnn_fold_diagnostics.csv,train,-0.0550131238996982,0.6030292510986328,-1.9150632619857788,2.5769968032836914,4.49206006526947,0.948473870754242,0.1182864531874656,0.2108788937330246,1.0983450412750244,0.3677007555961609,0.3556860983371734,10000,,,,,,,,,,,,,,,,,68,0.8857631087303162,1
multiclass_table6_arousal_3class,Table-6 Arousal,subject_loo,GNN,BasicGCN_mean,s_P8,results/quick_v1_v2_comparison/2026-06-03_09-24-45/model_runs/2026-06-03_09-39-05,results/quick_v1_v2_comparison/2026-06-03_09-24-45/model_runs/2026-06-03_09-39-05/multiclass_table6_arousal_3class_emotion-elicitation_2026-06-03_09-40-04,results/quick_v1_v2_comparison/2026-06-03_09-24-45/model_runs/2026-06-03_09-39-05/multiclass_table6_arousal_3class_emotion-elicitation_2026-06-03_09-40-04/subject_loo/s_P8/gnn_fold_diagnostics.csv,val,-0.009529891423881,0.5789098143577576,-1.613794207572937,1.7906553745269775,3.4044495820999146,0.9584887623786926,0.1062168702483177,0.4448372423648834,1.0923672914505005,0.204037994146347,0.6920178532600403,96580,,,,,,,,,,,,,,,,,68,0.8857631087303162,1
multiclass_table6_arousal_3class,Table-6 Arousal,subject_loo,GNN,BasicGCN_mean,s_P8,results/quick_v1_v2_comparison/2026-06-03_09-24-45/model_runs/2026-06-03_09-39-05,results/quick_v1_v2_comparison/2026-06-03_09-24-45/model_runs/2026-06-03_09-39-05/multiclass_table6_arousal_3class_emotion-elicitation_2026-06-03_09-40-04,results/quick_v1_v2_comparison/2026-06-03_09-24-45/model_runs/2026-06-03_09-39-05/multiclass_table6_arousal_3class_emotion-elicitation_2026-06-03_09-40-04/subject_loo/s_P8/gnn_fold_diagnostics.csv,test,-0.0239891074597835,0.4995627403259277,-1.1882939338684082,1.869250059127808,3.057543992996216,0.9869825839996338,0.1249387562274932,0.4178366661071777,1.0890719890594482,0.2581143975257873,0.5113894939422607,23871,,,,,,,,,,,,,,,,,68,0.8857631087303162,1
multiclass_table6_arousal_3class,Table-6 Arousal,recording_loo,GNN,BasicGCN_mean,r_107.avi,results/quick_v1_v2_comparison/2026-06-03_09-24-45/model_runs/2026-06-03_09-39-05,results/quick_v1_v2_comparison/2026-06-03_09-24-45/model_runs/2026-06-03_09-39-05/multiclass_table6_arousal_3class_emotion-elicitation_2026-06-03_09-40-04,results/quick_v1_v2_comparison/2026-06-03_09-24-45/model_runs/2026-06-03_09-39-05/multiclass_table6_arousal_3class_emotion-elicitation_2026-06-03_09-40-04/recording_loo/r_107.avi/gnn_fold_diagnostics.csv,train,-0.0107250604778528,0.4432305991649627,-1.0773990154266355,1.0598903894424438,2.13728940486908,1.0259003639221191,0.0240169279277324,0.9427080750465392,1.0890830755233765,0.3739131689071655,0.3976650536060333,10000,,,,,,,,,,,,,,,,,7,1.0240038235982258,1
multiclass_table6_arousal_3class,Table-6 Arousal,recording_loo,GNN,BasicGCN_mean,r_107.avi,results/quick_v1_v2_comparison/2026-06-03_09-24-45/model_runs/2026-06-03_09-39-05,results/quick_v1_v2_comparison/2026-06-03_09-24-45/model_runs/2026-06-03_09-39-05/multiclass_table6_arousal_3class_emotion-elicitation_2026-06-03_09-40-04,results/quick_v1_v2_comparison/2026-06-03_09-24-45/model_runs/2026-06-03_09-39-05/multiclass_table6_arousal_3class_emotion-elicitation_2026-06-03_09-40-04/recording_loo/r_107.avi/gnn_fold_diagnostics.csv,val,0.0446978621184825,0.4250786304473877,-1.0345758199691772,1.073686957359314,2.108262777328491,1.027689814567566,0.0258678775280714,0.9608686566352844,1.082162618637085,0.3924704790115356,0.38521808385849,201295,,,,,,,,,,,,,,,,,7,1.0240038235982258,1
multiclass_table6_arousal_3class,Table-6 Arousal,recording_loo,GNN,BasicGCN_mean,r_107.avi,results/quick_v1_v2_comparison/2026-06-03_09-24-45/model_runs/2026-06-03_09-39-05,results/quick_v1_v2_comparison/2026-06-03_09-24-45/model_runs/2026-06-03_09-39-05/multiclass_table6_arousal_3class_emotion-elicitation_2026-06-03_09-40-04,results/quick_v1_v2_comparison/2026-06-03_09-24-45/model_runs/2026-06-03_09-39-05/multiclass_table6_arousal_3class_emotion-elicitation_2026-06-03_09-40-04/recording_loo/r_107.avi/gnn_fold_diagnostics.csv,test,0.0340740457177162,0.4163072109222412,-1.0037792921066284,0.9655614495277404,1.969340741634369,1.032236933708191,0.0238673407584428,0.9735170006752014,1.0840733051300049,0.3843565583229065,0.3781155943870544,12403,,,,,,,,,,,,,,,,,7,1.0240038235982258,1
multiclass_table6_arousal_3class,Table-6 Arousal,recording_loo,GNN,BasicGCN_mean,r_111.avi,results/quick_v1_v2_comparison/2026-06-03_09-24-45/model_runs/2026-06-03_09-39-05,results/quick_v1_v2_comparison/2026-06-03_09-24-45/model_runs/2026-06-03_09-39-05/multiclass_table6_arousal_3class_emotion-elicitation_2026-06-03_09-40-04,results/quick_v1_v2_comparison/2026-06-03_09-24-45/model_runs/2026-06-03_09-39-05/multiclass_table6_arousal_3class_emotion-elicitation_2026-06-03_09-40-04/recording_loo/r_111.avi/gnn_fold_diagnostics.csv,train,-0.039930447936058,0.8437869548797607,-3.753232955932617,3.0447356700897217,6.797968626022339,0.8789420127868652,0.1889410316944122,0.1311012953519821,1.0985558032989502,0.4106112718582153,0.2097360789775848,10000,,,,,,,,,,,,,,,,,246,0.6054327289263407,1
multiclass_table6_arousal_3class,Table-6 Arousal,recording_loo,GNN,BasicGCN_mean,r_111.avi,results/quick_v1_v2_comparison/2026-06-03_09-24-45/model_runs/2026-06-03_09-39-05,results/quick_v1_v2_comparison/2026-06-03_09-24-45/model_runs/2026-06-03_09-39-05/multiclass_table6_arousal_3class_emotion-elicitation_2026-06-03_09-40-04,results/quick_v1_v2_comparison/2026-06-03_09-24-45/model_runs/2026-06-03_09-39-05/multiclass_table6_arousal_3class_emotion-elicitation_2026-06-03_09-40-04/recording_loo/r_111.avi/gnn_fold_diagnostics.csv,val,-0.0362154431641101,1.0273783206939695,-2.947843551635742,3.856920480728149,6.804764032363892,0.7525269985198975,0.2455255389213562,0.0422606207430362,1.0967016220092771,0.3099064826965332,0.4001613855361938,134421,,,,,,,,,,,,,,,,,246,0.6054327289263407,1
multiclass_table6_arousal_3class,Table-6 Arousal,recording_loo,GNN,BasicGCN_mean,r_111.avi,results/quick_v1_v2_comparison/2026-06-03_09-24-45/model_runs/2026-06-03_09-39-05,results/quick_v1_v2_comparison/2026-06-03_09-24-45/model_runs/2026-06-03_09-39-05/multiclass_table6_arousal_3class_emotion-elicitation_2026-06-03_09-40-04,results/quick_v1_v2_comparison/2026-06-03_09-24-45/model_runs/2026-06-03_09-39-05/multiclass_table6_arousal_3class_emotion-elicitation_2026-06-03_09-40-04/recording_loo/r_111.avi/gnn_fold_diagnostics.csv,test,-0.0514705628156662,0.7471266984939575,-2.828789472579956,2.189573287963867,5.018362760543823,0.9167742133140564,0.1584469825029373,0.3632695376873016,1.098072171211243,0.4094845354557037,0.211895614862442,54615,,,,,,,,,,,,,,,,,246,0.6054327289263407,1
multiclass_table6_arousal_3class,Table-6 Arousal,recording_loo,GNN,BasicGCN_mean,r_138.avi,results/quick_v1_v2_comparison/2026-06-03_09-24-45/model_runs/2026-06-03_09-39-05,results/quick_v1_v2_comparison/2026-06-03_09-24-45/model_runs/2026-06-03_09-39-05/multiclass_table6_arousal_3class_emotion-elicitation_2026-06-03_09-40-04,results/quick_v1_v2_comparison/2026-06-03_09-24-45/model_runs/2026-06-03_09-39-05/multiclass_table6_arousal_3class_emotion-elicitation_2026-06-03_09-40-04/recording_loo/r_138.avi/gnn_fold_diagnostics.csv,train,0.0502058006823062,0.3890369534492492,-0.92169588804245,0.7625945806503296,1.6842904686927795,1.0372083187103271,0.0245943609625101,0.9412459135055542,1.094543695449829,0.3918969333171844,0.3448491394519806,10000,,,,,,,,,,,,,,,,,10,0.9842050969600676,1
multiclass_table6_arousal_3class,Table-6 Arousal,recording_loo,GNN,BasicGCN_mean,r_138.avi,results/quick_v1_v2_comparison/2026-06-03_09-24-45/model_runs/2026-06-03_09-39-05,results/quick_v1_v2_comparison/2026-06-03_09-24-45/model_runs/2026-06-03_09-39-05/multiclass_table6_arousal_3class_emotion-elicitation_2026-06-03_09-40-04,results/quick_v1_v2_comparison/2026-06-03_09-24-45/model_runs/2026-06-03_09-39-05/multiclass_table6_arousal_3class_emotion-elicitation_2026-06-03_09-40-04/recording_loo/r_138.avi/gnn_fold_diagnostics.csv,val,0.0213152188807725,0.4135474860668182,-0.8648025393486023,0.700384795665741,1.5651873350143433,1.0306248664855957,0.0226907450705766,0.988427460193634,1.0963472127914429,0.3373432755470276,0.417244017124176,64620,,,,,,,,,,,,,,,,,10,0.9842050969600676,1
multiclass_table6_arousal_3class,Table-6 Arousal,recording_loo,GNN,BasicGCN_mean,r_138.avi,results/quick_v1_v2_comparison/2026-06-03_09-24-45/model_runs/2026-06-03_09-39-05,results/quick_v1_v2_comparison/2026-06-03_09-24-45/model_runs/2026-06-03_09-39-05/multiclass_table6_arousal_3class_emotion-elicitation_2026-06-03_09-40-04,results/quick_v1_v2_comparison/2026-06-03_09-24-45/model_runs/2026-06-03_09-39-05/multiclass_table6_arousal_3class_emotion-elicitation_2026-06-03_09-40-04/recording_loo/r_138.avi/gnn_fold_diagnostics.csv,test,0.0784958377480506,0.3673973679542541,-0.8860737681388855,0.7386466860771179,1.6247204542160034,1.0439621210098269,0.0268908832222223,0.9640601873397828,1.0961618423461914,0.4104782342910766,0.3373790681362152,60378,,,,,,,,,,,,,,,,,10,0.9842050969600676,1
multiclass_table6_arousal_3class,Table-6 Arousal,recording_loo,GNN,BasicGCN_mean,r_146.avi,results/quick_v1_v2_comparison/2026-06-03_09-24-45/model_runs/2026-06-03_09-39-05,results/quick_v1_v2_comparison/2026-06-03_09-24-45/model_runs/2026-06-03_09-39-05/multiclass_table6_arousal_3class_emotion-elicitation_2026-06-03_09-40-04,results/quick_v1_v2_comparison/2026-06-03_09-24-45/model_runs/2026-06-03_09-39-05/multiclass_table6_arousal_3class_emotion-elicitation_2026-06-03_09-40-04/recording_loo/r_146.avi/gnn_fold_diagnostics.csv,train,-0.0311376098543405,0.1017939001321792,-0.4742068350315094,0.3698156774044037,0.8440225124359131,1.0954644680023191,0.0031802433077245,1.051992416381836,1.0986076593399048,0.3843309283256531,0.3365125358104706,10000,,,,,,,,,,,,,,,,,2,1.086558818817139,1
multiclass_table6_arousal_3class,Table-6 Arousal,recording_loo,GNN,BasicGCN_mean,r_146.avi,results/quick_v1_v2_comparison/2026-06-03_09-24-45/model_runs/2026-06-03_09-39-05,results/quick_v1_v2_comparison/2026-06-03_09-24-45/model_runs/2026-06-03_09-39-05/multiclass_table6_arousal_3class_emotion-elicitation_2026-06-03_09-40-04,results/quick_v1_v2_comparison/2026-06-03_09-24-45/model_runs/2026-06-03_09-39-05/multiclass_table6_arousal_3class_emotion-elicitation_2026-06-03_09-40-04/recording_loo/r_146.avi/gnn_fold_diagnostics.csv,val,-0.0184502266347408,0.1080263257026672,-0.3824990391731262,0.3153097927570343,0.6978088319301605,1.0951265096664429,0.0037282831035554,1.0592682361602783,1.0986101627349854,0.3630989193916321,0.3469454944133758,126253,,,,,,,,,,,,,,,,,2,1.086558818817139,1
multiclass_table6_arousal_3class,Table-6 Arousal,recording_loo,GNN,BasicGCN_mean,r_146.avi,results/quick_v1_v2_comparison/2026-06-03_09-24-45/model_runs/2026-06-03_09-39-05,results/quick_v1_v2_comparison/2026-06-03_09-24-45/model_runs/2026-06-03_09-39-05/multiclass_table6_arousal_3class_emotion-elicitation_2026-06-03_09-40-04,results/quick_v1_v2_comparison/2026-06-03_09-24-45/model_runs/2026-06-03_09-39-05/multiclass_table6_arousal_3class_emotion-elicitation_2026-06-03_09-40-04/recording_loo/r_146.avi/gnn_fold_diagnostics.csv,test,-0.0557642243802547,0.1057278960943222,-0.3176431059837341,0.2398664057254791,0.5575095117092133,1.09503436088562,0.0026264120824635,1.0834064483642578,1.0985935926437378,0.3707260489463806,0.3555727899074554,36046,,,,,,,,,,,,,,,,,2,1.086558818817139,1
multiclass_table6_arousal_3class,Table-6 Arousal,recording_loo,GNN,BasicGCN_mean,r_30.avi,results/quick_v1_v2_comparison/2026-06-03_09-24-45/model_runs/2026-06-03_09-39-05,results/quick_v1_v2_comparison/2026-06-03_09-24-45/model_runs/2026-06-03_09-39-05/multiclass_table6_arousal_3class_emotion-elicitation_2026-06-03_09-40-04,results/quick_v1_v2_comparison/2026-06-03_09-24-45/model_runs/2026-06-03_09-39-05/multiclass_table6_arousal_3class_emotion-elicitation_2026-06-03_09-40-04/recording_loo/r_30.avi/gnn_fold_diagnostics.csv,train,0.0066820383071899,0.1624712347984314,-0.4414681196212768,0.6510617136955261,1.092529833316803,1.0858091115951538,0.0126385707408189,0.9994378685951232,1.0986096858978271,0.401284247636795,0.2901871502399444,10000,,,,,,,,,,,,,,,,,1,1.0260809063911438,1
multiclass_table6_arousal_3class,Table-6 Arousal,recording_loo,GNN,BasicGCN_mean,r_30.avi,results/quick_v1_v2_comparison/2026-06-03_09-24-45/model_runs/2026-06-03_09-39-05,results/quick_v1_v2_comparison/2026-06-03_09-24-45/model_runs/2026-06-03_09-39-05/multiclass_table6_arousal_3class_emotion-elicitation_2026-06-03_09-40-04,results/quick_v1_v2_comparison/2026-06-03_09-24-45/model_runs/2026-06-03_09-39-05/multiclass_table6_arousal_3class_emotion-elicitation_2026-06-03_09-40-04/recording_loo/r_30.avi/gnn_fold_diagnostics.csv,val,0.0090224025771021,0.1736067682504654,-0.322272390127182,0.6457288265228271,0.9680012166500092,1.083819031715393,0.0124576091766357,1.0121986865997314,1.0985661745071411,0.4324164688587188,0.2483561486005783,127765,,,,,,,,,,,,,,,,,1,1.0260809063911438,1
multiclass_table6_arousal_3class,Table-6 Arousal,recording_loo,GNN,BasicGCN_mean,r_30.avi,results/quick_v1_v2_comparison/2026-06-03_09-24-45/model_runs/2026-06-03_09-39-05,results/quick_v1_v2_comparison/2026-06-03_09-24-45/model_runs/2026-06-03_09-39-05/multiclass_table6_arousal_3class_emotion-elicitation_2026-06-03_09-40-04,results/quick_v1_v2_comparison/2026-06-03_09-24-45/model_runs/2026-06-03_09-39-05/multiclass_table6_arousal_3class_emotion-elicitation_2026-06-03_09-40-04/recording_loo/r_30.avi/gnn_fold_diagnostics.csv,test,0.0131333684548735,0.2259860187768936,-0.449373185634613,0.542336642742157,0.99170982837677,1.0729047060012815,0.019841494038701,1.0189690589904783,1.0983742475509644,0.4771921038627624,0.2617065608501434,20910,,,,,,,,,,,,,,,,,1,1.0260809063911438,1
multiclass_table6_arousal_3class,Table-6 Arousal,recording_loo,GNN,BasicGCN_mean,r_52.avi,results/quick_v1_v2_comparison/2026-06-03_09-24-45/model_runs/2026-06-03_09-39-05,results/quick_v1_v2_comparison/2026-06-03_09-24-45/model_runs/2026-06-03_09-39-05/multiclass_table6_arousal_3class_emotion-elicitation_2026-06-03_09-40-04,results/quick_v1_v2_comparison/2026-06-03_09-24-45/model_runs/2026-06-03_09-39-05/multiclass_table6_arousal_3class_emotion-elicitation_2026-06-03_09-40-04/recording_loo/r_52.avi/gnn_fold_diagnostics.csv,train,0.0992130637168884,0.3695829510688782,-0.8301205635070801,0.98990398645401,1.82002454996109,1.0435518026351929,0.0289633460342884,0.936806857585907,1.0984320640563965,0.3789833188056946,0.3887902796268463,10000,,,,,,,,,,,,,,,,,17,0.9485433300336202,1
multiclass_table6_arousal_3class,Table-6 Arousal,recording_loo,GNN,BasicGCN_mean,r_52.avi,results/quick_v1_v2_comparison/2026-06-03_09-24-45/model_runs/2026-06-03_09-39-05,results/quick_v1_v2_comparison/2026-06-03_09-24-45/model_runs/2026-06-03_09-39-05/multiclass_table6_arousal_3class_emotion-elicitation_2026-06-03_09-40-04,results/quick_v1_v2_comparison/2026-06-03_09-24-45/model_runs/2026-06-03_09-39-05/multiclass_table6_arousal_3class_emotion-elicitation_2026-06-03_09-40-04/recording_loo/r_52.avi/gnn_fold_diagnostics.csv,val,0.1076785624027252,0.3161449432373047,-0.7755653262138367,0.826259434223175,1.6018247604370115,1.0573796033859253,0.027153518050909,0.975799798965454,1.098235845565796,0.4069453477859497,0.3413390815258026,179700,,,,,,,,,,,,,,,,,17,0.9485433300336202,1
multiclass_table6_arousal_3class,Table-6 Arousal,recording_loo,GNN,BasicGCN_mean,r_52.avi,results/quick_v1_v2_comparison/2026-06-03_09-24-45/model_runs/2026-06-03_09-39-05,results/quick_v1_v2_comparison/2026-06-03_09-24-45/model_runs/2026-06-03_09-39-05/multiclass_table6_arousal_3class_emotion-elicitation_2026-06-03_09-40-04,results/quick_v1_v2_comparison/2026-06-03_09-24-45/model_runs/2026-06-03_09-39-05/multiclass_table6_arousal_3class_emotion-elicitation_2026-06-03_09-40-04/recording_loo/r_52.avi/gnn_fold_diagnostics.csv,test,0.0972469002008438,0.3579539060592651,-0.7198418378829956,0.7310705780982971,1.4509124159812927,1.0474600791931152,0.025406789034605,1.0031025409698486,1.09569251537323,0.3238059282302856,0.4328724443912506,43365,,,,,,,,,,,,,,,,,17,0.9485433300336202,1
multiclass_table6_arousal_3class,Table-6 Arousal,recording_loo,GNN,BasicGCN_mean,r_53.avi,results/quick_v1_v2_comparison/2026-06-03_09-24-45/model_runs/2026-06-03_09-39-05,results/quick_v1_v2_comparison/2026-06-03_09-24-45/model_runs/2026-06-03_09-39-05/multiclass_table6_arousal_3class_emotion-elicitation_2026-06-03_09-40-04,results/quick_v1_v2_comparison/2026-06-03_09-24-45/model_runs/2026-06-03_09-39-05/multiclass_table6_arousal_3class_emotion-elicitation_2026-06-03_09-40-04/recording_loo/r_53.avi/gnn_fold_diagnostics.csv,train,-0.1072626635432243,0.7895584106445312,-3.2248096466064453,3.565412998199463,6.790222644805908,0.8942975401878357,0.188916802406311,0.0642957612872123,1.0985400676727295,0.4226610958576202,0.1564315855503082,10000,,,,,,,,,,,,,,,,,165,0.6555372873942057,1
multiclass_table6_arousal_3class,Table-6 Arousal,recording_loo,GNN,BasicGCN_mean,r_53.avi,results/quick_v1_v2_comparison/2026-06-03_09-24-45/model_runs/2026-06-03_09-39-05,results/quick_v1_v2_comparison/2026-06-03_09-24-45/model_runs/2026-06-03_09-39-05/multiclass_table6_arousal_3class_emotion-elicitation_2026-06-03_09-40-04,results/quick_v1_v2_comparison/2026-06-03_09-24-45/model_runs/2026-06-03_09-39-05/multiclass_table6_arousal_3class_emotion-elicitation_2026-06-03_09-40-04/recording_loo/r_53.avi/gnn_fold_diagnostics.csv,val,-0.0409545451402664,0.8233718276023865,-2.8908560276031494,3.772309064865112,6.663165092468262,0.868756115436554,0.2187096327543258,0.0636456832289695,1.0982234477996826,0.3764224648475647,0.1447035372257232,141778,,,,,,,,,,,,,,,,,165,0.6555372873942057,1
multiclass_table6_arousal_3class,Table-6 Arousal,recording_loo,GNN,BasicGCN_mean,r_53.avi,results/quick_v1_v2_comparison/2026-06-03_09-24-45/model_runs/2026-06-03_09-39-05,results/quick_v1_v2_comparison/2026-06-03_09-24-45/model_runs/2026-06-03_09-39-05/multiclass_table6_arousal_3class_emotion-elicitation_2026-06-03_09-40-04,results/quick_v1_v2_comparison/2026-06-03_09-24-45/model_runs/2026-06-03_09-39-05/multiclass_table6_arousal_3class_emotion-elicitation_2026-06-03_09-40-04/recording_loo/r_53.avi/gnn_fold_diagnostics.csv,test,-0.1279612183570861,0.6697145104408264,-3.0125181674957275,2.148209571838379,5.160727739334106,0.9521580934524536,0.1269200593233108,0.3419654965400696,1.0973713397979736,0.415868878364563,0.1460179388523101,46056,,,,,,,,,,,,,,,,,165,0.6555372873942057,1
multiclass_table6_arousal_3class,Table-6 Arousal,recording_loo,GNN,BasicGCN_mean,r_55.avi,results/quick_v1_v2_comparison/2026-06-03_09-24-45/model_runs/2026-06-03_09-39-05,results/quick_v1_v2_comparison/2026-06-03_09-24-45/model_runs/2026-06-03_09-39-05/multiclass_table6_arousal_3class_emotion-elicitation_2026-06-03_09-40-04,results/quick_v1_v2_comparison/2026-06-03_09-24-45/model_runs/2026-06-03_09-39-05/multiclass_table6_arousal_3class_emotion-elicitation_2026-06-03_09-40-04/recording_loo/r_55.avi/gnn_fold_diagnostics.csv,train,-0.0864765122532844,0.4920031130313873,-1.242490530014038,0.622149646282196,1.864640176296234,1.0106008052825928,0.0326782129704952,0.9198637008666992,1.087921380996704,0.3329635858535766,0.5164743065834045,10000,,,,,,,,,,,,,,,,,13,0.9548791348934174,1
multiclass_table6_arousal_3class,Table-6 Arousal,recording_loo,GNN,BasicGCN_mean,r_55.avi,results/quick_v1_v2_comparison/2026-06-03_09-24-45/model_runs/2026-06-03_09-39-05,results/quick_v1_v2_comparison/2026-06-03_09-24-45/model_runs/2026-06-03_09-39-05/multiclass_table6_arousal_3class_emotion-elicitation_2026-06-03_09-40-04,results/quick_v1_v2_comparison/2026-06-03_09-24-45/model_runs/2026-06-03_09-39-05/multiclass_table6_arousal_3class_emotion-elicitation_2026-06-03_09-40-04/recording_loo/r_55.avi/gnn_fold_diagnostics.csv,val,-0.083135575056076,0.4598986208438873,-1.240945816040039,0.5691543817520142,1.8101001977920528,1.0192298889160156,0.0318327136337757,0.9226420521736144,1.0801212787628174,0.3299493193626404,0.5222582817077637,121771,,,,,,,,,,,,,,,,,13,0.9548791348934174,1
multiclass_table6_arousal_3class,Table-6 Arousal,recording_loo,GNN,BasicGCN_mean,r_55.avi,results/quick_v1_v2_comparison/2026-06-03_09-24-45/model_runs/2026-06-03_09-39-05,results/quick_v1_v2_comparison/2026-06-03_09-24-45/model_runs/2026-06-03_09-39-05/multiclass_table6_arousal_3class_emotion-elicitation_2026-06-03_09-40-04,results/quick_v1_v2_comparison/2026-06-03_09-24-45/model_runs/2026-06-03_09-39-05/multiclass_table6_arousal_3class_emotion-elicitation_2026-06-03_09-40-04/recording_loo/r_55.avi/gnn_fold_diagnostics.csv,test,-0.0751992315053939,0.4603882730007171,-1.185113549232483,0.5744921565055847,1.7596057057380676,1.0185303688049316,0.0331193543970584,0.928052306175232,1.089535117149353,0.34173184633255,0.4852536916732788,28920,,,,,,,,,,,,,,,,,13,0.9548791348934174,1
multiclass_table6_arousal_3class,Table-6 Arousal,recording_loo,GNN,BasicGCN_mean,r_58.avi,results/quick_v1_v2_comparison/2026-06-03_09-24-45/model_runs/2026-06-03_09-39-05,results/quick_v1_v2_comparison/2026-06-03_09-24-45/model_runs/2026-06-03_09-39-05/multiclass_table6_arousal_3class_emotion-elicitation_2026-06-03_09-40-04,results/quick_v1_v2_comparison/2026-06-03_09-24-45/model_runs/2026-06-03_09-39-05/multiclass_table6_arousal_3class_emotion-elicitation_2026-06-03_09-40-04/recording_loo/r_58.avi/gnn_fold_diagnostics.csv,train,-0.0440625287592411,0.3429169058799743,-0.7337249517440796,0.6652786731719971,1.3990036249160769,1.0514811277389526,0.0212524030357599,0.9914548993110656,1.0985078811645508,0.3537582755088806,0.3652410805225372,10000,,,,,,,,,,,,,,,,,5,1.0716936588287354,1
multiclass_table6_arousal_3class,Table-6 Arousal,recording_loo,GNN,BasicGCN_mean,r_58.avi,results/quick_v1_v2_comparison/2026-06-03_09-24-45/model_runs/2026-06-03_09-39-05,results/quick_v1_v2_comparison/2026-06-03_09-24-45/model_runs/2026-06-03_09-39-05/multiclass_table6_arousal_3class_emotion-elicitation_2026-06-03_09-40-04,results/quick_v1_v2_comparison/2026-06-03_09-24-45/model_runs/2026-06-03_09-39-05/multiclass_table6_arousal_3class_emotion-elicitation_2026-06-03_09-40-04/recording_loo/r_58.avi/gnn_fold_diagnostics.csv,val,-0.0162497535347938,0.3562312424182892,-0.7127216458320618,0.5889492630958557,1.3016709089279177,1.0479735136032104,0.0217725187540054,0.9944493770599364,1.0982526540756226,0.3263503313064575,0.3796024918556213,126253,,,,,,,,,,,,,,,,,5,1.0716936588287354,1
multiclass_table6_arousal_3class,Table-6 Arousal,recording_loo,GNN,BasicGCN_mean,r_58.avi,results/quick_v1_v2_comparison/2026-06-03_09-24-45/model_runs/2026-06-03_09-39-05,results/quick_v1_v2_comparison/2026-06-03_09-24-45/model_runs/2026-06-03_09-39-05/multiclass_table6_arousal_3class_emotion-elicitation_2026-06-03_09-40-04,results/quick_v1_v2_comparison/2026-06-03_09-24-45/model_runs/2026-06-03_09-39-05/multiclass_table6_arousal_3class_emotion-elicitation_2026-06-03_09-40-04/recording_loo/r_58.avi/gnn_fold_diagnostics.csv,test,-0.0038313760887831,0.3975645899772644,-0.7177091240882874,0.6055958867073059,1.3233050107955933,1.037329077720642,0.018338331952691,1.0046145915985107,1.0980448722839355,0.2171446233987808,0.5924193263053894,19306,,,,,,,,,,,,,,,,,5,1.0716936588287354,1
multiclass_table6_arousal_3class,Table-6 Arousal,recording_loo,GNN,BasicGCN_mean,r_69.avi,results/quick_v1_v2_comparison/2026-06-03_09-24-45/model_runs/2026-06-03_09-39-05,results/quick_v1_v2_comparison/2026-06-03_09-24-45/model_runs/2026-06-03_09-39-05/multiclass_table6_arousal_3class_emotion-elicitation_2026-06-03_09-40-04,results/quick_v1_v2_comparison/2026-06-03_09-24-45/model_runs/2026-06-03_09-39-05/multiclass_table6_arousal_3class_emotion-elicitation_2026-06-03_09-40-04/recording_loo/r_69.avi/gnn_fold_diagnostics.csv,train,0.0294242575764656,0.1938461363315582,-0.4656110405921936,0.4898077845573425,0.955418825149536,1.0817793607711792,0.0076904660090804,1.0558757781982422,1.0983222723007202,0.3929585218429565,0.353263109922409,10000,,,,,,,,,,,,,,,,,1,1.158278226852417,1
multiclass_table6_arousal_3class,Table-6 Arousal,recording_loo,GNN,BasicGCN_mean,r_69.avi,results/quick_v1_v2_comparison/2026-06-03_09-24-45/model_runs/2026-06-03_09-39-05,results/quick_v1_v2_comparison/2026-06-03_09-24-45/model_runs/2026-06-03_09-39-05/multiclass_table6_arousal_3class_emotion-elicitation_2026-06-03_09-40-04,results/quick_v1_v2_comparison/2026-06-03_09-24-45/model_runs/2026-06-03_09-39-05/multiclass_table6_arousal_3class_emotion-elicitation_2026-06-03_09-40-04/recording_loo/r_69.avi/gnn_fold_diagnostics.csv,val,0.0118461456149816,0.1873426586389541,-0.4939131736755371,0.4803680777549743,0.9742812514305116,1.082693099975586,0.0075885909609496,1.05697500705719,1.0972695350646973,0.4184467494487762,0.3370407521724701,109746,,,,,,,,,,,,,,,,,1,1.158278226852417,1
multiclass_table6_arousal_3class,Table-6 Arousal,recording_loo,GNN,BasicGCN_mean,r_69.avi,results/quick_v1_v2_comparison/2026-06-03_09-24-45/model_runs/2026-06-03_09-39-05,results/quick_v1_v2_comparison/2026-06-03_09-24-45/model_runs/2026-06-03_09-39-05/multiclass_table6_arousal_3class_emotion-elicitation_2026-06-03_09-40-04,results/quick_v1_v2_comparison/2026-06-03_09-24-45/model_runs/2026-06-03_09-39-05/multiclass_table6_arousal_3class_emotion-elicitation_2026-06-03_09-40-04/recording_loo/r_69.avi/gnn_fold_diagnostics.csv,test,0.0161262769252061,0.1708088964223861,-0.4376912117004394,0.4028121829032898,0.8405033946037292,1.0856695175170898,0.007840453647077,1.0637950897216797,1.097127914428711,0.458116739988327,0.2984807789325714,22791,,,,,,,,,,,,,,,,,1,1.158278226852417,1
multiclass_table6_arousal_3class,Table-6 Arousal,recording_loo,GNN,BasicGCN_mean,r_73.avi,results/quick_v1_v2_comparison/2026-06-03_09-24-45/model_runs/2026-06-03_09-39-05,results/quick_v1_v2_comparison/2026-06-03_09-24-45/model_runs/2026-06-03_09-39-05/multiclass_table6_arousal_3class_emotion-elicitation_2026-06-03_09-40-04,results/quick_v1_v2_comparison/2026-06-03_09-24-45/model_runs/2026-06-03_09-39-05/multiclass_table6_arousal_3class_emotion-elicitation_2026-06-03_09-40-04/recording_loo/r_73.avi/gnn_fold_diagnostics.csv,train,-0.0286624431610107,0.7079552412033081,-2.0752217769622803,1.8462135791778564,3.9214353561401367,0.9194761514663696,0.1056510210037231,0.4026710093021393,1.0985664129257202,0.2970083355903625,0.529029130935669,10000,,,,,,,,,,,,,,,,,71,0.8392122387886047,1
multiclass_table6_arousal_3class,Table-6 Arousal,recording_loo,GNN,BasicGCN_mean,r_73.avi,results/quick_v1_v2_comparison/2026-06-03_09-24-45/model_runs/2026-06-03_09-39-05,results/quick_v1_v2_comparison/2026-06-03_09-24-45/model_runs/2026-06-03_09-39-05/multiclass_table6_arousal_3class_emotion-elicitation_2026-06-03_09-40-04,results/quick_v1_v2_comparison/2026-06-03_09-24-45/model_runs/2026-06-03_09-39-05/multiclass_table6_arousal_3class_emotion-elicitation_2026-06-03_09-40-04/recording_loo/r_73.avi/gnn_fold_diagnostics.csv,val,-0.027835626155138,0.7696102857589722,-2.0529918670654297,1.7491029500961304,3.80209481716156,0.894631028175354,0.1069629192352294,0.4771750271320343,1.0893429517745972,0.2339556962251663,0.6013044118881226,154290,,,,,,,,,,,,,,,,,71,0.8392122387886047,1
multiclass_table6_arousal_3class,Table-6 Arousal,recording_loo,GNN,BasicGCN_mean,r_73.avi,results/quick_v1_v2_comparison/2026-06-03_09-24-45/model_runs/2026-06-03_09-39-05,results/quick_v1_v2_comparison/2026-06-03_09-24-45/model_runs/2026-06-03_09-39-05/multiclass_table6_arousal_3class_emotion-elicitation_2026-06-03_09-40-04,results/quick_v1_v2_comparison/2026-06-03_09-24-45/model_runs/2026-06-03_09-39-05/multiclass_table6_arousal_3class_emotion-elicitation_2026-06-03_09-40-04/recording_loo/r_73.avi/gnn_fold_diagnostics.csv,test,-0.0337313413619995,0.6666043400764465,-2.0045480728149414,1.3480459451675415,3.352594017982483,0.9391528367996216,0.0798889696598053,0.7042198181152344,1.0944706201553345,0.2861288785934448,0.5495103597640991,29646,,,,,,,,,,,,,,,,,71,0.8392122387886047,1
multiclass_table6_arousal_3class,Table-6 Arousal,recording_loo,GNN,BasicGCN_mean,r_79.avi,results/quick_v1_v2_comparison/2026-06-03_09-24-45/model_runs/2026-06-03_09-39-05,results/quick_v1_v2_comparison/2026-06-03_09-24-45/model_runs/2026-06-03_09-39-05/multiclass_table6_arousal_3class_emotion-elicitation_2026-06-03_09-40-04,results/quick_v1_v2_comparison/2026-06-03_09-24-45/model_runs/2026-06-03_09-39-05/multiclass_table6_arousal_3class_emotion-elicitation_2026-06-03_09-40-04/recording_loo/r_79.avi/gnn_fold_diagnostics.csv,train,-0.0474952608346939,0.8423678874969482,-3.874989748001098,3.140953063964844,7.015942811965942,0.8827756643295288,0.1934658885002136,0.113519586622715,1.0985393524169922,0.4062923789024353,0.2026935517787933,10000,,,,,,,,,,,,,,,,,263,0.5501987735430399,1
multiclass_table6_arousal_3class,Table-6 Arousal,recording_loo,GNN,BasicGCN_mean,r_79.avi,results/quick_v1_v2_comparison/2026-06-03_09-24-45/model_runs/2026-06-03_09-39-05,results/quick_v1_v2_comparison/2026-06-03_09-24-45/model_runs/2026-06-03_09-39-05/multiclass_table6_arousal_3class_emotion-elicitation_2026-06-03_09-40-04,results/quick_v1_v2_comparison/2026-06-03_09-24-45/model_runs/2026-06-03_09-39-05/multiclass_table6_arousal_3class_emotion-elicitation_2026-06-03_09-40-04/recording_loo/r_79.avi/gnn_fold_diagnostics.csv,val,-0.0133647676557302,1.0606099367141724,-2.7703616619110107,4.000384330749512,6.7707459926605225,0.7265287637710571,0.2640973329544067,0.0697590485215187,1.0951387882232666,0.3099135458469391,0.3594148457050323,134421,,,,,,,,,,,,,,,,,263,0.5501987735430399,1
multiclass_table6_arousal_3class,Table-6 Arousal,recording_loo,GNN,BasicGCN_mean,r_79.avi,results/quick_v1_v2_comparison/2026-06-03_09-24-45/model_runs/2026-06-03_09-39-05,results/quick_v1_v2_comparison/2026-06-03_09-24-45/model_runs/2026-06-03_09-39-05/multiclass_table6_arousal_3class_emotion-elicitation_2026-06-03_09-40-04,results/quick_v1_v2_comparison/2026-06-03_09-24-45/model_runs/2026-06-03_09-39-05/multiclass_table6_arousal_3class_emotion-elicitation_2026-06-03_09-40-04/recording_loo/r_79.avi/gnn_fold_diagnostics.csv,test,-0.0390654690563678,0.6349956393241882,-2.0668320655822754,2.2681586742401123,4.334990739822388,0.9509032368659972,0.1356756687164306,0.3423864841461181,1.0950524806976318,0.3661587834358215,0.2296774536371231,13203,,,,,,,,,,,,,,,,,263,0.5501987735430399,1
multiclass_table6_arousal_3class,Table-6 Arousal,recording_loo,GNN,BasicGCN_mean,r_80.avi,results/quick_v1_v2_comparison/2026-06-03_09-24-45/model_runs/2026-06-03_09-39-05,results/quick_v1_v2_comparison/2026-06-03_09-24-45/model_runs/2026-06-03_09-39-05/multiclass_table6_arousal_3class_emotion-elicitation_2026-06-03_09-40-04,results/quick_v1_v2_comparison/2026-06-03_09-24-45/model_runs/2026-06-03_09-39-05/multiclass_table6_arousal_3class_emotion-elicitation_2026-06-03_09-40-04/recording_loo/r_80.avi/gnn_fold_diagnostics.csv,train,0.0377769879996776,0.3763161301612854,-0.7660000920295715,0.9190825819969176,1.6850826740264893,1.038533329963684,0.02945202216506,0.9272289276123048,1.097069501876831,0.3201963305473327,0.5085312724113464,10000,,,,,,,,,,,,,,,,,10,0.875652015209198,1
multiclass_table6_arousal_3class,Table-6 Arousal,recording_loo,GNN,BasicGCN_mean,r_80.avi,results/quick_v1_v2_comparison/2026-06-03_09-24-45/model_runs/2026-06-03_09-39-05,results/quick_v1_v2_comparison/2026-06-03_09-24-45/model_runs/2026-06-03_09-39-05/multiclass_table6_arousal_3class_emotion-elicitation_2026-06-03_09-40-04,results/quick_v1_v2_comparison/2026-06-03_09-24-45/model_runs/2026-06-03_09-39-05/multiclass_table6_arousal_3class_emotion-elicitation_2026-06-03_09-40-04/recording_loo/r_80.avi/gnn_fold_diagnostics.csv,val,0.0520371012389659,0.3883017301559448,-0.7178905010223389,0.9116821885108948,1.6295726895332336,1.0348509550094604,0.0327268876135349,0.9436849355697632,1.0937217473983765,0.3253416717052459,0.5046259760856628,148240,,,,,,,,,,,,,,,,,10,0.875652015209198,1
multiclass_table6_arousal_3class,Table-6 Arousal,recording_loo,GNN,BasicGCN_mean,r_80.avi,results/quick_v1_v2_comparison/2026-06-03_09-24-45/model_runs/2026-06-03_09-39-05,results/quick_v1_v2_comparison/2026-06-03_09-24-45/model_runs/2026-06-03_09-39-05/multiclass_table6_arousal_3class_emotion-elicitation_2026-06-03_09-40-04,results/quick_v1_v2_comparison/2026-06-03_09-24-45/model_runs/2026-06-03_09-39-05/multiclass_table6_arousal_3class_emotion-elicitation_2026-06-03_09-40-04/recording_loo/r_80.avi/gnn_fold_diagnostics.csv,test,0.0533198192715644,0.41066375374794,-0.7480387687683105,0.8915443420410156,1.6395831108093262,1.027588963508606,0.0273153148591518,0.9484410285949708,1.083702802658081,0.2698297500610351,0.5711374282836914,38781,,,,,,,,,,,,,,,,,10,0.875652015209198,1
multiclass_table6_arousal_3class,Table-6 Arousal,recording_loo,GNN,BasicGCN_mean,r_90.avi,results/quick_v1_v2_comparison/2026-06-03_09-24-45/model_runs/2026-06-03_09-39-05,results/quick_v1_v2_comparison/2026-06-03_09-24-45/model_runs/2026-06-03_09-39-05/multiclass_table6_arousal_3class_emotion-elicitation_2026-06-03_09-40-04,results/quick_v1_v2_comparison/2026-06-03_09-24-45/model_runs/2026-06-03_09-39-05/multiclass_table6_arousal_3class_emotion-elicitation_2026-06-03_09-40-04/recording_loo/r_90.avi/gnn_fold_diagnostics.csv,train,-0.0962120369076728,0.3870649039745331,-0.9504647254943848,0.7251183986663818,1.6755831241607666,1.0326987504959106,0.022065170109272,0.9416548609733582,1.0963735580444336,0.3381641209125519,0.4347186088562011,10000,,,,,,,,,,,,,,,,,5,1.0717740058898926,1
multiclass_table6_arousal_3class,Table-6 Arousal,recording_loo,GNN,BasicGCN_mean,r_90.avi,results/quick_v1_v2_comparison/2026-06-03_09-24-45/model_runs/2026-06-03_09-39-05,results/quick_v1_v2_comparison/2026-06-03_09-24-45/model_runs/2026-06-03_09-39-05/multiclass_table6_arousal_3class_emotion-elicitation_2026-06-03_09-40-04,results/quick_v1_v2_comparison/2026-06-03_09-24-45/model_runs/2026-06-03_09-39-05/multiclass_table6_arousal_3class_emotion-elicitation_2026-06-03_09-40-04/recording_loo/r_90.avi/gnn_fold_diagnostics.csv,val,-0.1098013147711753,0.3746927678585052,-0.9097840785980223,0.6640698909759521,1.5738539695739746,1.0350651741027832,0.0215248484164476,0.971989095211029,1.0942059755325315,0.3529920578002929,0.4156033098697662,122760,,,,,,,,,,,,,,,,,5,1.0717740058898926,1
multiclass_table6_arousal_3class,Table-6 Arousal,recording_loo,GNN,BasicGCN_mean,r_90.avi,results/quick_v1_v2_comparison/2026-06-03_09-24-45/model_runs/2026-06-03_09-39-05,results/quick_v1_v2_comparison/2026-06-03_09-24-45/model_runs/2026-06-03_09-39-05/multiclass_table6_arousal_3class_emotion-elicitation_2026-06-03_09-40-04,results/quick_v1_v2_comparison/2026-06-03_09-24-45/model_runs/2026-06-03_09-39-05/multiclass_table6_arousal_3class_emotion-elicitation_2026-06-03_09-40-04/recording_loo/r_90.avi/gnn_fold_diagnostics.csv,test,-0.1076802685856819,0.3945946395397186,-0.987527310848236,0.6779541373252869,1.665481448173523,1.0311459302902222,0.0195469073951244,0.9640108346939088,1.084901213645935,0.3106512129306793,0.4940568506717682,32640,,,,,,,,,,,,,,,,,5,1.0717740058898926,1
multiclass_table6_arousal_3class,Table-6 Arousal,recording_loo,GNN,BasicGCN_mean,r_cats_f.avi,results/quick_v1_v2_comparison/2026-06-03_09-24-45/model_runs/2026-06-03_09-39-05,results/quick_v1_v2_comparison/2026-06-03_09-24-45/model_runs/2026-06-03_09-39-05/multiclass_table6_arousal_3class_emotion-elicitation_2026-06-03_09-40-04,results/quick_v1_v2_comparison/2026-06-03_09-24-45/model_runs/2026-06-03_09-39-05/multiclass_table6_arousal_3class_emotion-elicitation_2026-06-03_09-40-04/recording_loo/r_cats_f.avi/gnn_fold_diagnostics.csv,train,0.0240538194775581,0.139344185590744,-0.3727870583534241,0.3774401545524597,0.7502272129058838,1.0906429290771484,0.0053062280640006,1.06611168384552,1.0986061096191406,0.4244732558727264,0.2130741029977798,10000,,,,,,,,,,,,,,,,,1,1.0873897671699524,1
multiclass_table6_arousal_3class,Table-6 Arousal,recording_loo,GNN,BasicGCN_mean,r_cats_f.avi,results/quick_v1_v2_comparison/2026-06-03_09-24-45/model_runs/2026-06-03_09-39-05,results/quick_v1_v2_comparison/2026-06-03_09-24-45/model_runs/2026-06-03_09-39-05/multiclass_table6_arousal_3class_emotion-elicitation_2026-06-03_09-40-04,results/quick_v1_v2_comparison/2026-06-03_09-24-45/model_runs/2026-06-03_09-39-05/multiclass_table6_arousal_3class_emotion-elicitation_2026-06-03_09-40-04/recording_loo/r_cats_f.avi/gnn_fold_diagnostics.csv,val,0.0428296029567718,0.1502137780189514,-0.3498602509498596,0.3874403238296509,0.7373005747795105,1.0895129442214966,0.0052315164357423,1.0710649490356443,1.0985233783721924,0.454275906085968,0.2028750479221344,67528,,,,,,,,,,,,,,,,,1,1.0873897671699524,1
multiclass_table6_arousal_3class,Table-6 Arousal,recording_loo,GNN,BasicGCN_mean,r_cats_f.avi,results/quick_v1_v2_comparison/2026-06-03_09-24-45/model_runs/2026-06-03_09-39-05,results/quick_v1_v2_comparison/2026-06-03_09-24-45/model_runs/2026-06-03_09-39-05/multiclass_table6_arousal_3class_emotion-elicitation_2026-06-03_09-40-04,results/quick_v1_v2_comparison/2026-06-03_09-24-45/model_runs/2026-06-03_09-39-05/multiclass_table6_arousal_3class_emotion-elicitation_2026-06-03_09-40-04/recording_loo/r_cats_f.avi/gnn_fold_diagnostics.csv,test,0.0146235339343547,0.1348573267459869,-0.3286688923835754,0.3424578309059143,0.6711267232894897,1.091095209121704,0.0046220840886235,1.0761781930923462,1.0985665321350098,0.3685467541217804,0.2794334590435028,42486,,,,,,,,,,,,,,,,,1,1.0873897671699524,1
multiclass_table6_arousal_3class,Table-6 Arousal,recording_loo,GNN,BasicGCN_mean,r_dallas_f.avi,results/quick_v1_v2_comparison/2026-06-03_09-24-45/model_runs/2026-06-03_09-39-05,results/quick_v1_v2_comparison/2026-06-03_09-24-45/model_runs/2026-06-03_09-39-05/multiclass_table6_arousal_3class_emotion-elicitation_2026-06-03_09-40-04,results/quick_v1_v2_comparison/2026-06-03_09-24-45/model_runs/2026-06-03_09-39-05/multiclass_table6_arousal_3class_emotion-elicitation_2026-06-03_09-40-04/recording_loo/r_dallas_f.avi/gnn_fold_diagnostics.csv,train,-0.0411679074168205,0.1799560040235519,-0.5713906288146973,0.3315664827823639,0.9029571115970612,1.0851041078567505,0.0104369083419442,1.0428643226623535,1.0985864400863647,0.3774949610233307,0.3291693329811096,10000,,,,,,,,,,,,,,,,,1,1.2444398999214172,1
multiclass_table6_arousal_3class,Table-6 Arousal,recording_loo,GNN,BasicGCN_mean,r_dallas_f.avi,results/quick_v1_v2_comparison/2026-06-03_09-24-45/model_runs/2026-06-03_09-39-05,results/quick_v1_v2_comparison/2026-06-03_09-24-45/model_runs/2026-06-03_09-39-05/multiclass_table6_arousal_3class_emotion-elicitation_2026-06-03_09-40-04,results/quick_v1_v2_comparison/2026-06-03_09-24-45/model_runs/2026-06-03_09-39-05/multiclass_table6_arousal_3class_emotion-elicitation_2026-06-03_09-40-04/recording_loo/r_dallas_f.avi/gnn_fold_diagnostics.csv,val,-0.0358052290976047,0.1928075850009918,-0.5308128595352173,0.3588594794273376,0.8896723389625549,1.0829695463180542,0.0117160100489854,1.0471962690353394,1.098475456237793,0.3864508271217346,0.3266735970973968,117370,,,,,,,,,,,,,,,,,1,1.2444398999214172,1
multiclass_table6_arousal_3class,Table-6 Arousal,recording_loo,GNN,BasicGCN_mean,r_dallas_f.avi,results/quick_v1_v2_comparison/2026-06-03_09-24-45/model_runs/2026-06-03_09-39-05,results/quick_v1_v2_comparison/2026-06-03_09-24-45/model_runs/2026-06-03_09-39-05/multiclass_table6_arousal_3class_emotion-elicitation_2026-06-03_09-40-04,results/quick_v1_v2_comparison/2026-06-03_09-24-45/model_runs/2026-06-03_09-39-05/multiclass_table6_arousal_3class_emotion-elicitation_2026-06-03_09-40-04/recording_loo/r_dallas_f.avi/gnn_fold_diagnostics.csv,test,-0.0770596861839294,0.1722532212734222,-0.5051606297492981,0.2735799849033355,0.7787406146526337,1.0849484205245972,0.0104151405394077,1.0485830307006836,1.0982991456985474,0.25910285115242,0.5271292924880981,34716,,,,,,,,,,,,,,,,,1,1.2444398999214172,1
multiclass_table6_arousal_3class,Table-6 Arousal,recording_loo,GNN,BasicGCN_mean,r_detroit_f.avi,results/quick_v1_v2_comparison/2026-06-03_09-24-45/model_runs/2026-06-03_09-39-05,results/quick_v1_v2_comparison/2026-06-03_09-24-45/model_runs/2026-06-03_09-39-05/multiclass_table6_arousal_3class_emotion-elicitation_2026-06-03_09-40-04,results/quick_v1_v2_comparison/2026-06-03_09-24-45/model_runs/2026-06-03_09-39-05/multiclass_table6_arousal_3class_emotion-elicitation_2026-06-03_09-40-04/recording_loo/r_detroit_f.avi/gnn_fold_diagnostics.csv,train,0.0591725967824459,0.5710011720657349,-1.7628939151763916,1.9888499975204468,3.7517439126968384,0.9715774655342102,0.1021401435136795,0.3832936882972717,1.0985647439956665,0.3880170285701751,0.3090304732322693,10000,,,,,,,,,,,,,,,,,66,0.8616260290145874,1
multiclass_table6_arousal_3class,Table-6 Arousal,recording_loo,GNN,BasicGCN_mean,r_detroit_f.avi,results/quick_v1_v2_comparison/2026-06-03_09-24-45/model_runs/2026-06-03_09-39-05,results/quick_v1_v2_comparison/2026-06-03_09-24-45/model_runs/2026-06-03_09-39-05/multiclass_table6_arousal_3class_emotion-elicitation_2026-06-03_09-40-04,results/quick_v1_v2_comparison/2026-06-03_09-24-45/model_runs/2026-06-03_09-39-05/multiclass_table6_arousal_3class_emotion-elicitation_2026-06-03_09-40-04/recording_loo/r_detroit_f.avi/gnn_fold_diagnostics.csv,val,0.0768770426511764,0.6110773682594299,-1.5822975635528564,1.58986496925354,3.1721625328063965,0.9622626304626464,0.0895134434103965,0.6331635117530823,1.0974072217941284,0.3870991468429565,0.3293915390968323,121278,,,,,,,,,,,,,,,,,66,0.8616260290145874,1
multiclass_table6_arousal_3class,Table-6 Arousal,recording_loo,GNN,BasicGCN_mean,r_detroit_f.avi,results/quick_v1_v2_comparison/2026-06-03_09-24-45/model_runs/2026-06-03_09-39-05,results/quick_v1_v2_comparison/2026-06-03_09-24-45/model_runs/2026-06-03_09-39-05/multiclass_table6_arousal_3class_emotion-elicitation_2026-06-03_09-40-04,results/quick_v1_v2_comparison/2026-06-03_09-24-45/model_runs/2026-06-03_09-39-05/multiclass_table6_arousal_3class_emotion-elicitation_2026-06-03_09-40-04/recording_loo/r_detroit_f.avi/gnn_fold_diagnostics.csv,test,0.041212935000658,0.677210807800293,-1.4743318557739258,1.97816014289856,3.4524919986724854,0.904438018798828,0.1467681378126144,0.4280372560024261,1.0981799364089966,0.2511877417564392,0.5170527696609497,34191,,,,,,,,,,,,,,,,,66,0.8616260290145874,1
multiclass_table6_arousal_3class,Table-6 Arousal,recording_loo,GNN,BasicGCN_mean,r_earworm_f.avi,results/quick_v1_v2_comparison/2026-06-03_09-24-45/model_runs/2026-06-03_09-39-05,results/quick_v1_v2_comparison/2026-06-03_09-24-45/model_runs/2026-06-03_09-39-05/multiclass_table6_arousal_3class_emotion-elicitation_2026-06-03_09-40-04,results/quick_v1_v2_comparison/2026-06-03_09-24-45/model_runs/2026-06-03_09-39-05/multiclass_table6_arousal_3class_emotion-elicitation_2026-06-03_09-40-04/recording_loo/r_earworm_f.avi/gnn_fold_diagnostics.csv,train,-0.0376229956746101,0.3997153043746948,-1.070343255996704,0.6369739770889282,1.7073172330856323,1.0363800525665283,0.0270505771040916,0.943925440311432,1.0891584157943726,0.3346934616565704,0.4595668911933899,10000,,,,,,,,,,,,,,,,,10,0.9320292870203654,1
multiclass_table6_arousal_3class,Table-6 Arousal,recording_loo,GNN,BasicGCN_mean,r_earworm_f.avi,results/quick_v1_v2_comparison/2026-06-03_09-24-45/model_runs/2026-06-03_09-39-05,results/quick_v1_v2_comparison/2026-06-03_09-24-45/model_runs/2026-06-03_09-39-05/multiclass_table6_arousal_3class_emotion-elicitation_2026-06-03_09-40-04,results/quick_v1_v2_comparison/2026-06-03_09-24-45/model_runs/2026-06-03_09-39-05/multiclass_table6_arousal_3class_emotion-elicitation_2026-06-03_09-40-04/recording_loo/r_earworm_f.avi/gnn_fold_diagnostics.csv,val,-0.0342631004750728,0.3826317489147186,-0.9728012681007384,0.5943102836608887,1.5671115517616272,1.0406627655029297,0.0247657652944326,0.9664297103881836,1.091156005859375,0.320035308599472,0.4701393246650696,195625,,,,,,,,,,,,,,,,,10,0.9320292870203654,1
multiclass_table6_arousal_3class,Table-6 Arousal,recording_loo,GNN,BasicGCN_mean,r_earworm_f.avi,results/quick_v1_v2_comparison/2026-06-03_09-24-45/model_runs/2026-06-03_09-39-05,results/quick_v1_v2_comparison/2026-06-03_09-24-45/model_runs/2026-06-03_09-39-05/multiclass_table6_arousal_3class_emotion-elicitation_2026-06-03_09-40-04,results/quick_v1_v2_comparison/2026-06-03_09-24-45/model_runs/2026-06-03_09-39-05/multiclass_table6_arousal_3class_emotion-elicitation_2026-06-03_09-40-04/recording_loo/r_earworm_f.avi/gnn_fold_diagnostics.csv,test,-0.0636273846030235,0.4013102948665619,-1.0015206336975098,0.5511318445205688,1.5526524782180786,1.0368778705596924,0.0274780355393886,0.9602117538452148,1.0891120433807373,0.3213702142238617,0.4998115301132202,18336,,,,,,,,,,,,,,,,,10,0.9320292870203654,1
multiclass_table6_arousal_3class,Table-6 Arousal,recording_loo,GNN,BasicGCN_mean,r_funny_f.avi,results/quick_v1_v2_comparison/2026-06-03_09-24-45/model_runs/2026-06-03_09-39-05,results/quick_v1_v2_comparison/2026-06-03_09-24-45/model_runs/2026-06-03_09-39-05/multiclass_table6_arousal_3class_emotion-elicitation_2026-06-03_09-40-04,results/quick_v1_v2_comparison/2026-06-03_09-24-45/model_runs/2026-06-03_09-39-05/multiclass_table6_arousal_3class_emotion-elicitation_2026-06-03_09-40-04/recording_loo/r_funny_f.avi/gnn_fold_diagnostics.csv,train,-0.131270095705986,0.6289794445037842,-2.137540102005005,1.8419053554534912,3.979445457458496,0.9392096996307372,0.1275443732738495,0.2607033848762512,1.0985560417175293,0.3362745344638824,0.4157886803150177,10000,,,,,,,,,,,,,,,,,60,0.9719805419445038,1
multiclass_table6_arousal_3class,Table-6 Arousal,recording_loo,GNN,BasicGCN_mean,r_funny_f.avi,results/quick_v1_v2_comparison/2026-06-03_09-24-45/model_runs/2026-06-03_09-39-05,results/quick_v1_v2_comparison/2026-06-03_09-24-45/model_runs/2026-06-03_09-39-05/multiclass_table6_arousal_3class_emotion-elicitation_2026-06-03_09-40-04,results/quick_v1_v2_comparison/2026-06-03_09-24-45/model_runs/2026-06-03_09-39-05/multiclass_table6_arousal_3class_emotion-elicitation_2026-06-03_09-40-04/recording_loo/r_funny_f.avi/gnn_fold_diagnostics.csv,val,-0.1125526279211044,0.5572343468666077,-1.755071043968201,1.1818220615386963,2.936893105506897,0.9787478446960448,0.0784922614693641,0.5690180063247681,1.096683382987976,0.3323986828327179,0.4245231449604034,127765,,,,,,,,,,,,,,,,,60,0.9719805419445038,1
multiclass_table6_arousal_3class,Table-6 Arousal,recording_loo,GNN,BasicGCN_mean,r_funny_f.avi,results/quick_v1_v2_comparison/2026-06-03_09-24-45/model_runs/2026-06-03_09-39-05,results/quick_v1_v2_comparison/2026-06-03_09-24-45/model_runs/2026-06-03_09-39-05/multiclass_table6_arousal_3class_emotion-elicitation_2026-06-03_09-40-04,results/quick_v1_v2_comparison/2026-06-03_09-24-45/model_runs/2026-06-03_09-39-05/multiclass_table6_arousal_3class_emotion-elicitation_2026-06-03_09-40-04/recording_loo/r_funny_f.avi/gnn_fold_diagnostics.csv,test,-0.1376078575849533,0.6317160725593567,-1.729071021080017,1.273664474487305,3.0027354955673218,0.9397607445716858,0.1136300340294838,0.5552913546562195,1.0907505750656128,0.3044035732746124,0.4895559847354889,34980,,,,,,,,,,,,,,,,,60,0.9719805419445038,1
multiclass_table6_arousal_3class,Table-6 Arousal,recording_loo,GNN,BasicGCN_mean,r_newyork_f.avi,results/quick_v1_v2_comparison/2026-06-03_09-24-45/model_runs/2026-06-03_09-39-05,results/quick_v1_v2_comparison/2026-06-03_09-24-45/model_runs/2026-06-03_09-39-05/multiclass_table6_arousal_3class_emotion-elicitation_2026-06-03_09-40-04,results/quick_v1_v2_comparison/2026-06-03_09-24-45/model_runs/2026-06-03_09-39-05/multiclass_table6_arousal_3class_emotion-elicitation_2026-06-03_09-40-04/recording_loo/r_newyork_f.avi/gnn_fold_diagnostics.csv,train,0.084889568388462,0.1785100400447845,-0.4013165831565857,0.615813136100769,1.0171297192573547,1.0845099687576294,0.0105804307386279,1.048960566520691,1.0986101627349854,0.34263676404953,0.4262582659721374,10000,,,,,,,,,,,,,,,,,1,1.1255793571472168,1
multiclass_table6_arousal_3class,Table-6 Arousal,recording_loo,GNN,BasicGCN_mean,r_newyork_f.avi,results/quick_v1_v2_comparison/2026-06-03_09-24-45/model_runs/2026-06-03_09-39-05,results/quick_v1_v2_comparison/2026-06-03_09-24-45/model_runs/2026-06-03_09-39-05/multiclass_table6_arousal_3class_emotion-elicitation_2026-06-03_09-40-04,results/quick_v1_v2_comparison/2026-06-03_09-24-45/model_runs/2026-06-03_09-39-05/multiclass_table6_arousal_3class_emotion-elicitation_2026-06-03_09-40-04/recording_loo/r_newyork_f.avi/gnn_fold_diagnostics.csv,val,0.0851996913552284,0.1995519995689392,-0.3715461492538452,0.4579068124294281,0.8294529616832733,1.0810109376907349,0.0107020987197756,1.056196689605713,1.0985937118530271,0.3142381906509399,0.4715388715267181,95703,,,,,,,,,,,,,,,,,1,1.1255793571472168,1
multiclass_table6_arousal_3class,Table-6 Arousal,recording_loo,GNN,BasicGCN_mean,r_newyork_f.avi,results/quick_v1_v2_comparison/2026-06-03_09-24-45/model_runs/2026-06-03_09-39-05,results/quick_v1_v2_comparison/2026-06-03_09-24-45/model_runs/2026-06-03_09-39-05/multiclass_table6_arousal_3class_emotion-elicitation_2026-06-03_09-40-04,results/quick_v1_v2_comparison/2026-06-03_09-24-45/model_runs/2026-06-03_09-39-05/multiclass_table6_arousal_3class_emotion-elicitation_2026-06-03_09-40-04/recording_loo/r_newyork_f.avi/gnn_fold_diagnostics.csv,test,0.0957844480872154,0.2033406794071197,-0.3390090763568878,0.5164439082145691,0.8554529845714569,1.0806159973144531,0.0102884611114859,1.0555222034454346,1.097745656967163,0.266071617603302,0.5277647972106934,32385,,,,,,,,,,,,,,,,,1,1.1255793571472168,1
multiclass_table6_valence_3class,Table-6 Valence,subject_loo,GNN,BasicGCN_mean,s_P1,results/quick_v1_v2_comparison/2026-06-03_09-24-45/model_runs/2026-06-03_09-39-05,results/quick_v1_v2_comparison/2026-06-03_09-24-45/model_runs/2026-06-03_09-39-05/multiclass_table6_valence_3class_emotion-elicitation_2026-06-03_10-42-41,results/quick_v1_v2_comparison/2026-06-03_09-24-45/model_runs/2026-06-03_09-39-05/multiclass_table6_valence_3class_emotion-elicitation_2026-06-03_10-42-41/subject_loo/s_P1/gnn_fold_diagnostics.csv,train,-0.0610446669161319,0.6117326021194458,-2.023667573928833,3.012437582015991,5.036105155944824,0.9550620317459106,0.1337556391954422,0.1801617741584777,1.0986119508743286,0.3989470899105072,0.3193669319152832,10000,,,,,,,,,,,,,,,,,46,1.0393240451812744,1
multiclass_table6_valence_3class,Table-6 Valence,subject_loo,GNN,BasicGCN_mean,s_P1,results/quick_v1_v2_comparison/2026-06-03_09-24-45/model_runs/2026-06-03_09-39-05,results/quick_v1_v2_comparison/2026-06-03_09-24-45/model_runs/2026-06-03_09-39-05/multiclass_table6_valence_3class_emotion-elicitation_2026-06-03_10-42-41,results/quick_v1_v2_comparison/2026-06-03_09-24-45/model_runs/2026-06-03_09-39-05/multiclass_table6_valence_3class_emotion-elicitation_2026-06-03_10-42-41/subject_loo/s_P1/gnn_fold_diagnostics.csv,val,-0.109142854809761,0.6995438933372498,-1.962555766105652,1.9181562662124636,3.8807120323181152,0.9255121350288392,0.1275392472743988,0.4977117478847503,1.0971565246582031,0.3386055529117584,0.4043196439743042,114960,,,,,,,,,,,,,,,,,46,1.0393240451812744,1
multiclass_table6_valence_3class,Table-6 Valence,subject_loo,GNN,BasicGCN_mean,s_P1,results/quick_v1_v2_comparison/2026-06-03_09-24-45/model_runs/2026-06-03_09-39-05,results/quick_v1_v2_comparison/2026-06-03_09-24-45/model_runs/2026-06-03_09-39-05/multiclass_table6_valence_3class_emotion-elicitation_2026-06-03_10-42-41,results/quick_v1_v2_comparison/2026-06-03_09-24-45/model_runs/2026-06-03_09-39-05/multiclass_table6_valence_3class_emotion-elicitation_2026-06-03_10-42-41/subject_loo/s_P1/gnn_fold_diagnostics.csv,test,0.077702485024929,0.4385744035243988,-0.9192174077033995,2.1511425971984863,3.070360004901886,1.014701247215271,0.0754178538918495,0.4329148530960083,1.0918618440628052,0.1163531690835952,0.8458611965179443,28680,,,,,,,,,,,,,,,,,46,1.0393240451812744,1
multiclass_table6_valence_3class,Table-6 Valence,subject_loo,GNN,BasicGCN_mean,s_P10,results/quick_v1_v2_comparison/2026-06-03_09-24-45/model_runs/2026-06-03_09-39-05,results/quick_v1_v2_comparison/2026-06-03_09-24-45/model_runs/2026-06-03_09-39-05/multiclass_table6_valence_3class_emotion-elicitation_2026-06-03_10-42-41,results/quick_v1_v2_comparison/2026-06-03_09-24-45/model_runs/2026-06-03_09-39-05/multiclass_table6_valence_3class_emotion-elicitation_2026-06-03_10-42-41/subject_loo/s_P10/gnn_fold_diagnostics.csv,train,-0.1519064009189605,0.6917687654495239,-2.52047061920166,3.491539001464844,6.012009620666504,0.9170255661010742,0.1668959408998489,0.0763571634888649,1.0984915494918823,0.4138813614845276,0.2754011154174804,10000,,,,,,,,,,,,,,,,,74,0.9923674762248992,1
multiclass_table6_valence_3class,Table-6 Valence,subject_loo,GNN,BasicGCN_mean,s_P10,results/quick_v1_v2_comparison/2026-06-03_09-24-45/model_runs/2026-06-03_09-39-05,results/quick_v1_v2_comparison/2026-06-03_09-24-45/model_runs/2026-06-03_09-39-05/multiclass_table6_valence_3class_emotion-elicitation_2026-06-03_10-42-41,results/quick_v1_v2_comparison/2026-06-03_09-24-45/model_runs/2026-06-03_09-39-05/multiclass_table6_valence_3class_emotion-elicitation_2026-06-03_10-42-41/subject_loo/s_P10/gnn_fold_diagnostics.csv,val,-0.131365418434143,0.6951687932014465,-1.9328224658966064,3.3743953704833984,5.307217836380005,0.9132765531539916,0.1901054233312606,0.0843086540699005,1.097855806350708,0.3722210526466369,0.3498811721801758,97461,,,,,,,,,,,,,,,,,74,0.9923674762248992,1
multiclass_table6_valence_3class,Table-6 Valence,subject_loo,GNN,BasicGCN_mean,s_P10,results/quick_v1_v2_comparison/2026-06-03_09-24-45/model_runs/2026-06-03_09-39-05,results/quick_v1_v2_comparison/2026-06-03_09-24-45/model_runs/2026-06-03_09-39-05/multiclass_table6_valence_3class_emotion-elicitation_2026-06-03_10-42-41,results/quick_v1_v2_comparison/2026-06-03_09-24-45/model_runs/2026-06-03_09-39-05/multiclass_table6_valence_3class_emotion-elicitation_2026-06-03_10-42-41/subject_loo/s_P10/gnn_fold_diagnostics.csv,test,-0.1719567626714706,0.8426939249038696,-2.466826915740967,2.374814748764038,4.841641664505005,0.8430619835853577,0.1691201329231262,0.2554851770401001,1.0978924036026,0.2823318839073181,0.5412364602088928,26106,,,,,,,,,,,,,,,,,74,0.9923674762248992,1
multiclass_table6_valence_3class,Table-6 Valence,subject_loo,GNN,BasicGCN_mean,s_P13,results/quick_v1_v2_comparison/2026-06-03_09-24-45/model_runs/2026-06-03_09-39-05,results/quick_v1_v2_comparison/2026-06-03_09-24-45/model_runs/2026-06-03_09-39-05/multiclass_table6_valence_3class_emotion-elicitation_2026-06-03_10-42-41,results/quick_v1_v2_comparison/2026-06-03_09-24-45/model_runs/2026-06-03_09-39-05/multiclass_table6_valence_3class_emotion-elicitation_2026-06-03_10-42-41/subject_loo/s_P13/gnn_fold_diagnostics.csv,train,-0.1202034130692482,0.6606324315071106,-2.1999831199646,2.770570993423462,4.9705541133880615,0.9296252131462096,0.1478452682495117,0.1601703763008117,1.0985382795333862,0.4093281030654907,0.3022995293140411,10000,,,,,,,,,,,,,,,,,56,0.9678042531013488,1
multiclass_table6_valence_3class,Table-6 Valence,subject_loo,GNN,BasicGCN_mean,s_P13,results/quick_v1_v2_comparison/2026-06-03_09-24-45/model_runs/2026-06-03_09-39-05,results/quick_v1_v2_comparison/2026-06-03_09-24-45/model_runs/2026-06-03_09-39-05/multiclass_table6_valence_3class_emotion-elicitation_2026-06-03_10-42-41,results/quick_v1_v2_comparison/2026-06-03_09-24-45/model_runs/2026-06-03_09-39-05/multiclass_table6_valence_3class_emotion-elicitation_2026-06-03_10-42-41/subject_loo/s_P13/gnn_fold_diagnostics.csv,val,-0.1214601621031761,0.6345326900482178,-2.1880619525909424,2.499040365219116,4.687102317810059,0.9363546967506408,0.1508847624063491,0.2179920375347137,1.0978610515594482,0.2922023832798004,0.4887449443340301,102831,,,,,,,,,,,,,,,,,56,0.9678042531013488,1
multiclass_table6_valence_3class,Table-6 Valence,subject_loo,GNN,BasicGCN_mean,s_P13,results/quick_v1_v2_comparison/2026-06-03_09-24-45/model_runs/2026-06-03_09-39-05,results/quick_v1_v2_comparison/2026-06-03_09-24-45/model_runs/2026-06-03_09-39-05/multiclass_table6_valence_3class_emotion-elicitation_2026-06-03_10-42-41,results/quick_v1_v2_comparison/2026-06-03_09-24-45/model_runs/2026-06-03_09-39-05/multiclass_table6_valence_3class_emotion-elicitation_2026-06-03_10-42-41/subject_loo/s_P13/gnn_fold_diagnostics.csv,test,-0.042005680501461,0.6493667364120483,-1.6562750339508057,3.086530923843384,4.7428059577941895,0.9238426685333252,0.1644838601350784,0.1287045329809188,1.095137596130371,0.2203887403011322,0.6441867351531982,27730,,,,,,,,,,,,,,,,,56,0.9678042531013488,1
multiclass_table6_valence_3class,Table-6 Valence,subject_loo,GNN,BasicGCN_mean,s_P14,results/quick_v1_v2_comparison/2026-06-03_09-24-45/model_runs/2026-06-03_09-39-05,results/quick_v1_v2_comparison/2026-06-03_09-24-45/model_runs/2026-06-03_09-39-05/multiclass_table6_valence_3class_emotion-elicitation_2026-06-03_10-42-41,results/quick_v1_v2_comparison/2026-06-03_09-24-45/model_runs/2026-06-03_09-39-05/multiclass_table6_valence_3class_emotion-elicitation_2026-06-03_10-42-41/subject_loo/s_P14/gnn_fold_diagnostics.csv,train,-0.070122629404068,0.7257601618766785,-2.805403232574463,3.1671974658966064,5.972600698471069,0.8995320796966553,0.1816499680280685,0.0710982009768486,1.0985479354858398,0.4174187779426574,0.2653917670249939,10000,,,,,,,,,,,,,,,,,95,1.001720517873764,1
multiclass_table6_valence_3class,Table-6 Valence,subject_loo,GNN,BasicGCN_mean,s_P14,results/quick_v1_v2_comparison/2026-06-03_09-24-45/model_runs/2026-06-03_09-39-05,results/quick_v1_v2_comparison/2026-06-03_09-24-45/model_runs/2026-06-03_09-39-05/multiclass_table6_valence_3class_emotion-elicitation_2026-06-03_10-42-41,results/quick_v1_v2_comparison/2026-06-03_09-24-45/model_runs/2026-06-03_09-39-05/multiclass_table6_valence_3class_emotion-elicitation_2026-06-03_10-42-41/subject_loo/s_P14/gnn_fold_diagnostics.csv,val,-0.1007593125104904,0.7588288187980652,-2.519528388977051,3.5853159427642822,6.104844331741333,0.8783771991729736,0.2000148147344589,0.0460765473544597,1.0985658168792725,0.3105961084365845,0.4341468811035156,112575,,,,,,,,,,,,,,,,,95,1.001720517873764,1
multiclass_table6_valence_3class,Table-6 Valence,subject_loo,GNN,BasicGCN_mean,s_P14,results/quick_v1_v2_comparison/2026-06-03_09-24-45/model_runs/2026-06-03_09-39-05,results/quick_v1_v2_comparison/2026-06-03_09-24-45/model_runs/2026-06-03_09-39-05/multiclass_table6_valence_3class_emotion-elicitation_2026-06-03_10-42-41,results/quick_v1_v2_comparison/2026-06-03_09-24-45/model_runs/2026-06-03_09-39-05/multiclass_table6_valence_3class_emotion-elicitation_2026-06-03_10-42-41/subject_loo/s_P14/gnn_fold_diagnostics.csv,test,-0.0550543256103992,0.7514948844909668,-1.9632506370544436,2.6004879474639893,4.563738584518433,0.8737645149230957,0.1965736448764801,0.2147711813449859,1.0972838401794434,0.2807223498821258,0.5145658254623413,23436,,,,,,,,,,,,,,,,,95,1.001720517873764,1
multiclass_table6_valence_3class,Table-6 Valence,subject_loo,GNN,BasicGCN_mean,s_P16,results/quick_v1_v2_comparison/2026-06-03_09-24-45/model_runs/2026-06-03_09-39-05,results/quick_v1_v2_comparison/2026-06-03_09-24-45/model_runs/2026-06-03_09-39-05/multiclass_table6_valence_3class_emotion-elicitation_2026-06-03_10-42-41,results/quick_v1_v2_comparison/2026-06-03_09-24-45/model_runs/2026-06-03_09-39-05/multiclass_table6_valence_3class_emotion-elicitation_2026-06-03_10-42-41/subject_loo/s_P16/gnn_fold_diagnostics.csv,train,-0.0651711300015449,0.7838513851165771,-3.0220632553100586,4.168040752410889,7.190104007720947,0.883935272693634,0.1967353522777557,0.0181367322802543,1.098598837852478,0.438041090965271,0.2451937943696975,10000,,,,,,,,,,,,,,,,,121,1.0075238645076752,1
multiclass_table6_valence_3class,Table-6 Valence,subject_loo,GNN,BasicGCN_mean,s_P16,results/quick_v1_v2_comparison/2026-06-03_09-24-45/model_runs/2026-06-03_09-39-05,results/quick_v1_v2_comparison/2026-06-03_09-24-45/model_runs/2026-06-03_09-39-05/multiclass_table6_valence_3class_emotion-elicitation_2026-06-03_10-42-41,results/quick_v1_v2_comparison/2026-06-03_09-24-45/model_runs/2026-06-03_09-39-05/multiclass_table6_valence_3class_emotion-elicitation_2026-06-03_10-42-41/subject_loo/s_P16/gnn_fold_diagnostics.csv,val,-0.0534679479897022,0.8683704137802124,-3.057137250900269,3.2543458938598637,6.311483144760132,0.8463740348815918,0.1984641551971435,0.0616473108530044,1.097129225730896,0.3257758021354675,0.3801541626453399,104196,,,,,,,,,,,,,,,,,121,1.0075238645076752,1
multiclass_table6_valence_3class,Table-6 Valence,subject_loo,GNN,BasicGCN_mean,s_P16,results/quick_v1_v2_comparison/2026-06-03_09-24-45/model_runs/2026-06-03_09-39-05,results/quick_v1_v2_comparison/2026-06-03_09-24-45/model_runs/2026-06-03_09-39-05/multiclass_table6_valence_3class_emotion-elicitation_2026-06-03_10-42-41,results/quick_v1_v2_comparison/2026-06-03_09-24-45/model_runs/2026-06-03_09-39-05/multiclass_table6_valence_3class_emotion-elicitation_2026-06-03_10-42-41/subject_loo/s_P16/gnn_fold_diagnostics.csv,test,-0.074630007147789,0.9291976094245912,-2.9062678813934326,3.526197910308838,6.432465791702271,0.829289972782135,0.2013937532901764,0.046519462019205,1.0960131883621216,0.2781212329864502,0.4404872357845306,18528,,,,,,,,,,,,,,,,,121,1.0075238645076752,1
multiclass_table6_valence_3class,Table-6 Valence,subject_loo,GNN,BasicGCN_mean,s_P17,results/quick_v1_v2_comparison/2026-06-03_09-24-45/model_runs/2026-06-03_09-39-05,results/quick_v1_v2_comparison/2026-06-03_09-24-45/model_runs/2026-06-03_09-39-05/multiclass_table6_valence_3class_emotion-elicitation_2026-06-03_10-42-41,results/quick_v1_v2_comparison/2026-06-03_09-24-45/model_runs/2026-06-03_09-39-05/multiclass_table6_valence_3class_emotion-elicitation_2026-06-03_10-42-41/subject_loo/s_P17/gnn_fold_diagnostics.csv,train,-0.096298336982727,0.3840641379356384,-1.075742483139038,0.7713161706924438,1.847058653831482,1.036327838897705,0.0598090402781963,0.8424807190895081,1.0986090898513794,0.4412783980369568,0.2662188112735748,10000,,,,,,,,,,,,,,,,,11,1.0784854292869568,1
multiclass_table6_valence_3class,Table-6 Valence,subject_loo,GNN,BasicGCN_mean,s_P17,results/quick_v1_v2_comparison/2026-06-03_09-24-45/model_runs/2026-06-03_09-39-05,results/quick_v1_v2_comparison/2026-06-03_09-24-45/model_runs/2026-06-03_09-39-05/multiclass_table6_valence_3class_emotion-elicitation_2026-06-03_10-42-41,results/quick_v1_v2_comparison/2026-06-03_09-24-45/model_runs/2026-06-03_09-39-05/multiclass_table6_valence_3class_emotion-elicitation_2026-06-03_10-42-41/subject_loo/s_P17/gnn_fold_diagnostics.csv,val,-0.0885456949472427,0.3325202763080597,-1.0191775560379028,0.7206681966781616,1.7398457527160645,1.050536036491394,0.045573815703392,0.8582795858383179,1.0980124473571775,0.3882906436920166,0.3283554315567016,101475,,,,,,,,,,,,,,,,,11,1.0784854292869568,1
multiclass_table6_valence_3class,Table-6 Valence,subject_loo,GNN,BasicGCN_mean,s_P17,results/quick_v1_v2_comparison/2026-06-03_09-24-45/model_runs/2026-06-03_09-39-05,results/quick_v1_v2_comparison/2026-06-03_09-24-45/model_runs/2026-06-03_09-39-05/multiclass_table6_valence_3class_emotion-elicitation_2026-06-03_10-42-41,results/quick_v1_v2_comparison/2026-06-03_09-24-45/model_runs/2026-06-03_09-39-05/multiclass_table6_valence_3class_emotion-elicitation_2026-06-03_10-42-41/subject_loo/s_P17/gnn_fold_diagnostics.csv,test,-0.1689263880252838,0.4178364872932434,-1.013594388961792,0.6551512479782104,1.6687456369400024,1.0208934545516968,0.0612617172300815,0.8680403232574463,1.0985379219055176,0.2347461879253387,0.6008604764938354,28441,,,,,,,,,,,,,,,,,11,1.0784854292869568,1
multiclass_table6_valence_3class,Table-6 Valence,subject_loo,GNN,BasicGCN_mean,s_P18,results/quick_v1_v2_comparison/2026-06-03_09-24-45/model_runs/2026-06-03_09-39-05,results/quick_v1_v2_comparison/2026-06-03_09-24-45/model_runs/2026-06-03_09-39-05/multiclass_table6_valence_3class_emotion-elicitation_2026-06-03_10-42-41,results/quick_v1_v2_comparison/2026-06-03_09-24-45/model_runs/2026-06-03_09-39-05/multiclass_table6_valence_3class_emotion-elicitation_2026-06-03_10-42-41/subject_loo/s_P18/gnn_fold_diagnostics.csv,train,0.0198865700513124,0.2869047224521637,-0.6595472693443298,1.0242910385131836,1.6838383078575134,1.0577125549316406,0.0531698204576969,0.8327833414077759,1.0985894203186035,0.425274521112442,0.2848929166793823,10000,,,,,,,,,,,,,,,,,8,1.0750001072883606,1
multiclass_table6_valence_3class,Table-6 Valence,subject_loo,GNN,BasicGCN_mean,s_P18,results/quick_v1_v2_comparison/2026-06-03_09-24-45/model_runs/2026-06-03_09-39-05,results/quick_v1_v2_comparison/2026-06-03_09-24-45/model_runs/2026-06-03_09-39-05/multiclass_table6_valence_3class_emotion-elicitation_2026-06-03_10-42-41,results/quick_v1_v2_comparison/2026-06-03_09-24-45/model_runs/2026-06-03_09-39-05/multiclass_table6_valence_3class_emotion-elicitation_2026-06-03_10-42-41/subject_loo/s_P18/gnn_fold_diagnostics.csv,val,0.0882212743163108,0.353332370519638,-0.5719473958015442,1.0465673208236694,1.6185147166252136,1.03477144241333,0.0605208501219749,0.862122118473053,1.0982229709625244,0.2273855209350586,0.6810725331306458,97903,,,,,,,,,,,,,,,,,8,1.0750001072883606,1
multiclass_table6_valence_3class,Table-6 Valence,subject_loo,GNN,BasicGCN_mean,s_P18,results/quick_v1_v2_comparison/2026-06-03_09-24-45/model_runs/2026-06-03_09-39-05,results/quick_v1_v2_comparison/2026-06-03_09-24-45/model_runs/2026-06-03_09-39-05/multiclass_table6_valence_3class_emotion-elicitation_2026-06-03_10-42-41,results/quick_v1_v2_comparison/2026-06-03_09-24-45/model_runs/2026-06-03_09-39-05/multiclass_table6_valence_3class_emotion-elicitation_2026-06-03_10-42-41/subject_loo/s_P18/gnn_fold_diagnostics.csv,test,0.0150040257722139,0.2661541700363159,-0.4958059787750244,0.9983747005462646,1.494180679321289,1.0628836154937744,0.0484392866492271,0.87445068359375,1.0982000827789309,0.2649309933185577,0.5255678296089172,25878,,,,,,,,,,,,,,,,,8,1.0750001072883606,1
multiclass_table6_valence_3class,Table-6 Valence,subject_loo,GNN,BasicGCN_mean,s_P19,results/quick_v1_v2_comparison/2026-06-03_09-24-45/model_runs/2026-06-03_09-39-05,results/quick_v1_v2_comparison/2026-06-03_09-24-45/model_runs/2026-06-03_09-39-05/multiclass_table6_valence_3class_emotion-elicitation_2026-06-03_10-42-41,results/quick_v1_v2_comparison/2026-06-03_09-24-45/model_runs/2026-06-03_09-39-05/multiclass_table6_valence_3class_emotion-elicitation_2026-06-03_10-42-41/subject_loo/s_P19/gnn_fold_diagnostics.csv,train,-0.1873815804719925,0.30256387591362,-0.9473578929901124,0.7435662746429443,1.6909241676330566,1.053518772125244,0.0564911477267742,0.8266099691390991,1.0986100435256958,0.408026248216629,0.2640300095081329,10000,,,,,,,,,,,,,,,,,8,1.018567591905594,1
multiclass_table6_valence_3class,Table-6 Valence,subject_loo,GNN,BasicGCN_mean,s_P19,results/quick_v1_v2_comparison/2026-06-03_09-24-45/model_runs/2026-06-03_09-39-05,results/quick_v1_v2_comparison/2026-06-03_09-24-45/model_runs/2026-06-03_09-39-05/multiclass_table6_valence_3class_emotion-elicitation_2026-06-03_10-42-41,results/quick_v1_v2_comparison/2026-06-03_09-24-45/model_runs/2026-06-03_09-39-05/multiclass_table6_valence_3class_emotion-elicitation_2026-06-03_10-42-41/subject_loo/s_P19/gnn_fold_diagnostics.csv,val,-0.1181071624159812,0.2728626728057861,-0.925471305847168,0.6305428147315979,1.556014120578766,1.063368558883667,0.0393034629523754,0.8872941732406616,1.0986095666885376,0.2565116286277771,0.6188095808029175,108345,,,,,,,,,,,,,,,,,8,1.018567591905594,1
multiclass_table6_valence_3class,Table-6 Valence,subject_loo,GNN,BasicGCN_mean,s_P19,results/quick_v1_v2_comparison/2026-06-03_09-24-45/model_runs/2026-06-03_09-39-05,results/quick_v1_v2_comparison/2026-06-03_09-24-45/model_runs/2026-06-03_09-39-05/multiclass_table6_valence_3class_emotion-elicitation_2026-06-03_10-42-41,results/quick_v1_v2_comparison/2026-06-03_09-24-45/model_runs/2026-06-03_09-39-05/multiclass_table6_valence_3class_emotion-elicitation_2026-06-03_10-42-41/subject_loo/s_P19/gnn_fold_diagnostics.csv,test,-0.1981935203075409,0.2033661454916,-0.7377578020095825,0.4201162457466125,1.157874047756195,1.0798231363296509,0.0145837478339672,0.9947914481163024,1.097667574882507,0.2026552855968475,0.5888915657997131,26106,,,,,,,,,,,,,,,,,8,1.018567591905594,1
multiclass_table6_valence_3class,Table-6 Valence,subject_loo,GNN,BasicGCN_mean,s_P2,results/quick_v1_v2_comparison/2026-06-03_09-24-45/model_runs/2026-06-03_09-39-05,results/quick_v1_v2_comparison/2026-06-03_09-24-45/model_runs/2026-06-03_09-39-05/multiclass_table6_valence_3class_emotion-elicitation_2026-06-03_10-42-41,results/quick_v1_v2_comparison/2026-06-03_09-24-45/model_runs/2026-06-03_09-39-05/multiclass_table6_valence_3class_emotion-elicitation_2026-06-03_10-42-41/subject_loo/s_P2/gnn_fold_diagnostics.csv,train,0.0810557976365089,0.7015324831008911,-2.4376370906829834,2.948371648788452,5.386008739471436,0.912894368171692,0.1694984585046768,0.0929210036993026,1.0986030101776123,0.4204889833927154,0.2726669013500213,10000,,,,,,,,,,,,,,,,,69,0.975519448518753,1
multiclass_table6_valence_3class,Table-6 Valence,subject_loo,GNN,BasicGCN_mean,s_P2,results/quick_v1_v2_comparison/2026-06-03_09-24-45/model_runs/2026-06-03_09-39-05,results/quick_v1_v2_comparison/2026-06-03_09-24-45/model_runs/2026-06-03_09-39-05/multiclass_table6_valence_3class_emotion-elicitation_2026-06-03_10-42-41,results/quick_v1_v2_comparison/2026-06-03_09-24-45/model_runs/2026-06-03_09-39-05/multiclass_table6_valence_3class_emotion-elicitation_2026-06-03_10-42-41/subject_loo/s_P2/gnn_fold_diagnostics.csv,val,0.1247292682528495,0.741172194480896,-1.8909324407577517,2.346641778945923,4.237574219703674,0.8948105573654175,0.1639305353164672,0.2044237852096557,1.0985004901885986,0.3099346458911896,0.488244891166687,103285,,,,,,,,,,,,,,,,,69,0.975519448518753,1
multiclass_table6_valence_3class,Table-6 Valence,subject_loo,GNN,BasicGCN_mean,s_P2,results/quick_v1_v2_comparison/2026-06-03_09-24-45/model_runs/2026-06-03_09-39-05,results/quick_v1_v2_comparison/2026-06-03_09-24-45/model_runs/2026-06-03_09-39-05/multiclass_table6_valence_3class_emotion-elicitation_2026-06-03_10-42-41,results/quick_v1_v2_comparison/2026-06-03_09-24-45/model_runs/2026-06-03_09-39-05/multiclass_table6_valence_3class_emotion-elicitation_2026-06-03_10-42-41/subject_loo/s_P2/gnn_fold_diagnostics.csv,test,0.0120601244270801,0.6447163820266724,-1.7653779983520508,2.582331657409668,4.347709655761719,0.921859622001648,0.1583338677883148,0.138613075017929,1.098154902458191,0.2214374542236328,0.6214896440505981,28920,,,,,,,,,,,,,,,,,69,0.975519448518753,1
multiclass_table6_valence_3class,Table-6 Valence,subject_loo,GNN,BasicGCN_mean,s_P20,results/quick_v1_v2_comparison/2026-06-03_09-24-45/model_runs/2026-06-03_09-39-05,results/quick_v1_v2_comparison/2026-06-03_09-24-45/model_runs/2026-06-03_09-39-05/multiclass_table6_valence_3class_emotion-elicitation_2026-06-03_10-42-41,results/quick_v1_v2_comparison/2026-06-03_09-24-45/model_runs/2026-06-03_09-39-05/multiclass_table6_valence_3class_emotion-elicitation_2026-06-03_10-42-41/subject_loo/s_P20/gnn_fold_diagnostics.csv,train,-0.0260598119348287,0.2166783362627029,-0.5216472744941711,0.5923771858215332,1.1140244603157043,1.075657606124878,0.0217596720904111,0.9961391687393188,1.0984370708465576,0.3875091671943664,0.348698228597641,10000,,,,,,,,,,,,,,,,,5,1.0775989294052124,1
multiclass_table6_valence_3class,Table-6 Valence,subject_loo,GNN,BasicGCN_mean,s_P20,results/quick_v1_v2_comparison/2026-06-03_09-24-45/model_runs/2026-06-03_09-39-05,results/quick_v1_v2_comparison/2026-06-03_09-24-45/model_runs/2026-06-03_09-39-05/multiclass_table6_valence_3class_emotion-elicitation_2026-06-03_10-42-41,results/quick_v1_v2_comparison/2026-06-03_09-24-45/model_runs/2026-06-03_09-39-05/multiclass_table6_valence_3class_emotion-elicitation_2026-06-03_10-42-41/subject_loo/s_P20/gnn_fold_diagnostics.csv,val,-0.0201208498328924,0.2253649532794952,-0.4628854095935821,0.5115405321121216,0.9744259417057036,1.073317050933838,0.0229855608195066,1.012310028076172,1.0978586673736572,0.3468746542930603,0.4382460415363312,97903,,,,,,,,,,,,,,,,,5,1.0775989294052124,1
multiclass_table6_valence_3class,Table-6 Valence,subject_loo,GNN,BasicGCN_mean,s_P20,results/quick_v1_v2_comparison/2026-06-03_09-24-45/model_runs/2026-06-03_09-39-05,results/quick_v1_v2_comparison/2026-06-03_09-24-45/model_runs/2026-06-03_09-39-05/multiclass_table6_valence_3class_emotion-elicitation_2026-06-03_10-42-41,results/quick_v1_v2_comparison/2026-06-03_09-24-45/model_runs/2026-06-03_09-39-05/multiclass_table6_valence_3class_emotion-elicitation_2026-06-03_10-42-41/subject_loo/s_P20/gnn_fold_diagnostics.csv,test,-0.028288148343563,0.225984513759613,-0.4901837408542633,0.5258491635322571,1.0160329043865204,1.073009014129639,0.0241253767162561,1.011433243751526,1.0985724925994873,0.3197509944438934,0.4642944633960724,25425,,,,,,,,,,,,,,,,,5,1.0775989294052124,1
multiclass_table6_valence_3class,Table-6 Valence,subject_loo,GNN,BasicGCN_mean,s_P21,results/quick_v1_v2_comparison/2026-06-03_09-24-45/model_runs/2026-06-03_09-39-05,results/quick_v1_v2_comparison/2026-06-03_09-24-45/model_runs/2026-06-03_09-39-05/multiclass_table6_valence_3class_emotion-elicitation_2026-06-03_10-42-41,results/quick_v1_v2_comparison/2026-06-03_09-24-45/model_runs/2026-06-03_09-39-05/multiclass_table6_valence_3class_emotion-elicitation_2026-06-03_10-42-41/subject_loo/s_P21/gnn_fold_diagnostics.csv,train,-0.1479431539773941,0.6146735548973083,-1.9972573518753047,2.299682855606079,4.296940207481384,0.9433409571647644,0.1394309997558593,0.1871237456798553,1.0986104011535645,0.4100094139575958,0.2710984647274017,10000,,,,,,,,,,,,,,,,,54,0.93099907040596,1
multiclass_table6_valence_3class,Table-6 Valence,subject_loo,GNN,BasicGCN_mean,s_P21,results/quick_v1_v2_comparison/2026-06-03_09-24-45/model_runs/2026-06-03_09-39-05,results/quick_v1_v2_comparison/2026-06-03_09-24-45/model_runs/2026-06-03_09-39-05/multiclass_table6_valence_3class_emotion-elicitation_2026-06-03_10-42-41,results/quick_v1_v2_comparison/2026-06-03_09-24-45/model_runs/2026-06-03_09-39-05/multiclass_table6_valence_3class_emotion-elicitation_2026-06-03_10-42-41/subject_loo/s_P21/gnn_fold_diagnostics.csv,val,-0.0853306204080581,0.6600407958030701,-1.588354468345642,2.033906936645508,3.62226140499115,0.9011709094047546,0.1664399057626724,0.3797438740730285,1.097571611404419,0.4102279841899872,0.2761894166469574,97461,,,,,,,,,,,,,,,,,54,0.93099907040596,1
multiclass_table6_valence_3class,Table-6 Valence,subject_loo,GNN,BasicGCN_mean,s_P21,results/quick_v1_v2_comparison/2026-06-03_09-24-45/model_runs/2026-06-03_09-39-05,results/quick_v1_v2_comparison/2026-06-03_09-24-45/model_runs/2026-06-03_09-39-05/multiclass_table6_valence_3class_emotion-elicitation_2026-06-03_10-42-41,results/quick_v1_v2_comparison/2026-06-03_09-24-45/model_runs/2026-06-03_09-39-05/multiclass_table6_valence_3class_emotion-elicitation_2026-06-03_10-42-41/subject_loo/s_P21/gnn_fold_diagnostics.csv,test,-0.0692440792918205,0.8093770742416382,-1.6524752378463743,2.04019546508789,3.692670702934265,0.8209055662155151,0.1834920942783355,0.3627989888191223,1.0915560722351074,0.273698091506958,0.4988508522510528,23871,,,,,,,,,,,,,,,,,54,0.93099907040596,1
multiclass_table6_valence_3class,Table-6 Valence,subject_loo,GNN,BasicGCN_mean,s_P22,results/quick_v1_v2_comparison/2026-06-03_09-24-45/model_runs/2026-06-03_09-39-05,results/quick_v1_v2_comparison/2026-06-03_09-24-45/model_runs/2026-06-03_09-39-05/multiclass_table6_valence_3class_emotion-elicitation_2026-06-03_10-42-41,results/quick_v1_v2_comparison/2026-06-03_09-24-45/model_runs/2026-06-03_09-39-05/multiclass_table6_valence_3class_emotion-elicitation_2026-06-03_10-42-41/subject_loo/s_P22/gnn_fold_diagnostics.csv,train,0.0018861513817682,0.1235609650611877,-0.3435515761375427,0.4290385246276855,0.7725901007652283,1.0918991565704346,0.005809964146465,1.058503270149231,1.0986108779907229,0.3652025461196899,0.3635201454162597,10000,,,,,,,,,,,,,,,,,2,1.085784375667572,1
multiclass_table6_valence_3class,Table-6 Valence,subject_loo,GNN,BasicGCN_mean,s_P22,results/quick_v1_v2_comparison/2026-06-03_09-24-45/model_runs/2026-06-03_09-39-05,results/quick_v1_v2_comparison/2026-06-03_09-24-45/model_runs/2026-06-03_09-39-05/multiclass_table6_valence_3class_emotion-elicitation_2026-06-03_10-42-41,results/quick_v1_v2_comparison/2026-06-03_09-24-45/model_runs/2026-06-03_09-39-05/multiclass_table6_valence_3class_emotion-elicitation_2026-06-03_10-42-41/subject_loo/s_P22/gnn_fold_diagnostics.csv,val,-0.022454896941781,0.1416604965925216,-0.2779021263122558,0.4271909594535827,0.7050930857658386,1.0889285802841189,0.0096891112625598,1.058516263961792,1.0985444784164429,0.3679006695747375,0.3601828515529632,115921,,,,,,,,,,,,,,,,,2,1.085784375667572,1
multiclass_table6_valence_3class,Table-6 Valence,subject_loo,GNN,BasicGCN_mean,s_P22,results/quick_v1_v2_comparison/2026-06-03_09-24-45/model_runs/2026-06-03_09-39-05,results/quick_v1_v2_comparison/2026-06-03_09-24-45/model_runs/2026-06-03_09-39-05/multiclass_table6_valence_3class_emotion-elicitation_2026-06-03_10-42-41,results/quick_v1_v2_comparison/2026-06-03_09-24-45/model_runs/2026-06-03_09-39-05/multiclass_table6_valence_3class_emotion-elicitation_2026-06-03_10-42-41/subject_loo/s_P22/gnn_fold_diagnostics.csv,test,0.0199846699833869,0.088543601334095,-0.2552972733974457,0.2703867554664612,0.5256840288639069,1.0952084064483645,0.0026602023281157,1.0819836854934692,1.0985150337219238,0.1863586455583572,0.7025116682052612,22791,,,,,,,,,,,,,,,,,2,1.085784375667572,1
multiclass_table6_valence_3class,Table-6 Valence,subject_loo,GNN,BasicGCN_mean,s_P23,results/quick_v1_v2_comparison/2026-06-03_09-24-45/model_runs/2026-06-03_09-39-05,results/quick_v1_v2_comparison/2026-06-03_09-24-45/model_runs/2026-06-03_09-39-05/multiclass_table6_valence_3class_emotion-elicitation_2026-06-03_10-42-41,results/quick_v1_v2_comparison/2026-06-03_09-24-45/model_runs/2026-06-03_09-39-05/multiclass_table6_valence_3class_emotion-elicitation_2026-06-03_10-42-41/subject_loo/s_P23/gnn_fold_diagnostics.csv,train,0.0990204364061355,0.5776121616363525,-1.662759780883789,2.269315481185913,3.932075262069702,0.957367181777954,0.1284395307302475,0.2195208519697189,1.0985634326934814,0.3972454071044922,0.3038388788700104,10000,,,,,,,,,,,,,,,,,56,0.9556804597377776,1
multiclass_table6_valence_3class,Table-6 Valence,subject_loo,GNN,BasicGCN_mean,s_P23,results/quick_v1_v2_comparison/2026-06-03_09-24-45/model_runs/2026-06-03_09-39-05,results/quick_v1_v2_comparison/2026-06-03_09-24-45/model_runs/2026-06-03_09-39-05/multiclass_table6_valence_3class_emotion-elicitation_2026-06-03_10-42-41,results/quick_v1_v2_comparison/2026-06-03_09-24-45/model_runs/2026-06-03_09-39-05/multiclass_table6_valence_3class_emotion-elicitation_2026-06-03_10-42-41/subject_loo/s_P23/gnn_fold_diagnostics.csv,val,0.0732589736580848,0.5890281796455383,-1.6305347681045532,1.9935482740402224,3.624083042144776,0.9552963972091676,0.1273261755704879,0.3399982452392578,1.098560452461243,0.3229621946811676,0.4340191781520843,82621,,,,,,,,,,,,,,,,,56,0.9556804597377776,1
multiclass_table6_valence_3class,Table-6 Valence,subject_loo,GNN,BasicGCN_mean,s_P23,results/quick_v1_v2_comparison/2026-06-03_09-24-45/model_runs/2026-06-03_09-39-05,results/quick_v1_v2_comparison/2026-06-03_09-24-45/model_runs/2026-06-03_09-39-05/multiclass_table6_valence_3class_emotion-elicitation_2026-06-03_10-42-41,results/quick_v1_v2_comparison/2026-06-03_09-24-45/model_runs/2026-06-03_09-39-05/multiclass_table6_valence_3class_emotion-elicitation_2026-06-03_10-42-41/subject_loo/s_P23/gnn_fold_diagnostics.csv,test,0.0697445943951606,0.650862991809845,-1.4647835493087769,1.876852035522461,3.341635584831238,0.9310066103935242,0.1413144916296005,0.3660004734992981,1.09806227684021,0.2744557559490204,0.4906216561794281,28680,,,,,,,,,,,,,,,,,56,0.9556804597377776,1
multiclass_table6_valence_3class,Table-6 Valence,subject_loo,GNN,BasicGCN_mean,s_P24,results/quick_v1_v2_comparison/2026-06-03_09-24-45/model_runs/2026-06-03_09-39-05,results/quick_v1_v2_comparison/2026-06-03_09-24-45/model_runs/2026-06-03_09-39-05/multiclass_table6_valence_3class_emotion-elicitation_2026-06-03_10-42-41,results/quick_v1_v2_comparison/2026-06-03_09-24-45/model_runs/2026-06-03_09-39-05/multiclass_table6_valence_3class_emotion-elicitation_2026-06-03_10-42-41/subject_loo/s_P24/gnn_fold_diagnostics.csv,train,-0.0557154826819896,0.6479029059410095,-2.164583921432495,2.572563886642456,4.737147808074951,0.9299961924552916,0.1393616497516632,0.1916813552379608,1.0984150171279907,0.3769989311695099,0.3434816598892212,10000,,,,,,,,,,,,,,,,,67,1.0422826409339905,1
multiclass_table6_valence_3class,Table-6 Valence,subject_loo,GNN,BasicGCN_mean,s_P24,results/quick_v1_v2_comparison/2026-06-03_09-24-45/model_runs/2026-06-03_09-39-05,results/quick_v1_v2_comparison/2026-06-03_09-24-45/model_runs/2026-06-03_09-39-05/multiclass_table6_valence_3class_emotion-elicitation_2026-06-03_10-42-41,results/quick_v1_v2_comparison/2026-06-03_09-24-45/model_runs/2026-06-03_09-39-05/multiclass_table6_valence_3class_emotion-elicitation_2026-06-03_10-42-41/subject_loo/s_P24/gnn_fold_diagnostics.csv,val,-0.0180518291890621,0.6253684163093567,-1.5836786031723022,2.3563599586486816,3.940038561820984,0.943916082382202,0.1429562121629715,0.2510837614536285,1.0984903573989868,0.2865395247936249,0.5559619069099426,100576,,,,,,,,,,,,,,,,,67,1.0422826409339905,1
multiclass_table6_valence_3class,Table-6 Valence,subject_loo,GNN,BasicGCN_mean,s_P24,results/quick_v1_v2_comparison/2026-06-03_09-24-45/model_runs/2026-06-03_09-39-05,results/quick_v1_v2_comparison/2026-06-03_09-24-45/model_runs/2026-06-03_09-39-05/multiclass_table6_valence_3class_emotion-elicitation_2026-06-03_10-42-41,results/quick_v1_v2_comparison/2026-06-03_09-24-45/model_runs/2026-06-03_09-39-05/multiclass_table6_valence_3class_emotion-elicitation_2026-06-03_10-42-41/subject_loo/s_P24/gnn_fold_diagnostics.csv,test,-0.1319344192743301,0.6686261892318726,-1.133771300315857,1.1175196170806885,2.2512909173965454,0.8755242228507996,0.0942757725715637,0.7039958834648132,1.0980117321014404,0.1544581949710846,0.7828423380851746,26565,,,,,,,,,,,,,,,,,67,1.0422826409339905,1
multiclass_table6_valence_3class,Table-6 Valence,subject_loo,GNN,BasicGCN_mean,s_P27,results/quick_v1_v2_comparison/2026-06-03_09-24-45/model_runs/2026-06-03_09-39-05,results/quick_v1_v2_comparison/2026-06-03_09-24-45/model_runs/2026-06-03_09-39-05/multiclass_table6_valence_3class_emotion-elicitation_2026-06-03_10-42-41,results/quick_v1_v2_comparison/2026-06-03_09-24-45/model_runs/2026-06-03_09-39-05/multiclass_table6_valence_3class_emotion-elicitation_2026-06-03_10-42-41/subject_loo/s_P27/gnn_fold_diagnostics.csv,train,-0.0061132474802434,0.8337818384170532,-3.1220388412475586,5.726205825805664,8.848244667053223,0.8629205226898193,0.2200895845890045,0.0050189490430057,1.0985804796218872,0.4062528610229492,0.2511405944824219,10000,,,,,,,,,,,,,,,,,179,0.8518182039260864,1
multiclass_table6_valence_3class,Table-6 Valence,subject_loo,GNN,BasicGCN_mean,s_P27,results/quick_v1_v2_comparison/2026-06-03_09-24-45/model_runs/2026-06-03_09-39-05,results/quick_v1_v2_comparison/2026-06-03_09-24-45/model_runs/2026-06-03_09-39-05/multiclass_table6_valence_3class_emotion-elicitation_2026-06-03_10-42-41,results/quick_v1_v2_comparison/2026-06-03_09-24-45/model_runs/2026-06-03_09-39-05/multiclass_table6_valence_3class_emotion-elicitation_2026-06-03_10-42-41/subject_loo/s_P27/gnn_fold_diagnostics.csv,val,0.0026174907106906,0.8424801826477051,-2.4326331615448,4.895172595977783,7.327805757522583,0.8783110976219177,0.2311935126781463,0.0148464646190404,1.0979924201965332,0.3849252462387085,0.3055228590965271,108345,,,,,,,,,,,,,,,,,179,0.8518182039260864,1
multiclass_table6_valence_3class,Table-6 Valence,subject_loo,GNN,BasicGCN_mean,s_P27,results/quick_v1_v2_comparison/2026-06-03_09-24-45/model_runs/2026-06-03_09-39-05,results/quick_v1_v2_comparison/2026-06-03_09-24-45/model_runs/2026-06-03_09-39-05/multiclass_table6_valence_3class_emotion-elicitation_2026-06-03_10-42-41,results/quick_v1_v2_comparison/2026-06-03_09-24-45/model_runs/2026-06-03_09-39-05/multiclass_table6_valence_3class_emotion-elicitation_2026-06-03_10-42-41/subject_loo/s_P27/gnn_fold_diagnostics.csv,test,-0.0008705179207026,1.086490035057068,-2.6227731704711914,5.581615447998047,8.204388618469238,0.7728446125984192,0.266103982925415,0.0059490334242582,1.096256136894226,0.2659671008586883,0.5467785596847534,24753,,,,,,,,,,,,,,,,,179,0.8518182039260864,1
multiclass_table6_valence_3class,Table-6 Valence,subject_loo,GNN,BasicGCN_mean,s_P28,results/quick_v1_v2_comparison/2026-06-03_09-24-45/model_runs/2026-06-03_09-39-05,results/quick_v1_v2_comparison/2026-06-03_09-24-45/model_runs/2026-06-03_09-39-05/multiclass_table6_valence_3class_emotion-elicitation_2026-06-03_10-42-41,results/quick_v1_v2_comparison/2026-06-03_09-24-45/model_runs/2026-06-03_09-39-05/multiclass_table6_valence_3class_emotion-elicitation_2026-06-03_10-42-41/subject_loo/s_P28/gnn_fold_diagnostics.csv,train,-0.0651471465826034,0.7036842107772827,-2.450721740722656,3.7149696350097656,6.165691375732422,0.914206564426422,0.1714332848787307,0.0807559043169021,1.0985819101333618,0.3926644623279571,0.2881578505039215,10000,,,,,,,,,,,,,,,,,85,0.9347590506076812,1
multiclass_table6_valence_3class,Table-6 Valence,subject_loo,GNN,BasicGCN_mean,s_P28,results/quick_v1_v2_comparison/2026-06-03_09-24-45/model_runs/2026-06-03_09-39-05,results/quick_v1_v2_comparison/2026-06-03_09-24-45/model_runs/2026-06-03_09-39-05/multiclass_table6_valence_3class_emotion-elicitation_2026-06-03_10-42-41,results/quick_v1_v2_comparison/2026-06-03_09-24-45/model_runs/2026-06-03_09-39-05/multiclass_table6_valence_3class_emotion-elicitation_2026-06-03_10-42-41/subject_loo/s_P28/gnn_fold_diagnostics.csv,val,-0.0686961114406585,0.6070545315742493,-1.953901052474976,3.118151426315308,5.072052478790283,0.9545394778251648,0.1427677869796753,0.1860049813985824,1.0979559421539309,0.2741590142250061,0.5220391154289246,107880,,,,,,,,,,,,,,,,,85,0.9347590506076812,1
multiclass_table6_valence_3class,Table-6 Valence,subject_loo,GNN,BasicGCN_mean,s_P28,results/quick_v1_v2_comparison/2026-06-03_09-24-45/model_runs/2026-06-03_09-39-05,results/quick_v1_v2_comparison/2026-06-03_09-24-45/model_runs/2026-06-03_09-39-05/multiclass_table6_valence_3class_emotion-elicitation_2026-06-03_10-42-41,results/quick_v1_v2_comparison/2026-06-03_09-24-45/model_runs/2026-06-03_09-39-05/multiclass_table6_valence_3class_emotion-elicitation_2026-06-03_10-42-41/subject_loo/s_P28/gnn_fold_diagnostics.csv,test,-0.1434988230466842,0.9371814727783204,-2.342805862426758,1.863781809806824,4.2065876722335815,0.8437002897262573,0.1298899203538894,0.4801307916641235,1.0963785648345947,0.1859916448593139,0.7090011239051819,22366,,,,,,,,,,,,,,,,,85,0.9347590506076812,1
multiclass_table6_valence_3class,Table-6 Valence,subject_loo,GNN,BasicGCN_mean,s_P29,results/quick_v1_v2_comparison/2026-06-03_09-24-45/model_runs/2026-06-03_09-39-05,results/quick_v1_v2_comparison/2026-06-03_09-24-45/model_runs/2026-06-03_09-39-05/multiclass_table6_valence_3class_emotion-elicitation_2026-06-03_10-42-41,results/quick_v1_v2_comparison/2026-06-03_09-24-45/model_runs/2026-06-03_09-39-05/multiclass_table6_valence_3class_emotion-elicitation_2026-06-03_10-42-41/subject_loo/s_P29/gnn_fold_diagnostics.csv,train,-0.1266785860061645,0.6892475485801697,-2.776332139968872,3.4095263481140137,6.185858488082886,0.9150940179824828,0.1676407605409622,0.0376190952956676,1.0985560417175293,0.4361881911754608,0.302603542804718,10000,,,,,,,,,,,,,,,,,79,0.9706445634365082,1
multiclass_table6_valence_3class,Table-6 Valence,subject_loo,GNN,BasicGCN_mean,s_P29,results/quick_v1_v2_comparison/2026-06-03_09-24-45/model_runs/2026-06-03_09-39-05,results/quick_v1_v2_comparison/2026-06-03_09-24-45/model_runs/2026-06-03_09-39-05/multiclass_table6_valence_3class_emotion-elicitation_2026-06-03_10-42-41,results/quick_v1_v2_comparison/2026-06-03_09-24-45/model_runs/2026-06-03_09-39-05/multiclass_table6_valence_3class_emotion-elicitation_2026-06-03_10-42-41/subject_loo/s_P29/gnn_fold_diagnostics.csv,val,-0.1003604158759117,0.6326842904090881,-2.107897996902466,2.406632900238037,4.514530897140503,0.9388688802719116,0.1537577658891677,0.1954053044319152,1.0984678268432615,0.3671588599681854,0.3935750722885132,102831,,,,,,,,,,,,,,,,,79,0.9706445634365082,1
multiclass_table6_valence_3class,Table-6 Valence,subject_loo,GNN,BasicGCN_mean,s_P29,results/quick_v1_v2_comparison/2026-06-03_09-24-45/model_runs/2026-06-03_09-39-05,results/quick_v1_v2_comparison/2026-06-03_09-24-45/model_runs/2026-06-03_09-39-05/multiclass_table6_valence_3class_emotion-elicitation_2026-06-03_10-42-41,results/quick_v1_v2_comparison/2026-06-03_09-24-45/model_runs/2026-06-03_09-39-05/multiclass_table6_valence_3class_emotion-elicitation_2026-06-03_10-42-41/subject_loo/s_P29/gnn_fold_diagnostics.csv,test,-0.1297908127307891,0.803640604019165,-1.551516890525818,1.6170841455459597,3.1686010360717773,0.8082935214042664,0.1293047964572906,0.563545823097229,1.094812035560608,0.2348375767469406,0.6313127279281616,23220,,,,,,,,,,,,,,,,,79,0.9706445634365082,1
multiclass_table6_valence_3class,Table-6 Valence,subject_loo,GNN,BasicGCN_mean,s_P30,results/quick_v1_v2_comparison/2026-06-03_09-24-45/model_runs/2026-06-03_09-39-05,results/quick_v1_v2_comparison/2026-06-03_09-24-45/model_runs/2026-06-03_09-39-05/multiclass_table6_valence_3class_emotion-elicitation_2026-06-03_10-42-41,results/quick_v1_v2_comparison/2026-06-03_09-24-45/model_runs/2026-06-03_09-39-05/multiclass_table6_valence_3class_emotion-elicitation_2026-06-03_10-42-41/subject_loo/s_P30/gnn_fold_diagnostics.csv,train,-0.0582755208015441,0.6159874796867371,-2.202117681503296,2.463900327682495,4.666018009185791,0.9459623098373412,0.1373506784439087,0.1247166246175766,1.0985865592956543,0.3881012797355652,0.3524430394172668,10000,,,,,,,,,,,,,,,,,55,0.9435949325561525,1
multiclass_table6_valence_3class,Table-6 Valence,subject_loo,GNN,BasicGCN_mean,s_P30,results/quick_v1_v2_comparison/2026-06-03_09-24-45/model_runs/2026-06-03_09-39-05,results/quick_v1_v2_comparison/2026-06-03_09-24-45/model_runs/2026-06-03_09-39-05/multiclass_table6_valence_3class_emotion-elicitation_2026-06-03_10-42-41,results/quick_v1_v2_comparison/2026-06-03_09-24-45/model_runs/2026-06-03_09-39-05/multiclass_table6_valence_3class_emotion-elicitation_2026-06-03_10-42-41/subject_loo/s_P30/gnn_fold_diagnostics.csv,val,0.0117636620998382,0.6782450675964355,-2.148876428604126,2.257237911224365,4.406114339828491,0.9222871661186218,0.139335349202156,0.1494680941104889,1.0985982418060305,0.3126693665981293,0.456242024898529,115440,,,,,,,,,,,,,,,,,55,0.9435949325561525,1
multiclass_table6_valence_3class,Table-6 Valence,subject_loo,GNN,BasicGCN_mean,s_P30,results/quick_v1_v2_comparison/2026-06-03_09-24-45/model_runs/2026-06-03_09-39-05,results/quick_v1_v2_comparison/2026-06-03_09-24-45/model_runs/2026-06-03_09-39-05/multiclass_table6_valence_3class_emotion-elicitation_2026-06-03_10-42-41,results/quick_v1_v2_comparison/2026-06-03_09-24-45/model_runs/2026-06-03_09-39-05/multiclass_table6_valence_3class_emotion-elicitation_2026-06-03_10-42-41/subject_loo/s_P30/gnn_fold_diagnostics.csv,test,-0.1099657863378524,0.6290191411972046,-1.507147192955017,1.63102924823761,3.138176441192627,0.9185241460800172,0.141934722661972,0.3808441162109375,1.0963445901870728,0.2128307819366455,0.6738829016685486,25425,,,,,,,,,,,,,,,,,55,0.9435949325561525,1
multiclass_table6_valence_3class,Table-6 Valence,subject_loo,GNN,BasicGCN_mean,s_P4,results/quick_v1_v2_comparison/2026-06-03_09-24-45/model_runs/2026-06-03_09-39-05,results/quick_v1_v2_comparison/2026-06-03_09-24-45/model_runs/2026-06-03_09-39-05/multiclass_table6_valence_3class_emotion-elicitation_2026-06-03_10-42-41,results/quick_v1_v2_comparison/2026-06-03_09-24-45/model_runs/2026-06-03_09-39-05/multiclass_table6_valence_3class_emotion-elicitation_2026-06-03_10-42-41/subject_loo/s_P4/gnn_fold_diagnostics.csv,train,0.0106163751333951,0.3909716010093689,-1.09335196018219,1.0740171670913696,2.16736912727356,1.0293824672698977,0.0784259364008903,0.7443190813064575,1.0985970497131348,0.4446314573287964,0.271030992269516,10000,,,,,,,,,,,,,,,,,23,1.0153156518936155,1
multiclass_table6_valence_3class,Table-6 Valence,subject_loo,GNN,BasicGCN_mean,s_P4,results/quick_v1_v2_comparison/2026-06-03_09-24-45/model_runs/2026-06-03_09-39-05,results/quick_v1_v2_comparison/2026-06-03_09-24-45/model_runs/2026-06-03_09-39-05/multiclass_table6_valence_3class_emotion-elicitation_2026-06-03_10-42-41,results/quick_v1_v2_comparison/2026-06-03_09-24-45/model_runs/2026-06-03_09-39-05/multiclass_table6_valence_3class_emotion-elicitation_2026-06-03_10-42-41/subject_loo/s_P4/gnn_fold_diagnostics.csv,val,0.0463330596685409,0.3394920229911804,-1.0101397037506104,1.090258240699768,2.1003979444503784,1.0467584133148191,0.0589355565607547,0.7376200556755066,1.0983060598373413,0.3760430514812469,0.3995452225208282,91806,,,,,,,,,,,,,,,,,23,1.0153156518936155,1
multiclass_table6_valence_3class,Table-6 Valence,subject_loo,GNN,BasicGCN_mean,s_P4,results/quick_v1_v2_comparison/2026-06-03_09-24-45/model_runs/2026-06-03_09-39-05,results/quick_v1_v2_comparison/2026-06-03_09-24-45/model_runs/2026-06-03_09-39-05/multiclass_table6_valence_3class_emotion-elicitation_2026-06-03_10-42-41,results/quick_v1_v2_comparison/2026-06-03_09-24-45/model_runs/2026-06-03_09-39-05/multiclass_table6_valence_3class_emotion-elicitation_2026-06-03_10-42-41/subject_loo/s_P4/gnn_fold_diagnostics.csv,test,0.0395614244043827,0.3606705367565155,-0.94575172662735,1.0370855331420898,1.98283725976944,1.0376768112182615,0.077926680445671,0.7697601318359375,1.0984485149383545,0.3023127317428589,0.4506415128707886,31375,,,,,,,,,,,,,,,,,23,1.0153156518936155,1
multiclass_table6_valence_3class,Table-6 Valence,subject_loo,GNN,BasicGCN_mean,s_P5,results/quick_v1_v2_comparison/2026-06-03_09-24-45/model_runs/2026-06-03_09-39-05,results/quick_v1_v2_comparison/2026-06-03_09-24-45/model_runs/2026-06-03_09-39-05/multiclass_table6_valence_3class_emotion-elicitation_2026-06-03_10-42-41,results/quick_v1_v2_comparison/2026-06-03_09-24-45/model_runs/2026-06-03_09-39-05/multiclass_table6_valence_3class_emotion-elicitation_2026-06-03_10-42-41/subject_loo/s_P5/gnn_fold_diagnostics.csv,train,-0.1894479393959045,0.5220262408256531,-1.8468271493911743,1.7736016511917114,3.6204288005828857,0.9818112850189208,0.1082648560404777,0.3281443119049072,1.098521709442139,0.4181816875934601,0.2861152589321136,10000,,,,,,,,,,,,,,,,,40,0.9653989672660828,1
multiclass_table6_valence_3class,Table-6 Valence,subject_loo,GNN,BasicGCN_mean,s_P5,results/quick_v1_v2_comparison/2026-06-03_09-24-45/model_runs/2026-06-03_09-39-05,results/quick_v1_v2_comparison/2026-06-03_09-24-45/model_runs/2026-06-03_09-39-05/multiclass_table6_valence_3class_emotion-elicitation_2026-06-03_10-42-41,results/quick_v1_v2_comparison/2026-06-03_09-24-45/model_runs/2026-06-03_09-39-05/multiclass_table6_valence_3class_emotion-elicitation_2026-06-03_10-42-41/subject_loo/s_P5/gnn_fold_diagnostics.csv,val,-0.25654137134552,0.5231438875198364,-1.6451481580734253,1.476105809211731,3.121253967285156,0.9797593355178832,0.0957105234265327,0.4512539803981781,1.0971237421035769,0.2899675369262695,0.5057064294815063,82621,,,,,,,,,,,,,,,,,40,0.9653989672660828,1
multiclass_table6_valence_3class,Table-6 Valence,subject_loo,GNN,BasicGCN_mean,s_P5,results/quick_v1_v2_comparison/2026-06-03_09-24-45/model_runs/2026-06-03_09-39-05,results/quick_v1_v2_comparison/2026-06-03_09-24-45/model_runs/2026-06-03_09-39-05/multiclass_table6_valence_3class_emotion-elicitation_2026-06-03_10-42-41,results/quick_v1_v2_comparison/2026-06-03_09-24-45/model_runs/2026-06-03_09-39-05/multiclass_table6_valence_3class_emotion-elicitation_2026-06-03_10-42-41/subject_loo/s_P5/gnn_fold_diagnostics.csv,test,-0.2363379895687103,0.4259041547775268,-1.265397548675537,1.25685453414917,2.522252082824707,1.012993335723877,0.0838725492358207,0.5831576585769653,1.098512887954712,0.2354892343282699,0.5848005414009094,37675,,,,,,,,,,,,,,,,,40,0.9653989672660828,1
multiclass_table6_valence_3class,Table-6 Valence,subject_loo,GNN,BasicGCN_mean,s_P7,results/quick_v1_v2_comparison/2026-06-03_09-24-45/model_runs/2026-06-03_09-39-05,results/quick_v1_v2_comparison/2026-06-03_09-24-45/model_runs/2026-06-03_09-39-05/multiclass_table6_valence_3class_emotion-elicitation_2026-06-03_10-42-41,results/quick_v1_v2_comparison/2026-06-03_09-24-45/model_runs/2026-06-03_09-39-05/multiclass_table6_valence_3class_emotion-elicitation_2026-06-03_10-42-41/subject_loo/s_P7/gnn_fold_diagnostics.csv,train,-0.0176249984651803,0.2356150597333908,-0.7699546813964844,0.8137359023094177,1.583690583705902,1.075800538063049,0.031402762979269,0.9450828433036804,1.0986101627349854,0.3872957229614258,0.3668670952320099,10000,,,,,,,,,,,,,,,,,1,1.1206114292144775,1
multiclass_table6_valence_3class,Table-6 Valence,subject_loo,GNN,BasicGCN_mean,s_P7,results/quick_v1_v2_comparison/2026-06-03_09-24-45/model_runs/2026-06-03_09-39-05,results/quick_v1_v2_comparison/2026-06-03_09-24-45/model_runs/2026-06-03_09-39-05/multiclass_table6_valence_3class_emotion-elicitation_2026-06-03_10-42-41,results/quick_v1_v2_comparison/2026-06-03_09-24-45/model_runs/2026-06-03_09-39-05/multiclass_table6_valence_3class_emotion-elicitation_2026-06-03_10-42-41/subject_loo/s_P7/gnn_fold_diagnostics.csv,val,0.0462698973715305,0.2479080259799957,-0.4139348268508911,0.7719078660011292,1.1858426928520205,1.0681344270706177,0.035109881311655,0.972437620162964,1.0982742309570312,0.3391652107238769,0.5206549167633057,108811,,,,,,,,,,,,,,,,,1,1.1206114292144775,1
multiclass_table6_valence_3class,Table-6 Valence,subject_loo,GNN,BasicGCN_mean,s_P7,results/quick_v1_v2_comparison/2026-06-03_09-24-45/model_runs/2026-06-03_09-39-05,results/quick_v1_v2_comparison/2026-06-03_09-24-45/model_runs/2026-06-03_09-39-05/multiclass_table6_valence_3class_emotion-elicitation_2026-06-03_10-42-41,results/quick_v1_v2_comparison/2026-06-03_09-24-45/model_runs/2026-06-03_09-39-05/multiclass_table6_valence_3class_emotion-elicitation_2026-06-03_10-42-41/subject_loo/s_P7/gnn_fold_diagnostics.csv,test,-0.0628852918744087,0.247370183467865,-0.706214427947998,0.7131029367446899,1.419317364692688,1.0731322765350342,0.0303398258984088,0.9642906188964844,1.0985952615737915,0.2982844114303589,0.4946813583374023,26335,,,,,,,,,,,,,,,,,1,1.1206114292144775,1
multiclass_table6_valence_3class,Table-6 Valence,subject_loo,GNN,BasicGCN_mean,s_P8,results/quick_v1_v2_comparison/2026-06-03_09-24-45/model_runs/2026-06-03_09-39-05,results/quick_v1_v2_comparison/2026-06-03_09-24-45/model_runs/2026-06-03_09-39-05/multiclass_table6_valence_3class_emotion-elicitation_2026-06-03_10-42-41,results/quick_v1_v2_comparison/2026-06-03_09-24-45/model_runs/2026-06-03_09-39-05/multiclass_table6_valence_3class_emotion-elicitation_2026-06-03_10-42-41/subject_loo/s_P8/gnn_fold_diagnostics.csv,train,-0.0807161331176757,0.5458469986915588,-1.7166383266448977,2.321524381637573,4.038162708282471,0.9719969630241394,0.1229000315070152,0.198148563504219,1.098576545715332,0.3960347473621368,0.315945565700531,10000,,,,,,,,,,,,,,,,,47,0.9466215372085572,1
multiclass_table6_valence_3class,Table-6 Valence,subject_loo,GNN,BasicGCN_mean,s_P8,results/quick_v1_v2_comparison/2026-06-03_09-24-45/model_runs/2026-06-03_09-39-05,results/quick_v1_v2_comparison/2026-06-03_09-24-45/model_runs/2026-06-03_09-39-05/multiclass_table6_valence_3class_emotion-elicitation_2026-06-03_10-42-41,results/quick_v1_v2_comparison/2026-06-03_09-24-45/model_runs/2026-06-03_09-39-05/multiclass_table6_valence_3class_emotion-elicitation_2026-06-03_10-42-41/subject_loo/s_P8/gnn_fold_diagnostics.csv,val,-0.0730745047330856,0.4086286723613739,-1.2552095651626587,1.6433974504470823,2.898607015609741,1.0198698043823242,0.1014957800507545,0.4103401899337768,1.0985902547836304,0.1955117732286453,0.7236279249191284,96580,,,,,,,,,,,,,,,,,47,0.9466215372085572,1
multiclass_table6_valence_3class,Table-6 Valence,subject_loo,GNN,BasicGCN_mean,s_P8,results/quick_v1_v2_comparison/2026-06-03_09-24-45/model_runs/2026-06-03_09-39-05,results/quick_v1_v2_comparison/2026-06-03_09-24-45/model_runs/2026-06-03_09-39-05/multiclass_table6_valence_3class_emotion-elicitation_2026-06-03_10-42-41,results/quick_v1_v2_comparison/2026-06-03_09-24-45/model_runs/2026-06-03_09-39-05/multiclass_table6_valence_3class_emotion-elicitation_2026-06-03_10-42-41/subject_loo/s_P8/gnn_fold_diagnostics.csv,test,-0.0963518768548965,0.507973849773407,-1.4112155437469482,1.9212983846664429,3.332513928413391,0.9833672642707824,0.1266317218542099,0.3234964907169342,1.0985774993896484,0.2388370037078857,0.5663564205169678,23871,,,,,,,,,,,,,,,,,47,0.9466215372085572,1
multiclass_table6_valence_3class,Table-6 Valence,recording_loo,GNN,BasicGCN_mean,r_107.avi,results/quick_v1_v2_comparison/2026-06-03_09-24-45/model_runs/2026-06-03_09-39-05,results/quick_v1_v2_comparison/2026-06-03_09-24-45/model_runs/2026-06-03_09-39-05/multiclass_table6_valence_3class_emotion-elicitation_2026-06-03_10-42-41,results/quick_v1_v2_comparison/2026-06-03_09-24-45/model_runs/2026-06-03_09-39-05/multiclass_table6_valence_3class_emotion-elicitation_2026-06-03_10-42-41/recording_loo/r_107.avi/gnn_fold_diagnostics.csv,train,-0.0414563454687595,0.2223390042781829,-0.6371392011642456,0.4883983433246612,1.1255375444889069,1.076523780822754,0.016226690262556,1.0061789751052856,1.0986101627349854,0.353406697511673,0.3246002793312073,10000,,,,,,,,,,,,,,,,,5,1.0814885298411052,1
multiclass_table6_valence_3class,Table-6 Valence,recording_loo,GNN,BasicGCN_mean,r_107.avi,results/quick_v1_v2_comparison/2026-06-03_09-24-45/model_runs/2026-06-03_09-39-05,results/quick_v1_v2_comparison/2026-06-03_09-24-45/model_runs/2026-06-03_09-39-05/multiclass_table6_valence_3class_emotion-elicitation_2026-06-03_10-42-41,results/quick_v1_v2_comparison/2026-06-03_09-24-45/model_runs/2026-06-03_09-39-05/multiclass_table6_valence_3class_emotion-elicitation_2026-06-03_10-42-41/recording_loo/r_107.avi/gnn_fold_diagnostics.csv,val,-0.0392451286315918,0.2227359116077423,-0.5857230424880981,0.4904784560203552,1.0762014985084534,1.0755449533462524,0.0173200722783803,1.004455327987671,1.098459005355835,0.3443412482738495,0.3398616909980774,201295,,,,,,,,,,,,,,,,,5,1.0814885298411052,1
multiclass_table6_valence_3class,Table-6 Valence,recording_loo,GNN,BasicGCN_mean,r_107.avi,results/quick_v1_v2_comparison/2026-06-03_09-24-45/model_runs/2026-06-03_09-39-05,results/quick_v1_v2_comparison/2026-06-03_09-24-45/model_runs/2026-06-03_09-39-05/multiclass_table6_valence_3class_emotion-elicitation_2026-06-03_10-42-41,results/quick_v1_v2_comparison/2026-06-03_09-24-45/model_runs/2026-06-03_09-39-05/multiclass_table6_valence_3class_emotion-elicitation_2026-06-03_10-42-41/recording_loo/r_107.avi/gnn_fold_diagnostics.csv,test,-0.0395624041557312,0.2216368168592453,-0.6088024377822876,0.4798241555690765,1.088626593351364,1.07648503780365,0.0181581042706966,1.0086884498596191,1.0971529483795166,0.3424259424209595,0.3511927127838135,12403,,,,,,,,,,,,,,,,,5,1.0814885298411052,1
multiclass_table6_valence_3class,Table-6 Valence,recording_loo,GNN,BasicGCN_mean,r_111.avi,results/quick_v1_v2_comparison/2026-06-03_09-24-45/model_runs/2026-06-03_09-39-05,results/quick_v1_v2_comparison/2026-06-03_09-24-45/model_runs/2026-06-03_09-39-05/multiclass_table6_valence_3class_emotion-elicitation_2026-06-03_10-42-41,results/quick_v1_v2_comparison/2026-06-03_09-24-45/model_runs/2026-06-03_09-39-05/multiclass_table6_valence_3class_emotion-elicitation_2026-06-03_10-42-41/recording_loo/r_111.avi/gnn_fold_diagnostics.csv,train,0.0193233918398618,0.1473770290613174,-0.6717372536659241,0.451193630695343,1.122930884361267,1.0906083583831787,0.0099696284160017,1.032288908958435,1.098611831665039,0.4058474898338318,0.2726005017757416,10000,,,,,,,,,,,,,,,,,1,1.042689522107442,1
multiclass_table6_valence_3class,Table-6 Valence,recording_loo,GNN,BasicGCN_mean,r_111.avi,results/quick_v1_v2_comparison/2026-06-03_09-24-45/model_runs/2026-06-03_09-39-05,results/quick_v1_v2_comparison/2026-06-03_09-24-45/model_runs/2026-06-03_09-39-05/multiclass_table6_valence_3class_emotion-elicitation_2026-06-03_10-42-41,results/quick_v1_v2_comparison/2026-06-03_09-24-45/model_runs/2026-06-03_09-39-05/multiclass_table6_valence_3class_emotion-elicitation_2026-06-03_10-42-41/recording_loo/r_111.avi/gnn_fold_diagnostics.csv,val,0.0035973780322819,0.1507347971200943,-0.6534653306007385,0.3473265171051025,1.000791847705841,1.0895271301269531,0.0104239592328667,1.0328608751296997,1.098610281944275,0.2857830822467804,0.4462599158287048,134421,,,,,,,,,,,,,,,,,1,1.042689522107442,1
multiclass_table6_valence_3class,Table-6 Valence,recording_loo,GNN,BasicGCN_mean,r_111.avi,results/quick_v1_v2_comparison/2026-06-03_09-24-45/model_runs/2026-06-03_09-39-05,results/quick_v1_v2_comparison/2026-06-03_09-24-45/model_runs/2026-06-03_09-39-05/multiclass_table6_valence_3class_emotion-elicitation_2026-06-03_10-42-41,results/quick_v1_v2_comparison/2026-06-03_09-24-45/model_runs/2026-06-03_09-39-05/multiclass_table6_valence_3class_emotion-elicitation_2026-06-03_10-42-41/recording_loo/r_111.avi/gnn_fold_diagnostics.csv,test,0.0277116242796182,0.1327264010906219,-0.5974212288856506,0.330810010433197,0.9282312393188475,1.092007398605347,0.0088600544258952,1.0383533239364624,1.0985932350158691,0.4058140516281128,0.2869664132595062,54615,,,,,,,,,,,,,,,,,1,1.042689522107442,1
multiclass_table6_valence_3class,Table-6 Valence,recording_loo,GNN,BasicGCN_mean,r_138.avi,results/quick_v1_v2_comparison/2026-06-03_09-24-45/model_runs/2026-06-03_09-39-05,results/quick_v1_v2_comparison/2026-06-03_09-24-45/model_runs/2026-06-03_09-39-05/multiclass_table6_valence_3class_emotion-elicitation_2026-06-03_10-42-41,results/quick_v1_v2_comparison/2026-06-03_09-24-45/model_runs/2026-06-03_09-39-05/multiclass_table6_valence_3class_emotion-elicitation_2026-06-03_10-42-41/recording_loo/r_138.avi/gnn_fold_diagnostics.csv,train,-0.0799854397773742,0.239815354347229,-0.6373742818832397,0.6150469779968262,1.252421259880066,1.0735749006271362,0.0194705929607152,0.9982119798660278,1.0986082553863523,0.3839015662670135,0.3596110939979553,10000,,,,,,,,,,,,,,,,,4,1.0395092964172363,1
multiclass_table6_valence_3class,Table-6 Valence,recording_loo,GNN,BasicGCN_mean,r_138.avi,results/quick_v1_v2_comparison/2026-06-03_09-24-45/model_runs/2026-06-03_09-39-05,results/quick_v1_v2_comparison/2026-06-03_09-24-45/model_runs/2026-06-03_09-39-05/multiclass_table6_valence_3class_emotion-elicitation_2026-06-03_10-42-41,results/quick_v1_v2_comparison/2026-06-03_09-24-45/model_runs/2026-06-03_09-39-05/multiclass_table6_valence_3class_emotion-elicitation_2026-06-03_10-42-41/recording_loo/r_138.avi/gnn_fold_diagnostics.csv,val,-0.0960912480950355,0.2155306041240692,-0.5996114015579224,0.489209771156311,1.0888211727142334,1.0783686637878418,0.01564054004848,1.0279295444488523,1.0985898971557615,0.3426587581634521,0.4055030345916748,64620,,,,,,,,,,,,,,,,,4,1.0395092964172363,1
multiclass_table6_valence_3class,Table-6 Valence,recording_loo,GNN,BasicGCN_mean,r_138.avi,results/quick_v1_v2_comparison/2026-06-03_09-24-45/model_runs/2026-06-03_09-39-05,results/quick_v1_v2_comparison/2026-06-03_09-24-45/model_runs/2026-06-03_09-39-05/multiclass_table6_valence_3class_emotion-elicitation_2026-06-03_10-42-41,results/quick_v1_v2_comparison/2026-06-03_09-24-45/model_runs/2026-06-03_09-39-05/multiclass_table6_valence_3class_emotion-elicitation_2026-06-03_10-42-41/recording_loo/r_138.avi/gnn_fold_diagnostics.csv,test,-0.069404050707817,0.2660669386386871,-0.5859706997871399,0.5891839861869812,1.175154685974121,1.0691096782684326,0.0190958939492702,1.016805648803711,1.0985513925552368,0.3902119994163513,0.3924808800220489,60378,,,,,,,,,,,,,,,,,4,1.0395092964172363,1
multiclass_table6_valence_3class,Table-6 Valence,recording_loo,GNN,BasicGCN_mean,r_146.avi,results/quick_v1_v2_comparison/2026-06-03_09-24-45/model_runs/2026-06-03_09-39-05,results/quick_v1_v2_comparison/2026-06-03_09-24-45/model_runs/2026-06-03_09-39-05/multiclass_table6_valence_3class_emotion-elicitation_2026-06-03_10-42-41,results/quick_v1_v2_comparison/2026-06-03_09-24-45/model_runs/2026-06-03_09-39-05/multiclass_table6_valence_3class_emotion-elicitation_2026-06-03_10-42-41/recording_loo/r_146.avi/gnn_fold_diagnostics.csv,train,-0.045326828956604,0.1501620411872863,-0.5900699496269226,0.6250044703483582,1.2150744199752808,1.089024782180786,0.0076292701996862,1.0333322286605835,1.0985921621322632,0.3977578282356262,0.2919760644435882,10000,,,,,,,,,,,,,,,,,1,1.0366224646568298,1
multiclass_table6_valence_3class,Table-6 Valence,recording_loo,GNN,BasicGCN_mean,r_146.avi,results/quick_v1_v2_comparison/2026-06-03_09-24-45/model_runs/2026-06-03_09-39-05,results/quick_v1_v2_comparison/2026-06-03_09-24-45/model_runs/2026-06-03_09-39-05/multiclass_table6_valence_3class_emotion-elicitation_2026-06-03_10-42-41,results/quick_v1_v2_comparison/2026-06-03_09-24-45/model_runs/2026-06-03_09-39-05/multiclass_table6_valence_3class_emotion-elicitation_2026-06-03_10-42-41/recording_loo/r_146.avi/gnn_fold_diagnostics.csv,val,-0.045953381806612,0.1496377140283584,-0.4905458092689514,0.6260743737220764,1.1166201829910278,1.0894775390625,0.0069086346775293,1.0593537092208862,1.0985697507858276,0.3710684180259704,0.3243618607521057,126253,,,,,,,,,,,,,,,,,1,1.0366224646568298,1
multiclass_table6_valence_3class,Table-6 Valence,recording_loo,GNN,BasicGCN_mean,r_146.avi,results/quick_v1_v2_comparison/2026-06-03_09-24-45/model_runs/2026-06-03_09-39-05,results/quick_v1_v2_comparison/2026-06-03_09-24-45/model_runs/2026-06-03_09-39-05/multiclass_table6_valence_3class_emotion-elicitation_2026-06-03_10-42-41,results/quick_v1_v2_comparison/2026-06-03_09-24-45/model_runs/2026-06-03_09-39-05/multiclass_table6_valence_3class_emotion-elicitation_2026-06-03_10-42-41/recording_loo/r_146.avi/gnn_fold_diagnostics.csv,test,-0.0512298047542572,0.1485220491886139,-0.4322457909584045,0.2902491986751556,0.7224949896335602,1.0888859033584597,0.0066005829721689,1.062968611717224,1.098540186882019,0.3834970891475677,0.3267430365085602,36046,,,,,,,,,,,,,,,,,1,1.0366224646568298,1
multiclass_table6_valence_3class,Table-6 Valence,recording_loo,GNN,BasicGCN_mean,r_30.avi,results/quick_v1_v2_comparison/2026-06-03_09-24-45/model_runs/2026-06-03_09-39-05,results/quick_v1_v2_comparison/2026-06-03_09-24-45/model_runs/2026-06-03_09-39-05/multiclass_table6_valence_3class_emotion-elicitation_2026-06-03_10-42-41,results/quick_v1_v2_comparison/2026-06-03_09-24-45/model_runs/2026-06-03_09-39-05/multiclass_table6_valence_3class_emotion-elicitation_2026-06-03_10-42-41/recording_loo/r_30.avi/gnn_fold_diagnostics.csv,train,0.0842755809426307,0.1218572184443473,-0.2728598415851593,0.6286394596099854,0.9014993011951448,1.0917913913726809,0.007488268893212,1.0221247673034668,1.098611831665039,0.3540788292884826,0.3246287703514099,10000,,,,,,,,,,,,,,,,,1,1.1119250655174255,1
multiclass_table6_valence_3class,Table-6 Valence,recording_loo,GNN,BasicGCN_mean,r_30.avi,results/quick_v1_v2_comparison/2026-06-03_09-24-45/model_runs/2026-06-03_09-39-05,results/quick_v1_v2_comparison/2026-06-03_09-24-45/model_runs/2026-06-03_09-39-05/multiclass_table6_valence_3class_emotion-elicitation_2026-06-03_10-42-41,results/quick_v1_v2_comparison/2026-06-03_09-24-45/model_runs/2026-06-03_09-39-05/multiclass_table6_valence_3class_emotion-elicitation_2026-06-03_10-42-41/recording_loo/r_30.avi/gnn_fold_diagnostics.csv,val,0.0843018963932991,0.116519421339035,-0.2106195092201233,0.5729742050170898,0.7835937142372131,1.0926038026809692,0.0071159885264933,1.0411427021026611,1.0985859632492063,0.3778638839721679,0.3078864216804504,127765,,,,,,,,,,,,,,,,,1,1.1119250655174255,1
multiclass_table6_valence_3class,Table-6 Valence,recording_loo,GNN,BasicGCN_mean,r_30.avi,results/quick_v1_v2_comparison/2026-06-03_09-24-45/model_runs/2026-06-03_09-39-05,results/quick_v1_v2_comparison/2026-06-03_09-24-45/model_runs/2026-06-03_09-39-05/multiclass_table6_valence_3class_emotion-elicitation_2026-06-03_10-42-41,results/quick_v1_v2_comparison/2026-06-03_09-24-45/model_runs/2026-06-03_09-39-05/multiclass_table6_valence_3class_emotion-elicitation_2026-06-03_10-42-41/recording_loo/r_30.avi/gnn_fold_diagnostics.csv,test,0.086031325161457,0.1322832554578781,-0.2157728224992752,0.565314769744873,0.7810875922441483,1.0902560949325562,0.0078710718080401,1.0383321046829224,1.098550796508789,0.4103278219699859,0.303594559431076,20910,,,,,,,,,,,,,,,,,1,1.1119250655174255,1
multiclass_table6_valence_3class,Table-6 Valence,recording_loo,GNN,BasicGCN_mean,r_52.avi,results/quick_v1_v2_comparison/2026-06-03_09-24-45/model_runs/2026-06-03_09-39-05,results/quick_v1_v2_comparison/2026-06-03_09-24-45/model_runs/2026-06-03_09-39-05/multiclass_table6_valence_3class_emotion-elicitation_2026-06-03_10-42-41,results/quick_v1_v2_comparison/2026-06-03_09-24-45/model_runs/2026-06-03_09-39-05/multiclass_table6_valence_3class_emotion-elicitation_2026-06-03_10-42-41/recording_loo/r_52.avi/gnn_fold_diagnostics.csv,train,-0.039206076413393,0.6074787974357605,-2.168320655822754,2.672977924346924,4.841298580169678,0.9610226154327391,0.1198000311851501,0.3612038493156433,1.098487138748169,0.3996898829936981,0.3831053674221039,10000,,,,,,,,,,,,,,,,,46,1.0241539478302002,1
multiclass_table6_valence_3class,Table-6 Valence,recording_loo,GNN,BasicGCN_mean,r_52.avi,results/quick_v1_v2_comparison/2026-06-03_09-24-45/model_runs/2026-06-03_09-39-05,results/quick_v1_v2_comparison/2026-06-03_09-24-45/model_runs/2026-06-03_09-39-05/multiclass_table6_valence_3class_emotion-elicitation_2026-06-03_10-42-41,results/quick_v1_v2_comparison/2026-06-03_09-24-45/model_runs/2026-06-03_09-39-05/multiclass_table6_valence_3class_emotion-elicitation_2026-06-03_10-42-41/recording_loo/r_52.avi/gnn_fold_diagnostics.csv,val,-0.1361953169107437,0.6038709878921509,-2.0902352333068848,1.7755926847457886,3.865827918052673,0.9622699022293092,0.1036038771271705,0.6516873836517334,1.0985984802246094,0.4018942415714264,0.3714094161987304,179700,,,,,,,,,,,,,,,,,46,1.0241539478302002,1
multiclass_table6_valence_3class,Table-6 Valence,recording_loo,GNN,BasicGCN_mean,r_52.avi,results/quick_v1_v2_comparison/2026-06-03_09-24-45/model_runs/2026-06-03_09-39-05,results/quick_v1_v2_comparison/2026-06-03_09-24-45/model_runs/2026-06-03_09-39-05/multiclass_table6_valence_3class_emotion-elicitation_2026-06-03_10-42-41,results/quick_v1_v2_comparison/2026-06-03_09-24-45/model_runs/2026-06-03_09-39-05/multiclass_table6_valence_3class_emotion-elicitation_2026-06-03_10-42-41/recording_loo/r_52.avi/gnn_fold_diagnostics.csv,test,-0.055399551987648,0.5321052074432373,-1.7421813011169434,1.5426719188690186,3.284853219985962,0.9962027668952942,0.0827242583036422,0.6482161283493042,1.098527908325195,0.3317353129386902,0.4662465453147888,43365,,,,,,,,,,,,,,,,,46,1.0241539478302002,1
multiclass_table6_valence_3class,Table-6 Valence,recording_loo,GNN,BasicGCN_mean,r_53.avi,results/quick_v1_v2_comparison/2026-06-03_09-24-45/model_runs/2026-06-03_09-39-05,results/quick_v1_v2_comparison/2026-06-03_09-24-45/model_runs/2026-06-03_09-39-05/multiclass_table6_valence_3class_emotion-elicitation_2026-06-03_10-42-41,results/quick_v1_v2_comparison/2026-06-03_09-24-45/model_runs/2026-06-03_09-39-05/multiclass_table6_valence_3class_emotion-elicitation_2026-06-03_10-42-41/recording_loo/r_53.avi/gnn_fold_diagnostics.csv,train,-0.1028227657079696,0.828282356262207,-2.9216625690460205,4.359373569488525,7.281036138534546,0.8634885549545288,0.2121192067861557,0.0170589871704578,1.098588943481445,0.4131508469581604,0.2676974236965179,10000,,,,,,,,,,,,,,,,,150,0.730815052986145,1
multiclass_table6_valence_3class,Table-6 Valence,recording_loo,GNN,BasicGCN_mean,r_53.avi,results/quick_v1_v2_comparison/2026-06-03_09-24-45/model_runs/2026-06-03_09-39-05,results/quick_v1_v2_comparison/2026-06-03_09-24-45/model_runs/2026-06-03_09-39-05/multiclass_table6_valence_3class_emotion-elicitation_2026-06-03_10-42-41,results/quick_v1_v2_comparison/2026-06-03_09-24-45/model_runs/2026-06-03_09-39-05/multiclass_table6_valence_3class_emotion-elicitation_2026-06-03_10-42-41/recording_loo/r_53.avi/gnn_fold_diagnostics.csv,val,-0.0655851513147354,0.9091851115226746,-3.530093193054199,4.141664505004883,7.671757698059082,0.8305116891860962,0.2549196481704712,0.0191696733236312,1.0978124141693115,0.3666729032993316,0.2376570403575897,141778,,,,,,,,,,,,,,,,,150,0.730815052986145,1
multiclass_table6_valence_3class,Table-6 Valence,recording_loo,GNN,BasicGCN_mean,r_53.avi,results/quick_v1_v2_comparison/2026-06-03_09-24-45/model_runs/2026-06-03_09-39-05,results/quick_v1_v2_comparison/2026-06-03_09-24-45/model_runs/2026-06-03_09-39-05/multiclass_table6_valence_3class_emotion-elicitation_2026-06-03_10-42-41,results/quick_v1_v2_comparison/2026-06-03_09-24-45/model_runs/2026-06-03_09-39-05/multiclass_table6_valence_3class_emotion-elicitation_2026-06-03_10-42-41/recording_loo/r_53.avi/gnn_fold_diagnostics.csv,test,-0.0541973672807216,0.742640495300293,-2.11492133140564,2.4487974643707275,4.563718795776367,0.9024421572685242,0.1796265542507171,0.2940758764743805,1.098227858543396,0.4174612164497375,0.2675270736217499,46056,,,,,,,,,,,,,,,,,150,0.730815052986145,1
multiclass_table6_valence_3class,Table-6 Valence,recording_loo,GNN,BasicGCN_mean,r_55.avi,results/quick_v1_v2_comparison/2026-06-03_09-24-45/model_runs/2026-06-03_09-39-05,results/quick_v1_v2_comparison/2026-06-03_09-24-45/model_runs/2026-06-03_09-39-05/multiclass_table6_valence_3class_emotion-elicitation_2026-06-03_10-42-41,results/quick_v1_v2_comparison/2026-06-03_09-24-45/model_runs/2026-06-03_09-39-05/multiclass_table6_valence_3class_emotion-elicitation_2026-06-03_10-42-41/recording_loo/r_55.avi/gnn_fold_diagnostics.csv,train,0.0349753089249134,0.8917176127433777,-3.5739126205444336,6.111293315887451,9.685205936431885,0.8442122936248779,0.2442350834608078,0.0017510522156953,1.098489761352539,0.3574078679084778,0.3265142440795898,10000,,,,,,,,,,,,,,,,,153,1.0296401381492617,1
multiclass_table6_valence_3class,Table-6 Valence,recording_loo,GNN,BasicGCN_mean,r_55.avi,results/quick_v1_v2_comparison/2026-06-03_09-24-45/model_runs/2026-06-03_09-39-05,results/quick_v1_v2_comparison/2026-06-03_09-24-45/model_runs/2026-06-03_09-39-05/multiclass_table6_valence_3class_emotion-elicitation_2026-06-03_10-42-41,results/quick_v1_v2_comparison/2026-06-03_09-24-45/model_runs/2026-06-03_09-39-05/multiclass_table6_valence_3class_emotion-elicitation_2026-06-03_10-42-41/recording_loo/r_55.avi/gnn_fold_diagnostics.csv,val,-0.0003193135780747,0.7026224732398987,-2.104712963104248,2.4541053771972656,4.558818340301514,0.9084081053733826,0.1633096039295196,0.2627792954444885,1.0984783172607422,0.3447686731815338,0.3686246573925018,121771,,,,,,,,,,,,,,,,,153,1.0296401381492617,1
multiclass_table6_valence_3class,Table-6 Valence,recording_loo,GNN,BasicGCN_mean,r_55.avi,results/quick_v1_v2_comparison/2026-06-03_09-24-45/model_runs/2026-06-03_09-39-05,results/quick_v1_v2_comparison/2026-06-03_09-24-45/model_runs/2026-06-03_09-39-05/multiclass_table6_valence_3class_emotion-elicitation_2026-06-03_10-42-41,results/quick_v1_v2_comparison/2026-06-03_09-24-45/model_runs/2026-06-03_09-39-05/multiclass_table6_valence_3class_emotion-elicitation_2026-06-03_10-42-41/recording_loo/r_55.avi/gnn_fold_diagnostics.csv,test,0.0891355276107788,0.7070873975753784,-1.949390172958374,2.5122854709625244,4.461675643920898,0.9198087453842164,0.1692136228084564,0.2489553391933441,1.0978662967681885,0.3702179491519928,0.2723447978496551,28920,,,,,,,,,,,,,,,,,153,1.0296401381492617,1
multiclass_table6_valence_3class,Table-6 Valence,recording_loo,GNN,BasicGCN_mean,r_58.avi,results/quick_v1_v2_comparison/2026-06-03_09-24-45/model_runs/2026-06-03_09-39-05,results/quick_v1_v2_comparison/2026-06-03_09-24-45/model_runs/2026-06-03_09-39-05/multiclass_table6_valence_3class_emotion-elicitation_2026-06-03_10-42-41,results/quick_v1_v2_comparison/2026-06-03_09-24-45/model_runs/2026-06-03_09-39-05/multiclass_table6_valence_3class_emotion-elicitation_2026-06-03_10-42-41/recording_loo/r_58.avi/gnn_fold_diagnostics.csv,train,-0.2010548859834671,0.5583910346031189,-2.1270411014556885,1.9470460414886477,4.074087142944336,0.9661121964454652,0.1233696117997169,0.3358042240142822,1.0985276699066162,0.3734121024608612,0.3560048341751098,10000,,,,,,,,,,,,,,,,,47,0.982559859752655,1
multiclass_table6_valence_3class,Table-6 Valence,recording_loo,GNN,BasicGCN_mean,r_58.avi,results/quick_v1_v2_comparison/2026-06-03_09-24-45/model_runs/2026-06-03_09-39-05,results/quick_v1_v2_comparison/2026-06-03_09-24-45/model_runs/2026-06-03_09-39-05/multiclass_table6_valence_3class_emotion-elicitation_2026-06-03_10-42-41,results/quick_v1_v2_comparison/2026-06-03_09-24-45/model_runs/2026-06-03_09-39-05/multiclass_table6_valence_3class_emotion-elicitation_2026-06-03_10-42-41/recording_loo/r_58.avi/gnn_fold_diagnostics.csv,val,-0.1938503831624984,0.5017361044883728,-1.4639155864715576,1.4821007251739502,2.946016311645508,0.9821410775184632,0.1232474446296691,0.4459365606307983,1.0984313488006592,0.3354020416736603,0.3602378964424133,126253,,,,,,,,,,,,,,,,,47,0.982559859752655,1
multiclass_table6_valence_3class,Table-6 Valence,recording_loo,GNN,BasicGCN_mean,r_58.avi,results/quick_v1_v2_comparison/2026-06-03_09-24-45/model_runs/2026-06-03_09-39-05,results/quick_v1_v2_comparison/2026-06-03_09-24-45/model_runs/2026-06-03_09-39-05/multiclass_table6_valence_3class_emotion-elicitation_2026-06-03_10-42-41,results/quick_v1_v2_comparison/2026-06-03_09-24-45/model_runs/2026-06-03_09-39-05/multiclass_table6_valence_3class_emotion-elicitation_2026-06-03_10-42-41/recording_loo/r_58.avi/gnn_fold_diagnostics.csv,test,-0.218146875500679,0.3901512622833252,-1.2290244102478027,0.7936730980873108,2.022697508335113,1.029668211936951,0.0603862181305885,0.8282687664031982,1.0985547304153442,0.2548063993453979,0.5114398002624512,19306,,,,,,,,,,,,,,,,,47,0.982559859752655,1
multiclass_table6_valence_3class,Table-6 Valence,recording_loo,GNN,BasicGCN_mean,r_69.avi,results/quick_v1_v2_comparison/2026-06-03_09-24-45/model_runs/2026-06-03_09-39-05,results/quick_v1_v2_comparison/2026-06-03_09-24-45/model_runs/2026-06-03_09-39-05/multiclass_table6_valence_3class_emotion-elicitation_2026-06-03_10-42-41,results/quick_v1_v2_comparison/2026-06-03_09-24-45/model_runs/2026-06-03_09-39-05/multiclass_table6_valence_3class_emotion-elicitation_2026-06-03_10-42-41/recording_loo/r_69.avi/gnn_fold_diagnostics.csv,train,0.0189712475985288,0.8089792728424072,-3.305347681045532,5.648014545440674,8.953362226486206,0.8748351335525513,0.1975561678409576,0.0299110002815723,1.0984456539154053,0.4031385779380798,0.2103227972984314,10000,,,,,,,,,,,,,,,,,190,0.8532719612121582,1
multiclass_table6_valence_3class,Table-6 Valence,recording_loo,GNN,BasicGCN_mean,r_69.avi,results/quick_v1_v2_comparison/2026-06-03_09-24-45/model_runs/2026-06-03_09-39-05,results/quick_v1_v2_comparison/2026-06-03_09-24-45/model_runs/2026-06-03_09-39-05/multiclass_table6_valence_3class_emotion-elicitation_2026-06-03_10-42-41,results/quick_v1_v2_comparison/2026-06-03_09-24-45/model_runs/2026-06-03_09-39-05/multiclass_table6_valence_3class_emotion-elicitation_2026-06-03_10-42-41/recording_loo/r_69.avi/gnn_fold_diagnostics.csv,val,0.120020180940628,1.0139998197555542,-3.107599973678589,4.998989105224609,8.106589078903198,0.8010331392288208,0.2723817825317383,0.0181713234633207,1.0982635021209717,0.4122031033039093,0.1762193888425827,109746,,,,,,,,,,,,,,,,,190,0.8532719612121582,1
multiclass_table6_valence_3class,Table-6 Valence,recording_loo,GNN,BasicGCN_mean,r_69.avi,results/quick_v1_v2_comparison/2026-06-03_09-24-45/model_runs/2026-06-03_09-39-05,results/quick_v1_v2_comparison/2026-06-03_09-24-45/model_runs/2026-06-03_09-39-05/multiclass_table6_valence_3class_emotion-elicitation_2026-06-03_10-42-41,results/quick_v1_v2_comparison/2026-06-03_09-24-45/model_runs/2026-06-03_09-39-05/multiclass_table6_valence_3class_emotion-elicitation_2026-06-03_10-42-41/recording_loo/r_69.avi/gnn_fold_diagnostics.csv,test,-0.0076514966785907,0.7858250737190247,-1.784188985824585,2.450989246368408,4.235178232192993,0.8664580583572388,0.1860831379890442,0.2671793401241302,1.0983169078826904,0.4248182475566864,0.2396445274353027,22791,,,,,,,,,,,,,,,,,190,0.8532719612121582,1
multiclass_table6_valence_3class,Table-6 Valence,recording_loo,GNN,BasicGCN_mean,r_73.avi,results/quick_v1_v2_comparison/2026-06-03_09-24-45/model_runs/2026-06-03_09-39-05,results/quick_v1_v2_comparison/2026-06-03_09-24-45/model_runs/2026-06-03_09-39-05/multiclass_table6_valence_3class_emotion-elicitation_2026-06-03_10-42-41,results/quick_v1_v2_comparison/2026-06-03_09-24-45/model_runs/2026-06-03_09-39-05/multiclass_table6_valence_3class_emotion-elicitation_2026-06-03_10-42-41/recording_loo/r_73.avi/gnn_fold_diagnostics.csv,train,0.0412422493100166,0.7557145953178406,-3.128990411758423,3.7480971813201904,6.877087593078613,0.8876250982284546,0.1912492513656616,0.0475005097687244,1.0985426902770996,0.4140739738941192,0.2329901307821273,10000,,,,,,,,,,,,,,,,,139,0.8417129317919413,1
multiclass_table6_valence_3class,Table-6 Valence,recording_loo,GNN,BasicGCN_mean,r_73.avi,results/quick_v1_v2_comparison/2026-06-03_09-24-45/model_runs/2026-06-03_09-39-05,results/quick_v1_v2_comparison/2026-06-03_09-24-45/model_runs/2026-06-03_09-39-05/multiclass_table6_valence_3class_emotion-elicitation_2026-06-03_10-42-41,results/quick_v1_v2_comparison/2026-06-03_09-24-45/model_runs/2026-06-03_09-39-05/multiclass_table6_valence_3class_emotion-elicitation_2026-06-03_10-42-41/recording_loo/r_73.avi/gnn_fold_diagnostics.csv,val,0.0005974668310955,0.8010479211807251,-2.6395046710968018,3.4525458812713623,6.092050552368164,0.8655418157577515,0.2140537053346634,0.0493462607264518,1.0981225967407229,0.33303302526474,0.2947597205638885,154290,,,,,,,,,,,,,,,,,139,0.8417129317919413,1
multiclass_table6_valence_3class,Table-6 Valence,recording_loo,GNN,BasicGCN_mean,r_73.avi,results/quick_v1_v2_comparison/2026-06-03_09-24-45/model_runs/2026-06-03_09-39-05,results/quick_v1_v2_comparison/2026-06-03_09-24-45/model_runs/2026-06-03_09-39-05/multiclass_table6_valence_3class_emotion-elicitation_2026-06-03_10-42-41,results/quick_v1_v2_comparison/2026-06-03_09-24-45/model_runs/2026-06-03_09-39-05/multiclass_table6_valence_3class_emotion-elicitation_2026-06-03_10-42-41/recording_loo/r_73.avi/gnn_fold_diagnostics.csv,test,0.0757138654589653,0.6616955995559692,-1.733605146408081,1.9387067556381223,3.672311902046204,0.9283929467201232,0.1329090446233749,0.4352337121963501,1.0974074602127075,0.4181143641471863,0.2674189507961273,29646,,,,,,,,,,,,,,,,,139,0.8417129317919413,1
multiclass_table6_valence_3class,Table-6 Valence,recording_loo,GNN,BasicGCN_mean,r_79.avi,results/quick_v1_v2_comparison/2026-06-03_09-24-45/model_runs/2026-06-03_09-39-05,results/quick_v1_v2_comparison/2026-06-03_09-24-45/model_runs/2026-06-03_09-39-05/multiclass_table6_valence_3class_emotion-elicitation_2026-06-03_10-42-41,results/quick_v1_v2_comparison/2026-06-03_09-24-45/model_runs/2026-06-03_09-39-05/multiclass_table6_valence_3class_emotion-elicitation_2026-06-03_10-42-41/recording_loo/r_79.avi/gnn_fold_diagnostics.csv,train,-0.1319333761930465,0.1555489599704742,-0.5689798593521118,0.2673159837722778,0.8362958431243896,1.08951997756958,0.0066524841822683,1.0540571212768557,1.098607301712036,0.4456255733966827,0.1984142214059829,10000,,,,,,,,,,,,,,,,,1,1.24323304494222,1
multiclass_table6_valence_3class,Table-6 Valence,recording_loo,GNN,BasicGCN_mean,r_79.avi,results/quick_v1_v2_comparison/2026-06-03_09-24-45/model_runs/2026-06-03_09-39-05,results/quick_v1_v2_comparison/2026-06-03_09-24-45/model_runs/2026-06-03_09-39-05/multiclass_table6_valence_3class_emotion-elicitation_2026-06-03_10-42-41,results/quick_v1_v2_comparison/2026-06-03_09-24-45/model_runs/2026-06-03_09-39-05/multiclass_table6_valence_3class_emotion-elicitation_2026-06-03_10-42-41/recording_loo/r_79.avi/gnn_fold_diagnostics.csv,val,-0.0992827489972114,0.1514342278242111,-0.5603289604187012,0.254055380821228,0.8143843412399292,1.089508056640625,0.0058996556326746,1.066396713256836,1.098599553108215,0.3286370635032654,0.3625514805316925,134421,,,,,,,,,,,,,,,,,1,1.24323304494222,1
multiclass_table6_valence_3class,Table-6 Valence,recording_loo,GNN,BasicGCN_mean,r_79.avi,results/quick_v1_v2_comparison/2026-06-03_09-24-45/model_runs/2026-06-03_09-39-05,results/quick_v1_v2_comparison/2026-06-03_09-24-45/model_runs/2026-06-03_09-39-05/multiclass_table6_valence_3class_emotion-elicitation_2026-06-03_10-42-41,results/quick_v1_v2_comparison/2026-06-03_09-24-45/model_runs/2026-06-03_09-39-05/multiclass_table6_valence_3class_emotion-elicitation_2026-06-03_10-42-41/recording_loo/r_79.avi/gnn_fold_diagnostics.csv,test,-0.1274324655532837,0.1610639244318008,-0.5706937909126282,0.2387479245662689,0.8094417154788971,1.0888861417770386,0.0066087883897125,1.0668275356292725,1.0984034538269043,0.4094938337802887,0.2346813231706619,13203,,,,,,,,,,,,,,,,,1,1.24323304494222,1
multiclass_table6_valence_3class,Table-6 Valence,recording_loo,GNN,BasicGCN_mean,r_80.avi,results/quick_v1_v2_comparison/2026-06-03_09-24-45/model_runs/2026-06-03_09-39-05,results/quick_v1_v2_comparison/2026-06-03_09-24-45/model_runs/2026-06-03_09-39-05/multiclass_table6_valence_3class_emotion-elicitation_2026-06-03_10-42-41,results/quick_v1_v2_comparison/2026-06-03_09-24-45/model_runs/2026-06-03_09-39-05/multiclass_table6_valence_3class_emotion-elicitation_2026-06-03_10-42-41/recording_loo/r_80.avi/gnn_fold_diagnostics.csv,train,0.0389425754547119,0.3402810990810394,-0.8593447208404541,1.129501461982727,1.9888461828231807,1.0451260805130005,0.0568903014063835,0.8351736068725586,1.098608374595642,0.4074113070964813,0.3055243492126465,10000,,,,,,,,,,,,,,,,,11,0.9811697006225586,1
multiclass_table6_valence_3class,Table-6 Valence,recording_loo,GNN,BasicGCN_mean,r_80.avi,results/quick_v1_v2_comparison/2026-06-03_09-24-45/model_runs/2026-06-03_09-39-05,results/quick_v1_v2_comparison/2026-06-03_09-24-45/model_runs/2026-06-03_09-39-05/multiclass_table6_valence_3class_emotion-elicitation_2026-06-03_10-42-41,results/quick_v1_v2_comparison/2026-06-03_09-24-45/model_runs/2026-06-03_09-39-05/multiclass_table6_valence_3class_emotion-elicitation_2026-06-03_10-42-41/recording_loo/r_80.avi/gnn_fold_diagnostics.csv,val,0.0347978398203849,0.3309654295444488,-0.8071737289428711,1.0907930135726929,1.897966742515564,1.0500022172927856,0.0514406785368919,0.8468183875083923,1.0985993146896362,0.4170346260070801,0.2803142964839935,148240,,,,,,,,,,,,,,,,,11,0.9811697006225586,1
multiclass_table6_valence_3class,Table-6 Valence,recording_loo,GNN,BasicGCN_mean,r_80.avi,results/quick_v1_v2_comparison/2026-06-03_09-24-45/model_runs/2026-06-03_09-39-05,results/quick_v1_v2_comparison/2026-06-03_09-24-45/model_runs/2026-06-03_09-39-05/multiclass_table6_valence_3class_emotion-elicitation_2026-06-03_10-42-41,results/quick_v1_v2_comparison/2026-06-03_09-24-45/model_runs/2026-06-03_09-39-05/multiclass_table6_valence_3class_emotion-elicitation_2026-06-03_10-42-41/recording_loo/r_80.avi/gnn_fold_diagnostics.csv,test,0.0331182442605495,0.2808995246887207,-0.6683968305587769,1.034389853477478,1.7027866840362549,1.0630826950073242,0.0377743057906627,0.8836749196052551,1.098552942276001,0.3563445806503296,0.3603706657886505,38781,,,,,,,,,,,,,,,,,11,0.9811697006225586,1
multiclass_table6_valence_3class,Table-6 Valence,recording_loo,GNN,BasicGCN_mean,r_90.avi,results/quick_v1_v2_comparison/2026-06-03_09-24-45/model_runs/2026-06-03_09-39-05,results/quick_v1_v2_comparison/2026-06-03_09-24-45/model_runs/2026-06-03_09-39-05/multiclass_table6_valence_3class_emotion-elicitation_2026-06-03_10-42-41,results/quick_v1_v2_comparison/2026-06-03_09-24-45/model_runs/2026-06-03_09-39-05/multiclass_table6_valence_3class_emotion-elicitation_2026-06-03_10-42-41/recording_loo/r_90.avi/gnn_fold_diagnostics.csv,train,-0.0669539868831634,0.1442659944295883,-0.5907847881317139,0.5395066738128662,1.13029146194458,1.0894081592559814,0.0122686913236975,1.0185816287994385,1.0986100435256958,0.4262922406196594,0.2743732333183288,10000,,,,,,,,,,,,,,,,,1,1.1387882232666016,1
multiclass_table6_valence_3class,Table-6 Valence,recording_loo,GNN,BasicGCN_mean,r_90.avi,results/quick_v1_v2_comparison/2026-06-03_09-24-45/model_runs/2026-06-03_09-39-05,results/quick_v1_v2_comparison/2026-06-03_09-24-45/model_runs/2026-06-03_09-39-05/multiclass_table6_valence_3class_emotion-elicitation_2026-06-03_10-42-41,results/quick_v1_v2_comparison/2026-06-03_09-24-45/model_runs/2026-06-03_09-39-05/multiclass_table6_valence_3class_emotion-elicitation_2026-06-03_10-42-41/recording_loo/r_90.avi/gnn_fold_diagnostics.csv,val,-0.0558996424078941,0.1634785085916519,-0.590197741985321,0.4539769291877746,1.0441746711730957,1.086589217185974,0.0136812012642622,1.026517391204834,1.0986056327819824,0.4371377229690552,0.2799500823020935,122760,,,,,,,,,,,,,,,,,1,1.1387882232666016,1
multiclass_table6_valence_3class,Table-6 Valence,recording_loo,GNN,BasicGCN_mean,r_90.avi,results/quick_v1_v2_comparison/2026-06-03_09-24-45/model_runs/2026-06-03_09-39-05,results/quick_v1_v2_comparison/2026-06-03_09-24-45/model_runs/2026-06-03_09-39-05/multiclass_table6_valence_3class_emotion-elicitation_2026-06-03_10-42-41,results/quick_v1_v2_comparison/2026-06-03_09-24-45/model_runs/2026-06-03_09-39-05/multiclass_table6_valence_3class_emotion-elicitation_2026-06-03_10-42-41/recording_loo/r_90.avi/gnn_fold_diagnostics.csv,test,-0.0522206760942935,0.1293763816356659,-0.5030108094215393,0.3625599145889282,0.8655707240104675,1.0913584232330322,0.0099545968696475,1.039027452468872,1.098609447479248,0.4025514423847198,0.3097325563430786,32640,,,,,,,,,,,,,,,,,1,1.1387882232666016,1
multiclass_table6_valence_3class,Table-6 Valence,recording_loo,GNN,BasicGCN_mean,r_cats_f.avi,results/quick_v1_v2_comparison/2026-06-03_09-24-45/model_runs/2026-06-03_09-39-05,results/quick_v1_v2_comparison/2026-06-03_09-24-45/model_runs/2026-06-03_09-39-05/multiclass_table6_valence_3class_emotion-elicitation_2026-06-03_10-42-41,results/quick_v1_v2_comparison/2026-06-03_09-24-45/model_runs/2026-06-03_09-39-05/multiclass_table6_valence_3class_emotion-elicitation_2026-06-03_10-42-41/recording_loo/r_cats_f.avi/gnn_fold_diagnostics.csv,train,0.0352109558880329,0.4800276160240173,-1.4503728151321411,1.7445464134216309,3.194919228553772,0.9899943470954896,0.1069279462099075,0.4411824345588684,1.0986111164093018,0.3993406891822815,0.3339205682277679,10000,,,,,,,,,,,,,,,,,40,1.0124033093452454,1
multiclass_table6_valence_3class,Table-6 Valence,recording_loo,GNN,BasicGCN_mean,r_cats_f.avi,results/quick_v1_v2_comparison/2026-06-03_09-24-45/model_runs/2026-06-03_09-39-05,results/quick_v1_v2_comparison/2026-06-03_09-24-45/model_runs/2026-06-03_09-39-05/multiclass_table6_valence_3class_emotion-elicitation_2026-06-03_10-42-41,results/quick_v1_v2_comparison/2026-06-03_09-24-45/model_runs/2026-06-03_09-39-05/multiclass_table6_valence_3class_emotion-elicitation_2026-06-03_10-42-41/recording_loo/r_cats_f.avi/gnn_fold_diagnostics.csv,val,0.0467213615775108,0.5529618263244629,-1.0145423412322998,1.4855811595916748,2.5001235008239746,0.9501384496688844,0.1446396708488464,0.6069546937942505,1.0975592136383057,0.3815177679061889,0.4188503324985504,67528,,,,,,,,,,,,,,,,,40,1.0124033093452454,1
multiclass_table6_valence_3class,Table-6 Valence,recording_loo,GNN,BasicGCN_mean,r_cats_f.avi,results/quick_v1_v2_comparison/2026-06-03_09-24-45/model_runs/2026-06-03_09-39-05,results/quick_v1_v2_comparison/2026-06-03_09-24-45/model_runs/2026-06-03_09-39-05/multiclass_table6_valence_3class_emotion-elicitation_2026-06-03_10-42-41,results/quick_v1_v2_comparison/2026-06-03_09-24-45/model_runs/2026-06-03_09-39-05/multiclass_table6_valence_3class_emotion-elicitation_2026-06-03_10-42-41/recording_loo/r_cats_f.avi/gnn_fold_diagnostics.csv,test,0.0047011850401759,0.4084124863147735,-1.2120819091796875,1.1575361490249634,2.369618058204651,1.0205827951431274,0.0725274607539177,0.7199220061302185,1.0986030101776123,0.3469949960708618,0.3943783044815063,42486,,,,,,,,,,,,,,,,,40,1.0124033093452454,1
multiclass_table6_valence_3class,Table-6 Valence,recording_loo,GNN,BasicGCN_mean,r_dallas_f.avi,results/quick_v1_v2_comparison/2026-06-03_09-24-45/model_runs/2026-06-03_09-39-05,results/quick_v1_v2_comparison/2026-06-03_09-24-45/model_runs/2026-06-03_09-39-05/multiclass_table6_valence_3class_emotion-elicitation_2026-06-03_10-42-41,results/quick_v1_v2_comparison/2026-06-03_09-24-45/model_runs/2026-06-03_09-39-05/multiclass_table6_valence_3class_emotion-elicitation_2026-06-03_10-42-41/recording_loo/r_dallas_f.avi/gnn_fold_diagnostics.csv,train,-0.0358994118869304,0.2801513075828552,-0.6795494556427002,0.8954204320907593,1.5749698877334597,1.0668668746948242,0.0246295239776372,0.9398656487464904,1.0984013080596924,0.3830701410770416,0.3898387849330902,10000,,,,,,,,,,,,,,,,,5,1.084557831287384,1
multiclass_table6_valence_3class,Table-6 Valence,recording_loo,GNN,BasicGCN_mean,r_dallas_f.avi,results/quick_v1_v2_comparison/2026-06-03_09-24-45/model_runs/2026-06-03_09-39-05,results/quick_v1_v2_comparison/2026-06-03_09-24-45/model_runs/2026-06-03_09-39-05/multiclass_table6_valence_3class_emotion-elicitation_2026-06-03_10-42-41,results/quick_v1_v2_comparison/2026-06-03_09-24-45/model_runs/2026-06-03_09-39-05/multiclass_table6_valence_3class_emotion-elicitation_2026-06-03_10-42-41/recording_loo/r_dallas_f.avi/gnn_fold_diagnostics.csv,val,-0.0103158839046955,0.2797239124774933,-0.6661766767501831,0.8264095187187195,1.4925861954689026,1.067622184753418,0.022738479077816,0.9608328342437744,1.0983607769012451,0.3896248042583465,0.3613752722740173,117370,,,,,,,,,,,,,,,,,5,1.084557831287384,1
multiclass_table6_valence_3class,Table-6 Valence,recording_loo,GNN,BasicGCN_mean,r_dallas_f.avi,results/quick_v1_v2_comparison/2026-06-03_09-24-45/model_runs/2026-06-03_09-39-05,results/quick_v1_v2_comparison/2026-06-03_09-24-45/model_runs/2026-06-03_09-39-05/multiclass_table6_valence_3class_emotion-elicitation_2026-06-03_10-42-41,results/quick_v1_v2_comparison/2026-06-03_09-24-45/model_runs/2026-06-03_09-39-05/multiclass_table6_valence_3class_emotion-elicitation_2026-06-03_10-42-41/recording_loo/r_dallas_f.avi/gnn_fold_diagnostics.csv,test,-0.1143221631646156,0.2191252410411834,-0.522737979888916,0.5267335176467896,1.0494714975357056,1.0779719352722168,0.0089185405522584,1.0532728433609009,1.09584641456604,0.2345921695232391,0.6219114065170288,34716,,,,,,,,,,,,,,,,,5,1.084557831287384,1
multiclass_table6_valence_3class,Table-6 Valence,recording_loo,GNN,BasicGCN_mean,r_detroit_f.avi,results/quick_v1_v2_comparison/2026-06-03_09-24-45/model_runs/2026-06-03_09-39-05,results/quick_v1_v2_comparison/2026-06-03_09-24-45/model_runs/2026-06-03_09-39-05/multiclass_table6_valence_3class_emotion-elicitation_2026-06-03_10-42-41,results/quick_v1_v2_comparison/2026-06-03_09-24-45/model_runs/2026-06-03_09-39-05/multiclass_table6_valence_3class_emotion-elicitation_2026-06-03_10-42-41/recording_loo/r_detroit_f.avi/gnn_fold_diagnostics.csv,train,0.0013138721697032,0.7263422608375549,-2.604023694992065,3.759423971176148,6.363447666168213,0.9070386290550232,0.1727483570575714,0.0338221937417984,1.0985987186431885,0.3942015171051025,0.3547449111938476,10000,,,,,,,,,,,,,,,,,138,0.7741461396217346,1
multiclass_table6_valence_3class,Table-6 Valence,recording_loo,GNN,BasicGCN_mean,r_detroit_f.avi,results/quick_v1_v2_comparison/2026-06-03_09-24-45/model_runs/2026-06-03_09-39-05,results/quick_v1_v2_comparison/2026-06-03_09-24-45/model_runs/2026-06-03_09-39-05/multiclass_table6_valence_3class_emotion-elicitation_2026-06-03_10-42-41,results/quick_v1_v2_comparison/2026-06-03_09-24-45/model_runs/2026-06-03_09-39-05/multiclass_table6_valence_3class_emotion-elicitation_2026-06-03_10-42-41/recording_loo/r_detroit_f.avi/gnn_fold_diagnostics.csv,val,-0.0117560075595974,0.7251388430595398,-2.000539302825928,2.136715173721313,4.137254476547241,0.8921481966972351,0.1512432247400283,0.3284337520599365,1.0983072519302368,0.3781431019306183,0.4070882797241211,121278,,,,,,,,,,,,,,,,,138,0.7741461396217346,1
multiclass_table6_valence_3class,Table-6 Valence,recording_loo,GNN,BasicGCN_mean,r_detroit_f.avi,results/quick_v1_v2_comparison/2026-06-03_09-24-45/model_runs/2026-06-03_09-39-05,results/quick_v1_v2_comparison/2026-06-03_09-24-45/model_runs/2026-06-03_09-39-05/multiclass_table6_valence_3class_emotion-elicitation_2026-06-03_10-42-41,results/quick_v1_v2_comparison/2026-06-03_09-24-45/model_runs/2026-06-03_09-39-05/multiclass_table6_valence_3class_emotion-elicitation_2026-06-03_10-42-41/recording_loo/r_detroit_f.avi/gnn_fold_diagnostics.csv,test,-0.0389831773936748,1.0112311840057373,-2.777134418487549,3.845651149749756,6.622785568237305,0.7860302925109863,0.3063180148601532,0.0312484130263328,1.0976654291152954,0.2649837732315063,0.5037923455238342,34191,,,,,,,,,,,,,,,,,138,0.7741461396217346,1
multiclass_table6_valence_3class,Table-6 Valence,recording_loo,GNN,BasicGCN_mean,r_earworm_f.avi,results/quick_v1_v2_comparison/2026-06-03_09-24-45/model_runs/2026-06-03_09-39-05,results/quick_v1_v2_comparison/2026-06-03_09-24-45/model_runs/2026-06-03_09-39-05/multiclass_table6_valence_3class_emotion-elicitation_2026-06-03_10-42-41,results/quick_v1_v2_comparison/2026-06-03_09-24-45/model_runs/2026-06-03_09-39-05/multiclass_table6_valence_3class_emotion-elicitation_2026-06-03_10-42-41/recording_loo/r_earworm_f.avi/gnn_fold_diagnostics.csv,train,-0.106376826763153,0.8954929709434509,-3.722797393798828,5.193930625915527,8.916728019714355,0.8468704223632812,0.2408902645111084,0.0054198037832975,1.0985859632492063,0.3711592257022857,0.3834912478923797,10000,,,,,,,,,,,,,,,,,157,1.0050288240114849,1
multiclass_table6_valence_3class,Table-6 Valence,recording_loo,GNN,BasicGCN_mean,r_earworm_f.avi,results/quick_v1_v2_comparison/2026-06-03_09-24-45/model_runs/2026-06-03_09-39-05,results/quick_v1_v2_comparison/2026-06-03_09-24-45/model_runs/2026-06-03_09-39-05/multiclass_table6_valence_3class_emotion-elicitation_2026-06-03_10-42-41,results/quick_v1_v2_comparison/2026-06-03_09-24-45/model_runs/2026-06-03_09-39-05/multiclass_table6_valence_3class_emotion-elicitation_2026-06-03_10-42-41/recording_loo/r_earworm_f.avi/gnn_fold_diagnostics.csv,val,-0.0896372944116592,0.7339129447937012,-2.4109811782836914,2.7300968170166016,5.141077995300293,0.9073737859725952,0.1542512476444244,0.1806942671537399,1.0985790491104126,0.3278587758541107,0.4563275277614593,195625,,,,,,,,,,,,,,,,,157,1.0050288240114849,1
multiclass_table6_valence_3class,Table-6 Valence,recording_loo,GNN,BasicGCN_mean,r_earworm_f.avi,results/quick_v1_v2_comparison/2026-06-03_09-24-45/model_runs/2026-06-03_09-39-05,results/quick_v1_v2_comparison/2026-06-03_09-24-45/model_runs/2026-06-03_09-39-05/multiclass_table6_valence_3class_emotion-elicitation_2026-06-03_10-42-41,results/quick_v1_v2_comparison/2026-06-03_09-24-45/model_runs/2026-06-03_09-39-05/multiclass_table6_valence_3class_emotion-elicitation_2026-06-03_10-42-41/recording_loo/r_earworm_f.avi/gnn_fold_diagnostics.csv,test,-0.0973317995667457,0.7010741829872131,-2.4539906978607178,1.8867101669311523,4.34070086479187,0.9232218861579896,0.1563242524862289,0.3644396066665649,1.0982718467712402,0.3917050957679748,0.4012778401374817,18336,,,,,,,,,,,,,,,,,157,1.0050288240114849,1
multiclass_table6_valence_3class,Table-6 Valence,recording_loo,GNN,BasicGCN_mean,r_funny_f.avi,results/quick_v1_v2_comparison/2026-06-03_09-24-45/model_runs/2026-06-03_09-39-05,results/quick_v1_v2_comparison/2026-06-03_09-24-45/model_runs/2026-06-03_09-39-05/multiclass_table6_valence_3class_emotion-elicitation_2026-06-03_10-42-41,results/quick_v1_v2_comparison/2026-06-03_09-24-45/model_runs/2026-06-03_09-39-05/multiclass_table6_valence_3class_emotion-elicitation_2026-06-03_10-42-41/recording_loo/r_funny_f.avi/gnn_fold_diagnostics.csv,train,0.0586823560297489,0.6225376725196838,-2.130507230758667,2.656651496887207,4.787158727645874,0.94435852766037,0.1494883149862289,0.1186123788356781,1.0985801219940186,0.3690485954284668,0.3597264587879181,10000,,,,,,,,,,,,,,,,,50,0.9006597697734833,1
multiclass_table6_valence_3class,Table-6 Valence,recording_loo,GNN,BasicGCN_mean,r_funny_f.avi,results/quick_v1_v2_comparison/2026-06-03_09-24-45/model_runs/2026-06-03_09-39-05,results/quick_v1_v2_comparison/2026-06-03_09-24-45/model_runs/2026-06-03_09-39-05/multiclass_table6_valence_3class_emotion-elicitation_2026-06-03_10-42-41,results/quick_v1_v2_comparison/2026-06-03_09-24-45/model_runs/2026-06-03_09-39-05/multiclass_table6_valence_3class_emotion-elicitation_2026-06-03_10-42-41/recording_loo/r_funny_f.avi/gnn_fold_diagnostics.csv,val,0.108013741672039,0.5817847847938538,-1.269636154174805,2.086657762527466,3.3562939167022705,0.9573236107826232,0.1190365776419639,0.5251624584197998,1.0984883308410645,0.3509661555290222,0.4092828035354614,127765,,,,,,,,,,,,,,,,,50,0.9006597697734833,1
multiclass_table6_valence_3class,Table-6 Valence,recording_loo,GNN,BasicGCN_mean,r_funny_f.avi,results/quick_v1_v2_comparison/2026-06-03_09-24-45/model_runs/2026-06-03_09-39-05,results/quick_v1_v2_comparison/2026-06-03_09-24-45/model_runs/2026-06-03_09-39-05/multiclass_table6_valence_3class_emotion-elicitation_2026-06-03_10-42-41,results/quick_v1_v2_comparison/2026-06-03_09-24-45/model_runs/2026-06-03_09-39-05/multiclass_table6_valence_3class_emotion-elicitation_2026-06-03_10-42-41/recording_loo/r_funny_f.avi/gnn_fold_diagnostics.csv,test,0.0561398230493068,0.5479756593704224,-1.3485312461853027,1.664952516555786,3.013483762741089,0.9769967794418336,0.1009455621242523,0.6592667102813721,1.0983197689056396,0.3100799322128296,0.4687123596668243,34980,,,,,,,,,,,,,,,,,50,0.9006597697734833,1
multiclass_table6_valence_3class,Table-6 Valence,recording_loo,GNN,BasicGCN_mean,r_newyork_f.avi,results/quick_v1_v2_comparison/2026-06-03_09-24-45/model_runs/2026-06-03_09-39-05,results/quick_v1_v2_comparison/2026-06-03_09-24-45/model_runs/2026-06-03_09-39-05/multiclass_table6_valence_3class_emotion-elicitation_2026-06-03_10-42-41,results/quick_v1_v2_comparison/2026-06-03_09-24-45/model_runs/2026-06-03_09-39-05/multiclass_table6_valence_3class_emotion-elicitation_2026-06-03_10-42-41/recording_loo/r_newyork_f.avi/gnn_fold_diagnostics.csv,train,0.0352593399584293,0.3177815973758697,-0.609014630317688,1.1070605516433716,1.7160751819610596,1.049828290939331,0.0467039011418819,0.872079610824585,1.0985994338989258,0.3886151313781738,0.3913929164409637,10000,,,,,,,,,,,,,,,,,9,0.9798860251903534,1
multiclass_table6_valence_3class,Table-6 Valence,recording_loo,GNN,BasicGCN_mean,r_newyork_f.avi,results/quick_v1_v2_comparison/2026-06-03_09-24-45/model_runs/2026-06-03_09-39-05,results/quick_v1_v2_comparison/2026-06-03_09-24-45/model_runs/2026-06-03_09-39-05/multiclass_table6_valence_3class_emotion-elicitation_2026-06-03_10-42-41,results/quick_v1_v2_comparison/2026-06-03_09-24-45/model_runs/2026-06-03_09-39-05/multiclass_table6_valence_3class_emotion-elicitation_2026-06-03_10-42-41/recording_loo/r_newyork_f.avi/gnn_fold_diagnostics.csv,val,0.029530456289649,0.2898580431938171,-0.5428590774536133,0.9386625289916992,1.4815216064453125,1.0582499504089355,0.0342022627592086,0.9114497303962708,1.09795081615448,0.367559403181076,0.4053666591644287,95703,,,,,,,,,,,,,,,,,9,0.9798860251903534,1
multiclass_table6_valence_3class,Table-6 Valence,recording_loo,GNN,BasicGCN_mean,r_newyork_f.avi,results/quick_v1_v2_comparison/2026-06-03_09-24-45/model_runs/2026-06-03_09-39-05,results/quick_v1_v2_comparison/2026-06-03_09-24-45/model_runs/2026-06-03_09-39-05/multiclass_table6_valence_3class_emotion-elicitation_2026-06-03_10-42-41,results/quick_v1_v2_comparison/2026-06-03_09-24-45/model_runs/2026-06-03_09-39-05/multiclass_table6_valence_3class_emotion-elicitation_2026-06-03_10-42-41/recording_loo/r_newyork_f.avi/gnn_fold_diagnostics.csv,test,0.0086090983822941,0.2130508869886398,-0.5592873096466064,0.7431247234344482,1.302412033081055,1.077941656112671,0.0157646983861923,0.9846130609512328,1.0980169773101809,0.2896501719951629,0.5177558660507202,32385,,,,,,,,,,,,,,,,,9,0.9798860251903534,1
multiclass_table6_arousal_3class,Table-6 Arousal,subject_loo,GNN,BasicGCN_attention,s_P1,results/quick_v1_v2_comparison/2026-06-03_09-24-45/model_runs/2026-06-03_11-46-08,results/quick_v1_v2_comparison/2026-06-03_09-24-45/model_runs/2026-06-03_11-46-08/multiclass_table6_arousal_3class_emotion-elicitation_2026-06-03_11-47-09,results/quick_v1_v2_comparison/2026-06-03_09-24-45/model_runs/2026-06-03_11-46-08/multiclass_table6_arousal_3class_emotion-elicitation_2026-06-03_11-47-09/subject_loo/s_P1/gnn_fold_diagnostics.csv,train,0.0344597585499286,0.8189592361450195,-2.5321924686431885,2.8932044506073,5.425396919250488,0.871338427066803,0.2003373056650161,0.0846573859453201,1.0984435081481934,0.3920092284679413,0.3713083863258362,10000,,,,,,,,,,,,,,,,,110,0.9829365611076356,1
multiclass_table6_arousal_3class,Table-6 Arousal,subject_loo,GNN,BasicGCN_attention,s_P1,results/quick_v1_v2_comparison/2026-06-03_09-24-45/model_runs/2026-06-03_11-46-08,results/quick_v1_v2_comparison/2026-06-03_09-24-45/model_runs/2026-06-03_11-46-08/multiclass_table6_arousal_3class_emotion-elicitation_2026-06-03_11-47-09,results/quick_v1_v2_comparison/2026-06-03_09-24-45/model_runs/2026-06-03_11-46-08/multiclass_table6_arousal_3class_emotion-elicitation_2026-06-03_11-47-09/subject_loo/s_P1/gnn_fold_diagnostics.csv,val,0.0432616882026195,0.7975699305534363,-2.19770884513855,2.480250358581543,4.677959203720093,0.8824798464775085,0.1963394433259964,0.1507309973239898,1.096951603889465,0.3658296465873718,0.3854727745056152,114960,,,,,,,,,,,,,,,,,110,0.9829365611076356,1
multiclass_table6_arousal_3class,Table-6 Arousal,subject_loo,GNN,BasicGCN_attention,s_P1,results/quick_v1_v2_comparison/2026-06-03_09-24-45/model_runs/2026-06-03_11-46-08,results/quick_v1_v2_comparison/2026-06-03_09-24-45/model_runs/2026-06-03_11-46-08/multiclass_table6_arousal_3class_emotion-elicitation_2026-06-03_11-47-09,results/quick_v1_v2_comparison/2026-06-03_09-24-45/model_runs/2026-06-03_11-46-08/multiclass_table6_arousal_3class_emotion-elicitation_2026-06-03_11-47-09/subject_loo/s_P1/gnn_fold_diagnostics.csv,test,-0.1021580770611763,0.8239740133285522,-1.6852961778640747,1.8897690773010252,3.5750652551651,0.8722525835037231,0.130996286869049,0.3060855865478515,1.0324211120605469,0.2163914889097213,0.7168674468994141,28680,,,,,,,,,,,,,,,,,110,0.9829365611076356,1
multiclass_table6_arousal_3class,Table-6 Arousal,subject_loo,GNN,BasicGCN_attention,s_P10,results/quick_v1_v2_comparison/2026-06-03_09-24-45/model_runs/2026-06-03_11-46-08,results/quick_v1_v2_comparison/2026-06-03_09-24-45/model_runs/2026-06-03_11-46-08/multiclass_table6_arousal_3class_emotion-elicitation_2026-06-03_11-47-09,results/quick_v1_v2_comparison/2026-06-03_09-24-45/model_runs/2026-06-03_11-46-08/multiclass_table6_arousal_3class_emotion-elicitation_2026-06-03_11-47-09/subject_loo/s_P10/gnn_fold_diagnostics.csv,train,0.0899492353200912,0.7154433727264404,-1.8898991346359253,3.015340566635132,4.905239701271057,0.9103733897209167,0.1694749146699905,0.1767172813415527,1.098590612411499,0.4492670893669128,0.273630142211914,10000,,,,,,,,,,,,,,,,,91,0.9827609360218048,1
multiclass_table6_arousal_3class,Table-6 Arousal,subject_loo,GNN,BasicGCN_attention,s_P10,results/quick_v1_v2_comparison/2026-06-03_09-24-45/model_runs/2026-06-03_11-46-08,results/quick_v1_v2_comparison/2026-06-03_09-24-45/model_runs/2026-06-03_11-46-08/multiclass_table6_arousal_3class_emotion-elicitation_2026-06-03_11-47-09,results/quick_v1_v2_comparison/2026-06-03_09-24-45/model_runs/2026-06-03_11-46-08/multiclass_table6_arousal_3class_emotion-elicitation_2026-06-03_11-47-09/subject_loo/s_P10/gnn_fold_diagnostics.csv,val,0.0925315096974372,0.7775309681892395,-1.7286503314971924,2.875364065170288,4.6040143966674805,0.8883652091026306,0.1764300167560577,0.2067075967788696,1.0968945026397705,0.4734408259391784,0.2847123146057129,97461,,,,,,,,,,,,,,,,,91,0.9827609360218048,1
multiclass_table6_arousal_3class,Table-6 Arousal,subject_loo,GNN,BasicGCN_attention,s_P10,results/quick_v1_v2_comparison/2026-06-03_09-24-45/model_runs/2026-06-03_11-46-08,results/quick_v1_v2_comparison/2026-06-03_09-24-45/model_runs/2026-06-03_11-46-08/multiclass_table6_arousal_3class_emotion-elicitation_2026-06-03_11-47-09,results/quick_v1_v2_comparison/2026-06-03_09-24-45/model_runs/2026-06-03_11-46-08/multiclass_table6_arousal_3class_emotion-elicitation_2026-06-03_11-47-09/subject_loo/s_P10/gnn_fold_diagnostics.csv,test,0.1285496950149536,0.8532813787460327,-1.6004222631454468,2.924010753631592,4.524433016777039,0.8449929356575012,0.1954877525568008,0.1999687254428863,1.0911672115325928,0.3949525654315948,0.3699710667133331,26106,,,,,,,,,,,,,,,,,91,0.9827609360218048,1
multiclass_table6_arousal_3class,Table-6 Arousal,subject_loo,GNN,BasicGCN_attention,s_P13,results/quick_v1_v2_comparison/2026-06-03_09-24-45/model_runs/2026-06-03_11-46-08,results/quick_v1_v2_comparison/2026-06-03_09-24-45/model_runs/2026-06-03_11-46-08/multiclass_table6_arousal_3class_emotion-elicitation_2026-06-03_11-47-09,results/quick_v1_v2_comparison/2026-06-03_09-24-45/model_runs/2026-06-03_11-46-08/multiclass_table6_arousal_3class_emotion-elicitation_2026-06-03_11-47-09/subject_loo/s_P13/gnn_fold_diagnostics.csv,train,-0.0552801936864852,0.6432069540023804,-2.1501827239990234,2.2490484714508057,4.399231195449829,0.9306172728538512,0.1354322880506515,0.2713955342769623,1.098369836807251,0.4313535690307617,0.3179294764995575,10000,,,,,,,,,,,,,,,,,71,0.8523073196411133,1
multiclass_table6_arousal_3class,Table-6 Arousal,subject_loo,GNN,BasicGCN_attention,s_P13,results/quick_v1_v2_comparison/2026-06-03_09-24-45/model_runs/2026-06-03_11-46-08,results/quick_v1_v2_comparison/2026-06-03_09-24-45/model_runs/2026-06-03_11-46-08/multiclass_table6_arousal_3class_emotion-elicitation_2026-06-03_11-47-09,results/quick_v1_v2_comparison/2026-06-03_09-24-45/model_runs/2026-06-03_11-46-08/multiclass_table6_arousal_3class_emotion-elicitation_2026-06-03_11-47-09/subject_loo/s_P13/gnn_fold_diagnostics.csv,val,-0.0844422653317451,0.67530757188797,-1.654545545578003,2.0706746578216557,3.725220203399658,0.9090427756309508,0.1604771167039871,0.3248539566993713,1.0972578525543213,0.3608764410018921,0.4178856015205383,102831,,,,,,,,,,,,,,,,,71,0.8523073196411133,1
multiclass_table6_arousal_3class,Table-6 Arousal,subject_loo,GNN,BasicGCN_attention,s_P13,results/quick_v1_v2_comparison/2026-06-03_09-24-45/model_runs/2026-06-03_11-46-08,results/quick_v1_v2_comparison/2026-06-03_09-24-45/model_runs/2026-06-03_11-46-08/multiclass_table6_arousal_3class_emotion-elicitation_2026-06-03_11-47-09,results/quick_v1_v2_comparison/2026-06-03_09-24-45/model_runs/2026-06-03_11-46-08/multiclass_table6_arousal_3class_emotion-elicitation_2026-06-03_11-47-09/subject_loo/s_P13/gnn_fold_diagnostics.csv,test,-0.067361943423748,0.6483283638954163,-1.428327560424805,1.8236792087554927,3.252006769180298,0.9063806533813475,0.1573981046676635,0.4008265733718872,1.0937581062316897,0.300357460975647,0.5461058616638184,27730,,,,,,,,,,,,,,,,,71,0.8523073196411133,1
multiclass_table6_arousal_3class,Table-6 Arousal,subject_loo,GNN,BasicGCN_attention,s_P14,results/quick_v1_v2_comparison/2026-06-03_09-24-45/model_runs/2026-06-03_11-46-08,results/quick_v1_v2_comparison/2026-06-03_09-24-45/model_runs/2026-06-03_11-46-08/multiclass_table6_arousal_3class_emotion-elicitation_2026-06-03_11-47-09,results/quick_v1_v2_comparison/2026-06-03_09-24-45/model_runs/2026-06-03_11-46-08/multiclass_table6_arousal_3class_emotion-elicitation_2026-06-03_11-47-09/subject_loo/s_P14/gnn_fold_diagnostics.csv,train,0.1305213421583175,0.4622264504432678,-0.8565090894699097,1.3300048112869265,2.186513900756836,1.0071386098861694,0.0356662161648273,0.7975468635559082,1.08244788646698,0.448269784450531,0.3296446204185486,10000,,,,,,,,,,,,,,,,,18,1.015771567821503,1
multiclass_table6_arousal_3class,Table-6 Arousal,subject_loo,GNN,BasicGCN_attention,s_P14,results/quick_v1_v2_comparison/2026-06-03_09-24-45/model_runs/2026-06-03_11-46-08,results/quick_v1_v2_comparison/2026-06-03_09-24-45/model_runs/2026-06-03_11-46-08/multiclass_table6_arousal_3class_emotion-elicitation_2026-06-03_11-47-09,results/quick_v1_v2_comparison/2026-06-03_09-24-45/model_runs/2026-06-03_11-46-08/multiclass_table6_arousal_3class_emotion-elicitation_2026-06-03_11-47-09/subject_loo/s_P14/gnn_fold_diagnostics.csv,val,0.0965386778116226,0.4396060109138489,-0.7050683498382568,0.9810475707054138,1.6861159205436709,1.012807011604309,0.028041498735547,0.908283531665802,1.0698082447052002,0.3463338017463684,0.4949702322483063,112575,,,,,,,,,,,,,,,,,18,1.015771567821503,1
multiclass_table6_arousal_3class,Table-6 Arousal,subject_loo,GNN,BasicGCN_attention,s_P14,results/quick_v1_v2_comparison/2026-06-03_09-24-45/model_runs/2026-06-03_11-46-08,results/quick_v1_v2_comparison/2026-06-03_09-24-45/model_runs/2026-06-03_11-46-08/multiclass_table6_arousal_3class_emotion-elicitation_2026-06-03_11-47-09,results/quick_v1_v2_comparison/2026-06-03_09-24-45/model_runs/2026-06-03_11-46-08/multiclass_table6_arousal_3class_emotion-elicitation_2026-06-03_11-47-09/subject_loo/s_P14/gnn_fold_diagnostics.csv,test,0.1695947349071502,0.523277223110199,-0.7285077571868896,1.0057836771011353,1.734291434288025,0.9892089366912842,0.0306244902312755,0.8978147506713867,1.0573410987854004,0.3340573608875274,0.5208286046981812,23436,,,,,,,,,,,,,,,,,18,1.015771567821503,1
multiclass_table6_arousal_3class,Table-6 Arousal,subject_loo,GNN,BasicGCN_attention,s_P16,results/quick_v1_v2_comparison/2026-06-03_09-24-45/model_runs/2026-06-03_11-46-08,results/quick_v1_v2_comparison/2026-06-03_09-24-45/model_runs/2026-06-03_11-46-08/multiclass_table6_arousal_3class_emotion-elicitation_2026-06-03_11-47-09,results/quick_v1_v2_comparison/2026-06-03_09-24-45/model_runs/2026-06-03_11-46-08/multiclass_table6_arousal_3class_emotion-elicitation_2026-06-03_11-47-09/subject_loo/s_P16/gnn_fold_diagnostics.csv,train,0.0763008445501327,0.7168632745742798,-2.194448471069336,2.838508367538452,5.032956838607788,0.9090465903282166,0.1653842180967331,0.1720675230026245,1.098549485206604,0.4484557807445526,0.2760722041130066,10000,,,,,,,,,,,,,,,,,103,0.8620883226394653,1
multiclass_table6_arousal_3class,Table-6 Arousal,subject_loo,GNN,BasicGCN_attention,s_P16,results/quick_v1_v2_comparison/2026-06-03_09-24-45/model_runs/2026-06-03_11-46-08,results/quick_v1_v2_comparison/2026-06-03_09-24-45/model_runs/2026-06-03_11-46-08/multiclass_table6_arousal_3class_emotion-elicitation_2026-06-03_11-47-09,results/quick_v1_v2_comparison/2026-06-03_09-24-45/model_runs/2026-06-03_11-46-08/multiclass_table6_arousal_3class_emotion-elicitation_2026-06-03_11-47-09/subject_loo/s_P16/gnn_fold_diagnostics.csv,val,0.0806980654597282,0.7539459466934204,-2.2032384872436523,2.6638193130493164,4.867057800292969,0.8909583687782288,0.175918161869049,0.2131333351135254,1.096352219581604,0.3909116089344024,0.3265164494514465,104196,,,,,,,,,,,,,,,,,103,0.8620883226394653,1
multiclass_table6_arousal_3class,Table-6 Arousal,subject_loo,GNN,BasicGCN_attention,s_P16,results/quick_v1_v2_comparison/2026-06-03_09-24-45/model_runs/2026-06-03_11-46-08,results/quick_v1_v2_comparison/2026-06-03_09-24-45/model_runs/2026-06-03_11-46-08/multiclass_table6_arousal_3class_emotion-elicitation_2026-06-03_11-47-09,results/quick_v1_v2_comparison/2026-06-03_09-24-45/model_runs/2026-06-03_11-46-08/multiclass_table6_arousal_3class_emotion-elicitation_2026-06-03_11-47-09/subject_loo/s_P16/gnn_fold_diagnostics.csv,test,0.0793675258755683,0.6705978512763977,-1.835154414176941,2.260804414749145,4.095958828926086,0.9103618860244752,0.1842518448829651,0.3338077664375305,1.0980103015899658,0.3114832639694214,0.4134774804115295,18528,,,,,,,,,,,,,,,,,103,0.8620883226394653,1
multiclass_table6_arousal_3class,Table-6 Arousal,subject_loo,GNN,BasicGCN_attention,s_P17,results/quick_v1_v2_comparison/2026-06-03_09-24-45/model_runs/2026-06-03_11-46-08,results/quick_v1_v2_comparison/2026-06-03_09-24-45/model_runs/2026-06-03_11-46-08/multiclass_table6_arousal_3class_emotion-elicitation_2026-06-03_11-47-09,results/quick_v1_v2_comparison/2026-06-03_09-24-45/model_runs/2026-06-03_11-46-08/multiclass_table6_arousal_3class_emotion-elicitation_2026-06-03_11-47-09/subject_loo/s_P17/gnn_fold_diagnostics.csv,train,-0.0290744863450527,0.6292511820793152,-2.186338186264038,1.830376386642456,4.016714572906494,0.942207098007202,0.1332084685564041,0.255322515964508,1.0985639095306396,0.514627993106842,0.2358070313930511,10000,,,,,,,,,,,,,,,,,46,0.9333318471908568,1
multiclass_table6_arousal_3class,Table-6 Arousal,subject_loo,GNN,BasicGCN_attention,s_P17,results/quick_v1_v2_comparison/2026-06-03_09-24-45/model_runs/2026-06-03_11-46-08,results/quick_v1_v2_comparison/2026-06-03_09-24-45/model_runs/2026-06-03_11-46-08/multiclass_table6_arousal_3class_emotion-elicitation_2026-06-03_11-47-09,results/quick_v1_v2_comparison/2026-06-03_09-24-45/model_runs/2026-06-03_11-46-08/multiclass_table6_arousal_3class_emotion-elicitation_2026-06-03_11-47-09/subject_loo/s_P17/gnn_fold_diagnostics.csv,val,-0.0537269450724124,0.7170827388763428,-2.290774345397949,1.7917428016662598,4.082517147064209,0.9130717515945436,0.1616099625825882,0.2782563269138336,1.0968393087387085,0.4871609807014465,0.2654832601547241,101475,,,,,,,,,,,,,,,,,46,0.9333318471908568,1
multiclass_table6_arousal_3class,Table-6 Arousal,subject_loo,GNN,BasicGCN_attention,s_P17,results/quick_v1_v2_comparison/2026-06-03_09-24-45/model_runs/2026-06-03_11-46-08,results/quick_v1_v2_comparison/2026-06-03_09-24-45/model_runs/2026-06-03_11-46-08/multiclass_table6_arousal_3class_emotion-elicitation_2026-06-03_11-47-09,results/quick_v1_v2_comparison/2026-06-03_09-24-45/model_runs/2026-06-03_11-46-08/multiclass_table6_arousal_3class_emotion-elicitation_2026-06-03_11-47-09/subject_loo/s_P17/gnn_fold_diagnostics.csv,test,0.0426888689398765,0.4509437084197998,-1.2800551652908323,1.2688379287719729,2.548893094062805,1.0094475746154783,0.0991812795400619,0.5672279596328735,1.0971664190292358,0.3650218546390533,0.4282097518444061,28441,,,,,,,,,,,,,,,,,46,0.9333318471908568,1
multiclass_table6_arousal_3class,Table-6 Arousal,subject_loo,GNN,BasicGCN_attention,s_P18,results/quick_v1_v2_comparison/2026-06-03_09-24-45/model_runs/2026-06-03_11-46-08,results/quick_v1_v2_comparison/2026-06-03_09-24-45/model_runs/2026-06-03_11-46-08/multiclass_table6_arousal_3class_emotion-elicitation_2026-06-03_11-47-09,results/quick_v1_v2_comparison/2026-06-03_09-24-45/model_runs/2026-06-03_11-46-08/multiclass_table6_arousal_3class_emotion-elicitation_2026-06-03_11-47-09/subject_loo/s_P18/gnn_fold_diagnostics.csv,train,0.0263304840773344,0.6063254475593567,-1.6178797483444214,2.085319757461548,3.703199505805969,0.9441219568252563,0.1305839866399765,0.319891482591629,1.097734808921814,0.4175755977630615,0.3395958840847015,10000,,,,,,,,,,,,,,,,,60,0.9591373205184937,1
multiclass_table6_arousal_3class,Table-6 Arousal,subject_loo,GNN,BasicGCN_attention,s_P18,results/quick_v1_v2_comparison/2026-06-03_09-24-45/model_runs/2026-06-03_11-46-08,results/quick_v1_v2_comparison/2026-06-03_09-24-45/model_runs/2026-06-03_11-46-08/multiclass_table6_arousal_3class_emotion-elicitation_2026-06-03_11-47-09,results/quick_v1_v2_comparison/2026-06-03_09-24-45/model_runs/2026-06-03_11-46-08/multiclass_table6_arousal_3class_emotion-elicitation_2026-06-03_11-47-09/subject_loo/s_P18/gnn_fold_diagnostics.csv,val,-0.0432419255375862,0.6663633584976196,-1.4838191270828247,1.9035383462905884,3.387357473373413,0.9075514674186708,0.1041324734687805,0.385264128446579,1.0796620845794678,0.3034320771694183,0.5625966787338257,97903,,,,,,,,,,,,,,,,,60,0.9591373205184937,1
multiclass_table6_arousal_3class,Table-6 Arousal,subject_loo,GNN,BasicGCN_attention,s_P18,results/quick_v1_v2_comparison/2026-06-03_09-24-45/model_runs/2026-06-03_11-46-08,results/quick_v1_v2_comparison/2026-06-03_09-24-45/model_runs/2026-06-03_11-46-08/multiclass_table6_arousal_3class_emotion-elicitation_2026-06-03_11-47-09,results/quick_v1_v2_comparison/2026-06-03_09-24-45/model_runs/2026-06-03_11-46-08/multiclass_table6_arousal_3class_emotion-elicitation_2026-06-03_11-47-09/subject_loo/s_P18/gnn_fold_diagnostics.csv,test,-0.0260939374566078,0.5154743194580078,-1.0578739643096924,1.910866618156433,2.968740582466125,0.9781784415245056,0.1206175237894058,0.4182846546173095,1.095353126525879,0.3350570797920227,0.4477265179157257,25878,,,,,,,,,,,,,,,,,60,0.9591373205184937,1
multiclass_table6_arousal_3class,Table-6 Arousal,subject_loo,GNN,BasicGCN_attention,s_P19,results/quick_v1_v2_comparison/2026-06-03_09-24-45/model_runs/2026-06-03_11-46-08,results/quick_v1_v2_comparison/2026-06-03_09-24-45/model_runs/2026-06-03_11-46-08/multiclass_table6_arousal_3class_emotion-elicitation_2026-06-03_11-47-09,results/quick_v1_v2_comparison/2026-06-03_09-24-45/model_runs/2026-06-03_11-46-08/multiclass_table6_arousal_3class_emotion-elicitation_2026-06-03_11-47-09/subject_loo/s_P19/gnn_fold_diagnostics.csv,train,-0.0200164150446653,0.3226906359195709,-0.7425575852394104,0.4610883891582489,1.2036459743976593,1.0551592111587524,0.0192359816282987,1.0071215629577637,1.0985724925994873,0.4024550020694732,0.3614838123321533,10000,,,,,,,,,,,,,,,,,5,1.032947301864624,1
multiclass_table6_arousal_3class,Table-6 Arousal,subject_loo,GNN,BasicGCN_attention,s_P19,results/quick_v1_v2_comparison/2026-06-03_09-24-45/model_runs/2026-06-03_11-46-08,results/quick_v1_v2_comparison/2026-06-03_09-24-45/model_runs/2026-06-03_11-46-08/multiclass_table6_arousal_3class_emotion-elicitation_2026-06-03_11-47-09,results/quick_v1_v2_comparison/2026-06-03_09-24-45/model_runs/2026-06-03_11-46-08/multiclass_table6_arousal_3class_emotion-elicitation_2026-06-03_11-47-09/subject_loo/s_P19/gnn_fold_diagnostics.csv,val,-0.0207504406571388,0.3628917038440704,-0.6820178627967834,0.4813325107097626,1.163350373506546,1.0438321828842163,0.0161881428211927,1.013485312461853,1.0979739427566528,0.2405260056257248,0.6636112928390503,108345,,,,,,,,,,,,,,,,,5,1.032947301864624,1
multiclass_table6_arousal_3class,Table-6 Arousal,subject_loo,GNN,BasicGCN_attention,s_P19,results/quick_v1_v2_comparison/2026-06-03_09-24-45/model_runs/2026-06-03_11-46-08,results/quick_v1_v2_comparison/2026-06-03_09-24-45/model_runs/2026-06-03_11-46-08/multiclass_table6_arousal_3class_emotion-elicitation_2026-06-03_11-47-09,results/quick_v1_v2_comparison/2026-06-03_09-24-45/model_runs/2026-06-03_11-46-08/multiclass_table6_arousal_3class_emotion-elicitation_2026-06-03_11-47-09/subject_loo/s_P19/gnn_fold_diagnostics.csv,test,0.006410373840481,0.3650749027729034,-0.7028106451034546,0.4399860203266144,1.142796665430069,1.0453526973724363,0.0173956397920846,1.011456847190857,1.0978235006332395,0.2101387828588485,0.6517174243927002,26106,,,,,,,,,,,,,,,,,5,1.032947301864624,1
multiclass_table6_arousal_3class,Table-6 Arousal,subject_loo,GNN,BasicGCN_attention,s_P2,results/quick_v1_v2_comparison/2026-06-03_09-24-45/model_runs/2026-06-03_11-46-08,results/quick_v1_v2_comparison/2026-06-03_09-24-45/model_runs/2026-06-03_11-46-08/multiclass_table6_arousal_3class_emotion-elicitation_2026-06-03_11-47-09,results/quick_v1_v2_comparison/2026-06-03_09-24-45/model_runs/2026-06-03_11-46-08/multiclass_table6_arousal_3class_emotion-elicitation_2026-06-03_11-47-09/subject_loo/s_P2/gnn_fold_diagnostics.csv,train,-0.1189109086990356,0.6480921506881714,-2.045909881591797,2.2659904956817627,4.31190037727356,0.92722088098526,0.1408126950263977,0.2690236270427704,1.095829725265503,0.4692866802215576,0.262367844581604,10000,,,,,,,,,,,,,,,,,57,0.8704610764980316,1
multiclass_table6_arousal_3class,Table-6 Arousal,subject_loo,GNN,BasicGCN_attention,s_P2,results/quick_v1_v2_comparison/2026-06-03_09-24-45/model_runs/2026-06-03_11-46-08,results/quick_v1_v2_comparison/2026-06-03_09-24-45/model_runs/2026-06-03_11-46-08/multiclass_table6_arousal_3class_emotion-elicitation_2026-06-03_11-47-09,results/quick_v1_v2_comparison/2026-06-03_09-24-45/model_runs/2026-06-03_11-46-08/multiclass_table6_arousal_3class_emotion-elicitation_2026-06-03_11-47-09/subject_loo/s_P2/gnn_fold_diagnostics.csv,val,-0.0710678398609161,0.7038348913192749,-1.846845626831055,2.1274096965789795,3.974255323410034,0.8905274868011475,0.1452303379774093,0.3178662657737732,1.086716651916504,0.3813119530677795,0.4280737936496734,103285,,,,,,,,,,,,,,,,,57,0.8704610764980316,1
multiclass_table6_arousal_3class,Table-6 Arousal,subject_loo,GNN,BasicGCN_attention,s_P2,results/quick_v1_v2_comparison/2026-06-03_09-24-45/model_runs/2026-06-03_11-46-08,results/quick_v1_v2_comparison/2026-06-03_09-24-45/model_runs/2026-06-03_11-46-08/multiclass_table6_arousal_3class_emotion-elicitation_2026-06-03_11-47-09,results/quick_v1_v2_comparison/2026-06-03_09-24-45/model_runs/2026-06-03_11-46-08/multiclass_table6_arousal_3class_emotion-elicitation_2026-06-03_11-47-09/subject_loo/s_P2/gnn_fold_diagnostics.csv,test,-0.158760666847229,0.6925297379493713,-1.6016641855239868,2.02546501159668,3.6271291971206665,0.9153634309768676,0.1141322627663612,0.3526244759559631,1.0672731399536133,0.3100505471229553,0.5132832527160645,28920,,,,,,,,,,,,,,,,,57,0.8704610764980316,1
multiclass_table6_arousal_3class,Table-6 Arousal,subject_loo,GNN,BasicGCN_attention,s_P20,results/quick_v1_v2_comparison/2026-06-03_09-24-45/model_runs/2026-06-03_11-46-08,results/quick_v1_v2_comparison/2026-06-03_09-24-45/model_runs/2026-06-03_11-46-08/multiclass_table6_arousal_3class_emotion-elicitation_2026-06-03_11-47-09,results/quick_v1_v2_comparison/2026-06-03_09-24-45/model_runs/2026-06-03_11-46-08/multiclass_table6_arousal_3class_emotion-elicitation_2026-06-03_11-47-09/subject_loo/s_P20/gnn_fold_diagnostics.csv,train,0.0333553254604339,0.5493971705436707,-1.218403935432434,1.7750144004821775,2.993418335914612,0.9687572717666626,0.0896244049072265,0.5366024971008301,1.0981820821762085,0.405573159456253,0.384853184223175,10000,,,,,,,,,,,,,,,,,30,0.9836814999580384,1
multiclass_table6_arousal_3class,Table-6 Arousal,subject_loo,GNN,BasicGCN_attention,s_P20,results/quick_v1_v2_comparison/2026-06-03_09-24-45/model_runs/2026-06-03_11-46-08,results/quick_v1_v2_comparison/2026-06-03_09-24-45/model_runs/2026-06-03_11-46-08/multiclass_table6_arousal_3class_emotion-elicitation_2026-06-03_11-47-09,results/quick_v1_v2_comparison/2026-06-03_09-24-45/model_runs/2026-06-03_11-46-08/multiclass_table6_arousal_3class_emotion-elicitation_2026-06-03_11-47-09/subject_loo/s_P20/gnn_fold_diagnostics.csv,val,0.0402139350771904,0.5119261741638184,-0.9276869893074036,1.512009620666504,2.4396966099739075,0.9841853380203248,0.0598710402846336,0.6665259599685669,1.0820236206054688,0.4231651425361633,0.3958534002304077,97903,,,,,,,,,,,,,,,,,30,0.9836814999580384,1
multiclass_table6_arousal_3class,Table-6 Arousal,subject_loo,GNN,BasicGCN_attention,s_P20,results/quick_v1_v2_comparison/2026-06-03_09-24-45/model_runs/2026-06-03_11-46-08,results/quick_v1_v2_comparison/2026-06-03_09-24-45/model_runs/2026-06-03_11-46-08/multiclass_table6_arousal_3class_emotion-elicitation_2026-06-03_11-47-09,results/quick_v1_v2_comparison/2026-06-03_09-24-45/model_runs/2026-06-03_11-46-08/multiclass_table6_arousal_3class_emotion-elicitation_2026-06-03_11-47-09/subject_loo/s_P20/gnn_fold_diagnostics.csv,test,0.0479137897491455,0.4990245997905731,-0.7516323328018188,1.5438175201416016,2.2954498529434204,0.985075294971466,0.0720835775136947,0.6377003192901611,1.0912978649139404,0.3314929902553558,0.5164169669151306,25425,,,,,,,,,,,,,,,,,30,0.9836814999580384,1
multiclass_table6_arousal_3class,Table-6 Arousal,subject_loo,GNN,BasicGCN_attention,s_P21,results/quick_v1_v2_comparison/2026-06-03_09-24-45/model_runs/2026-06-03_11-46-08,results/quick_v1_v2_comparison/2026-06-03_09-24-45/model_runs/2026-06-03_11-46-08/multiclass_table6_arousal_3class_emotion-elicitation_2026-06-03_11-47-09,results/quick_v1_v2_comparison/2026-06-03_09-24-45/model_runs/2026-06-03_11-46-08/multiclass_table6_arousal_3class_emotion-elicitation_2026-06-03_11-47-09/subject_loo/s_P21/gnn_fold_diagnostics.csv,train,7.764325710013509e-05,0.4423216581344604,-1.0177937746047974,0.7418527007102966,1.759646475315094,1.02340567111969,0.0276498887687921,0.9433869123458862,1.0954948663711548,0.3343931138515472,0.5127323865890503,10000,,,,,,,,,,,,,,,,,12,1.0062104165554049,1
multiclass_table6_arousal_3class,Table-6 Arousal,subject_loo,GNN,BasicGCN_attention,s_P21,results/quick_v1_v2_comparison/2026-06-03_09-24-45/model_runs/2026-06-03_11-46-08,results/quick_v1_v2_comparison/2026-06-03_09-24-45/model_runs/2026-06-03_11-46-08/multiclass_table6_arousal_3class_emotion-elicitation_2026-06-03_11-47-09,results/quick_v1_v2_comparison/2026-06-03_09-24-45/model_runs/2026-06-03_11-46-08/multiclass_table6_arousal_3class_emotion-elicitation_2026-06-03_11-47-09/subject_loo/s_P21/gnn_fold_diagnostics.csv,val,-0.0213880091905593,0.366556316614151,-0.8586902022361755,0.526260495185852,1.3849506974220276,1.0395846366882324,0.0201983321458101,0.9855512380599976,1.087964415550232,0.3486793041229248,0.4863232970237732,97461,,,,,,,,,,,,,,,,,12,1.0062104165554049,1
multiclass_table6_arousal_3class,Table-6 Arousal,subject_loo,GNN,BasicGCN_attention,s_P21,results/quick_v1_v2_comparison/2026-06-03_09-24-45/model_runs/2026-06-03_11-46-08,results/quick_v1_v2_comparison/2026-06-03_09-24-45/model_runs/2026-06-03_11-46-08/multiclass_table6_arousal_3class_emotion-elicitation_2026-06-03_11-47-09,results/quick_v1_v2_comparison/2026-06-03_09-24-45/model_runs/2026-06-03_11-46-08/multiclass_table6_arousal_3class_emotion-elicitation_2026-06-03_11-47-09/subject_loo/s_P21/gnn_fold_diagnostics.csv,test,-0.0209716744720935,0.3777900040149688,-0.7555919885635376,0.5414678454399109,1.2970598340034485,1.032742261886597,0.0135590061545372,0.9956480264663696,1.0751724243164062,0.2285264432430267,0.660091757774353,23871,,,,,,,,,,,,,,,,,12,1.0062104165554049,1
multiclass_table6_arousal_3class,Table-6 Arousal,subject_loo,GNN,BasicGCN_attention,s_P22,results/quick_v1_v2_comparison/2026-06-03_09-24-45/model_runs/2026-06-03_11-46-08,results/quick_v1_v2_comparison/2026-06-03_09-24-45/model_runs/2026-06-03_11-46-08/multiclass_table6_arousal_3class_emotion-elicitation_2026-06-03_11-47-09,results/quick_v1_v2_comparison/2026-06-03_09-24-45/model_runs/2026-06-03_11-46-08/multiclass_table6_arousal_3class_emotion-elicitation_2026-06-03_11-47-09/subject_loo/s_P22/gnn_fold_diagnostics.csv,train,-0.0577442534267902,0.3550209999084472,-0.9627301692962646,0.5211243629455566,1.4838545322418213,1.048750400543213,0.0229727812111377,0.9787742495536804,1.0969209671020508,0.3668959736824035,0.3920274078845978,10000,,,,,,,,,,,,,,,,,8,1.0689066648483276,1
multiclass_table6_arousal_3class,Table-6 Arousal,subject_loo,GNN,BasicGCN_attention,s_P22,results/quick_v1_v2_comparison/2026-06-03_09-24-45/model_runs/2026-06-03_11-46-08,results/quick_v1_v2_comparison/2026-06-03_09-24-45/model_runs/2026-06-03_11-46-08/multiclass_table6_arousal_3class_emotion-elicitation_2026-06-03_11-47-09,results/quick_v1_v2_comparison/2026-06-03_09-24-45/model_runs/2026-06-03_11-46-08/multiclass_table6_arousal_3class_emotion-elicitation_2026-06-03_11-47-09/subject_loo/s_P22/gnn_fold_diagnostics.csv,val,-0.103801392018795,0.2768742144107818,-0.8871017098426819,0.4478726983070373,1.3349744081497192,1.066632628440857,0.0199488587677478,0.9945183396339417,1.0968801975250244,0.3131027817726135,0.4728638529777527,115921,,,,,,,,,,,,,,,,,8,1.0689066648483276,1
multiclass_table6_arousal_3class,Table-6 Arousal,subject_loo,GNN,BasicGCN_attention,s_P22,results/quick_v1_v2_comparison/2026-06-03_09-24-45/model_runs/2026-06-03_11-46-08,results/quick_v1_v2_comparison/2026-06-03_09-24-45/model_runs/2026-06-03_11-46-08/multiclass_table6_arousal_3class_emotion-elicitation_2026-06-03_11-47-09,results/quick_v1_v2_comparison/2026-06-03_09-24-45/model_runs/2026-06-03_11-46-08/multiclass_table6_arousal_3class_emotion-elicitation_2026-06-03_11-47-09/subject_loo/s_P22/gnn_fold_diagnostics.csv,test,0.0239354521036148,0.3033528327941894,-0.7589487433433533,0.5060339570045471,1.2649827003479004,1.0573546886444092,0.0115725612267851,1.0082950592041016,1.0821152925491333,0.2240383923053741,0.6537455916404724,22791,,,,,,,,,,,,,,,,,8,1.0689066648483276,1
multiclass_table6_arousal_3class,Table-6 Arousal,subject_loo,GNN,BasicGCN_attention,s_P23,results/quick_v1_v2_comparison/2026-06-03_09-24-45/model_runs/2026-06-03_11-46-08,results/quick_v1_v2_comparison/2026-06-03_09-24-45/model_runs/2026-06-03_11-46-08/multiclass_table6_arousal_3class_emotion-elicitation_2026-06-03_11-47-09,results/quick_v1_v2_comparison/2026-06-03_09-24-45/model_runs/2026-06-03_11-46-08/multiclass_table6_arousal_3class_emotion-elicitation_2026-06-03_11-47-09/subject_loo/s_P23/gnn_fold_diagnostics.csv,train,-0.0847788080573082,0.534741997718811,-1.524489402770996,1.5942151546478271,3.1187045574188232,0.9779435396194458,0.0864532142877578,0.5164040923118591,1.0960004329681396,0.4309776127338409,0.337030827999115,10000,,,,,,,,,,,,,,,,,36,0.8934905529022217,1
multiclass_table6_arousal_3class,Table-6 Arousal,subject_loo,GNN,BasicGCN_attention,s_P23,results/quick_v1_v2_comparison/2026-06-03_09-24-45/model_runs/2026-06-03_11-46-08,results/quick_v1_v2_comparison/2026-06-03_09-24-45/model_runs/2026-06-03_11-46-08/multiclass_table6_arousal_3class_emotion-elicitation_2026-06-03_11-47-09,results/quick_v1_v2_comparison/2026-06-03_09-24-45/model_runs/2026-06-03_11-46-08/multiclass_table6_arousal_3class_emotion-elicitation_2026-06-03_11-47-09/subject_loo/s_P23/gnn_fold_diagnostics.csv,val,-0.1068555861711502,0.5006158351898193,-1.416792392730713,1.498039722442627,2.91483211517334,0.9859814047813416,0.0879279300570488,0.536283016204834,1.095098853111267,0.3666675686836242,0.4001879096031189,82621,,,,,,,,,,,,,,,,,36,0.8934905529022217,1
multiclass_table6_arousal_3class,Table-6 Arousal,subject_loo,GNN,BasicGCN_attention,s_P23,results/quick_v1_v2_comparison/2026-06-03_09-24-45/model_runs/2026-06-03_11-46-08,results/quick_v1_v2_comparison/2026-06-03_09-24-45/model_runs/2026-06-03_11-46-08/multiclass_table6_arousal_3class_emotion-elicitation_2026-06-03_11-47-09,results/quick_v1_v2_comparison/2026-06-03_09-24-45/model_runs/2026-06-03_11-46-08/multiclass_table6_arousal_3class_emotion-elicitation_2026-06-03_11-47-09/subject_loo/s_P23/gnn_fold_diagnostics.csv,test,-0.1063285320997238,0.5936062335968018,-1.3405694961547852,1.5189265012741089,2.859495997428894,0.948352873325348,0.1090635880827903,0.5394673943519592,1.086669683456421,0.3046859502792358,0.5000715851783752,28680,,,,,,,,,,,,,,,,,36,0.8934905529022217,1
multiclass_table6_arousal_3class,Table-6 Arousal,subject_loo,GNN,BasicGCN_attention,s_P24,results/quick_v1_v2_comparison/2026-06-03_09-24-45/model_runs/2026-06-03_11-46-08,results/quick_v1_v2_comparison/2026-06-03_09-24-45/model_runs/2026-06-03_11-46-08/multiclass_table6_arousal_3class_emotion-elicitation_2026-06-03_11-47-09,results/quick_v1_v2_comparison/2026-06-03_09-24-45/model_runs/2026-06-03_11-46-08/multiclass_table6_arousal_3class_emotion-elicitation_2026-06-03_11-47-09/subject_loo/s_P24/gnn_fold_diagnostics.csv,train,-0.1404744237661361,0.6336886882781982,-1.994649052619934,2.1650280952453613,4.159677147865295,0.9385904669761658,0.1356232315301895,0.2421619892120361,1.0985783338546753,0.3850899934768677,0.3611397445201874,10000,,,,,,,,,,,,,,,,,63,0.9496453404426576,1
multiclass_table6_arousal_3class,Table-6 Arousal,subject_loo,GNN,BasicGCN_attention,s_P24,results/quick_v1_v2_comparison/2026-06-03_09-24-45/model_runs/2026-06-03_11-46-08,results/quick_v1_v2_comparison/2026-06-03_09-24-45/model_runs/2026-06-03_11-46-08/multiclass_table6_arousal_3class_emotion-elicitation_2026-06-03_11-47-09,results/quick_v1_v2_comparison/2026-06-03_09-24-45/model_runs/2026-06-03_11-46-08/multiclass_table6_arousal_3class_emotion-elicitation_2026-06-03_11-47-09/subject_loo/s_P24/gnn_fold_diagnostics.csv,val,-0.2759715616703033,0.7933461666107178,-2.0705037117004395,1.8129080533981323,3.883411765098572,0.867115318775177,0.1478993892669677,0.3242003321647644,1.0896642208099363,0.3097793161869049,0.5498908162117004,100576,,,,,,,,,,,,,,,,,63,0.9496453404426576,1
multiclass_table6_arousal_3class,Table-6 Arousal,subject_loo,GNN,BasicGCN_attention,s_P24,results/quick_v1_v2_comparison/2026-06-03_09-24-45/model_runs/2026-06-03_11-46-08,results/quick_v1_v2_comparison/2026-06-03_09-24-45/model_runs/2026-06-03_11-46-08/multiclass_table6_arousal_3class_emotion-elicitation_2026-06-03_11-47-09,results/quick_v1_v2_comparison/2026-06-03_09-24-45/model_runs/2026-06-03_11-46-08/multiclass_table6_arousal_3class_emotion-elicitation_2026-06-03_11-47-09/subject_loo/s_P24/gnn_fold_diagnostics.csv,test,-0.0404537096619606,0.5624810457229614,-1.20059072971344,0.9833914041519164,2.1839821338653564,0.9785011410713196,0.049748595803976,0.8042418956756592,1.0813924074172974,0.2180666029453277,0.6562061905860901,26565,,,,,,,,,,,,,,,,,63,0.9496453404426576,1
multiclass_table6_arousal_3class,Table-6 Arousal,subject_loo,GNN,BasicGCN_attention,s_P27,results/quick_v1_v2_comparison/2026-06-03_09-24-45/model_runs/2026-06-03_11-46-08,results/quick_v1_v2_comparison/2026-06-03_09-24-45/model_runs/2026-06-03_11-46-08/multiclass_table6_arousal_3class_emotion-elicitation_2026-06-03_11-47-09,results/quick_v1_v2_comparison/2026-06-03_09-24-45/model_runs/2026-06-03_11-46-08/multiclass_table6_arousal_3class_emotion-elicitation_2026-06-03_11-47-09/subject_loo/s_P27/gnn_fold_diagnostics.csv,train,0.0189660415053367,0.9059973359107972,-3.603321075439453,3.9916293621063232,7.594950437545776,0.8580764532089233,0.2221680283546447,0.045308981090784,1.0985833406448364,0.4317984879016876,0.2086153775453567,10000,,,,,,,,,,,,,,,,,165,0.9004679322242737,1
multiclass_table6_arousal_3class,Table-6 Arousal,subject_loo,GNN,BasicGCN_attention,s_P27,results/quick_v1_v2_comparison/2026-06-03_09-24-45/model_runs/2026-06-03_11-46-08,results/quick_v1_v2_comparison/2026-06-03_09-24-45/model_runs/2026-06-03_11-46-08/multiclass_table6_arousal_3class_emotion-elicitation_2026-06-03_11-47-09,results/quick_v1_v2_comparison/2026-06-03_09-24-45/model_runs/2026-06-03_11-46-08/multiclass_table6_arousal_3class_emotion-elicitation_2026-06-03_11-47-09/subject_loo/s_P27/gnn_fold_diagnostics.csv,val,0.0341043844819068,0.9139003157615662,-2.924570083618164,3.5788414478302,6.503411531448364,0.8578718900680542,0.2239327281713485,0.0834345519542694,1.0983415842056274,0.4179791212081909,0.2536080479621887,108345,,,,,,,,,,,,,,,,,165,0.9004679322242737,1
multiclass_table6_arousal_3class,Table-6 Arousal,subject_loo,GNN,BasicGCN_attention,s_P27,results/quick_v1_v2_comparison/2026-06-03_09-24-45/model_runs/2026-06-03_11-46-08,results/quick_v1_v2_comparison/2026-06-03_09-24-45/model_runs/2026-06-03_11-46-08/multiclass_table6_arousal_3class_emotion-elicitation_2026-06-03_11-47-09,results/quick_v1_v2_comparison/2026-06-03_09-24-45/model_runs/2026-06-03_11-46-08/multiclass_table6_arousal_3class_emotion-elicitation_2026-06-03_11-47-09/subject_loo/s_P27/gnn_fold_diagnostics.csv,test,0.0435070618987083,1.3726404905319214,-3.1921393871307373,4.003600597381592,7.195739984512329,0.6589494347572327,0.2409334629774093,0.0465494319796562,1.0758781433105469,0.3188677132129669,0.4876094460487366,24753,,,,,,,,,,,,,,,,,165,0.9004679322242737,1
multiclass_table6_arousal_3class,Table-6 Arousal,subject_loo,GNN,BasicGCN_attention,s_P28,results/quick_v1_v2_comparison/2026-06-03_09-24-45/model_runs/2026-06-03_11-46-08,results/quick_v1_v2_comparison/2026-06-03_09-24-45/model_runs/2026-06-03_11-46-08/multiclass_table6_arousal_3class_emotion-elicitation_2026-06-03_11-47-09,results/quick_v1_v2_comparison/2026-06-03_09-24-45/model_runs/2026-06-03_11-46-08/multiclass_table6_arousal_3class_emotion-elicitation_2026-06-03_11-47-09/subject_loo/s_P28/gnn_fold_diagnostics.csv,train,-0.05267945677042,0.6249300837516785,-1.5470162630081177,2.516991138458252,4.06400740146637,0.9407229423522948,0.1376203447580337,0.2926529049873352,1.0982844829559326,0.4330757856369018,0.3402891159057617,10000,,,,,,,,,,,,,,,,,51,1.024152785539627,1
multiclass_table6_arousal_3class,Table-6 Arousal,subject_loo,GNN,BasicGCN_attention,s_P28,results/quick_v1_v2_comparison/2026-06-03_09-24-45/model_runs/2026-06-03_11-46-08,results/quick_v1_v2_comparison/2026-06-03_09-24-45/model_runs/2026-06-03_11-46-08/multiclass_table6_arousal_3class_emotion-elicitation_2026-06-03_11-47-09,results/quick_v1_v2_comparison/2026-06-03_09-24-45/model_runs/2026-06-03_11-46-08/multiclass_table6_arousal_3class_emotion-elicitation_2026-06-03_11-47-09/subject_loo/s_P28/gnn_fold_diagnostics.csv,val,-0.0039664730429649,0.518354594707489,-1.152946949005127,2.001860857009888,3.154807806015014,0.9812015295028688,0.0885523110628128,0.4632141590118408,1.080557107925415,0.3264073133468628,0.4901245236396789,107880,,,,,,,,,,,,,,,,,51,1.024152785539627,1
multiclass_table6_arousal_3class,Table-6 Arousal,subject_loo,GNN,BasicGCN_attention,s_P28,results/quick_v1_v2_comparison/2026-06-03_09-24-45/model_runs/2026-06-03_11-46-08,results/quick_v1_v2_comparison/2026-06-03_09-24-45/model_runs/2026-06-03_11-46-08/multiclass_table6_arousal_3class_emotion-elicitation_2026-06-03_11-47-09,results/quick_v1_v2_comparison/2026-06-03_09-24-45/model_runs/2026-06-03_11-46-08/multiclass_table6_arousal_3class_emotion-elicitation_2026-06-03_11-47-09/subject_loo/s_P28/gnn_fold_diagnostics.csv,test,-0.0857031121850013,0.5663657188415527,-1.071020483970642,2.1739680767059326,3.2449885606765747,0.9588029384613036,0.1286609470844268,0.3615835309028625,1.0960427522659302,0.3153689205646515,0.5034283399581909,22366,,,,,,,,,,,,,,,,,51,1.024152785539627,1
multiclass_table6_arousal_3class,Table-6 Arousal,subject_loo,GNN,BasicGCN_attention,s_P29,results/quick_v1_v2_comparison/2026-06-03_09-24-45/model_runs/2026-06-03_11-46-08,results/quick_v1_v2_comparison/2026-06-03_09-24-45/model_runs/2026-06-03_11-46-08/multiclass_table6_arousal_3class_emotion-elicitation_2026-06-03_11-47-09,results/quick_v1_v2_comparison/2026-06-03_09-24-45/model_runs/2026-06-03_11-46-08/multiclass_table6_arousal_3class_emotion-elicitation_2026-06-03_11-47-09/subject_loo/s_P29/gnn_fold_diagnostics.csv,train,0.131054937839508,0.6153667569160461,-1.5052037239074707,2.0057101249694824,3.510913848876953,0.943125069141388,0.1253464370965957,0.4080967903137207,1.0979464054107666,0.4276127517223358,0.3460061848163605,10000,,,,,,,,,,,,,,,,,56,0.9304851293563844,1
multiclass_table6_arousal_3class,Table-6 Arousal,subject_loo,GNN,BasicGCN_attention,s_P29,results/quick_v1_v2_comparison/2026-06-03_09-24-45/model_runs/2026-06-03_11-46-08,results/quick_v1_v2_comparison/2026-06-03_09-24-45/model_runs/2026-06-03_11-46-08/multiclass_table6_arousal_3class_emotion-elicitation_2026-06-03_11-47-09,results/quick_v1_v2_comparison/2026-06-03_09-24-45/model_runs/2026-06-03_11-46-08/multiclass_table6_arousal_3class_emotion-elicitation_2026-06-03_11-47-09/subject_loo/s_P29/gnn_fold_diagnostics.csv,val,0.1484788805246353,0.5077547430992126,-1.0718374252319336,1.7800172567367554,2.851854681968689,0.9787101745605468,0.0878523662686348,0.5070047378540039,1.0975359678268433,0.3771313428878784,0.3985612988471985,102831,,,,,,,,,,,,,,,,,56,0.9304851293563844,1
multiclass_table6_arousal_3class,Table-6 Arousal,subject_loo,GNN,BasicGCN_attention,s_P29,results/quick_v1_v2_comparison/2026-06-03_09-24-45/model_runs/2026-06-03_11-46-08,results/quick_v1_v2_comparison/2026-06-03_09-24-45/model_runs/2026-06-03_11-46-08/multiclass_table6_arousal_3class_emotion-elicitation_2026-06-03_11-47-09,results/quick_v1_v2_comparison/2026-06-03_09-24-45/model_runs/2026-06-03_11-46-08/multiclass_table6_arousal_3class_emotion-elicitation_2026-06-03_11-47-09/subject_loo/s_P29/gnn_fold_diagnostics.csv,test,0.1013816818594932,0.4445697963237762,-0.9318490028381348,1.193817377090454,2.125666379928589,1.013629913330078,0.0538964159786701,0.7685219049453735,1.0965701341629028,0.3038536310195923,0.5320305824279785,23220,,,,,,,,,,,,,,,,,56,0.9304851293563844,1
multiclass_table6_arousal_3class,Table-6 Arousal,subject_loo,GNN,BasicGCN_attention,s_P30,results/quick_v1_v2_comparison/2026-06-03_09-24-45/model_runs/2026-06-03_11-46-08,results/quick_v1_v2_comparison/2026-06-03_09-24-45/model_runs/2026-06-03_11-46-08/multiclass_table6_arousal_3class_emotion-elicitation_2026-06-03_11-47-09,results/quick_v1_v2_comparison/2026-06-03_09-24-45/model_runs/2026-06-03_11-46-08/multiclass_table6_arousal_3class_emotion-elicitation_2026-06-03_11-47-09/subject_loo/s_P30/gnn_fold_diagnostics.csv,train,0.1119010895490646,0.5778094530105591,-1.443669080734253,2.036393642425537,3.48006272315979,0.9677382111549376,0.0827094539999961,0.5592418909072876,1.0980110168457031,0.3883235156536102,0.4067341983318329,10000,,,,,,,,,,,,,,,,,32,1.0471348762512207,1
multiclass_table6_arousal_3class,Table-6 Arousal,subject_loo,GNN,BasicGCN_attention,s_P30,results/quick_v1_v2_comparison/2026-06-03_09-24-45/model_runs/2026-06-03_11-46-08,results/quick_v1_v2_comparison/2026-06-03_09-24-45/model_runs/2026-06-03_11-46-08/multiclass_table6_arousal_3class_emotion-elicitation_2026-06-03_11-47-09,results/quick_v1_v2_comparison/2026-06-03_09-24-45/model_runs/2026-06-03_11-46-08/multiclass_table6_arousal_3class_emotion-elicitation_2026-06-03_11-47-09/subject_loo/s_P30/gnn_fold_diagnostics.csv,val,0.1637535393238067,0.5901846289634705,-1.2967289686203003,1.927365779876709,3.2240947484970093,0.9561556577682496,0.086146242916584,0.5947871208190918,1.0867947340011597,0.3230268657207489,0.5190939903259277,115440,,,,,,,,,,,,,,,,,32,1.0471348762512207,1
multiclass_table6_arousal_3class,Table-6 Arousal,subject_loo,GNN,BasicGCN_attention,s_P30,results/quick_v1_v2_comparison/2026-06-03_09-24-45/model_runs/2026-06-03_11-46-08,results/quick_v1_v2_comparison/2026-06-03_09-24-45/model_runs/2026-06-03_11-46-08/multiclass_table6_arousal_3class_emotion-elicitation_2026-06-03_11-47-09,results/quick_v1_v2_comparison/2026-06-03_09-24-45/model_runs/2026-06-03_11-46-08/multiclass_table6_arousal_3class_emotion-elicitation_2026-06-03_11-47-09/subject_loo/s_P30/gnn_fold_diagnostics.csv,test,0.0464913323521614,0.6351099014282227,-1.350980520248413,1.8696058988571167,3.22058641910553,0.9425989985466005,0.0895740538835525,0.6110605597496033,1.0978957414627075,0.2496078312397003,0.64638352394104,25425,,,,,,,,,,,,,,,,,32,1.0471348762512207,1
multiclass_table6_arousal_3class,Table-6 Arousal,subject_loo,GNN,BasicGCN_attention,s_P4,results/quick_v1_v2_comparison/2026-06-03_09-24-45/model_runs/2026-06-03_11-46-08,results/quick_v1_v2_comparison/2026-06-03_09-24-45/model_runs/2026-06-03_11-46-08/multiclass_table6_arousal_3class_emotion-elicitation_2026-06-03_11-47-09,results/quick_v1_v2_comparison/2026-06-03_09-24-45/model_runs/2026-06-03_11-46-08/multiclass_table6_arousal_3class_emotion-elicitation_2026-06-03_11-47-09/subject_loo/s_P4/gnn_fold_diagnostics.csv,train,0.0788383558392524,0.7987830638885498,-2.457216501235962,3.7441213130950928,6.201337814331055,0.8844938278198242,0.1956380158662796,0.1239426210522651,1.0985286235809326,0.4256901443004608,0.2534742653369903,10000,,,,,,,,,,,,,,,,,132,0.8737765550613403,1
multiclass_table6_arousal_3class,Table-6 Arousal,subject_loo,GNN,BasicGCN_attention,s_P4,results/quick_v1_v2_comparison/2026-06-03_09-24-45/model_runs/2026-06-03_11-46-08,results/quick_v1_v2_comparison/2026-06-03_09-24-45/model_runs/2026-06-03_11-46-08/multiclass_table6_arousal_3class_emotion-elicitation_2026-06-03_11-47-09,results/quick_v1_v2_comparison/2026-06-03_09-24-45/model_runs/2026-06-03_11-46-08/multiclass_table6_arousal_3class_emotion-elicitation_2026-06-03_11-47-09/subject_loo/s_P4/gnn_fold_diagnostics.csv,val,0.0936765074729919,0.8395807147026062,-2.199838876724243,3.757914543151856,5.957753419876099,0.8716118931770325,0.2177780121564865,0.1182288378477096,1.0984866619110107,0.4407372772693634,0.2823884785175323,91806,,,,,,,,,,,,,,,,,132,0.8737765550613403,1
multiclass_table6_arousal_3class,Table-6 Arousal,subject_loo,GNN,BasicGCN_attention,s_P4,results/quick_v1_v2_comparison/2026-06-03_09-24-45/model_runs/2026-06-03_11-46-08,results/quick_v1_v2_comparison/2026-06-03_09-24-45/model_runs/2026-06-03_11-46-08/multiclass_table6_arousal_3class_emotion-elicitation_2026-06-03_11-47-09,results/quick_v1_v2_comparison/2026-06-03_09-24-45/model_runs/2026-06-03_11-46-08/multiclass_table6_arousal_3class_emotion-elicitation_2026-06-03_11-47-09/subject_loo/s_P4/gnn_fold_diagnostics.csv,test,0.1169293075799942,0.753562331199646,-1.815728545188904,3.3295626640319824,5.145291209220886,0.9035646319389344,0.2030265927314758,0.184320330619812,1.09810209274292,0.363485038280487,0.3105105757713318,31375,,,,,,,,,,,,,,,,,132,0.8737765550613403,1
multiclass_table6_arousal_3class,Table-6 Arousal,subject_loo,GNN,BasicGCN_attention,s_P5,results/quick_v1_v2_comparison/2026-06-03_09-24-45/model_runs/2026-06-03_11-46-08,results/quick_v1_v2_comparison/2026-06-03_09-24-45/model_runs/2026-06-03_11-46-08/multiclass_table6_arousal_3class_emotion-elicitation_2026-06-03_11-47-09,results/quick_v1_v2_comparison/2026-06-03_09-24-45/model_runs/2026-06-03_11-46-08/multiclass_table6_arousal_3class_emotion-elicitation_2026-06-03_11-47-09/subject_loo/s_P5/gnn_fold_diagnostics.csv,train,0.0886026620864868,0.5513835549354553,-1.1747913360595703,1.371436595916748,2.5462279319763184,0.9738538265228271,0.0662029385566711,0.7024710178375244,1.0855923891067505,0.3459997773170471,0.4156589210033417,10000,,,,,,,,,,,,,,,,,37,0.9533581733703612,1
multiclass_table6_arousal_3class,Table-6 Arousal,subject_loo,GNN,BasicGCN_attention,s_P5,results/quick_v1_v2_comparison/2026-06-03_09-24-45/model_runs/2026-06-03_11-46-08,results/quick_v1_v2_comparison/2026-06-03_09-24-45/model_runs/2026-06-03_11-46-08/multiclass_table6_arousal_3class_emotion-elicitation_2026-06-03_11-47-09,results/quick_v1_v2_comparison/2026-06-03_09-24-45/model_runs/2026-06-03_11-46-08/multiclass_table6_arousal_3class_emotion-elicitation_2026-06-03_11-47-09/subject_loo/s_P5/gnn_fold_diagnostics.csv,val,0.1076490432024002,0.572143018245697,-1.178087830543518,1.356192708015442,2.53428053855896,0.9567682147026062,0.0686902329325676,0.7086070775985718,1.0721039772033691,0.269023597240448,0.5496179461479187,82621,,,,,,,,,,,,,,,,,37,0.9533581733703612,1
multiclass_table6_arousal_3class,Table-6 Arousal,subject_loo,GNN,BasicGCN_attention,s_P5,results/quick_v1_v2_comparison/2026-06-03_09-24-45/model_runs/2026-06-03_11-46-08,results/quick_v1_v2_comparison/2026-06-03_09-24-45/model_runs/2026-06-03_11-46-08/multiclass_table6_arousal_3class_emotion-elicitation_2026-06-03_11-47-09,results/quick_v1_v2_comparison/2026-06-03_09-24-45/model_runs/2026-06-03_11-46-08/multiclass_table6_arousal_3class_emotion-elicitation_2026-06-03_11-47-09/subject_loo/s_P5/gnn_fold_diagnostics.csv,test,0.1168884634971618,0.533133327960968,-0.9651745557785034,1.367411732673645,2.3325862884521484,0.9787055253982544,0.065625287592411,0.71259605884552,1.075228214263916,0.2615931034088135,0.5586628913879395,37675,,,,,,,,,,,,,,,,,37,0.9533581733703612,1
multiclass_table6_arousal_3class,Table-6 Arousal,subject_loo,GNN,BasicGCN_attention,s_P7,results/quick_v1_v2_comparison/2026-06-03_09-24-45/model_runs/2026-06-03_11-46-08,results/quick_v1_v2_comparison/2026-06-03_09-24-45/model_runs/2026-06-03_11-46-08/multiclass_table6_arousal_3class_emotion-elicitation_2026-06-03_11-47-09,results/quick_v1_v2_comparison/2026-06-03_09-24-45/model_runs/2026-06-03_11-46-08/multiclass_table6_arousal_3class_emotion-elicitation_2026-06-03_11-47-09/subject_loo/s_P7/gnn_fold_diagnostics.csv,train,0.0013388681691139,0.4207755029201507,-0.9820963144302368,0.6770230531692505,1.6591193675994873,1.0304213762283323,0.0252926815301179,0.9570472836494446,1.094119429588318,0.4092640280723572,0.3956888318061828,10000,,,,,,,,,,,,,,,,,6,0.9911462664604188,1
multiclass_table6_arousal_3class,Table-6 Arousal,subject_loo,GNN,BasicGCN_attention,s_P7,results/quick_v1_v2_comparison/2026-06-03_09-24-45/model_runs/2026-06-03_11-46-08,results/quick_v1_v2_comparison/2026-06-03_09-24-45/model_runs/2026-06-03_11-46-08/multiclass_table6_arousal_3class_emotion-elicitation_2026-06-03_11-47-09,results/quick_v1_v2_comparison/2026-06-03_09-24-45/model_runs/2026-06-03_11-46-08/multiclass_table6_arousal_3class_emotion-elicitation_2026-06-03_11-47-09/subject_loo/s_P7/gnn_fold_diagnostics.csv,val,0.0001217129392898,0.4210472106933594,-1.0284574031829834,0.7080942392349243,1.7365516424179075,1.0336787700653076,0.0337715558707714,0.955911099910736,1.0834182500839231,0.4417716264724731,0.415813684463501,108811,,,,,,,,,,,,,,,,,6,0.9911462664604188,1
multiclass_table6_arousal_3class,Table-6 Arousal,subject_loo,GNN,BasicGCN_attention,s_P7,results/quick_v1_v2_comparison/2026-06-03_09-24-45/model_runs/2026-06-03_11-46-08,results/quick_v1_v2_comparison/2026-06-03_09-24-45/model_runs/2026-06-03_11-46-08/multiclass_table6_arousal_3class_emotion-elicitation_2026-06-03_11-47-09,results/quick_v1_v2_comparison/2026-06-03_09-24-45/model_runs/2026-06-03_11-46-08/multiclass_table6_arousal_3class_emotion-elicitation_2026-06-03_11-47-09/subject_loo/s_P7/gnn_fold_diagnostics.csv,test,0.0015871697105467,0.4234070479869842,-0.8124520778656006,0.5648350715637207,1.3772871494293213,1.0278351306915283,0.0221551023423671,0.9837533235549928,1.0859603881835938,0.2868120372295379,0.5768352150917053,26335,,,,,,,,,,,,,,,,,6,0.9911462664604188,1
multiclass_table6_arousal_3class,Table-6 Arousal,subject_loo,GNN,BasicGCN_attention,s_P8,results/quick_v1_v2_comparison/2026-06-03_09-24-45/model_runs/2026-06-03_11-46-08,results/quick_v1_v2_comparison/2026-06-03_09-24-45/model_runs/2026-06-03_11-46-08/multiclass_table6_arousal_3class_emotion-elicitation_2026-06-03_11-47-09,results/quick_v1_v2_comparison/2026-06-03_09-24-45/model_runs/2026-06-03_11-46-08/multiclass_table6_arousal_3class_emotion-elicitation_2026-06-03_11-47-09/subject_loo/s_P8/gnn_fold_diagnostics.csv,train,-0.0828209370374679,0.6600578427314758,-1.9881775379180908,2.2503247261047363,4.238502264022827,0.9216583967208862,0.1471671462059021,0.2790312767028808,1.0983296632766724,0.3803644180297851,0.3320837020874023,10000,,,,,,,,,,,,,,,,,70,0.8890970945358276,1
multiclass_table6_arousal_3class,Table-6 Arousal,subject_loo,GNN,BasicGCN_attention,s_P8,results/quick_v1_v2_comparison/2026-06-03_09-24-45/model_runs/2026-06-03_11-46-08,results/quick_v1_v2_comparison/2026-06-03_09-24-45/model_runs/2026-06-03_11-46-08/multiclass_table6_arousal_3class_emotion-elicitation_2026-06-03_11-47-09,results/quick_v1_v2_comparison/2026-06-03_09-24-45/model_runs/2026-06-03_11-46-08/multiclass_table6_arousal_3class_emotion-elicitation_2026-06-03_11-47-09/subject_loo/s_P8/gnn_fold_diagnostics.csv,val,-0.1591738015413284,0.6777006983757019,-1.9714434146881104,2.045255184173584,4.016698598861694,0.9135600924491882,0.1569999754428863,0.2957828938961029,1.0923690795898438,0.2934941053390503,0.5298353433609009,96580,,,,,,,,,,,,,,,,,70,0.8890970945358276,1
multiclass_table6_arousal_3class,Table-6 Arousal,subject_loo,GNN,BasicGCN_attention,s_P8,results/quick_v1_v2_comparison/2026-06-03_09-24-45/model_runs/2026-06-03_11-46-08,results/quick_v1_v2_comparison/2026-06-03_09-24-45/model_runs/2026-06-03_11-46-08/multiclass_table6_arousal_3class_emotion-elicitation_2026-06-03_11-47-09,results/quick_v1_v2_comparison/2026-06-03_09-24-45/model_runs/2026-06-03_11-46-08/multiclass_table6_arousal_3class_emotion-elicitation_2026-06-03_11-47-09/subject_loo/s_P8/gnn_fold_diagnostics.csv,test,-0.0299414042383432,0.5331659913063049,-1.4413678646087646,1.7063355445861816,3.1477034091949463,0.9737851023674012,0.1204990819096565,0.4588129818439483,1.0937672853469849,0.2913138270378113,0.447106659412384,23871,,,,,,,,,,,,,,,,,70,0.8890970945358276,1
multiclass_table6_arousal_3class,Table-6 Arousal,recording_loo,GNN,BasicGCN_attention,r_107.avi,results/quick_v1_v2_comparison/2026-06-03_09-24-45/model_runs/2026-06-03_11-46-08,results/quick_v1_v2_comparison/2026-06-03_09-24-45/model_runs/2026-06-03_11-46-08/multiclass_table6_arousal_3class_emotion-elicitation_2026-06-03_11-47-09,results/quick_v1_v2_comparison/2026-06-03_09-24-45/model_runs/2026-06-03_11-46-08/multiclass_table6_arousal_3class_emotion-elicitation_2026-06-03_11-47-09/recording_loo/r_107.avi/gnn_fold_diagnostics.csv,train,-0.0514099448919296,0.4025205969810486,-0.8806447386741638,0.6942183375358582,1.574863076210022,1.0303343534469604,0.0252709444612264,0.9306994676589966,1.093478441238403,0.3547641634941101,0.4489928781986236,10000,,,,,,,,,,,,,,,,,7,1.0294362306594849,1
multiclass_table6_arousal_3class,Table-6 Arousal,recording_loo,GNN,BasicGCN_attention,r_107.avi,results/quick_v1_v2_comparison/2026-06-03_09-24-45/model_runs/2026-06-03_11-46-08,results/quick_v1_v2_comparison/2026-06-03_09-24-45/model_runs/2026-06-03_11-46-08/multiclass_table6_arousal_3class_emotion-elicitation_2026-06-03_11-47-09,results/quick_v1_v2_comparison/2026-06-03_09-24-45/model_runs/2026-06-03_11-46-08/multiclass_table6_arousal_3class_emotion-elicitation_2026-06-03_11-47-09/recording_loo/r_107.avi/gnn_fold_diagnostics.csv,val,-0.0654008910059928,0.4056486189365387,-0.8677787780761719,0.6931834816932678,1.5609622597694397,1.024030327796936,0.0263903979212045,0.9397451281547546,1.0867127180099487,0.3535798192024231,0.461249828338623,201295,,,,,,,,,,,,,,,,,7,1.0294362306594849,1
multiclass_table6_arousal_3class,Table-6 Arousal,recording_loo,GNN,BasicGCN_attention,r_107.avi,results/quick_v1_v2_comparison/2026-06-03_09-24-45/model_runs/2026-06-03_11-46-08,results/quick_v1_v2_comparison/2026-06-03_09-24-45/model_runs/2026-06-03_11-46-08/multiclass_table6_arousal_3class_emotion-elicitation_2026-06-03_11-47-09,results/quick_v1_v2_comparison/2026-06-03_09-24-45/model_runs/2026-06-03_11-46-08/multiclass_table6_arousal_3class_emotion-elicitation_2026-06-03_11-47-09/recording_loo/r_107.avi/gnn_fold_diagnostics.csv,test,-0.0554204881191253,0.3983999192714691,-0.8494335412979126,0.5844347476959229,1.4338682889938354,1.028975486755371,0.0244194865226745,0.9614580273628236,1.0834386348724363,0.3331570923328399,0.4816673099994659,12403,,,,,,,,,,,,,,,,,7,1.0294362306594849,1
multiclass_table6_arousal_3class,Table-6 Arousal,recording_loo,GNN,BasicGCN_attention,r_111.avi,results/quick_v1_v2_comparison/2026-06-03_09-24-45/model_runs/2026-06-03_11-46-08,results/quick_v1_v2_comparison/2026-06-03_09-24-45/model_runs/2026-06-03_11-46-08/multiclass_table6_arousal_3class_emotion-elicitation_2026-06-03_11-47-09,results/quick_v1_v2_comparison/2026-06-03_09-24-45/model_runs/2026-06-03_11-46-08/multiclass_table6_arousal_3class_emotion-elicitation_2026-06-03_11-47-09/recording_loo/r_111.avi/gnn_fold_diagnostics.csv,train,-0.0377129167318344,0.7409932613372803,-2.4114716053009038,3.0063719749450684,5.417843580245972,0.8984198570251465,0.1758648157119751,0.1428717374801635,1.0986096858978271,0.3893807232379913,0.2406059056520462,10000,,,,,,,,,,,,,,,,,125,0.5606617828210195,1
multiclass_table6_arousal_3class,Table-6 Arousal,recording_loo,GNN,BasicGCN_attention,r_111.avi,results/quick_v1_v2_comparison/2026-06-03_09-24-45/model_runs/2026-06-03_11-46-08,results/quick_v1_v2_comparison/2026-06-03_09-24-45/model_runs/2026-06-03_11-46-08/multiclass_table6_arousal_3class_emotion-elicitation_2026-06-03_11-47-09,results/quick_v1_v2_comparison/2026-06-03_09-24-45/model_runs/2026-06-03_11-46-08/multiclass_table6_arousal_3class_emotion-elicitation_2026-06-03_11-47-09/recording_loo/r_111.avi/gnn_fold_diagnostics.csv,val,0.0472809933125972,1.0101579427719116,-1.927511215209961,2.9950881004333496,4.922599315643311,0.7276579737663269,0.2580689489841461,0.1464471220970153,1.0976577997207642,0.3198259472846985,0.4071657955646515,134421,,,,,,,,,,,,,,,,,125,0.5606617828210195,1
multiclass_table6_arousal_3class,Table-6 Arousal,recording_loo,GNN,BasicGCN_attention,r_111.avi,results/quick_v1_v2_comparison/2026-06-03_09-24-45/model_runs/2026-06-03_11-46-08,results/quick_v1_v2_comparison/2026-06-03_09-24-45/model_runs/2026-06-03_11-46-08/multiclass_table6_arousal_3class_emotion-elicitation_2026-06-03_11-47-09,results/quick_v1_v2_comparison/2026-06-03_09-24-45/model_runs/2026-06-03_11-46-08/multiclass_table6_arousal_3class_emotion-elicitation_2026-06-03_11-47-09/recording_loo/r_111.avi/gnn_fold_diagnostics.csv,test,-0.021679364144802,0.6296381950378418,-1.9928905963897705,1.985967874526977,3.978858470916748,0.9516381025314332,0.1296002715826034,0.4951708912849426,1.0985538959503174,0.3820512294769287,0.2482999712228775,54615,,,,,,,,,,,,,,,,,125,0.5606617828210195,1
multiclass_table6_arousal_3class,Table-6 Arousal,recording_loo,GNN,BasicGCN_attention,r_138.avi,results/quick_v1_v2_comparison/2026-06-03_09-24-45/model_runs/2026-06-03_11-46-08,results/quick_v1_v2_comparison/2026-06-03_09-24-45/model_runs/2026-06-03_11-46-08/multiclass_table6_arousal_3class_emotion-elicitation_2026-06-03_11-47-09,results/quick_v1_v2_comparison/2026-06-03_09-24-45/model_runs/2026-06-03_11-46-08/multiclass_table6_arousal_3class_emotion-elicitation_2026-06-03_11-47-09/recording_loo/r_138.avi/gnn_fold_diagnostics.csv,train,0.017499117180705,0.3893640637397766,-0.8021360039710999,1.0567572116851809,1.8588932156562803,1.031749963760376,0.0347251407802104,0.8633172512054443,1.095773696899414,0.4217396378517151,0.328902930021286,10000,,,,,,,,,,,,,,,,,15,1.0001340508461,1
multiclass_table6_arousal_3class,Table-6 Arousal,recording_loo,GNN,BasicGCN_attention,r_138.avi,results/quick_v1_v2_comparison/2026-06-03_09-24-45/model_runs/2026-06-03_11-46-08,results/quick_v1_v2_comparison/2026-06-03_09-24-45/model_runs/2026-06-03_11-46-08/multiclass_table6_arousal_3class_emotion-elicitation_2026-06-03_11-47-09,results/quick_v1_v2_comparison/2026-06-03_09-24-45/model_runs/2026-06-03_11-46-08/multiclass_table6_arousal_3class_emotion-elicitation_2026-06-03_11-47-09/recording_loo/r_138.avi/gnn_fold_diagnostics.csv,val,0.0239873193204402,0.4133403897285461,-0.7629073858261108,0.8275941014289856,1.5905014872550964,1.0260108709335327,0.0306254047900438,0.922080397605896,1.0907312631607056,0.3784242570400238,0.3825173377990722,64620,,,,,,,,,,,,,,,,,15,1.0001340508461,1
multiclass_table6_arousal_3class,Table-6 Arousal,recording_loo,GNN,BasicGCN_attention,r_138.avi,results/quick_v1_v2_comparison/2026-06-03_09-24-45/model_runs/2026-06-03_11-46-08,results/quick_v1_v2_comparison/2026-06-03_09-24-45/model_runs/2026-06-03_11-46-08/multiclass_table6_arousal_3class_emotion-elicitation_2026-06-03_11-47-09,results/quick_v1_v2_comparison/2026-06-03_09-24-45/model_runs/2026-06-03_11-46-08/multiclass_table6_arousal_3class_emotion-elicitation_2026-06-03_11-47-09/recording_loo/r_138.avi/gnn_fold_diagnostics.csv,test,0.0119209326803684,0.3607313334941864,-0.7821579575538635,0.977793037891388,1.7599509954452517,1.041958212852478,0.0382826030254364,0.8732171058654785,1.093636393547058,0.453419953584671,0.3247676491737366,60378,,,,,,,,,,,,,,,,,15,1.0001340508461,1
multiclass_table6_arousal_3class,Table-6 Arousal,recording_loo,GNN,BasicGCN_attention,r_146.avi,results/quick_v1_v2_comparison/2026-06-03_09-24-45/model_runs/2026-06-03_11-46-08,results/quick_v1_v2_comparison/2026-06-03_09-24-45/model_runs/2026-06-03_11-46-08/multiclass_table6_arousal_3class_emotion-elicitation_2026-06-03_11-47-09,results/quick_v1_v2_comparison/2026-06-03_09-24-45/model_runs/2026-06-03_11-46-08/multiclass_table6_arousal_3class_emotion-elicitation_2026-06-03_11-47-09/recording_loo/r_146.avi/gnn_fold_diagnostics.csv,train,0.0016045492375269,0.1138577908277511,-0.3029571175575256,0.402768611907959,0.7057257294654846,1.0925759077072144,0.0053106434643268,1.0613665580749512,1.0986108779907229,0.3888694941997528,0.3445320129394531,10000,,,,,,,,,,,,,,,,,1,1.1499412059783936,1
multiclass_table6_arousal_3class,Table-6 Arousal,recording_loo,GNN,BasicGCN_attention,r_146.avi,results/quick_v1_v2_comparison/2026-06-03_09-24-45/model_runs/2026-06-03_11-46-08,results/quick_v1_v2_comparison/2026-06-03_09-24-45/model_runs/2026-06-03_11-46-08/multiclass_table6_arousal_3class_emotion-elicitation_2026-06-03_11-47-09,results/quick_v1_v2_comparison/2026-06-03_09-24-45/model_runs/2026-06-03_11-46-08/multiclass_table6_arousal_3class_emotion-elicitation_2026-06-03_11-47-09/recording_loo/r_146.avi/gnn_fold_diagnostics.csv,val,-0.000136578339152,0.1170413866639137,-0.2387487143278122,0.3674397766590118,0.606188490986824,1.0922582149505615,0.0051743052899837,1.0719438791275024,1.098588466644287,0.3716371953487396,0.3361159563064575,126253,,,,,,,,,,,,,,,,,1,1.1499412059783936,1
multiclass_table6_arousal_3class,Table-6 Arousal,recording_loo,GNN,BasicGCN_attention,r_146.avi,results/quick_v1_v2_comparison/2026-06-03_09-24-45/model_runs/2026-06-03_11-46-08,results/quick_v1_v2_comparison/2026-06-03_09-24-45/model_runs/2026-06-03_11-46-08/multiclass_table6_arousal_3class_emotion-elicitation_2026-06-03_11-47-09,results/quick_v1_v2_comparison/2026-06-03_09-24-45/model_runs/2026-06-03_11-46-08/multiclass_table6_arousal_3class_emotion-elicitation_2026-06-03_11-47-09/recording_loo/r_146.avi/gnn_fold_diagnostics.csv,test,-0.0118595296517014,0.1114264950156211,-0.2340965420007705,0.3934316039085388,0.6275281459093094,1.0928919315338137,0.0047418875619769,1.064408302307129,1.0985958576202393,0.3952602744102478,0.3360867500305176,36046,,,,,,,,,,,,,,,,,1,1.1499412059783936,1
multiclass_table6_arousal_3class,Table-6 Arousal,recording_loo,GNN,BasicGCN_attention,r_30.avi,results/quick_v1_v2_comparison/2026-06-03_09-24-45/model_runs/2026-06-03_11-46-08,results/quick_v1_v2_comparison/2026-06-03_09-24-45/model_runs/2026-06-03_11-46-08/multiclass_table6_arousal_3class_emotion-elicitation_2026-06-03_11-47-09,results/quick_v1_v2_comparison/2026-06-03_09-24-45/model_runs/2026-06-03_11-46-08/multiclass_table6_arousal_3class_emotion-elicitation_2026-06-03_11-47-09/recording_loo/r_30.avi/gnn_fold_diagnostics.csv,train,0.0793363079428672,0.1597563773393631,-0.3874345421791076,0.515892505645752,0.9033270478248596,1.0870717763900757,0.0076715876348316,1.049537181854248,1.098581075668335,0.3789949417114258,0.3579666912555694,10000,,,,,,,,,,,,,,,,,2,1.0380439460277555,1
multiclass_table6_arousal_3class,Table-6 Arousal,recording_loo,GNN,BasicGCN_attention,r_30.avi,results/quick_v1_v2_comparison/2026-06-03_09-24-45/model_runs/2026-06-03_11-46-08,results/quick_v1_v2_comparison/2026-06-03_09-24-45/model_runs/2026-06-03_11-46-08/multiclass_table6_arousal_3class_emotion-elicitation_2026-06-03_11-47-09,results/quick_v1_v2_comparison/2026-06-03_09-24-45/model_runs/2026-06-03_11-46-08/multiclass_table6_arousal_3class_emotion-elicitation_2026-06-03_11-47-09/recording_loo/r_30.avi/gnn_fold_diagnostics.csv,val,0.0652927681803703,0.16614730656147,-0.345892459154129,0.4763050377368927,0.8221974968910217,1.0861008167266846,0.008178642950952,1.0548213720321655,1.09855318069458,0.4017386734485626,0.3292319178581238,127765,,,,,,,,,,,,,,,,,2,1.0380439460277555,1
multiclass_table6_arousal_3class,Table-6 Arousal,recording_loo,GNN,BasicGCN_attention,r_30.avi,results/quick_v1_v2_comparison/2026-06-03_09-24-45/model_runs/2026-06-03_11-46-08,results/quick_v1_v2_comparison/2026-06-03_09-24-45/model_runs/2026-06-03_11-46-08/multiclass_table6_arousal_3class_emotion-elicitation_2026-06-03_11-47-09,results/quick_v1_v2_comparison/2026-06-03_09-24-45/model_runs/2026-06-03_11-46-08/multiclass_table6_arousal_3class_emotion-elicitation_2026-06-03_11-47-09/recording_loo/r_30.avi/gnn_fold_diagnostics.csv,test,0.0362882427871227,0.1962768882513046,-0.3718794286251068,0.4784276187419891,0.850307047367096,1.0815787315368652,0.0098700355738401,1.0548865795135498,1.0983688831329346,0.4486217796802521,0.3288313150405884,20910,,,,,,,,,,,,,,,,,2,1.0380439460277555,1
multiclass_table6_arousal_3class,Table-6 Arousal,recording_loo,GNN,BasicGCN_attention,r_52.avi,results/quick_v1_v2_comparison/2026-06-03_09-24-45/model_runs/2026-06-03_11-46-08,results/quick_v1_v2_comparison/2026-06-03_09-24-45/model_runs/2026-06-03_11-46-08/multiclass_table6_arousal_3class_emotion-elicitation_2026-06-03_11-47-09,results/quick_v1_v2_comparison/2026-06-03_09-24-45/model_runs/2026-06-03_11-46-08/multiclass_table6_arousal_3class_emotion-elicitation_2026-06-03_11-47-09/recording_loo/r_52.avi/gnn_fold_diagnostics.csv,train,0.0220912713557481,0.4069261252880096,-0.8709499835968018,1.002351999282837,1.873301982879639,1.0382699966430664,0.039896260946989,0.8881897926330566,1.098544716835022,0.4417435228824615,0.2722282111644745,10000,,,,,,,,,,,,,,,,,16,0.9720378915468852,1
multiclass_table6_arousal_3class,Table-6 Arousal,recording_loo,GNN,BasicGCN_attention,r_52.avi,results/quick_v1_v2_comparison/2026-06-03_09-24-45/model_runs/2026-06-03_11-46-08,results/quick_v1_v2_comparison/2026-06-03_09-24-45/model_runs/2026-06-03_11-46-08/multiclass_table6_arousal_3class_emotion-elicitation_2026-06-03_11-47-09,results/quick_v1_v2_comparison/2026-06-03_09-24-45/model_runs/2026-06-03_11-46-08/multiclass_table6_arousal_3class_emotion-elicitation_2026-06-03_11-47-09/recording_loo/r_52.avi/gnn_fold_diagnostics.csv,val,0.0050008059479296,0.334201455116272,-0.8868403434753418,0.8622500896453857,1.7490904331207275,1.0572423934936523,0.037308145314455,0.9433397650718688,1.0985151529312134,0.4642353653907776,0.2160620838403701,179700,,,,,,,,,,,,,,,,,16,0.9720378915468852,1
multiclass_table6_arousal_3class,Table-6 Arousal,recording_loo,GNN,BasicGCN_attention,r_52.avi,results/quick_v1_v2_comparison/2026-06-03_09-24-45/model_runs/2026-06-03_11-46-08,results/quick_v1_v2_comparison/2026-06-03_09-24-45/model_runs/2026-06-03_11-46-08/multiclass_table6_arousal_3class_emotion-elicitation_2026-06-03_11-47-09,results/quick_v1_v2_comparison/2026-06-03_09-24-45/model_runs/2026-06-03_11-46-08/multiclass_table6_arousal_3class_emotion-elicitation_2026-06-03_11-47-09/recording_loo/r_52.avi/gnn_fold_diagnostics.csv,test,0.0263292007148265,0.3977199196815491,-0.8651610612869263,0.8272320032119751,1.6923930644989014,1.041976809501648,0.0358820743858814,0.957300066947937,1.0976758003234863,0.3724693059921264,0.3316300511360168,43365,,,,,,,,,,,,,,,,,16,0.9720378915468852,1
multiclass_table6_arousal_3class,Table-6 Arousal,recording_loo,GNN,BasicGCN_attention,r_53.avi,results/quick_v1_v2_comparison/2026-06-03_09-24-45/model_runs/2026-06-03_11-46-08,results/quick_v1_v2_comparison/2026-06-03_09-24-45/model_runs/2026-06-03_11-46-08/multiclass_table6_arousal_3class_emotion-elicitation_2026-06-03_11-47-09,results/quick_v1_v2_comparison/2026-06-03_09-24-45/model_runs/2026-06-03_11-46-08/multiclass_table6_arousal_3class_emotion-elicitation_2026-06-03_11-47-09/recording_loo/r_53.avi/gnn_fold_diagnostics.csv,train,0.0077548907138407,0.7015559673309326,-2.631049156188965,2.9510202407836914,5.582069396972656,0.91878479719162,0.1547212302684784,0.2052093148231506,1.0986104011535645,0.5045922994613647,0.1959335058927536,10000,,,,,,,,,,,,,,,,,91,0.6822632551193237,1
multiclass_table6_arousal_3class,Table-6 Arousal,recording_loo,GNN,BasicGCN_attention,r_53.avi,results/quick_v1_v2_comparison/2026-06-03_09-24-45/model_runs/2026-06-03_11-46-08,results/quick_v1_v2_comparison/2026-06-03_09-24-45/model_runs/2026-06-03_11-46-08/multiclass_table6_arousal_3class_emotion-elicitation_2026-06-03_11-47-09,results/quick_v1_v2_comparison/2026-06-03_09-24-45/model_runs/2026-06-03_11-46-08/multiclass_table6_arousal_3class_emotion-elicitation_2026-06-03_11-47-09/recording_loo/r_53.avi/gnn_fold_diagnostics.csv,val,0.0363245904445648,0.7585909366607666,-2.003135919570923,2.9199249744415283,4.923060894012451,0.882897675037384,0.2080303877592086,0.2426465898752212,1.0977938175201416,0.4515585899353027,0.2387358546257019,141778,,,,,,,,,,,,,,,,,91,0.6822632551193237,1
multiclass_table6_arousal_3class,Table-6 Arousal,recording_loo,GNN,BasicGCN_attention,r_53.avi,results/quick_v1_v2_comparison/2026-06-03_09-24-45/model_runs/2026-06-03_11-46-08,results/quick_v1_v2_comparison/2026-06-03_09-24-45/model_runs/2026-06-03_11-46-08/multiclass_table6_arousal_3class_emotion-elicitation_2026-06-03_11-47-09,results/quick_v1_v2_comparison/2026-06-03_09-24-45/model_runs/2026-06-03_11-46-08/multiclass_table6_arousal_3class_emotion-elicitation_2026-06-03_11-47-09/recording_loo/r_53.avi/gnn_fold_diagnostics.csv,test,0.0191539656370878,0.6003782749176025,-2.1399166584014893,1.6251025199890137,3.765019178390503,0.9687222838401794,0.1026400774717331,0.5979181528091431,1.0977718830108645,0.5319275259971619,0.1991330087184906,46056,,,,,,,,,,,,,,,,,91,0.6822632551193237,1
multiclass_table6_arousal_3class,Table-6 Arousal,recording_loo,GNN,BasicGCN_attention,r_55.avi,results/quick_v1_v2_comparison/2026-06-03_09-24-45/model_runs/2026-06-03_11-46-08,results/quick_v1_v2_comparison/2026-06-03_09-24-45/model_runs/2026-06-03_11-46-08/multiclass_table6_arousal_3class_emotion-elicitation_2026-06-03_11-47-09,results/quick_v1_v2_comparison/2026-06-03_09-24-45/model_runs/2026-06-03_11-46-08/multiclass_table6_arousal_3class_emotion-elicitation_2026-06-03_11-47-09/recording_loo/r_55.avi/gnn_fold_diagnostics.csv,train,-0.0767923071980476,0.5050691962242126,-1.309605836868286,0.925592303276062,2.235198140144348,1.0077005624771118,0.0423956550657749,0.8194590210914612,1.0881997346878052,0.3408336341381073,0.4626562595367431,10000,,,,,,,,,,,,,,,,,11,0.958198070526123,1
multiclass_table6_arousal_3class,Table-6 Arousal,recording_loo,GNN,BasicGCN_attention,r_55.avi,results/quick_v1_v2_comparison/2026-06-03_09-24-45/model_runs/2026-06-03_11-46-08,results/quick_v1_v2_comparison/2026-06-03_09-24-45/model_runs/2026-06-03_11-46-08/multiclass_table6_arousal_3class_emotion-elicitation_2026-06-03_11-47-09,results/quick_v1_v2_comparison/2026-06-03_09-24-45/model_runs/2026-06-03_11-46-08/multiclass_table6_arousal_3class_emotion-elicitation_2026-06-03_11-47-09/recording_loo/r_55.avi/gnn_fold_diagnostics.csv,val,-0.0792703479528427,0.4674430787563324,-1.201711893081665,0.8817465305328369,2.083458423614502,1.0185954570770264,0.0375854708254337,0.8874319195747375,1.0849266052246094,0.3373487591743469,0.4729939997196197,121771,,,,,,,,,,,,,,,,,11,0.958198070526123,1
multiclass_table6_arousal_3class,Table-6 Arousal,recording_loo,GNN,BasicGCN_attention,r_55.avi,results/quick_v1_v2_comparison/2026-06-03_09-24-45/model_runs/2026-06-03_11-46-08,results/quick_v1_v2_comparison/2026-06-03_09-24-45/model_runs/2026-06-03_11-46-08/multiclass_table6_arousal_3class_emotion-elicitation_2026-06-03_11-47-09,results/quick_v1_v2_comparison/2026-06-03_09-24-45/model_runs/2026-06-03_11-46-08/multiclass_table6_arousal_3class_emotion-elicitation_2026-06-03_11-47-09/recording_loo/r_55.avi/gnn_fold_diagnostics.csv,test,-0.0512412078678607,0.4523540735244751,-1.0948525667190552,0.9660885334014891,2.0609411001205444,1.019960641860962,0.043408665806055,0.8351125717163086,1.0850846767425537,0.3626715838909149,0.4037240147590637,28920,,,,,,,,,,,,,,,,,11,0.958198070526123,1
multiclass_table6_arousal_3class,Table-6 Arousal,recording_loo,GNN,BasicGCN_attention,r_58.avi,results/quick_v1_v2_comparison/2026-06-03_09-24-45/model_runs/2026-06-03_11-46-08,results/quick_v1_v2_comparison/2026-06-03_09-24-45/model_runs/2026-06-03_11-46-08/multiclass_table6_arousal_3class_emotion-elicitation_2026-06-03_11-47-09,results/quick_v1_v2_comparison/2026-06-03_09-24-45/model_runs/2026-06-03_11-46-08/multiclass_table6_arousal_3class_emotion-elicitation_2026-06-03_11-47-09/recording_loo/r_58.avi/gnn_fold_diagnostics.csv,train,-0.0238890703767538,0.2525347769260406,-0.5273210406303406,0.7296603322029114,1.256981372833252,1.071897029876709,0.0147185921669006,1.0062130689620972,1.094012975692749,0.3842197358608246,0.3578460812568664,10000,,,,,,,,,,,,,,,,,3,1.029286563396454,1
multiclass_table6_arousal_3class,Table-6 Arousal,recording_loo,GNN,BasicGCN_attention,r_58.avi,results/quick_v1_v2_comparison/2026-06-03_09-24-45/model_runs/2026-06-03_11-46-08,results/quick_v1_v2_comparison/2026-06-03_09-24-45/model_runs/2026-06-03_11-46-08/multiclass_table6_arousal_3class_emotion-elicitation_2026-06-03_11-47-09,results/quick_v1_v2_comparison/2026-06-03_09-24-45/model_runs/2026-06-03_11-46-08/multiclass_table6_arousal_3class_emotion-elicitation_2026-06-03_11-47-09/recording_loo/r_58.avi/gnn_fold_diagnostics.csv,val,-0.0677396431565284,0.2302250564098358,-0.5126205086708069,0.6896795630455017,1.2023000717163086,1.0769157409667969,0.0104307327419519,1.0358586311340332,1.0928655862808228,0.3674390614032745,0.3521263599395752,126253,,,,,,,,,,,,,,,,,3,1.029286563396454,1
multiclass_table6_arousal_3class,Table-6 Arousal,recording_loo,GNN,BasicGCN_attention,r_58.avi,results/quick_v1_v2_comparison/2026-06-03_09-24-45/model_runs/2026-06-03_11-46-08,results/quick_v1_v2_comparison/2026-06-03_09-24-45/model_runs/2026-06-03_11-46-08/multiclass_table6_arousal_3class_emotion-elicitation_2026-06-03_11-47-09,results/quick_v1_v2_comparison/2026-06-03_09-24-45/model_runs/2026-06-03_11-46-08/multiclass_table6_arousal_3class_emotion-elicitation_2026-06-03_11-47-09/recording_loo/r_58.avi/gnn_fold_diagnostics.csv,test,-0.0952967032790184,0.2139850705862045,-0.4970042407512665,0.5082266330718994,1.005230873823166,1.0795938968658447,0.0060735354200005,1.0548250675201416,1.09312903881073,0.2877157926559448,0.4855802357196808,19306,,,,,,,,,,,,,,,,,3,1.029286563396454,1
multiclass_table6_arousal_3class,Table-6 Arousal,recording_loo,GNN,BasicGCN_attention,r_69.avi,results/quick_v1_v2_comparison/2026-06-03_09-24-45/model_runs/2026-06-03_11-46-08,results/quick_v1_v2_comparison/2026-06-03_09-24-45/model_runs/2026-06-03_11-46-08/multiclass_table6_arousal_3class_emotion-elicitation_2026-06-03_11-47-09,results/quick_v1_v2_comparison/2026-06-03_09-24-45/model_runs/2026-06-03_11-46-08/multiclass_table6_arousal_3class_emotion-elicitation_2026-06-03_11-47-09/recording_loo/r_69.avi/gnn_fold_diagnostics.csv,train,-0.0588847436010837,0.217428371310234,-0.8353410959243774,0.5022174715995789,1.3375585675239563,1.0796419382095337,0.0144965071231126,1.0053861141204834,1.0986114740371704,0.386027991771698,0.3199728727340698,10000,,,,,,,,,,,,,,,,,1,1.1997104287147522,1
multiclass_table6_arousal_3class,Table-6 Arousal,recording_loo,GNN,BasicGCN_attention,r_69.avi,results/quick_v1_v2_comparison/2026-06-03_09-24-45/model_runs/2026-06-03_11-46-08,results/quick_v1_v2_comparison/2026-06-03_09-24-45/model_runs/2026-06-03_11-46-08/multiclass_table6_arousal_3class_emotion-elicitation_2026-06-03_11-47-09,results/quick_v1_v2_comparison/2026-06-03_09-24-45/model_runs/2026-06-03_11-46-08/multiclass_table6_arousal_3class_emotion-elicitation_2026-06-03_11-47-09/recording_loo/r_69.avi/gnn_fold_diagnostics.csv,val,-0.0693915411829948,0.2195204943418502,-0.7533307671546936,0.3549204170703888,1.1082511842250824,1.0789638757705688,0.0133213708177208,1.01723313331604,1.0985934734344482,0.4269813895225525,0.3052105903625488,109746,,,,,,,,,,,,,,,,,1,1.1997104287147522,1
multiclass_table6_arousal_3class,Table-6 Arousal,recording_loo,GNN,BasicGCN_attention,r_69.avi,results/quick_v1_v2_comparison/2026-06-03_09-24-45/model_runs/2026-06-03_11-46-08,results/quick_v1_v2_comparison/2026-06-03_09-24-45/model_runs/2026-06-03_11-46-08/multiclass_table6_arousal_3class_emotion-elicitation_2026-06-03_11-47-09,results/quick_v1_v2_comparison/2026-06-03_09-24-45/model_runs/2026-06-03_11-46-08/multiclass_table6_arousal_3class_emotion-elicitation_2026-06-03_11-47-09/recording_loo/r_69.avi/gnn_fold_diagnostics.csv,test,-0.0371145270764827,0.2176246494054794,-0.8266613483428955,0.3919892907142639,1.2186506390571594,1.079623818397522,0.0155908409506082,0.9967779517173768,1.0984995365142822,0.4090141654014587,0.3589464426040649,22791,,,,,,,,,,,,,,,,,1,1.1997104287147522,1
multiclass_table6_arousal_3class,Table-6 Arousal,recording_loo,GNN,BasicGCN_attention,r_73.avi,results/quick_v1_v2_comparison/2026-06-03_09-24-45/model_runs/2026-06-03_11-46-08,results/quick_v1_v2_comparison/2026-06-03_09-24-45/model_runs/2026-06-03_11-46-08/multiclass_table6_arousal_3class_emotion-elicitation_2026-06-03_11-47-09,results/quick_v1_v2_comparison/2026-06-03_09-24-45/model_runs/2026-06-03_11-46-08/multiclass_table6_arousal_3class_emotion-elicitation_2026-06-03_11-47-09/recording_loo/r_73.avi/gnn_fold_diagnostics.csv,train,0.0785475671291351,0.9341940879821776,-2.860267162322998,4.060518264770508,6.920785427093506,0.8449816703796387,0.1857572644948959,0.0601832382380962,1.0984165668487549,0.4908324778079986,0.1850474923849105,10000,,,,,,,,,,,,,,,,,183,0.816169798374176,1
multiclass_table6_arousal_3class,Table-6 Arousal,recording_loo,GNN,BasicGCN_attention,r_73.avi,results/quick_v1_v2_comparison/2026-06-03_09-24-45/model_runs/2026-06-03_11-46-08,results/quick_v1_v2_comparison/2026-06-03_09-24-45/model_runs/2026-06-03_11-46-08/multiclass_table6_arousal_3class_emotion-elicitation_2026-06-03_11-47-09,results/quick_v1_v2_comparison/2026-06-03_09-24-45/model_runs/2026-06-03_11-46-08/multiclass_table6_arousal_3class_emotion-elicitation_2026-06-03_11-47-09/recording_loo/r_73.avi/gnn_fold_diagnostics.csv,val,0.101482056081295,1.0610408782958984,-2.722289085388184,3.7835209369659424,6.505810022354126,0.7709393501281738,0.2362935841083526,0.0767192244529724,1.0980632305145264,0.4385020434856415,0.2463723123073578,154290,,,,,,,,,,,,,,,,,183,0.816169798374176,1
multiclass_table6_arousal_3class,Table-6 Arousal,recording_loo,GNN,BasicGCN_attention,r_73.avi,results/quick_v1_v2_comparison/2026-06-03_09-24-45/model_runs/2026-06-03_11-46-08,results/quick_v1_v2_comparison/2026-06-03_09-24-45/model_runs/2026-06-03_11-46-08/multiclass_table6_arousal_3class_emotion-elicitation_2026-06-03_11-47-09,results/quick_v1_v2_comparison/2026-06-03_09-24-45/model_runs/2026-06-03_11-46-08/multiclass_table6_arousal_3class_emotion-elicitation_2026-06-03_11-47-09/recording_loo/r_73.avi/gnn_fold_diagnostics.csv,test,0.0726064294576644,0.8379615545272827,-2.5723226070404053,2.135206937789917,4.707529544830322,0.8926476836204529,0.1424680799245834,0.4468912780284881,1.0969269275665283,0.4873377084732055,0.2054121494293213,29646,,,,,,,,,,,,,,,,,183,0.816169798374176,1
multiclass_table6_arousal_3class,Table-6 Arousal,recording_loo,GNN,BasicGCN_attention,r_79.avi,results/quick_v1_v2_comparison/2026-06-03_09-24-45/model_runs/2026-06-03_11-46-08,results/quick_v1_v2_comparison/2026-06-03_09-24-45/model_runs/2026-06-03_11-46-08/multiclass_table6_arousal_3class_emotion-elicitation_2026-06-03_11-47-09,results/quick_v1_v2_comparison/2026-06-03_09-24-45/model_runs/2026-06-03_11-46-08/multiclass_table6_arousal_3class_emotion-elicitation_2026-06-03_11-47-09/recording_loo/r_79.avi/gnn_fold_diagnostics.csv,train,0.1300067454576492,0.9122883677482604,-3.477062940597534,4.230635166168213,7.707698106765747,0.8607783913612366,0.2033937871456146,0.0594241246581077,1.0983645915985107,0.4736732840538025,0.1620098799467086,10000,,,,,,,,,,,,,,,,,209,0.5822352468967438,1
multiclass_table6_arousal_3class,Table-6 Arousal,recording_loo,GNN,BasicGCN_attention,r_79.avi,results/quick_v1_v2_comparison/2026-06-03_09-24-45/model_runs/2026-06-03_11-46-08,results/quick_v1_v2_comparison/2026-06-03_09-24-45/model_runs/2026-06-03_11-46-08/multiclass_table6_arousal_3class_emotion-elicitation_2026-06-03_11-47-09,results/quick_v1_v2_comparison/2026-06-03_09-24-45/model_runs/2026-06-03_11-46-08/multiclass_table6_arousal_3class_emotion-elicitation_2026-06-03_11-47-09/recording_loo/r_79.avi/gnn_fold_diagnostics.csv,val,0.2617039084434509,1.2375022172927856,-2.7614691257476807,4.153294086456299,6.91476321220398,0.6782457232475281,0.3044769167900085,0.0815751850605011,1.097548007965088,0.4353874325752258,0.2595151364803314,134421,,,,,,,,,,,,,,,,,209,0.5822352468967438,1
multiclass_table6_arousal_3class,Table-6 Arousal,recording_loo,GNN,BasicGCN_attention,r_79.avi,results/quick_v1_v2_comparison/2026-06-03_09-24-45/model_runs/2026-06-03_11-46-08,results/quick_v1_v2_comparison/2026-06-03_09-24-45/model_runs/2026-06-03_11-46-08/multiclass_table6_arousal_3class_emotion-elicitation_2026-06-03_11-47-09,results/quick_v1_v2_comparison/2026-06-03_09-24-45/model_runs/2026-06-03_11-46-08/multiclass_table6_arousal_3class_emotion-elicitation_2026-06-03_11-47-09/recording_loo/r_79.avi/gnn_fold_diagnostics.csv,test,0.1048126444220542,0.7114065885543823,-2.227675676345825,2.7443222999572754,4.971997976303101,0.9178345203399658,0.1589002758264541,0.3247865438461303,1.0983920097351074,0.4234033524990082,0.1939415037631988,13203,,,,,,,,,,,,,,,,,209,0.5822352468967438,1
multiclass_table6_arousal_3class,Table-6 Arousal,recording_loo,GNN,BasicGCN_attention,r_80.avi,results/quick_v1_v2_comparison/2026-06-03_09-24-45/model_runs/2026-06-03_11-46-08,results/quick_v1_v2_comparison/2026-06-03_09-24-45/model_runs/2026-06-03_11-46-08/multiclass_table6_arousal_3class_emotion-elicitation_2026-06-03_11-47-09,results/quick_v1_v2_comparison/2026-06-03_09-24-45/model_runs/2026-06-03_11-46-08/multiclass_table6_arousal_3class_emotion-elicitation_2026-06-03_11-47-09/recording_loo/r_80.avi/gnn_fold_diagnostics.csv,train,0.0896007493138313,0.3591676354408264,-0.7507080435752869,0.8700056672096252,1.620713710784912,1.041885495185852,0.029175017029047,0.9616316556930542,1.098491907119751,0.3569222688674927,0.4209108054637909,10000,,,,,,,,,,,,,,,,,10,0.8971062699953715,1
multiclass_table6_arousal_3class,Table-6 Arousal,recording_loo,GNN,BasicGCN_attention,r_80.avi,results/quick_v1_v2_comparison/2026-06-03_09-24-45/model_runs/2026-06-03_11-46-08,results/quick_v1_v2_comparison/2026-06-03_09-24-45/model_runs/2026-06-03_11-46-08/multiclass_table6_arousal_3class_emotion-elicitation_2026-06-03_11-47-09,results/quick_v1_v2_comparison/2026-06-03_09-24-45/model_runs/2026-06-03_11-46-08/multiclass_table6_arousal_3class_emotion-elicitation_2026-06-03_11-47-09/recording_loo/r_80.avi/gnn_fold_diagnostics.csv,val,0.0937291383743286,0.3651050627231598,-0.7134960293769836,0.8303856253623962,1.54388165473938,1.0411752462387085,0.0321612246334552,0.9649899005889891,1.096100687980652,0.3511933982372284,0.4347829520702362,148240,,,,,,,,,,,,,,,,,10,0.8971062699953715,1
multiclass_table6_arousal_3class,Table-6 Arousal,recording_loo,GNN,BasicGCN_attention,r_80.avi,results/quick_v1_v2_comparison/2026-06-03_09-24-45/model_runs/2026-06-03_11-46-08,results/quick_v1_v2_comparison/2026-06-03_09-24-45/model_runs/2026-06-03_11-46-08/multiclass_table6_arousal_3class_emotion-elicitation_2026-06-03_11-47-09,results/quick_v1_v2_comparison/2026-06-03_09-24-45/model_runs/2026-06-03_11-46-08/multiclass_table6_arousal_3class_emotion-elicitation_2026-06-03_11-47-09/recording_loo/r_80.avi/gnn_fold_diagnostics.csv,test,0.0976973250508308,0.3868980705738067,-0.7031953930854797,0.8292276859283447,1.5324230790138245,1.034806489944458,0.0255735218524932,0.9721784591674804,1.090311050415039,0.2695485353469848,0.5510859489440918,38781,,,,,,,,,,,,,,,,,10,0.8971062699953715,1
multiclass_table6_arousal_3class,Table-6 Arousal,recording_loo,GNN,BasicGCN_attention,r_90.avi,results/quick_v1_v2_comparison/2026-06-03_09-24-45/model_runs/2026-06-03_11-46-08,results/quick_v1_v2_comparison/2026-06-03_09-24-45/model_runs/2026-06-03_11-46-08/multiclass_table6_arousal_3class_emotion-elicitation_2026-06-03_11-47-09,results/quick_v1_v2_comparison/2026-06-03_09-24-45/model_runs/2026-06-03_11-46-08/multiclass_table6_arousal_3class_emotion-elicitation_2026-06-03_11-47-09/recording_loo/r_90.avi/gnn_fold_diagnostics.csv,train,0.0610490664839744,0.2888428270816803,-0.5613499283790588,0.7345184087753296,1.2958683371543884,1.0632683038711548,0.0148823289200663,1.0114123821258545,1.0985463857650757,0.3983213901519775,0.2954286634922027,10000,,,,,,,,,,,,,,,,,4,1.073944091796875,1
multiclass_table6_arousal_3class,Table-6 Arousal,recording_loo,GNN,BasicGCN_attention,r_90.avi,results/quick_v1_v2_comparison/2026-06-03_09-24-45/model_runs/2026-06-03_11-46-08,results/quick_v1_v2_comparison/2026-06-03_09-24-45/model_runs/2026-06-03_11-46-08/multiclass_table6_arousal_3class_emotion-elicitation_2026-06-03_11-47-09,results/quick_v1_v2_comparison/2026-06-03_09-24-45/model_runs/2026-06-03_11-46-08/multiclass_table6_arousal_3class_emotion-elicitation_2026-06-03_11-47-09/recording_loo/r_90.avi/gnn_fold_diagnostics.csv,val,0.0289477501064538,0.2880387604236603,-0.5238190293312073,0.6931430101394653,1.2169620394706726,1.0629093647003174,0.0142615512013435,1.017045497894287,1.0979328155517578,0.4254944324493408,0.2790487706661224,122760,,,,,,,,,,,,,,,,,4,1.073944091796875,1
multiclass_table6_arousal_3class,Table-6 Arousal,recording_loo,GNN,BasicGCN_attention,r_90.avi,results/quick_v1_v2_comparison/2026-06-03_09-24-45/model_runs/2026-06-03_11-46-08,results/quick_v1_v2_comparison/2026-06-03_09-24-45/model_runs/2026-06-03_11-46-08/multiclass_table6_arousal_3class_emotion-elicitation_2026-06-03_11-47-09,results/quick_v1_v2_comparison/2026-06-03_09-24-45/model_runs/2026-06-03_11-46-08/multiclass_table6_arousal_3class_emotion-elicitation_2026-06-03_11-47-09/recording_loo/r_90.avi/gnn_fold_diagnostics.csv,test,0.0769336596131324,0.2905384600162506,-0.4138093888759613,0.7457906007766724,1.1595999896526337,1.061560034751892,0.0129977650940418,1.0124619007110596,1.0974056720733645,0.3914119899272918,0.3071443736553192,32640,,,,,,,,,,,,,,,,,4,1.073944091796875,1
multiclass_table6_arousal_3class,Table-6 Arousal,recording_loo,GNN,BasicGCN_attention,r_cats_f.avi,results/quick_v1_v2_comparison/2026-06-03_09-24-45/model_runs/2026-06-03_11-46-08,results/quick_v1_v2_comparison/2026-06-03_09-24-45/model_runs/2026-06-03_11-46-08/multiclass_table6_arousal_3class_emotion-elicitation_2026-06-03_11-47-09,results/quick_v1_v2_comparison/2026-06-03_09-24-45/model_runs/2026-06-03_11-46-08/multiclass_table6_arousal_3class_emotion-elicitation_2026-06-03_11-47-09/recording_loo/r_cats_f.avi/gnn_fold_diagnostics.csv,train,0.0215662736445665,0.1929457336664199,-0.5651096105575562,0.4787020683288574,1.0438116788864136,1.0811787843704224,0.0094393966719508,1.03550922870636,1.098371982574463,0.3720759749412536,0.356870174407959,10000,,,,,,,,,,,,,,,,,1,1.1304813027381897,1
multiclass_table6_arousal_3class,Table-6 Arousal,recording_loo,GNN,BasicGCN_attention,r_cats_f.avi,results/quick_v1_v2_comparison/2026-06-03_09-24-45/model_runs/2026-06-03_11-46-08,results/quick_v1_v2_comparison/2026-06-03_09-24-45/model_runs/2026-06-03_11-46-08/multiclass_table6_arousal_3class_emotion-elicitation_2026-06-03_11-47-09,results/quick_v1_v2_comparison/2026-06-03_09-24-45/model_runs/2026-06-03_11-46-08/multiclass_table6_arousal_3class_emotion-elicitation_2026-06-03_11-47-09/recording_loo/r_cats_f.avi/gnn_fold_diagnostics.csv,val,0.0354258194565773,0.1889967918395996,-0.4063598215579986,0.415396124124527,0.8217559456825256,1.0820232629776,0.0088282357901334,1.0513612031936646,1.0971944332122805,0.3969978988170624,0.3664453327655792,67528,,,,,,,,,,,,,,,,,1,1.1304813027381897,1
multiclass_table6_arousal_3class,Table-6 Arousal,recording_loo,GNN,BasicGCN_attention,r_cats_f.avi,results/quick_v1_v2_comparison/2026-06-03_09-24-45/model_runs/2026-06-03_11-46-08,results/quick_v1_v2_comparison/2026-06-03_09-24-45/model_runs/2026-06-03_11-46-08/multiclass_table6_arousal_3class_emotion-elicitation_2026-06-03_11-47-09,results/quick_v1_v2_comparison/2026-06-03_09-24-45/model_runs/2026-06-03_11-46-08/multiclass_table6_arousal_3class_emotion-elicitation_2026-06-03_11-47-09/recording_loo/r_cats_f.avi/gnn_fold_diagnostics.csv,test,0.0138412546366453,0.1922476440668106,-0.4215705096721649,0.4135648906230926,0.8351354002952576,1.0810564756393433,0.0087452037259936,1.0542340278625488,1.0961081981658936,0.3122829496860504,0.4237764179706573,42486,,,,,,,,,,,,,,,,,1,1.1304813027381897,1
multiclass_table6_arousal_3class,Table-6 Arousal,recording_loo,GNN,BasicGCN_attention,r_dallas_f.avi,results/quick_v1_v2_comparison/2026-06-03_09-24-45/model_runs/2026-06-03_11-46-08,results/quick_v1_v2_comparison/2026-06-03_09-24-45/model_runs/2026-06-03_11-46-08/multiclass_table6_arousal_3class_emotion-elicitation_2026-06-03_11-47-09,results/quick_v1_v2_comparison/2026-06-03_09-24-45/model_runs/2026-06-03_11-46-08/multiclass_table6_arousal_3class_emotion-elicitation_2026-06-03_11-47-09/recording_loo/r_dallas_f.avi/gnn_fold_diagnostics.csv,train,-0.016588307917118,0.1148439571261406,-0.3567940592765808,0.3983021974563598,0.7550962567329407,1.093188762664795,0.0045567979104816,1.065612554550171,1.0986108779907229,0.4111093282699585,0.3003931045532226,10000,,,,,,,,,,,,,,,,,1,1.0947559475898745,1
multiclass_table6_arousal_3class,Table-6 Arousal,recording_loo,GNN,BasicGCN_attention,r_dallas_f.avi,results/quick_v1_v2_comparison/2026-06-03_09-24-45/model_runs/2026-06-03_11-46-08,results/quick_v1_v2_comparison/2026-06-03_09-24-45/model_runs/2026-06-03_11-46-08/multiclass_table6_arousal_3class_emotion-elicitation_2026-06-03_11-47-09,results/quick_v1_v2_comparison/2026-06-03_09-24-45/model_runs/2026-06-03_11-46-08/multiclass_table6_arousal_3class_emotion-elicitation_2026-06-03_11-47-09/recording_loo/r_dallas_f.avi/gnn_fold_diagnostics.csv,val,-0.0128981275483965,0.1171346604824066,-0.3647122383117676,0.3426277637481689,0.7073400020599365,1.0928975343704224,0.0045186332426965,1.0733311176300049,1.098604440689087,0.4192632138729095,0.2814761698246002,117370,,,,,,,,,,,,,,,,,1,1.0947559475898745,1
multiclass_table6_arousal_3class,Table-6 Arousal,recording_loo,GNN,BasicGCN_attention,r_dallas_f.avi,results/quick_v1_v2_comparison/2026-06-03_09-24-45/model_runs/2026-06-03_11-46-08,results/quick_v1_v2_comparison/2026-06-03_09-24-45/model_runs/2026-06-03_11-46-08/multiclass_table6_arousal_3class_emotion-elicitation_2026-06-03_11-47-09,results/quick_v1_v2_comparison/2026-06-03_09-24-45/model_runs/2026-06-03_11-46-08/multiclass_table6_arousal_3class_emotion-elicitation_2026-06-03_11-47-09/recording_loo/r_dallas_f.avi/gnn_fold_diagnostics.csv,test,-0.0384172536432743,0.0910737439990043,-0.2933734059333801,0.3937905430793762,0.6871639490127563,1.0953019857406616,0.0036090440116822,1.0615066289901731,1.09861159324646,0.2948497831821441,0.4553641378879547,34716,,,,,,,,,,,,,,,,,1,1.0947559475898745,1
multiclass_table6_arousal_3class,Table-6 Arousal,recording_loo,GNN,BasicGCN_attention,r_detroit_f.avi,results/quick_v1_v2_comparison/2026-06-03_09-24-45/model_runs/2026-06-03_11-46-08,results/quick_v1_v2_comparison/2026-06-03_09-24-45/model_runs/2026-06-03_11-46-08/multiclass_table6_arousal_3class_emotion-elicitation_2026-06-03_11-47-09,results/quick_v1_v2_comparison/2026-06-03_09-24-45/model_runs/2026-06-03_11-46-08/multiclass_table6_arousal_3class_emotion-elicitation_2026-06-03_11-47-09/recording_loo/r_detroit_f.avi/gnn_fold_diagnostics.csv,train,0.1158354729413986,0.5705113410949707,-1.6298195123672483,1.9533817768096924,3.583201289176941,0.9712692499160768,0.1125455275177955,0.3952595591545105,1.0985369682312012,0.4659707248210907,0.2781501710414886,10000,,,,,,,,,,,,,,,,,64,0.8643318116664886,1
multiclass_table6_arousal_3class,Table-6 Arousal,recording_loo,GNN,BasicGCN_attention,r_detroit_f.avi,results/quick_v1_v2_comparison/2026-06-03_09-24-45/model_runs/2026-06-03_11-46-08,results/quick_v1_v2_comparison/2026-06-03_09-24-45/model_runs/2026-06-03_11-46-08/multiclass_table6_arousal_3class_emotion-elicitation_2026-06-03_11-47-09,results/quick_v1_v2_comparison/2026-06-03_09-24-45/model_runs/2026-06-03_11-46-08/multiclass_table6_arousal_3class_emotion-elicitation_2026-06-03_11-47-09/recording_loo/r_detroit_f.avi/gnn_fold_diagnostics.csv,val,0.1418667584657669,0.5933303236961365,-1.51496160030365,1.7657318115234375,3.2806934118270874,0.9689569473266602,0.0899236351251602,0.6063627600669861,1.0966814756393433,0.446101427078247,0.3267474174499511,121278,,,,,,,,,,,,,,,,,64,0.8643318116664886,1
multiclass_table6_arousal_3class,Table-6 Arousal,recording_loo,GNN,BasicGCN_attention,r_detroit_f.avi,results/quick_v1_v2_comparison/2026-06-03_09-24-45/model_runs/2026-06-03_11-46-08,results/quick_v1_v2_comparison/2026-06-03_09-24-45/model_runs/2026-06-03_11-46-08/multiclass_table6_arousal_3class_emotion-elicitation_2026-06-03_11-47-09,results/quick_v1_v2_comparison/2026-06-03_09-24-45/model_runs/2026-06-03_11-46-08/multiclass_table6_arousal_3class_emotion-elicitation_2026-06-03_11-47-09/recording_loo/r_detroit_f.avi/gnn_fold_diagnostics.csv,test,0.0906762853264808,0.768257200717926,-1.4812229871749878,1.82832932472229,3.309552311897278,0.8562861084938049,0.1660339385271072,0.4493303298950195,1.0933793783187866,0.3477386236190796,0.4973865151405334,34191,,,,,,,,,,,,,,,,,64,0.8643318116664886,1
multiclass_table6_arousal_3class,Table-6 Arousal,recording_loo,GNN,BasicGCN_attention,r_earworm_f.avi,results/quick_v1_v2_comparison/2026-06-03_09-24-45/model_runs/2026-06-03_11-46-08,results/quick_v1_v2_comparison/2026-06-03_09-24-45/model_runs/2026-06-03_11-46-08/multiclass_table6_arousal_3class_emotion-elicitation_2026-06-03_11-47-09,results/quick_v1_v2_comparison/2026-06-03_09-24-45/model_runs/2026-06-03_11-46-08/multiclass_table6_arousal_3class_emotion-elicitation_2026-06-03_11-47-09/recording_loo/r_earworm_f.avi/gnn_fold_diagnostics.csv,train,-0.1247090697288513,0.3793175518512726,-1.228529453277588,0.6122272610664368,1.8407567143440249,1.0434046983718872,0.0283312276005744,0.9389347434043884,1.0937681198120115,0.3796300292015075,0.3976983428001404,10000,,,,,,,,,,,,,,,,,8,0.9458069403966268,1
multiclass_table6_arousal_3class,Table-6 Arousal,recording_loo,GNN,BasicGCN_attention,r_earworm_f.avi,results/quick_v1_v2_comparison/2026-06-03_09-24-45/model_runs/2026-06-03_11-46-08,results/quick_v1_v2_comparison/2026-06-03_09-24-45/model_runs/2026-06-03_11-46-08/multiclass_table6_arousal_3class_emotion-elicitation_2026-06-03_11-47-09,results/quick_v1_v2_comparison/2026-06-03_09-24-45/model_runs/2026-06-03_11-46-08/multiclass_table6_arousal_3class_emotion-elicitation_2026-06-03_11-47-09/recording_loo/r_earworm_f.avi/gnn_fold_diagnostics.csv,val,-0.113794058561325,0.3576623499393463,-1.1182090044021606,0.5039976239204407,1.622206628322601,1.0486799478530884,0.0259184595197439,0.9594739675521852,1.091022253036499,0.3549197316169739,0.4213981628417969,195625,,,,,,,,,,,,,,,,,8,0.9458069403966268,1
multiclass_table6_arousal_3class,Table-6 Arousal,recording_loo,GNN,BasicGCN_attention,r_earworm_f.avi,results/quick_v1_v2_comparison/2026-06-03_09-24-45/model_runs/2026-06-03_11-46-08,results/quick_v1_v2_comparison/2026-06-03_09-24-45/model_runs/2026-06-03_11-46-08/multiclass_table6_arousal_3class_emotion-elicitation_2026-06-03_11-47-09,results/quick_v1_v2_comparison/2026-06-03_09-24-45/model_runs/2026-06-03_11-46-08/multiclass_table6_arousal_3class_emotion-elicitation_2026-06-03_11-47-09/recording_loo/r_earworm_f.avi/gnn_fold_diagnostics.csv,test,-0.113911472260952,0.3696306645870209,-1.1198670864105225,0.4509244561195373,1.5707915425300598,1.046464920043945,0.0261709615588188,0.9724274277687072,1.0890040397644043,0.377664715051651,0.4090231359004974,18336,,,,,,,,,,,,,,,,,8,0.9458069403966268,1
multiclass_table6_arousal_3class,Table-6 Arousal,recording_loo,GNN,BasicGCN_attention,r_funny_f.avi,results/quick_v1_v2_comparison/2026-06-03_09-24-45/model_runs/2026-06-03_11-46-08,results/quick_v1_v2_comparison/2026-06-03_09-24-45/model_runs/2026-06-03_11-46-08/multiclass_table6_arousal_3class_emotion-elicitation_2026-06-03_11-47-09,results/quick_v1_v2_comparison/2026-06-03_09-24-45/model_runs/2026-06-03_11-46-08/multiclass_table6_arousal_3class_emotion-elicitation_2026-06-03_11-47-09/recording_loo/r_funny_f.avi/gnn_fold_diagnostics.csv,train,-0.0515060797333717,0.668129563331604,-2.205890893936157,2.2598302364349365,4.465721130371094,0.9225536584854126,0.1480498164892196,0.2642114758491516,1.0986077785491943,0.4455694854259491,0.273735374212265,10000,,,,,,,,,,,,,,,,,61,0.9657007455825806,1
multiclass_table6_arousal_3class,Table-6 Arousal,recording_loo,GNN,BasicGCN_attention,r_funny_f.avi,results/quick_v1_v2_comparison/2026-06-03_09-24-45/model_runs/2026-06-03_11-46-08,results/quick_v1_v2_comparison/2026-06-03_09-24-45/model_runs/2026-06-03_11-46-08/multiclass_table6_arousal_3class_emotion-elicitation_2026-06-03_11-47-09,results/quick_v1_v2_comparison/2026-06-03_09-24-45/model_runs/2026-06-03_11-46-08/multiclass_table6_arousal_3class_emotion-elicitation_2026-06-03_11-47-09/recording_loo/r_funny_f.avi/gnn_fold_diagnostics.csv,val,-0.0558785684406757,0.5995025038719177,-2.0259692668914795,1.5596251487731934,3.585594415664673,0.9625937938690186,0.0899247005581855,0.5611741542816162,1.097511649131775,0.4449630379676819,0.2916540503501892,127765,,,,,,,,,,,,,,,,,61,0.9657007455825806,1
multiclass_table6_arousal_3class,Table-6 Arousal,recording_loo,GNN,BasicGCN_attention,r_funny_f.avi,results/quick_v1_v2_comparison/2026-06-03_09-24-45/model_runs/2026-06-03_11-46-08,results/quick_v1_v2_comparison/2026-06-03_09-24-45/model_runs/2026-06-03_11-46-08/multiclass_table6_arousal_3class_emotion-elicitation_2026-06-03_11-47-09,results/quick_v1_v2_comparison/2026-06-03_09-24-45/model_runs/2026-06-03_11-46-08/multiclass_table6_arousal_3class_emotion-elicitation_2026-06-03_11-47-09/recording_loo/r_funny_f.avi/gnn_fold_diagnostics.csv,test,-0.0766841247677803,0.6235620975494385,-1.6330896615982056,1.671976089477539,3.3050657510757446,0.9456137418746948,0.1126061007380485,0.5465227365493774,1.0980427265167236,0.4198155999183655,0.324089378118515,34980,,,,,,,,,,,,,,,,,61,0.9657007455825806,1
multiclass_table6_arousal_3class,Table-6 Arousal,recording_loo,GNN,BasicGCN_attention,r_newyork_f.avi,results/quick_v1_v2_comparison/2026-06-03_09-24-45/model_runs/2026-06-03_11-46-08,results/quick_v1_v2_comparison/2026-06-03_09-24-45/model_runs/2026-06-03_11-46-08/multiclass_table6_arousal_3class_emotion-elicitation_2026-06-03_11-47-09,results/quick_v1_v2_comparison/2026-06-03_09-24-45/model_runs/2026-06-03_11-46-08/multiclass_table6_arousal_3class_emotion-elicitation_2026-06-03_11-47-09/recording_loo/r_newyork_f.avi/gnn_fold_diagnostics.csv,train,0.0031561153009533,0.1489505022764206,-0.3706050217151642,0.5480444431304932,0.9186494648456572,1.0887881517410278,0.0074773430824279,1.048601508140564,1.098610758781433,0.3564822077751159,0.3562288582324981,10000,,,,,,,,,,,,,,,,,1,1.106582760810852,1
multiclass_table6_arousal_3class,Table-6 Arousal,recording_loo,GNN,BasicGCN_attention,r_newyork_f.avi,results/quick_v1_v2_comparison/2026-06-03_09-24-45/model_runs/2026-06-03_11-46-08,results/quick_v1_v2_comparison/2026-06-03_09-24-45/model_runs/2026-06-03_11-46-08/multiclass_table6_arousal_3class_emotion-elicitation_2026-06-03_11-47-09,results/quick_v1_v2_comparison/2026-06-03_09-24-45/model_runs/2026-06-03_11-46-08/multiclass_table6_arousal_3class_emotion-elicitation_2026-06-03_11-47-09/recording_loo/r_newyork_f.avi/gnn_fold_diagnostics.csv,val,0.0029173314105719,0.1361619681119918,-0.3003516495227813,0.4056854546070099,0.7060371041297913,1.0910356044769287,0.0065758912824094,1.05939781665802,1.0985825061798096,0.3443112373352051,0.3410233855247497,95703,,,,,,,,,,,,,,,,,1,1.106582760810852,1
multiclass_table6_arousal_3class,Table-6 Arousal,recording_loo,GNN,BasicGCN_attention,r_newyork_f.avi,results/quick_v1_v2_comparison/2026-06-03_09-24-45/model_runs/2026-06-03_11-46-08,results/quick_v1_v2_comparison/2026-06-03_09-24-45/model_runs/2026-06-03_11-46-08/multiclass_table6_arousal_3class_emotion-elicitation_2026-06-03_11-47-09,results/quick_v1_v2_comparison/2026-06-03_09-24-45/model_runs/2026-06-03_11-46-08/multiclass_table6_arousal_3class_emotion-elicitation_2026-06-03_11-47-09/recording_loo/r_newyork_f.avi/gnn_fold_diagnostics.csv,test,-0.0174542795866727,0.1432171165943145,-0.3536184728145599,0.5319703817367554,0.8855888545513153,1.0902100801467896,0.0080531323328614,1.0623847246170044,1.0985519886016846,0.2892720103263855,0.4552420973777771,32385,,,,,,,,,,,,,,,,,1,1.106582760810852,1
multiclass_table6_valence_3class,Table-6 Valence,subject_loo,GNN,BasicGCN_attention,s_P1,results/quick_v1_v2_comparison/2026-06-03_09-24-45/model_runs/2026-06-03_11-46-08,results/quick_v1_v2_comparison/2026-06-03_09-24-45/model_runs/2026-06-03_11-46-08/multiclass_table6_valence_3class_emotion-elicitation_2026-06-03_12-50-01,results/quick_v1_v2_comparison/2026-06-03_09-24-45/model_runs/2026-06-03_11-46-08/multiclass_table6_valence_3class_emotion-elicitation_2026-06-03_12-50-01/subject_loo/s_P1/gnn_fold_diagnostics.csv,train,-0.0212361495941877,0.7601392269134521,-2.225959539413452,3.500344038009644,5.726303577423096,0.8936358690261841,0.1901968270540237,0.0971420258283615,1.0985777378082275,0.4530019164085388,0.2842436134815216,10000,,,,,,,,,,,,,,,,,56,1.0387197732925415,1
multiclass_table6_valence_3class,Table-6 Valence,subject_loo,GNN,BasicGCN_attention,s_P1,results/quick_v1_v2_comparison/2026-06-03_09-24-45/model_runs/2026-06-03_11-46-08,results/quick_v1_v2_comparison/2026-06-03_09-24-45/model_runs/2026-06-03_11-46-08/multiclass_table6_valence_3class_emotion-elicitation_2026-06-03_12-50-01,results/quick_v1_v2_comparison/2026-06-03_09-24-45/model_runs/2026-06-03_11-46-08/multiclass_table6_valence_3class_emotion-elicitation_2026-06-03_12-50-01/subject_loo/s_P1/gnn_fold_diagnostics.csv,val,-0.0013277755351737,0.8720675110816956,-1.8089481592178345,3.262301445007324,5.071249604225159,0.8423608541488647,0.1895285099744796,0.1261296868324279,1.098602294921875,0.4271023869514465,0.3316791653633117,114960,,,,,,,,,,,,,,,,,56,1.0387197732925415,1
multiclass_table6_valence_3class,Table-6 Valence,subject_loo,GNN,BasicGCN_attention,s_P1,results/quick_v1_v2_comparison/2026-06-03_09-24-45/model_runs/2026-06-03_11-46-08,results/quick_v1_v2_comparison/2026-06-03_09-24-45/model_runs/2026-06-03_11-46-08/multiclass_table6_valence_3class_emotion-elicitation_2026-06-03_12-50-01,results/quick_v1_v2_comparison/2026-06-03_09-24-45/model_runs/2026-06-03_11-46-08/multiclass_table6_valence_3class_emotion-elicitation_2026-06-03_12-50-01/subject_loo/s_P1/gnn_fold_diagnostics.csv,test,-0.1579519957304,0.6239631175994873,-2.037542819976806,2.353577136993408,4.391119956970215,0.957858681678772,0.155507892370224,0.2979449033737182,1.0966556072235107,0.2495225518941879,0.6406686305999756,28680,,,,,,,,,,,,,,,,,56,1.0387197732925415,1
multiclass_table6_valence_3class,Table-6 Valence,subject_loo,GNN,BasicGCN_attention,s_P10,results/quick_v1_v2_comparison/2026-06-03_09-24-45/model_runs/2026-06-03_11-46-08,results/quick_v1_v2_comparison/2026-06-03_09-24-45/model_runs/2026-06-03_11-46-08/multiclass_table6_valence_3class_emotion-elicitation_2026-06-03_12-50-01,results/quick_v1_v2_comparison/2026-06-03_09-24-45/model_runs/2026-06-03_11-46-08/multiclass_table6_valence_3class_emotion-elicitation_2026-06-03_12-50-01/subject_loo/s_P10/gnn_fold_diagnostics.csv,train,-0.0681469589471817,0.6907536387443542,-1.8313902616500852,2.777825117111206,4.609215378761292,0.9122321605682372,0.1711762398481369,0.1792197525501251,1.098552107810974,0.4778572916984558,0.2183794677257537,10000,,,,,,,,,,,,,,,,,62,0.9447256922721864,1
multiclass_table6_valence_3class,Table-6 Valence,subject_loo,GNN,BasicGCN_attention,s_P10,results/quick_v1_v2_comparison/2026-06-03_09-24-45/model_runs/2026-06-03_11-46-08,results/quick_v1_v2_comparison/2026-06-03_09-24-45/model_runs/2026-06-03_11-46-08/multiclass_table6_valence_3class_emotion-elicitation_2026-06-03_12-50-01,results/quick_v1_v2_comparison/2026-06-03_09-24-45/model_runs/2026-06-03_11-46-08/multiclass_table6_valence_3class_emotion-elicitation_2026-06-03_12-50-01/subject_loo/s_P10/gnn_fold_diagnostics.csv,val,-0.0508379340171813,0.6523451209068298,-1.4581834077835083,2.670696973800659,4.128880381584168,0.9305852055549622,0.1811171621084213,0.2091675251722335,1.0984389781951904,0.4680140614509582,0.2360232174396515,97461,,,,,,,,,,,,,,,,,62,0.9447256922721864,1
multiclass_table6_valence_3class,Table-6 Valence,subject_loo,GNN,BasicGCN_attention,s_P10,results/quick_v1_v2_comparison/2026-06-03_09-24-45/model_runs/2026-06-03_11-46-08,results/quick_v1_v2_comparison/2026-06-03_09-24-45/model_runs/2026-06-03_11-46-08/multiclass_table6_valence_3class_emotion-elicitation_2026-06-03_12-50-01,results/quick_v1_v2_comparison/2026-06-03_09-24-45/model_runs/2026-06-03_11-46-08/multiclass_table6_valence_3class_emotion-elicitation_2026-06-03_12-50-01/subject_loo/s_P10/gnn_fold_diagnostics.csv,test,-0.0731592997908592,0.8077602982521057,-1.6223982572555542,2.4180243015289307,4.040422558784485,0.8483824133872986,0.1643335074186325,0.2871327996253967,1.0935014486312866,0.3675104975700378,0.4347200989723205,26106,,,,,,,,,,,,,,,,,62,0.9447256922721864,1
multiclass_table6_valence_3class,Table-6 Valence,subject_loo,GNN,BasicGCN_attention,s_P13,results/quick_v1_v2_comparison/2026-06-03_09-24-45/model_runs/2026-06-03_11-46-08,results/quick_v1_v2_comparison/2026-06-03_09-24-45/model_runs/2026-06-03_11-46-08/multiclass_table6_valence_3class_emotion-elicitation_2026-06-03_12-50-01,results/quick_v1_v2_comparison/2026-06-03_09-24-45/model_runs/2026-06-03_11-46-08/multiclass_table6_valence_3class_emotion-elicitation_2026-06-03_12-50-01/subject_loo/s_P13/gnn_fold_diagnostics.csv,train,-0.1785503178834915,0.7180134654045105,-2.2584245204925537,2.2542803287506104,4.512704849243164,0.8962857127189636,0.179509088397026,0.1491909772157669,1.0985976457595823,0.4443569183349609,0.2928481101989746,10000,,,,,,,,,,,,,,,,,60,0.9654157757759094,1
multiclass_table6_valence_3class,Table-6 Valence,subject_loo,GNN,BasicGCN_attention,s_P13,results/quick_v1_v2_comparison/2026-06-03_09-24-45/model_runs/2026-06-03_11-46-08,results/quick_v1_v2_comparison/2026-06-03_09-24-45/model_runs/2026-06-03_11-46-08/multiclass_table6_valence_3class_emotion-elicitation_2026-06-03_12-50-01,results/quick_v1_v2_comparison/2026-06-03_09-24-45/model_runs/2026-06-03_11-46-08/multiclass_table6_valence_3class_emotion-elicitation_2026-06-03_12-50-01/subject_loo/s_P13/gnn_fold_diagnostics.csv,val,-0.2052659839391708,0.7242478132247925,-2.0650711059570312,2.1542017459869385,4.21927285194397,0.8887764811515808,0.1824355125427246,0.1906502842903137,1.0980877876281738,0.3200820684432983,0.5020242929458618,102831,,,,,,,,,,,,,,,,,60,0.9654157757759094,1
multiclass_table6_valence_3class,Table-6 Valence,subject_loo,GNN,BasicGCN_attention,s_P13,results/quick_v1_v2_comparison/2026-06-03_09-24-45/model_runs/2026-06-03_11-46-08,results/quick_v1_v2_comparison/2026-06-03_09-24-45/model_runs/2026-06-03_11-46-08/multiclass_table6_valence_3class_emotion-elicitation_2026-06-03_12-50-01,results/quick_v1_v2_comparison/2026-06-03_09-24-45/model_runs/2026-06-03_11-46-08/multiclass_table6_valence_3class_emotion-elicitation_2026-06-03_12-50-01/subject_loo/s_P13/gnn_fold_diagnostics.csv,test,-0.1850791573524475,0.7422536611557007,-2.1702306270599365,2.0505311489105225,4.220761775970459,0.8770383596420288,0.2062405347824096,0.2193219065666198,1.0965932607650757,0.3663584291934967,0.411639541387558,27730,,,,,,,,,,,,,,,,,60,0.9654157757759094,1
multiclass_table6_valence_3class,Table-6 Valence,subject_loo,GNN,BasicGCN_attention,s_P14,results/quick_v1_v2_comparison/2026-06-03_09-24-45/model_runs/2026-06-03_11-46-08,results/quick_v1_v2_comparison/2026-06-03_09-24-45/model_runs/2026-06-03_11-46-08/multiclass_table6_valence_3class_emotion-elicitation_2026-06-03_12-50-01,results/quick_v1_v2_comparison/2026-06-03_09-24-45/model_runs/2026-06-03_11-46-08/multiclass_table6_valence_3class_emotion-elicitation_2026-06-03_12-50-01/subject_loo/s_P14/gnn_fold_diagnostics.csv,train,-0.0050306352786719,0.4692795574665069,-0.9286614656448364,1.3331682682037354,2.261829733848572,0.9950770139694214,0.0792986452579498,0.7068606615066528,1.0985703468322754,0.441371887922287,0.3085756003856659,10000,,,,,,,,,,,,,,,,,17,1.0175535678863523,1
multiclass_table6_valence_3class,Table-6 Valence,subject_loo,GNN,BasicGCN_attention,s_P14,results/quick_v1_v2_comparison/2026-06-03_09-24-45/model_runs/2026-06-03_11-46-08,results/quick_v1_v2_comparison/2026-06-03_09-24-45/model_runs/2026-06-03_11-46-08/multiclass_table6_valence_3class_emotion-elicitation_2026-06-03_12-50-01,results/quick_v1_v2_comparison/2026-06-03_09-24-45/model_runs/2026-06-03_11-46-08/multiclass_table6_valence_3class_emotion-elicitation_2026-06-03_12-50-01/subject_loo/s_P14/gnn_fold_diagnostics.csv,val,-0.0285539533942937,0.4798448979854584,-0.9317986369132996,1.2448354959487915,2.176634132862091,0.9865626692771912,0.0817883536219596,0.6640453338623047,1.0983738899230957,0.4388011693954468,0.3246644139289856,112575,,,,,,,,,,,,,,,,,17,1.0175535678863523,1
multiclass_table6_valence_3class,Table-6 Valence,subject_loo,GNN,BasicGCN_attention,s_P14,results/quick_v1_v2_comparison/2026-06-03_09-24-45/model_runs/2026-06-03_11-46-08,results/quick_v1_v2_comparison/2026-06-03_09-24-45/model_runs/2026-06-03_11-46-08/multiclass_table6_valence_3class_emotion-elicitation_2026-06-03_12-50-01,results/quick_v1_v2_comparison/2026-06-03_09-24-45/model_runs/2026-06-03_11-46-08/multiclass_table6_valence_3class_emotion-elicitation_2026-06-03_12-50-01/subject_loo/s_P14/gnn_fold_diagnostics.csv,test,0.0146586624905467,0.4842180013656616,-0.8626649975776672,1.355048656463623,2.2177136540412903,0.985848903656006,0.0792262926697731,0.7366478443145752,1.0982285737991333,0.3385782837867737,0.4847261607646942,23436,,,,,,,,,,,,,,,,,17,1.0175535678863523,1
multiclass_table6_valence_3class,Table-6 Valence,subject_loo,GNN,BasicGCN_attention,s_P16,results/quick_v1_v2_comparison/2026-06-03_09-24-45/model_runs/2026-06-03_11-46-08,results/quick_v1_v2_comparison/2026-06-03_09-24-45/model_runs/2026-06-03_11-46-08/multiclass_table6_valence_3class_emotion-elicitation_2026-06-03_12-50-01,results/quick_v1_v2_comparison/2026-06-03_09-24-45/model_runs/2026-06-03_11-46-08/multiclass_table6_valence_3class_emotion-elicitation_2026-06-03_12-50-01/subject_loo/s_P16/gnn_fold_diagnostics.csv,train,0.0208444464951753,0.8699582815170288,-3.2933030128479004,4.109371185302734,7.402674198150635,0.8517085909843445,0.2284004837274551,0.0204528644680976,1.0986027717590332,0.4406430423259735,0.2432805001735687,10000,,,,,,,,,,,,,,,,,108,0.9781176447868348,1
multiclass_table6_valence_3class,Table-6 Valence,subject_loo,GNN,BasicGCN_attention,s_P16,results/quick_v1_v2_comparison/2026-06-03_09-24-45/model_runs/2026-06-03_11-46-08,results/quick_v1_v2_comparison/2026-06-03_09-24-45/model_runs/2026-06-03_11-46-08/multiclass_table6_valence_3class_emotion-elicitation_2026-06-03_12-50-01,results/quick_v1_v2_comparison/2026-06-03_09-24-45/model_runs/2026-06-03_11-46-08/multiclass_table6_valence_3class_emotion-elicitation_2026-06-03_12-50-01/subject_loo/s_P16/gnn_fold_diagnostics.csv,val,0.0140096312388777,0.922900915145874,-3.247692584991455,3.769108295440674,7.016800880432129,0.8277162909507751,0.231623500585556,0.0325234718620777,1.0892598628997805,0.3498062491416931,0.3978270888328552,104196,,,,,,,,,,,,,,,,,108,0.9781176447868348,1
multiclass_table6_valence_3class,Table-6 Valence,subject_loo,GNN,BasicGCN_attention,s_P16,results/quick_v1_v2_comparison/2026-06-03_09-24-45/model_runs/2026-06-03_11-46-08,results/quick_v1_v2_comparison/2026-06-03_09-24-45/model_runs/2026-06-03_11-46-08/multiclass_table6_valence_3class_emotion-elicitation_2026-06-03_12-50-01,results/quick_v1_v2_comparison/2026-06-03_09-24-45/model_runs/2026-06-03_11-46-08/multiclass_table6_valence_3class_emotion-elicitation_2026-06-03_12-50-01/subject_loo/s_P16/gnn_fold_diagnostics.csv,test,0.0066621461883187,1.0429075956344604,-2.8967204093933105,3.903043746948242,6.799764156341553,0.804892897605896,0.2705762386322021,0.0302103254944086,1.0967882871627808,0.3508288264274597,0.3521928787231445,18528,,,,,,,,,,,,,,,,,108,0.9781176447868348,1
multiclass_table6_valence_3class,Table-6 Valence,subject_loo,GNN,BasicGCN_attention,s_P17,results/quick_v1_v2_comparison/2026-06-03_09-24-45/model_runs/2026-06-03_11-46-08,results/quick_v1_v2_comparison/2026-06-03_09-24-45/model_runs/2026-06-03_11-46-08/multiclass_table6_valence_3class_emotion-elicitation_2026-06-03_12-50-01,results/quick_v1_v2_comparison/2026-06-03_09-24-45/model_runs/2026-06-03_11-46-08/multiclass_table6_valence_3class_emotion-elicitation_2026-06-03_12-50-01/subject_loo/s_P17/gnn_fold_diagnostics.csv,train,-0.0954405441880226,0.7265793681144714,-2.3484597206115723,2.7064902782440186,5.054949998855591,0.908101201057434,0.2034050375223159,0.0909617394208908,1.0985684394836426,0.4400698840618133,0.3030294775962829,10000,,,,,,,,,,,,,,,,,60,0.9951797127723694,1
multiclass_table6_valence_3class,Table-6 Valence,subject_loo,GNN,BasicGCN_attention,s_P17,results/quick_v1_v2_comparison/2026-06-03_09-24-45/model_runs/2026-06-03_11-46-08,results/quick_v1_v2_comparison/2026-06-03_09-24-45/model_runs/2026-06-03_11-46-08/multiclass_table6_valence_3class_emotion-elicitation_2026-06-03_12-50-01,results/quick_v1_v2_comparison/2026-06-03_09-24-45/model_runs/2026-06-03_11-46-08/multiclass_table6_valence_3class_emotion-elicitation_2026-06-03_12-50-01/subject_loo/s_P17/gnn_fold_diagnostics.csv,val,-0.056701548397541,0.7436812520027161,-2.3281145095825195,2.726296186447144,5.054410696029663,0.8991566300392151,0.2110986858606338,0.0875066965818405,1.0985822677612305,0.3705290555953979,0.4096082746982574,101475,,,,,,,,,,,,,,,,,60,0.9951797127723694,1
multiclass_table6_valence_3class,Table-6 Valence,subject_loo,GNN,BasicGCN_attention,s_P17,results/quick_v1_v2_comparison/2026-06-03_09-24-45/model_runs/2026-06-03_11-46-08,results/quick_v1_v2_comparison/2026-06-03_09-24-45/model_runs/2026-06-03_11-46-08/multiclass_table6_valence_3class_emotion-elicitation_2026-06-03_12-50-01,results/quick_v1_v2_comparison/2026-06-03_09-24-45/model_runs/2026-06-03_11-46-08/multiclass_table6_valence_3class_emotion-elicitation_2026-06-03_12-50-01/subject_loo/s_P17/gnn_fold_diagnostics.csv,test,-0.1497811526060104,0.7486531138420105,-2.2009406089782715,2.3053619861602783,4.50630259513855,0.8964709639549255,0.1767652928829193,0.1567928940057754,1.09682035446167,0.342411458492279,0.4493261873722076,28441,,,,,,,,,,,,,,,,,60,0.9951797127723694,1
multiclass_table6_valence_3class,Table-6 Valence,subject_loo,GNN,BasicGCN_attention,s_P18,results/quick_v1_v2_comparison/2026-06-03_09-24-45/model_runs/2026-06-03_11-46-08,results/quick_v1_v2_comparison/2026-06-03_09-24-45/model_runs/2026-06-03_11-46-08/multiclass_table6_valence_3class_emotion-elicitation_2026-06-03_12-50-01,results/quick_v1_v2_comparison/2026-06-03_09-24-45/model_runs/2026-06-03_11-46-08/multiclass_table6_valence_3class_emotion-elicitation_2026-06-03_12-50-01/subject_loo/s_P18/gnn_fold_diagnostics.csv,train,0.0549006573855876,0.304037481546402,-0.6692870259284973,0.7781150341033936,1.4474020600318909,1.056312084197998,0.035989299416542,0.9397553205490112,1.0985876321792605,0.3941460251808166,0.3674224615097046,10000,,,,,,,,,,,,,,,,,8,1.0479310750961304,1
multiclass_table6_valence_3class,Table-6 Valence,subject_loo,GNN,BasicGCN_attention,s_P18,results/quick_v1_v2_comparison/2026-06-03_09-24-45/model_runs/2026-06-03_11-46-08,results/quick_v1_v2_comparison/2026-06-03_09-24-45/model_runs/2026-06-03_11-46-08/multiclass_table6_valence_3class_emotion-elicitation_2026-06-03_12-50-01,results/quick_v1_v2_comparison/2026-06-03_09-24-45/model_runs/2026-06-03_11-46-08/multiclass_table6_valence_3class_emotion-elicitation_2026-06-03_12-50-01/subject_loo/s_P18/gnn_fold_diagnostics.csv,val,0.06630390137434,0.3568263053894043,-0.6496235728263855,0.7606809139251709,1.4103044867515564,1.045069694519043,0.0349328555166721,0.9509369134902954,1.0985978841781616,0.2712960541248321,0.5778489112854004,97903,,,,,,,,,,,,,,,,,8,1.0479310750961304,1
multiclass_table6_valence_3class,Table-6 Valence,subject_loo,GNN,BasicGCN_attention,s_P18,results/quick_v1_v2_comparison/2026-06-03_09-24-45/model_runs/2026-06-03_11-46-08,results/quick_v1_v2_comparison/2026-06-03_09-24-45/model_runs/2026-06-03_11-46-08/multiclass_table6_valence_3class_emotion-elicitation_2026-06-03_12-50-01,results/quick_v1_v2_comparison/2026-06-03_09-24-45/model_runs/2026-06-03_11-46-08/multiclass_table6_valence_3class_emotion-elicitation_2026-06-03_12-50-01/subject_loo/s_P18/gnn_fold_diagnostics.csv,test,0.1046325638890266,0.3194907605648041,-0.6204587817192078,0.7380574941635132,1.358516275882721,1.055311918258667,0.0317406244575977,0.9563645124435424,1.0984262228012085,0.2471320927143097,0.5749257206916809,25878,,,,,,,,,,,,,,,,,8,1.0479310750961304,1
multiclass_table6_valence_3class,Table-6 Valence,subject_loo,GNN,BasicGCN_attention,s_P19,results/quick_v1_v2_comparison/2026-06-03_09-24-45/model_runs/2026-06-03_11-46-08,results/quick_v1_v2_comparison/2026-06-03_09-24-45/model_runs/2026-06-03_11-46-08/multiclass_table6_valence_3class_emotion-elicitation_2026-06-03_12-50-01,results/quick_v1_v2_comparison/2026-06-03_09-24-45/model_runs/2026-06-03_11-46-08/multiclass_table6_valence_3class_emotion-elicitation_2026-06-03_12-50-01/subject_loo/s_P19/gnn_fold_diagnostics.csv,train,0.0186593476682901,0.5048708915710449,-1.1993131637573242,1.6021233797073364,2.8014365434646606,0.9845091104507446,0.0978140085935592,0.5978591442108154,1.0986104011535645,0.4767072796821594,0.2593604028224945,10000,,,,,,,,,,,,,,,,,27,1.0309950709342957,1
multiclass_table6_valence_3class,Table-6 Valence,subject_loo,GNN,BasicGCN_attention,s_P19,results/quick_v1_v2_comparison/2026-06-03_09-24-45/model_runs/2026-06-03_11-46-08,results/quick_v1_v2_comparison/2026-06-03_09-24-45/model_runs/2026-06-03_11-46-08/multiclass_table6_valence_3class_emotion-elicitation_2026-06-03_12-50-01,results/quick_v1_v2_comparison/2026-06-03_09-24-45/model_runs/2026-06-03_11-46-08/multiclass_table6_valence_3class_emotion-elicitation_2026-06-03_12-50-01/subject_loo/s_P19/gnn_fold_diagnostics.csv,val,-0.0103256395086646,0.3265452980995178,-1.0518141984939575,1.1591917276382446,2.211005926132202,1.050743818283081,0.0493783950805664,0.8212092518806458,1.0980103015899658,0.3086543083190918,0.5773530602455139,108345,,,,,,,,,,,,,,,,,27,1.0309950709342957,1
multiclass_table6_valence_3class,Table-6 Valence,subject_loo,GNN,BasicGCN_attention,s_P19,results/quick_v1_v2_comparison/2026-06-03_09-24-45/model_runs/2026-06-03_11-46-08,results/quick_v1_v2_comparison/2026-06-03_09-24-45/model_runs/2026-06-03_11-46-08/multiclass_table6_valence_3class_emotion-elicitation_2026-06-03_12-50-01,results/quick_v1_v2_comparison/2026-06-03_09-24-45/model_runs/2026-06-03_11-46-08/multiclass_table6_valence_3class_emotion-elicitation_2026-06-03_12-50-01/subject_loo/s_P19/gnn_fold_diagnostics.csv,test,-0.0251780450344085,0.431186318397522,-1.0663611888885498,1.1012396812438965,2.1676008701324463,1.0127274990081787,0.0671974122524261,0.7555725574493408,1.0974712371826172,0.3098424077033996,0.4703080654144287,26106,,,,,,,,,,,,,,,,,27,1.0309950709342957,1
multiclass_table6_valence_3class,Table-6 Valence,subject_loo,GNN,BasicGCN_attention,s_P2,results/quick_v1_v2_comparison/2026-06-03_09-24-45/model_runs/2026-06-03_11-46-08,results/quick_v1_v2_comparison/2026-06-03_09-24-45/model_runs/2026-06-03_11-46-08/multiclass_table6_valence_3class_emotion-elicitation_2026-06-03_12-50-01,results/quick_v1_v2_comparison/2026-06-03_09-24-45/model_runs/2026-06-03_11-46-08/multiclass_table6_valence_3class_emotion-elicitation_2026-06-03_12-50-01/subject_loo/s_P2/gnn_fold_diagnostics.csv,train,-0.1364356428384781,0.7318158149719238,-2.635892152786255,2.8725504875183105,5.508442640304565,0.8985642194747925,0.1932379901409149,0.0823985487222671,1.0985544919967651,0.4794971048831939,0.2047050595283508,10000,,,,,,,,,,,,,,,,,62,0.9514963626861572,1
multiclass_table6_valence_3class,Table-6 Valence,subject_loo,GNN,BasicGCN_attention,s_P2,results/quick_v1_v2_comparison/2026-06-03_09-24-45/model_runs/2026-06-03_11-46-08,results/quick_v1_v2_comparison/2026-06-03_09-24-45/model_runs/2026-06-03_11-46-08/multiclass_table6_valence_3class_emotion-elicitation_2026-06-03_12-50-01,results/quick_v1_v2_comparison/2026-06-03_09-24-45/model_runs/2026-06-03_11-46-08/multiclass_table6_valence_3class_emotion-elicitation_2026-06-03_12-50-01/subject_loo/s_P2/gnn_fold_diagnostics.csv,val,-0.1634135246276855,0.7814774513244629,-2.200615406036377,2.493258476257324,4.693873882293701,0.8603260517120361,0.1962272673845291,0.129765585064888,1.098212718963623,0.3306958973407745,0.4880929291248321,103285,,,,,,,,,,,,,,,,,62,0.9514963626861572,1
multiclass_table6_valence_3class,Table-6 Valence,subject_loo,GNN,BasicGCN_attention,s_P2,results/quick_v1_v2_comparison/2026-06-03_09-24-45/model_runs/2026-06-03_11-46-08,results/quick_v1_v2_comparison/2026-06-03_09-24-45/model_runs/2026-06-03_11-46-08/multiclass_table6_valence_3class_emotion-elicitation_2026-06-03_12-50-01,results/quick_v1_v2_comparison/2026-06-03_09-24-45/model_runs/2026-06-03_11-46-08/multiclass_table6_valence_3class_emotion-elicitation_2026-06-03_12-50-01/subject_loo/s_P2/gnn_fold_diagnostics.csv,test,-0.0982167869806289,0.6485493779182434,-2.227567434310913,2.31191635131836,4.5394837856292725,0.934104025363922,0.152795672416687,0.1987988650798797,1.095476150512695,0.2931624948978424,0.4886063039302826,28920,,,,,,,,,,,,,,,,,62,0.9514963626861572,1
multiclass_table6_valence_3class,Table-6 Valence,subject_loo,GNN,BasicGCN_attention,s_P20,results/quick_v1_v2_comparison/2026-06-03_09-24-45/model_runs/2026-06-03_11-46-08,results/quick_v1_v2_comparison/2026-06-03_09-24-45/model_runs/2026-06-03_11-46-08/multiclass_table6_valence_3class_emotion-elicitation_2026-06-03_12-50-01,results/quick_v1_v2_comparison/2026-06-03_09-24-45/model_runs/2026-06-03_11-46-08/multiclass_table6_valence_3class_emotion-elicitation_2026-06-03_12-50-01/subject_loo/s_P20/gnn_fold_diagnostics.csv,train,-0.0527688413858413,0.2377063035964965,-0.6159687638282776,0.6014392971992493,1.2174080610275269,1.073333740234375,0.0278491135686635,0.9703965187072754,1.0985947847366333,0.4061854779720306,0.2862905263900757,10000,,,,,,,,,,,,,,,,,4,1.0676718652248385,1
multiclass_table6_valence_3class,Table-6 Valence,subject_loo,GNN,BasicGCN_attention,s_P20,results/quick_v1_v2_comparison/2026-06-03_09-24-45/model_runs/2026-06-03_11-46-08,results/quick_v1_v2_comparison/2026-06-03_09-24-45/model_runs/2026-06-03_11-46-08/multiclass_table6_valence_3class_emotion-elicitation_2026-06-03_12-50-01,results/quick_v1_v2_comparison/2026-06-03_09-24-45/model_runs/2026-06-03_11-46-08/multiclass_table6_valence_3class_emotion-elicitation_2026-06-03_12-50-01/subject_loo/s_P20/gnn_fold_diagnostics.csv,val,-0.1484162658452987,0.2527759373188019,-0.5815441608428955,0.4799894094467163,1.0615335702896118,1.066309690475464,0.0244311615824699,1.0071196556091309,1.0983575582504272,0.327466607093811,0.4895630180835724,97903,,,,,,,,,,,,,,,,,4,1.0676718652248385,1
multiclass_table6_valence_3class,Table-6 Valence,subject_loo,GNN,BasicGCN_attention,s_P20,results/quick_v1_v2_comparison/2026-06-03_09-24-45/model_runs/2026-06-03_11-46-08,results/quick_v1_v2_comparison/2026-06-03_09-24-45/model_runs/2026-06-03_11-46-08/multiclass_table6_valence_3class_emotion-elicitation_2026-06-03_12-50-01,results/quick_v1_v2_comparison/2026-06-03_09-24-45/model_runs/2026-06-03_11-46-08/multiclass_table6_valence_3class_emotion-elicitation_2026-06-03_12-50-01/subject_loo/s_P20/gnn_fold_diagnostics.csv,test,-0.1365885287523269,0.2386730015277862,-0.5650314092636108,0.4493853449821472,1.014416754245758,1.0698027610778809,0.0244262237101793,1.0099515914916992,1.0976922512054443,0.3201565742492676,0.4962350130081177,25425,,,,,,,,,,,,,,,,,4,1.0676718652248385,1
multiclass_table6_valence_3class,Table-6 Valence,subject_loo,GNN,BasicGCN_attention,s_P21,results/quick_v1_v2_comparison/2026-06-03_09-24-45/model_runs/2026-06-03_11-46-08,results/quick_v1_v2_comparison/2026-06-03_09-24-45/model_runs/2026-06-03_11-46-08/multiclass_table6_valence_3class_emotion-elicitation_2026-06-03_12-50-01,results/quick_v1_v2_comparison/2026-06-03_09-24-45/model_runs/2026-06-03_11-46-08/multiclass_table6_valence_3class_emotion-elicitation_2026-06-03_12-50-01/subject_loo/s_P21/gnn_fold_diagnostics.csv,train,0.0151077946648001,0.5936292409896851,-1.46824049949646,1.9191210269927976,3.387361526489258,0.9490059018135072,0.1309923529624939,0.3355148732662201,1.0985236167907717,0.471922367811203,0.3028400540351867,10000,,,,,,,,,,,,,,,,,40,0.9555442929267884,1
multiclass_table6_valence_3class,Table-6 Valence,subject_loo,GNN,BasicGCN_attention,s_P21,results/quick_v1_v2_comparison/2026-06-03_09-24-45/model_runs/2026-06-03_11-46-08,results/quick_v1_v2_comparison/2026-06-03_09-24-45/model_runs/2026-06-03_11-46-08/multiclass_table6_valence_3class_emotion-elicitation_2026-06-03_12-50-01,results/quick_v1_v2_comparison/2026-06-03_09-24-45/model_runs/2026-06-03_11-46-08/multiclass_table6_valence_3class_emotion-elicitation_2026-06-03_12-50-01/subject_loo/s_P21/gnn_fold_diagnostics.csv,val,0.0484145618975162,0.5980119705200195,-1.183220386505127,1.400863766670227,2.584084153175354,0.9237366318702698,0.1274831146001815,0.6526616811752319,1.0985848903656006,0.4443100094795227,0.3823692202568054,97461,,,,,,,,,,,,,,,,,40,0.9555442929267884,1
multiclass_table6_valence_3class,Table-6 Valence,subject_loo,GNN,BasicGCN_attention,s_P21,results/quick_v1_v2_comparison/2026-06-03_09-24-45/model_runs/2026-06-03_11-46-08,results/quick_v1_v2_comparison/2026-06-03_09-24-45/model_runs/2026-06-03_11-46-08/multiclass_table6_valence_3class_emotion-elicitation_2026-06-03_12-50-01,results/quick_v1_v2_comparison/2026-06-03_09-24-45/model_runs/2026-06-03_11-46-08/multiclass_table6_valence_3class_emotion-elicitation_2026-06-03_12-50-01/subject_loo/s_P21/gnn_fold_diagnostics.csv,test,0.0931795910000801,0.7442723512649536,-1.246321439743042,1.7262046337127686,2.9725260734558105,0.8566119074821472,0.1278369426727295,0.46091228723526,1.0914833545684814,0.3304431736469269,0.5405948758125305,23871,,,,,,,,,,,,,,,,,40,0.9555442929267884,1
multiclass_table6_valence_3class,Table-6 Valence,subject_loo,GNN,BasicGCN_attention,s_P22,results/quick_v1_v2_comparison/2026-06-03_09-24-45/model_runs/2026-06-03_11-46-08,results/quick_v1_v2_comparison/2026-06-03_09-24-45/model_runs/2026-06-03_11-46-08/multiclass_table6_valence_3class_emotion-elicitation_2026-06-03_12-50-01,results/quick_v1_v2_comparison/2026-06-03_09-24-45/model_runs/2026-06-03_11-46-08/multiclass_table6_valence_3class_emotion-elicitation_2026-06-03_12-50-01/subject_loo/s_P22/gnn_fold_diagnostics.csv,train,0.062178861349821,0.1376899778842926,-0.4282492697238922,0.5390914082527161,0.9673406779766084,1.092564582824707,0.0045307925902307,1.0556312799453735,1.0986114740371704,0.4138288497924804,0.2327499091625213,10000,,,,,,,,,,,,,,,,,3,1.0796303153038025,1
multiclass_table6_valence_3class,Table-6 Valence,subject_loo,GNN,BasicGCN_attention,s_P22,results/quick_v1_v2_comparison/2026-06-03_09-24-45/model_runs/2026-06-03_11-46-08,results/quick_v1_v2_comparison/2026-06-03_09-24-45/model_runs/2026-06-03_11-46-08/multiclass_table6_valence_3class_emotion-elicitation_2026-06-03_12-50-01,results/quick_v1_v2_comparison/2026-06-03_09-24-45/model_runs/2026-06-03_11-46-08/multiclass_table6_valence_3class_emotion-elicitation_2026-06-03_12-50-01/subject_loo/s_P22/gnn_fold_diagnostics.csv,val,0.0589314475655555,0.1618865728378296,-0.3813685476779938,0.5483599305152893,0.9297284781932832,1.0899163484573364,0.00596827827394,1.0641214847564695,1.098552942276001,0.3320233821868896,0.4053888022899627,115921,,,,,,,,,,,,,,,,,3,1.0796303153038025,1
multiclass_table6_valence_3class,Table-6 Valence,subject_loo,GNN,BasicGCN_attention,s_P22,results/quick_v1_v2_comparison/2026-06-03_09-24-45/model_runs/2026-06-03_11-46-08,results/quick_v1_v2_comparison/2026-06-03_09-24-45/model_runs/2026-06-03_11-46-08/multiclass_table6_valence_3class_emotion-elicitation_2026-06-03_12-50-01,results/quick_v1_v2_comparison/2026-06-03_09-24-45/model_runs/2026-06-03_11-46-08/multiclass_table6_valence_3class_emotion-elicitation_2026-06-03_12-50-01/subject_loo/s_P22/gnn_fold_diagnostics.csv,test,0.0608017705380916,0.1041311547160148,-0.3401917517185211,0.3585536479949951,0.6987453997135162,1.094868540763855,0.0028633973561227,1.0841416120529177,1.0985485315322876,0.2118553221225738,0.6342555284500122,22791,,,,,,,,,,,,,,,,,3,1.0796303153038025,1
multiclass_table6_valence_3class,Table-6 Valence,subject_loo,GNN,BasicGCN_attention,s_P23,results/quick_v1_v2_comparison/2026-06-03_09-24-45/model_runs/2026-06-03_11-46-08,results/quick_v1_v2_comparison/2026-06-03_09-24-45/model_runs/2026-06-03_11-46-08/multiclass_table6_valence_3class_emotion-elicitation_2026-06-03_12-50-01,results/quick_v1_v2_comparison/2026-06-03_09-24-45/model_runs/2026-06-03_11-46-08/multiclass_table6_valence_3class_emotion-elicitation_2026-06-03_12-50-01/subject_loo/s_P23/gnn_fold_diagnostics.csv,train,-0.1683014631271362,0.6084815263748169,-2.416574716567993,2.029515266418457,4.44608998298645,0.949468195438385,0.1495160013437271,0.2266004234552383,1.09855318069458,0.5133602023124695,0.2113552689552307,10000,,,,,,,,,,,,,,,,,40,0.916839063167572,1
multiclass_table6_valence_3class,Table-6 Valence,subject_loo,GNN,BasicGCN_attention,s_P23,results/quick_v1_v2_comparison/2026-06-03_09-24-45/model_runs/2026-06-03_11-46-08,results/quick_v1_v2_comparison/2026-06-03_09-24-45/model_runs/2026-06-03_11-46-08/multiclass_table6_valence_3class_emotion-elicitation_2026-06-03_12-50-01,results/quick_v1_v2_comparison/2026-06-03_09-24-45/model_runs/2026-06-03_11-46-08/multiclass_table6_valence_3class_emotion-elicitation_2026-06-03_12-50-01/subject_loo/s_P23/gnn_fold_diagnostics.csv,val,-0.1356265991926193,0.5882867574691772,-2.026442289352417,2.047001600265503,4.07344388961792,0.9604925513267516,0.142218142747879,0.237475574016571,1.09852135181427,0.4095275700092315,0.3738508820533752,82621,,,,,,,,,,,,,,,,,40,0.916839063167572,1
multiclass_table6_valence_3class,Table-6 Valence,subject_loo,GNN,BasicGCN_attention,s_P23,results/quick_v1_v2_comparison/2026-06-03_09-24-45/model_runs/2026-06-03_11-46-08,results/quick_v1_v2_comparison/2026-06-03_09-24-45/model_runs/2026-06-03_11-46-08/multiclass_table6_valence_3class_emotion-elicitation_2026-06-03_12-50-01,results/quick_v1_v2_comparison/2026-06-03_09-24-45/model_runs/2026-06-03_11-46-08/multiclass_table6_valence_3class_emotion-elicitation_2026-06-03_12-50-01/subject_loo/s_P23/gnn_fold_diagnostics.csv,test,-0.1920785754919052,0.7005648612976074,-2.2821531295776367,2.0965781211853027,4.37873125076294,0.9250391721725464,0.1970168203115463,0.2121128290891647,1.098330020904541,0.4299762547016144,0.3070147037506103,28680,,,,,,,,,,,,,,,,,40,0.916839063167572,1
multiclass_table6_valence_3class,Table-6 Valence,subject_loo,GNN,BasicGCN_attention,s_P24,results/quick_v1_v2_comparison/2026-06-03_09-24-45/model_runs/2026-06-03_11-46-08,results/quick_v1_v2_comparison/2026-06-03_09-24-45/model_runs/2026-06-03_11-46-08/multiclass_table6_valence_3class_emotion-elicitation_2026-06-03_12-50-01,results/quick_v1_v2_comparison/2026-06-03_09-24-45/model_runs/2026-06-03_11-46-08/multiclass_table6_valence_3class_emotion-elicitation_2026-06-03_12-50-01/subject_loo/s_P24/gnn_fold_diagnostics.csv,train,-0.1503344625234604,0.710798978805542,-2.276829481124878,2.8782501220703125,5.15507960319519,0.8981179594993591,0.1848583966493606,0.1321941912174224,1.098422884941101,0.4778697490692138,0.2327739745378494,10000,,,,,,,,,,,,,,,,,68,0.975731074810028,1
multiclass_table6_valence_3class,Table-6 Valence,subject_loo,GNN,BasicGCN_attention,s_P24,results/quick_v1_v2_comparison/2026-06-03_09-24-45/model_runs/2026-06-03_11-46-08,results/quick_v1_v2_comparison/2026-06-03_09-24-45/model_runs/2026-06-03_11-46-08/multiclass_table6_valence_3class_emotion-elicitation_2026-06-03_12-50-01,results/quick_v1_v2_comparison/2026-06-03_09-24-45/model_runs/2026-06-03_11-46-08/multiclass_table6_valence_3class_emotion-elicitation_2026-06-03_12-50-01/subject_loo/s_P24/gnn_fold_diagnostics.csv,val,-0.0840226635336875,0.7250856757164001,-1.963161587715149,2.939232349395752,4.902393937110901,0.8957630395889282,0.20738485455513,0.125990405678749,1.0973345041275024,0.4217913150787353,0.3667069375514984,100576,,,,,,,,,,,,,,,,,68,0.975731074810028,1
multiclass_table6_valence_3class,Table-6 Valence,subject_loo,GNN,BasicGCN_attention,s_P24,results/quick_v1_v2_comparison/2026-06-03_09-24-45/model_runs/2026-06-03_11-46-08,results/quick_v1_v2_comparison/2026-06-03_09-24-45/model_runs/2026-06-03_11-46-08/multiclass_table6_valence_3class_emotion-elicitation_2026-06-03_12-50-01,results/quick_v1_v2_comparison/2026-06-03_09-24-45/model_runs/2026-06-03_11-46-08/multiclass_table6_valence_3class_emotion-elicitation_2026-06-03_12-50-01/subject_loo/s_P24/gnn_fold_diagnostics.csv,test,-0.1878059953451156,0.6576547622680664,-1.1550323963165283,1.342476487159729,2.4975088834762573,0.8792048692703247,0.1077826023101806,0.6248353719711304,1.0931923389434814,0.2180782556533813,0.6904975175857544,26565,,,,,,,,,,,,,,,,,68,0.975731074810028,1
multiclass_table6_valence_3class,Table-6 Valence,subject_loo,GNN,BasicGCN_attention,s_P27,results/quick_v1_v2_comparison/2026-06-03_09-24-45/model_runs/2026-06-03_11-46-08,results/quick_v1_v2_comparison/2026-06-03_09-24-45/model_runs/2026-06-03_11-46-08/multiclass_table6_valence_3class_emotion-elicitation_2026-06-03_12-50-01,results/quick_v1_v2_comparison/2026-06-03_09-24-45/model_runs/2026-06-03_11-46-08/multiclass_table6_valence_3class_emotion-elicitation_2026-06-03_12-50-01/subject_loo/s_P27/gnn_fold_diagnostics.csv,train,-0.0081162098795175,0.8778504729270935,-3.2167019844055176,3.9234776496887207,7.140179634094238,0.8531341552734375,0.2349557280540466,0.0259335655719041,1.0985544919967651,0.4809185862541199,0.1801106482744217,10000,,,,,,,,,,,,,,,,,123,0.8988119661808014,1
multiclass_table6_valence_3class,Table-6 Valence,subject_loo,GNN,BasicGCN_attention,s_P27,results/quick_v1_v2_comparison/2026-06-03_09-24-45/model_runs/2026-06-03_11-46-08,results/quick_v1_v2_comparison/2026-06-03_09-24-45/model_runs/2026-06-03_11-46-08/multiclass_table6_valence_3class_emotion-elicitation_2026-06-03_12-50-01,results/quick_v1_v2_comparison/2026-06-03_09-24-45/model_runs/2026-06-03_11-46-08/multiclass_table6_valence_3class_emotion-elicitation_2026-06-03_12-50-01/subject_loo/s_P27/gnn_fold_diagnostics.csv,val,0.0012768334709107,0.9040870070457458,-2.8655035495758057,3.957431077957153,6.822934627532959,0.8578500747680664,0.2384513318538665,0.0256892759352922,1.0976731777191162,0.4534129798412323,0.2229118943214416,108345,,,,,,,,,,,,,,,,,123,0.8988119661808014,1
multiclass_table6_valence_3class,Table-6 Valence,subject_loo,GNN,BasicGCN_attention,s_P27,results/quick_v1_v2_comparison/2026-06-03_09-24-45/model_runs/2026-06-03_11-46-08,results/quick_v1_v2_comparison/2026-06-03_09-24-45/model_runs/2026-06-03_11-46-08/multiclass_table6_valence_3class_emotion-elicitation_2026-06-03_12-50-01,results/quick_v1_v2_comparison/2026-06-03_09-24-45/model_runs/2026-06-03_11-46-08/multiclass_table6_valence_3class_emotion-elicitation_2026-06-03_12-50-01/subject_loo/s_P27/gnn_fold_diagnostics.csv,test,-0.1084912568330764,1.0825732946395874,-3.014061450958252,3.9704277515411377,6.98448920249939,0.7697694301605225,0.269339382648468,0.0225868746638298,1.0881714820861816,0.3541786074638366,0.4456810355186462,24753,,,,,,,,,,,,,,,,,123,0.8988119661808014,1
multiclass_table6_valence_3class,Table-6 Valence,subject_loo,GNN,BasicGCN_attention,s_P28,results/quick_v1_v2_comparison/2026-06-03_09-24-45/model_runs/2026-06-03_11-46-08,results/quick_v1_v2_comparison/2026-06-03_09-24-45/model_runs/2026-06-03_11-46-08/multiclass_table6_valence_3class_emotion-elicitation_2026-06-03_12-50-01,results/quick_v1_v2_comparison/2026-06-03_09-24-45/model_runs/2026-06-03_11-46-08/multiclass_table6_valence_3class_emotion-elicitation_2026-06-03_12-50-01/subject_loo/s_P28/gnn_fold_diagnostics.csv,train,-0.0247739180922508,0.6438058614730835,-1.7707202434539795,2.181675672531128,3.9523959159851074,0.928107500076294,0.1508309692144394,0.2406491935253143,1.0985615253448486,0.4765284359455108,0.2221315503120422,10000,,,,,,,,,,,,,,,,,51,0.9611669778823853,1
multiclass_table6_valence_3class,Table-6 Valence,subject_loo,GNN,BasicGCN_attention,s_P28,results/quick_v1_v2_comparison/2026-06-03_09-24-45/model_runs/2026-06-03_11-46-08,results/quick_v1_v2_comparison/2026-06-03_09-24-45/model_runs/2026-06-03_11-46-08/multiclass_table6_valence_3class_emotion-elicitation_2026-06-03_12-50-01,results/quick_v1_v2_comparison/2026-06-03_09-24-45/model_runs/2026-06-03_11-46-08/multiclass_table6_valence_3class_emotion-elicitation_2026-06-03_12-50-01/subject_loo/s_P28/gnn_fold_diagnostics.csv,val,-0.0158128403127193,0.5642349720001221,-1.5979759693145752,1.7522727251052856,3.350248694419861,0.9631516933441162,0.1163286194205284,0.3708815276622772,1.097793459892273,0.3695835769176483,0.3942011892795563,107880,,,,,,,,,,,,,,,,,51,0.9611669778823853,1
multiclass_table6_valence_3class,Table-6 Valence,subject_loo,GNN,BasicGCN_attention,s_P28,results/quick_v1_v2_comparison/2026-06-03_09-24-45/model_runs/2026-06-03_11-46-08,results/quick_v1_v2_comparison/2026-06-03_09-24-45/model_runs/2026-06-03_11-46-08/multiclass_table6_valence_3class_emotion-elicitation_2026-06-03_12-50-01,results/quick_v1_v2_comparison/2026-06-03_09-24-45/model_runs/2026-06-03_11-46-08/multiclass_table6_valence_3class_emotion-elicitation_2026-06-03_12-50-01/subject_loo/s_P28/gnn_fold_diagnostics.csv,test,-0.0033410768955945,0.6991114616394043,-1.2318358421325684,1.8030365705490112,3.03487241268158,0.9119439721107484,0.1056929156184196,0.3988522887229919,1.094327092170715,0.2883363366127014,0.5392014384269714,22366,,,,,,,,,,,,,,,,,51,0.9611669778823853,1
multiclass_table6_valence_3class,Table-6 Valence,subject_loo,GNN,BasicGCN_attention,s_P29,results/quick_v1_v2_comparison/2026-06-03_09-24-45/model_runs/2026-06-03_11-46-08,results/quick_v1_v2_comparison/2026-06-03_09-24-45/model_runs/2026-06-03_11-46-08/multiclass_table6_valence_3class_emotion-elicitation_2026-06-03_12-50-01,results/quick_v1_v2_comparison/2026-06-03_09-24-45/model_runs/2026-06-03_11-46-08/multiclass_table6_valence_3class_emotion-elicitation_2026-06-03_12-50-01/subject_loo/s_P29/gnn_fold_diagnostics.csv,train,0.1730377078056335,0.6543272137641907,-1.543779969215393,2.7417309284210205,4.285510897636414,0.9259902238845824,0.1576253026723861,0.2342693954706192,1.0985509157180786,0.4802346527576446,0.251895934343338,10000,,,,,,,,,,,,,,,,,44,0.9890656173229218,1
multiclass_table6_valence_3class,Table-6 Valence,subject_loo,GNN,BasicGCN_attention,s_P29,results/quick_v1_v2_comparison/2026-06-03_09-24-45/model_runs/2026-06-03_11-46-08,results/quick_v1_v2_comparison/2026-06-03_09-24-45/model_runs/2026-06-03_11-46-08/multiclass_table6_valence_3class_emotion-elicitation_2026-06-03_12-50-01,results/quick_v1_v2_comparison/2026-06-03_09-24-45/model_runs/2026-06-03_11-46-08/multiclass_table6_valence_3class_emotion-elicitation_2026-06-03_12-50-01/subject_loo/s_P29/gnn_fold_diagnostics.csv,val,0.1748131960630417,0.5841267704963684,-1.4832292795181274,2.299881935119629,3.783111214637756,0.9551467299461364,0.1272376626729965,0.3289188742637634,1.0978803634643557,0.4319085478782654,0.2868476510047912,102831,,,,,,,,,,,,,,,,,44,0.9890656173229218,1
multiclass_table6_valence_3class,Table-6 Valence,subject_loo,GNN,BasicGCN_attention,s_P29,results/quick_v1_v2_comparison/2026-06-03_09-24-45/model_runs/2026-06-03_11-46-08,results/quick_v1_v2_comparison/2026-06-03_09-24-45/model_runs/2026-06-03_11-46-08/multiclass_table6_valence_3class_emotion-elicitation_2026-06-03_12-50-01,results/quick_v1_v2_comparison/2026-06-03_09-24-45/model_runs/2026-06-03_11-46-08/multiclass_table6_valence_3class_emotion-elicitation_2026-06-03_12-50-01/subject_loo/s_P29/gnn_fold_diagnostics.csv,test,0.093340203166008,0.7312975525856018,-0.9272379875183104,1.8072397708892824,2.7344777584075928,0.8434223532676697,0.1199716031551361,0.4851777553558349,1.0949853658676147,0.2422461211681366,0.650091290473938,23220,,,,,,,,,,,,,,,,,44,0.9890656173229218,1
multiclass_table6_valence_3class,Table-6 Valence,subject_loo,GNN,BasicGCN_attention,s_P30,results/quick_v1_v2_comparison/2026-06-03_09-24-45/model_runs/2026-06-03_11-46-08,results/quick_v1_v2_comparison/2026-06-03_09-24-45/model_runs/2026-06-03_11-46-08/multiclass_table6_valence_3class_emotion-elicitation_2026-06-03_12-50-01,results/quick_v1_v2_comparison/2026-06-03_09-24-45/model_runs/2026-06-03_11-46-08/multiclass_table6_valence_3class_emotion-elicitation_2026-06-03_12-50-01/subject_loo/s_P30/gnn_fold_diagnostics.csv,train,-0.1105052679777145,0.674842119216919,-2.0246481895446777,2.0906026363372803,4.115250825881958,0.920265018939972,0.1610901951789856,0.1993857324123382,1.0985926389694214,0.4636635184288025,0.2290989309549331,10000,,,,,,,,,,,,,,,,,52,0.9096308350563048,1
multiclass_table6_valence_3class,Table-6 Valence,subject_loo,GNN,BasicGCN_attention,s_P30,results/quick_v1_v2_comparison/2026-06-03_09-24-45/model_runs/2026-06-03_11-46-08,results/quick_v1_v2_comparison/2026-06-03_09-24-45/model_runs/2026-06-03_11-46-08/multiclass_table6_valence_3class_emotion-elicitation_2026-06-03_12-50-01,results/quick_v1_v2_comparison/2026-06-03_09-24-45/model_runs/2026-06-03_11-46-08/multiclass_table6_valence_3class_emotion-elicitation_2026-06-03_12-50-01/subject_loo/s_P30/gnn_fold_diagnostics.csv,val,-0.1277804374694824,0.7260007858276367,-1.8856066465377808,1.7985714673995972,3.684178113937378,0.8959305882453918,0.1718197762966156,0.250183641910553,1.0986028909683228,0.4126752018928528,0.271013081073761,115440,,,,,,,,,,,,,,,,,52,0.9096308350563048,1
multiclass_table6_valence_3class,Table-6 Valence,subject_loo,GNN,BasicGCN_attention,s_P30,results/quick_v1_v2_comparison/2026-06-03_09-24-45/model_runs/2026-06-03_11-46-08,results/quick_v1_v2_comparison/2026-06-03_09-24-45/model_runs/2026-06-03_11-46-08/multiclass_table6_valence_3class_emotion-elicitation_2026-06-03_12-50-01,results/quick_v1_v2_comparison/2026-06-03_09-24-45/model_runs/2026-06-03_11-46-08/multiclass_table6_valence_3class_emotion-elicitation_2026-06-03_12-50-01/subject_loo/s_P30/gnn_fold_diagnostics.csv,test,-0.1377823501825332,0.657704770565033,-2.0875353813171387,1.9751925468444824,4.062727928161621,0.918553352355957,0.1762562692165374,0.2020800858736038,1.097963571548462,0.3930759727954864,0.3683789372444153,25425,,,,,,,,,,,,,,,,,52,0.9096308350563048,1
multiclass_table6_valence_3class,Table-6 Valence,subject_loo,GNN,BasicGCN_attention,s_P4,results/quick_v1_v2_comparison/2026-06-03_09-24-45/model_runs/2026-06-03_11-46-08,results/quick_v1_v2_comparison/2026-06-03_09-24-45/model_runs/2026-06-03_11-46-08/multiclass_table6_valence_3class_emotion-elicitation_2026-06-03_12-50-01,results/quick_v1_v2_comparison/2026-06-03_09-24-45/model_runs/2026-06-03_11-46-08/multiclass_table6_valence_3class_emotion-elicitation_2026-06-03_12-50-01/subject_loo/s_P4/gnn_fold_diagnostics.csv,train,-0.144874095916748,0.7747594118118286,-2.224940061569214,3.37622618675232,5.601166248321533,0.8795264959335327,0.1984843909740448,0.073288157582283,1.098555326461792,0.4722769558429718,0.2229688763618469,10000,,,,,,,,,,,,,,,,,96,0.9384601414203644,1
multiclass_table6_valence_3class,Table-6 Valence,subject_loo,GNN,BasicGCN_attention,s_P4,results/quick_v1_v2_comparison/2026-06-03_09-24-45/model_runs/2026-06-03_11-46-08,results/quick_v1_v2_comparison/2026-06-03_09-24-45/model_runs/2026-06-03_11-46-08/multiclass_table6_valence_3class_emotion-elicitation_2026-06-03_12-50-01,results/quick_v1_v2_comparison/2026-06-03_09-24-45/model_runs/2026-06-03_11-46-08/multiclass_table6_valence_3class_emotion-elicitation_2026-06-03_12-50-01/subject_loo/s_P4/gnn_fold_diagnostics.csv,val,-0.1328722983598709,0.8793113827705383,-2.003685235977173,3.2880985736846924,5.291783809661865,0.8401854634284973,0.1844905912876129,0.0831800997257232,1.093663454055786,0.4426356852054596,0.3122018575668335,91806,,,,,,,,,,,,,,,,,96,0.9384601414203644,1
multiclass_table6_valence_3class,Table-6 Valence,subject_loo,GNN,BasicGCN_attention,s_P4,results/quick_v1_v2_comparison/2026-06-03_09-24-45/model_runs/2026-06-03_11-46-08,results/quick_v1_v2_comparison/2026-06-03_09-24-45/model_runs/2026-06-03_11-46-08/multiclass_table6_valence_3class_emotion-elicitation_2026-06-03_12-50-01,results/quick_v1_v2_comparison/2026-06-03_09-24-45/model_runs/2026-06-03_11-46-08/multiclass_table6_valence_3class_emotion-elicitation_2026-06-03_12-50-01/subject_loo/s_P4/gnn_fold_diagnostics.csv,test,-0.1523572653532028,0.8411689400672913,-1.9664638042449951,2.8782107830047607,4.844674587249756,0.8632134199142456,0.1757035702466964,0.1365007758140564,1.0948522090911863,0.3753476142883301,0.3487619459629059,31375,,,,,,,,,,,,,,,,,96,0.9384601414203644,1
multiclass_table6_valence_3class,Table-6 Valence,subject_loo,GNN,BasicGCN_attention,s_P5,results/quick_v1_v2_comparison/2026-06-03_09-24-45/model_runs/2026-06-03_11-46-08,results/quick_v1_v2_comparison/2026-06-03_09-24-45/model_runs/2026-06-03_11-46-08/multiclass_table6_valence_3class_emotion-elicitation_2026-06-03_12-50-01,results/quick_v1_v2_comparison/2026-06-03_09-24-45/model_runs/2026-06-03_11-46-08/multiclass_table6_valence_3class_emotion-elicitation_2026-06-03_12-50-01/subject_loo/s_P5/gnn_fold_diagnostics.csv,train,0.0740665346384048,0.6454672813415527,-1.606967568397522,2.9260621070861816,4.533029675483704,0.930654764175415,0.1637369394302368,0.2216295599937439,1.098605036735535,0.5028108358383179,0.2030298858880996,10000,,,,,,,,,,,,,,,,,40,0.91588693857193,1
multiclass_table6_valence_3class,Table-6 Valence,subject_loo,GNN,BasicGCN_attention,s_P5,results/quick_v1_v2_comparison/2026-06-03_09-24-45/model_runs/2026-06-03_11-46-08,results/quick_v1_v2_comparison/2026-06-03_09-24-45/model_runs/2026-06-03_11-46-08/multiclass_table6_valence_3class_emotion-elicitation_2026-06-03_12-50-01,results/quick_v1_v2_comparison/2026-06-03_09-24-45/model_runs/2026-06-03_11-46-08/multiclass_table6_valence_3class_emotion-elicitation_2026-06-03_12-50-01/subject_loo/s_P5/gnn_fold_diagnostics.csv,val,0.073125809431076,0.5758184790611267,-1.3528759479522705,2.7290267944335938,4.081902742385864,0.9655288457870485,0.1475059539079666,0.2568593323230743,1.098266363143921,0.4520579874515533,0.2795644998550415,82621,,,,,,,,,,,,,,,,,40,0.91588693857193,1
multiclass_table6_valence_3class,Table-6 Valence,subject_loo,GNN,BasicGCN_attention,s_P5,results/quick_v1_v2_comparison/2026-06-03_09-24-45/model_runs/2026-06-03_11-46-08,results/quick_v1_v2_comparison/2026-06-03_09-24-45/model_runs/2026-06-03_11-46-08/multiclass_table6_valence_3class_emotion-elicitation_2026-06-03_12-50-01,results/quick_v1_v2_comparison/2026-06-03_09-24-45/model_runs/2026-06-03_11-46-08/multiclass_table6_valence_3class_emotion-elicitation_2026-06-03_12-50-01/subject_loo/s_P5/gnn_fold_diagnostics.csv,test,0.0952076315879821,0.5682227611541748,-1.1658613681793213,2.7680888175964355,3.933950185775757,0.9659218788146972,0.156077578663826,0.2486332654953003,1.0984539985656738,0.4106636643409729,0.2956271171569824,37675,,,,,,,,,,,,,,,,,40,0.91588693857193,1
multiclass_table6_valence_3class,Table-6 Valence,subject_loo,GNN,BasicGCN_attention,s_P7,results/quick_v1_v2_comparison/2026-06-03_09-24-45/model_runs/2026-06-03_11-46-08,results/quick_v1_v2_comparison/2026-06-03_09-24-45/model_runs/2026-06-03_11-46-08/multiclass_table6_valence_3class_emotion-elicitation_2026-06-03_12-50-01,results/quick_v1_v2_comparison/2026-06-03_09-24-45/model_runs/2026-06-03_11-46-08/multiclass_table6_valence_3class_emotion-elicitation_2026-06-03_12-50-01/subject_loo/s_P7/gnn_fold_diagnostics.csv,train,-0.0511939786374568,0.1230980679392814,-0.4765532910823822,0.4080462157726288,0.884599506855011,1.0931941270828247,0.0043481709435582,1.059685230255127,1.098610281944275,0.4534441232681274,0.2520230114459991,10000,,,,,,,,,,,,,,,,,1,1.1005528569221497,1
multiclass_table6_valence_3class,Table-6 Valence,subject_loo,GNN,BasicGCN_attention,s_P7,results/quick_v1_v2_comparison/2026-06-03_09-24-45/model_runs/2026-06-03_11-46-08,results/quick_v1_v2_comparison/2026-06-03_09-24-45/model_runs/2026-06-03_11-46-08/multiclass_table6_valence_3class_emotion-elicitation_2026-06-03_12-50-01,results/quick_v1_v2_comparison/2026-06-03_09-24-45/model_runs/2026-06-03_11-46-08/multiclass_table6_valence_3class_emotion-elicitation_2026-06-03_12-50-01/subject_loo/s_P7/gnn_fold_diagnostics.csv,val,-0.0865563973784446,0.0989204421639442,-0.3791057467460632,0.2647821605205536,0.6438879072666168,1.0942193269729614,0.0044523924589157,1.0617238283157349,1.0986080169677734,0.4613537788391113,0.3527151346206665,108811,,,,,,,,,,,,,,,,,1,1.1005528569221497,1
multiclass_table6_valence_3class,Table-6 Valence,subject_loo,GNN,BasicGCN_attention,s_P7,results/quick_v1_v2_comparison/2026-06-03_09-24-45/model_runs/2026-06-03_11-46-08,results/quick_v1_v2_comparison/2026-06-03_09-24-45/model_runs/2026-06-03_11-46-08/multiclass_table6_valence_3class_emotion-elicitation_2026-06-03_12-50-01,results/quick_v1_v2_comparison/2026-06-03_09-24-45/model_runs/2026-06-03_11-46-08/multiclass_table6_valence_3class_emotion-elicitation_2026-06-03_12-50-01/subject_loo/s_P7/gnn_fold_diagnostics.csv,test,-0.0125792892649769,0.1162881627678871,-0.3641655743122101,0.3289908170700073,0.6931563913822174,1.0929267406463623,0.003814507741481,1.0623914003372192,1.0980103015899658,0.3442788124084472,0.3777044415473938,26335,,,,,,,,,,,,,,,,,1,1.1005528569221497,1
multiclass_table6_valence_3class,Table-6 Valence,subject_loo,GNN,BasicGCN_attention,s_P8,results/quick_v1_v2_comparison/2026-06-03_09-24-45/model_runs/2026-06-03_11-46-08,results/quick_v1_v2_comparison/2026-06-03_09-24-45/model_runs/2026-06-03_11-46-08/multiclass_table6_valence_3class_emotion-elicitation_2026-06-03_12-50-01,results/quick_v1_v2_comparison/2026-06-03_09-24-45/model_runs/2026-06-03_11-46-08/multiclass_table6_valence_3class_emotion-elicitation_2026-06-03_12-50-01/subject_loo/s_P8/gnn_fold_diagnostics.csv,train,0.1261051744222641,0.6087142825126648,-1.6471647024154663,1.9137890338897705,3.560953736305237,0.9440420866012572,0.1266830861568451,0.3674688339233398,1.098547101020813,0.459541916847229,0.3039153814315796,10000,,,,,,,,,,,,,,,,,35,0.9477698504924774,1
multiclass_table6_valence_3class,Table-6 Valence,subject_loo,GNN,BasicGCN_attention,s_P8,results/quick_v1_v2_comparison/2026-06-03_09-24-45/model_runs/2026-06-03_11-46-08,results/quick_v1_v2_comparison/2026-06-03_09-24-45/model_runs/2026-06-03_11-46-08/multiclass_table6_valence_3class_emotion-elicitation_2026-06-03_12-50-01,results/quick_v1_v2_comparison/2026-06-03_09-24-45/model_runs/2026-06-03_11-46-08/multiclass_table6_valence_3class_emotion-elicitation_2026-06-03_12-50-01/subject_loo/s_P8/gnn_fold_diagnostics.csv,val,0.1270873546600341,0.4711730778217315,-1.4807400703430176,1.8364859819412231,3.3172260522842407,0.9956813454627992,0.1083192601799964,0.4238337874412536,1.0982136726379397,0.2822184562683105,0.5751623511314392,96580,,,,,,,,,,,,,,,,,35,0.9477698504924774,1
multiclass_table6_valence_3class,Table-6 Valence,subject_loo,GNN,BasicGCN_attention,s_P8,results/quick_v1_v2_comparison/2026-06-03_09-24-45/model_runs/2026-06-03_11-46-08,results/quick_v1_v2_comparison/2026-06-03_09-24-45/model_runs/2026-06-03_11-46-08/multiclass_table6_valence_3class_emotion-elicitation_2026-06-03_12-50-01,results/quick_v1_v2_comparison/2026-06-03_09-24-45/model_runs/2026-06-03_11-46-08/multiclass_table6_valence_3class_emotion-elicitation_2026-06-03_12-50-01/subject_loo/s_P8/gnn_fold_diagnostics.csv,test,0.1299606561660766,0.5719607472419739,-1.5876573324203491,1.788724660873413,3.376381993293762,0.96631121635437,0.11162581294775,0.4372912049293518,1.097097873687744,0.3474918901920318,0.4767599701881408,23871,,,,,,,,,,,,,,,,,35,0.9477698504924774,1
multiclass_table6_valence_3class,Table-6 Valence,recording_loo,GNN,BasicGCN_attention,r_107.avi,results/quick_v1_v2_comparison/2026-06-03_09-24-45/model_runs/2026-06-03_11-46-08,results/quick_v1_v2_comparison/2026-06-03_09-24-45/model_runs/2026-06-03_11-46-08/multiclass_table6_valence_3class_emotion-elicitation_2026-06-03_12-50-01,results/quick_v1_v2_comparison/2026-06-03_09-24-45/model_runs/2026-06-03_11-46-08/multiclass_table6_valence_3class_emotion-elicitation_2026-06-03_12-50-01/recording_loo/r_107.avi/gnn_fold_diagnostics.csv,train,-0.0497350394725799,0.3267960548400879,-0.7719194293022156,1.024858832359314,1.7967782616615295,1.0477014780044556,0.047343872487545,0.8431382179260254,1.0985721349716189,0.4398589730262756,0.2944172322750091,10000,,,,,,,,,,,,,,,,,8,1.0904858509699504,1
multiclass_table6_valence_3class,Table-6 Valence,recording_loo,GNN,BasicGCN_attention,r_107.avi,results/quick_v1_v2_comparison/2026-06-03_09-24-45/model_runs/2026-06-03_11-46-08,results/quick_v1_v2_comparison/2026-06-03_09-24-45/model_runs/2026-06-03_11-46-08/multiclass_table6_valence_3class_emotion-elicitation_2026-06-03_12-50-01,results/quick_v1_v2_comparison/2026-06-03_09-24-45/model_runs/2026-06-03_11-46-08/multiclass_table6_valence_3class_emotion-elicitation_2026-06-03_12-50-01/recording_loo/r_107.avi/gnn_fold_diagnostics.csv,val,-0.0422950871288776,0.364717036485672,-0.7174627184867859,1.047172784805298,1.7646355032920835,1.0320245027542114,0.0589021109044551,0.8383257389068604,1.0983439683914185,0.4644366502761841,0.2637079060077667,201295,,,,,,,,,,,,,,,,,8,1.0904858509699504,1
multiclass_table6_valence_3class,Table-6 Valence,recording_loo,GNN,BasicGCN_attention,r_107.avi,results/quick_v1_v2_comparison/2026-06-03_09-24-45/model_runs/2026-06-03_11-46-08,results/quick_v1_v2_comparison/2026-06-03_09-24-45/model_runs/2026-06-03_11-46-08/multiclass_table6_valence_3class_emotion-elicitation_2026-06-03_12-50-01,results/quick_v1_v2_comparison/2026-06-03_09-24-45/model_runs/2026-06-03_11-46-08/multiclass_table6_valence_3class_emotion-elicitation_2026-06-03_12-50-01/recording_loo/r_107.avi/gnn_fold_diagnostics.csv,test,-0.0377823859453201,0.3444726169109344,-0.766510546207428,0.973256766796112,1.73976731300354,1.0396255254745483,0.0573869198560714,0.8572604656219482,1.0983935594558716,0.4532630741596222,0.2764648795127868,12403,,,,,,,,,,,,,,,,,8,1.0904858509699504,1
multiclass_table6_valence_3class,Table-6 Valence,recording_loo,GNN,BasicGCN_attention,r_111.avi,results/quick_v1_v2_comparison/2026-06-03_09-24-45/model_runs/2026-06-03_11-46-08,results/quick_v1_v2_comparison/2026-06-03_09-24-45/model_runs/2026-06-03_11-46-08/multiclass_table6_valence_3class_emotion-elicitation_2026-06-03_12-50-01,results/quick_v1_v2_comparison/2026-06-03_09-24-45/model_runs/2026-06-03_11-46-08/multiclass_table6_valence_3class_emotion-elicitation_2026-06-03_12-50-01/recording_loo/r_111.avi/gnn_fold_diagnostics.csv,train,-0.0334953367710113,0.7773104310035706,-2.949965476989746,3.319790840148926,6.269756317138672,0.8715641498565674,0.1970878094434738,0.047468289732933,1.098584532737732,0.4807231426239013,0.2213552743196487,10000,,,,,,,,,,,,,,,,,129,0.7632650931676229,1
multiclass_table6_valence_3class,Table-6 Valence,recording_loo,GNN,BasicGCN_attention,r_111.avi,results/quick_v1_v2_comparison/2026-06-03_09-24-45/model_runs/2026-06-03_11-46-08,results/quick_v1_v2_comparison/2026-06-03_09-24-45/model_runs/2026-06-03_11-46-08/multiclass_table6_valence_3class_emotion-elicitation_2026-06-03_12-50-01,results/quick_v1_v2_comparison/2026-06-03_09-24-45/model_runs/2026-06-03_11-46-08/multiclass_table6_valence_3class_emotion-elicitation_2026-06-03_12-50-01/recording_loo/r_111.avi/gnn_fold_diagnostics.csv,val,-0.1776262819766998,1.1475801467895508,-2.7517974376678467,3.2649693489074707,6.016766786575317,0.7157496809959412,0.3391361236572265,0.0514259189367294,1.0985002517700195,0.4415317177772522,0.2242628037929535,134421,,,,,,,,,,,,,,,,,129,0.7632650931676229,1
multiclass_table6_valence_3class,Table-6 Valence,recording_loo,GNN,BasicGCN_attention,r_111.avi,results/quick_v1_v2_comparison/2026-06-03_09-24-45/model_runs/2026-06-03_11-46-08,results/quick_v1_v2_comparison/2026-06-03_09-24-45/model_runs/2026-06-03_11-46-08/multiclass_table6_valence_3class_emotion-elicitation_2026-06-03_12-50-01,results/quick_v1_v2_comparison/2026-06-03_09-24-45/model_runs/2026-06-03_11-46-08/multiclass_table6_valence_3class_emotion-elicitation_2026-06-03_12-50-01/recording_loo/r_111.avi/gnn_fold_diagnostics.csv,test,-0.0034144162200391,0.7174225449562073,-1.9696873426437376,2.138317584991455,4.108004927635193,0.896251916885376,0.1568887531757354,0.2850682735443115,1.097269892692566,0.4647752046585083,0.2774000465869903,54615,,,,,,,,,,,,,,,,,129,0.7632650931676229,1
multiclass_table6_valence_3class,Table-6 Valence,recording_loo,GNN,BasicGCN_attention,r_138.avi,results/quick_v1_v2_comparison/2026-06-03_09-24-45/model_runs/2026-06-03_11-46-08,results/quick_v1_v2_comparison/2026-06-03_09-24-45/model_runs/2026-06-03_11-46-08/multiclass_table6_valence_3class_emotion-elicitation_2026-06-03_12-50-01,results/quick_v1_v2_comparison/2026-06-03_09-24-45/model_runs/2026-06-03_11-46-08/multiclass_table6_valence_3class_emotion-elicitation_2026-06-03_12-50-01/recording_loo/r_138.avi/gnn_fold_diagnostics.csv,train,-0.1239418312907219,0.3897612392902374,-1.2115260362625122,0.8815014362335205,2.0930274724960327,1.0313156843185425,0.0643648207187652,0.7696881890296936,1.0986064672470093,0.4370199739933014,0.2338788509368896,10000,,,,,,,,,,,,,,,,,12,1.039811134338379,1
multiclass_table6_valence_3class,Table-6 Valence,recording_loo,GNN,BasicGCN_attention,r_138.avi,results/quick_v1_v2_comparison/2026-06-03_09-24-45/model_runs/2026-06-03_11-46-08,results/quick_v1_v2_comparison/2026-06-03_09-24-45/model_runs/2026-06-03_11-46-08/multiclass_table6_valence_3class_emotion-elicitation_2026-06-03_12-50-01,results/quick_v1_v2_comparison/2026-06-03_09-24-45/model_runs/2026-06-03_11-46-08/multiclass_table6_valence_3class_emotion-elicitation_2026-06-03_12-50-01/recording_loo/r_138.avi/gnn_fold_diagnostics.csv,val,-0.1123727262020111,0.3453013300895691,-1.1391141414642334,0.7186986207962036,1.857812762260437,1.0470343828201294,0.0460213758051395,0.8525636196136475,1.098404884338379,0.4039601385593414,0.2599847614765167,64620,,,,,,,,,,,,,,,,,12,1.039811134338379,1
multiclass_table6_valence_3class,Table-6 Valence,recording_loo,GNN,BasicGCN_attention,r_138.avi,results/quick_v1_v2_comparison/2026-06-03_09-24-45/model_runs/2026-06-03_11-46-08,results/quick_v1_v2_comparison/2026-06-03_09-24-45/model_runs/2026-06-03_11-46-08/multiclass_table6_valence_3class_emotion-elicitation_2026-06-03_12-50-01,results/quick_v1_v2_comparison/2026-06-03_09-24-45/model_runs/2026-06-03_11-46-08/multiclass_table6_valence_3class_emotion-elicitation_2026-06-03_12-50-01/recording_loo/r_138.avi/gnn_fold_diagnostics.csv,test,-0.1288799345493316,0.4226247668266296,-1.1896334886550903,0.8233091831207275,2.012942671775818,1.0238431692123413,0.0646528303623199,0.7947190403938293,1.098546862602234,0.4319072663784027,0.3048798441886902,60378,,,,,,,,,,,,,,,,,12,1.039811134338379,1
multiclass_table6_valence_3class,Table-6 Valence,recording_loo,GNN,BasicGCN_attention,r_146.avi,results/quick_v1_v2_comparison/2026-06-03_09-24-45/model_runs/2026-06-03_11-46-08,results/quick_v1_v2_comparison/2026-06-03_09-24-45/model_runs/2026-06-03_11-46-08/multiclass_table6_valence_3class_emotion-elicitation_2026-06-03_12-50-01,results/quick_v1_v2_comparison/2026-06-03_09-24-45/model_runs/2026-06-03_11-46-08/multiclass_table6_valence_3class_emotion-elicitation_2026-06-03_12-50-01/recording_loo/r_146.avi/gnn_fold_diagnostics.csv,train,-0.0634966567158699,0.6315159201622009,-1.85681426525116,1.870272755622864,3.727087020874024,0.9353972673416138,0.1368216723203659,0.2906371355056762,1.0984489917755127,0.4904960393905639,0.2016871273517608,10000,,,,,,,,,,,,,,,,,48,0.9218065142631532,1
multiclass_table6_valence_3class,Table-6 Valence,recording_loo,GNN,BasicGCN_attention,r_146.avi,results/quick_v1_v2_comparison/2026-06-03_09-24-45/model_runs/2026-06-03_11-46-08,results/quick_v1_v2_comparison/2026-06-03_09-24-45/model_runs/2026-06-03_11-46-08/multiclass_table6_valence_3class_emotion-elicitation_2026-06-03_12-50-01,results/quick_v1_v2_comparison/2026-06-03_09-24-45/model_runs/2026-06-03_11-46-08/multiclass_table6_valence_3class_emotion-elicitation_2026-06-03_12-50-01/recording_loo/r_146.avi/gnn_fold_diagnostics.csv,val,-0.157143235206604,0.6638864874839783,-1.7863577604293823,1.8785653114318848,3.664923071861267,0.9178436398506165,0.1740102171897888,0.2840985357761383,1.0979671478271484,0.4474737048149109,0.2693137228488922,126253,,,,,,,,,,,,,,,,,48,0.9218065142631532,1
multiclass_table6_valence_3class,Table-6 Valence,recording_loo,GNN,BasicGCN_attention,r_146.avi,results/quick_v1_v2_comparison/2026-06-03_09-24-45/model_runs/2026-06-03_11-46-08,results/quick_v1_v2_comparison/2026-06-03_09-24-45/model_runs/2026-06-03_11-46-08/multiclass_table6_valence_3class_emotion-elicitation_2026-06-03_12-50-01,results/quick_v1_v2_comparison/2026-06-03_09-24-45/model_runs/2026-06-03_11-46-08/multiclass_table6_valence_3class_emotion-elicitation_2026-06-03_12-50-01/recording_loo/r_146.avi/gnn_fold_diagnostics.csv,test,-0.0974696725606918,0.529747486114502,-1.319739580154419,1.2258672714233398,2.545606851577759,0.9771372079849244,0.093400590121746,0.6822264790534973,1.098467230796814,0.4315355122089386,0.2504575550556183,36046,,,,,,,,,,,,,,,,,48,0.9218065142631532,1
multiclass_table6_valence_3class,Table-6 Valence,recording_loo,GNN,BasicGCN_attention,r_30.avi,results/quick_v1_v2_comparison/2026-06-03_09-24-45/model_runs/2026-06-03_11-46-08,results/quick_v1_v2_comparison/2026-06-03_09-24-45/model_runs/2026-06-03_11-46-08/multiclass_table6_valence_3class_emotion-elicitation_2026-06-03_12-50-01,results/quick_v1_v2_comparison/2026-06-03_09-24-45/model_runs/2026-06-03_11-46-08/multiclass_table6_valence_3class_emotion-elicitation_2026-06-03_12-50-01/recording_loo/r_30.avi/gnn_fold_diagnostics.csv,train,0.0947220101952552,0.1139626130461692,-0.25621497631073,0.5869650840759277,0.8431800603866577,1.09404456615448,0.005322674755007,1.0622365474700928,1.0986108779907229,0.4202370047569275,0.2454163879156112,10000,,,,,,,,,,,,,,,,,1,1.063391089439392,1
multiclass_table6_valence_3class,Table-6 Valence,recording_loo,GNN,BasicGCN_attention,r_30.avi,results/quick_v1_v2_comparison/2026-06-03_09-24-45/model_runs/2026-06-03_11-46-08,results/quick_v1_v2_comparison/2026-06-03_09-24-45/model_runs/2026-06-03_11-46-08/multiclass_table6_valence_3class_emotion-elicitation_2026-06-03_12-50-01,results/quick_v1_v2_comparison/2026-06-03_09-24-45/model_runs/2026-06-03_11-46-08/multiclass_table6_valence_3class_emotion-elicitation_2026-06-03_12-50-01/recording_loo/r_30.avi/gnn_fold_diagnostics.csv,val,0.1101881712675094,0.1202010288834571,-0.2227707803249359,0.4993690848350525,0.7221398651599884,1.0933562517166138,0.0050701084546744,1.0733565092086792,1.098606824874878,0.4342606663703918,0.2507551908493042,127765,,,,,,,,,,,,,,,,,1,1.063391089439392,1
multiclass_table6_valence_3class,Table-6 Valence,recording_loo,GNN,BasicGCN_attention,r_30.avi,results/quick_v1_v2_comparison/2026-06-03_09-24-45/model_runs/2026-06-03_11-46-08,results/quick_v1_v2_comparison/2026-06-03_09-24-45/model_runs/2026-06-03_11-46-08/multiclass_table6_valence_3class_emotion-elicitation_2026-06-03_12-50-01,results/quick_v1_v2_comparison/2026-06-03_09-24-45/model_runs/2026-06-03_11-46-08/multiclass_table6_valence_3class_emotion-elicitation_2026-06-03_12-50-01/recording_loo/r_30.avi/gnn_fold_diagnostics.csv,test,0.1625179946422577,0.1564923971891403,-0.2139855325222015,0.5670430660247803,0.7810285985469818,1.0892577171325684,0.0070633343420922,1.0731987953186035,1.0985877513885498,0.4517644345760345,0.2877344787120819,20910,,,,,,,,,,,,,,,,,1,1.063391089439392,1
multiclass_table6_valence_3class,Table-6 Valence,recording_loo,GNN,BasicGCN_attention,r_52.avi,results/quick_v1_v2_comparison/2026-06-03_09-24-45/model_runs/2026-06-03_11-46-08,results/quick_v1_v2_comparison/2026-06-03_09-24-45/model_runs/2026-06-03_11-46-08/multiclass_table6_valence_3class_emotion-elicitation_2026-06-03_12-50-01,results/quick_v1_v2_comparison/2026-06-03_09-24-45/model_runs/2026-06-03_11-46-08/multiclass_table6_valence_3class_emotion-elicitation_2026-06-03_12-50-01/recording_loo/r_52.avi/gnn_fold_diagnostics.csv,train,0.0633510053157806,0.3288780748844147,-0.7011242508888245,1.2077196836471558,1.90884393453598,1.0540838241577148,0.0488888956606388,0.8688628077507019,1.098510503768921,0.474731981754303,0.2619606852531433,10000,,,,,,,,,,,,,,,,,7,1.0559775431950886,1
multiclass_table6_valence_3class,Table-6 Valence,recording_loo,GNN,BasicGCN_attention,r_52.avi,results/quick_v1_v2_comparison/2026-06-03_09-24-45/model_runs/2026-06-03_11-46-08,results/quick_v1_v2_comparison/2026-06-03_09-24-45/model_runs/2026-06-03_11-46-08/multiclass_table6_valence_3class_emotion-elicitation_2026-06-03_12-50-01,results/quick_v1_v2_comparison/2026-06-03_09-24-45/model_runs/2026-06-03_11-46-08/multiclass_table6_valence_3class_emotion-elicitation_2026-06-03_12-50-01/recording_loo/r_52.avi/gnn_fold_diagnostics.csv,val,0.0853569284081459,0.3936831653118133,-0.6556880474090576,1.1435285806655884,1.799216628074646,1.033077359199524,0.0581535622477531,0.8814849853515625,1.0985947847366333,0.4608905613422394,0.3134006857872009,179700,,,,,,,,,,,,,,,,,7,1.0559775431950886,1
multiclass_table6_valence_3class,Table-6 Valence,recording_loo,GNN,BasicGCN_attention,r_52.avi,results/quick_v1_v2_comparison/2026-06-03_09-24-45/model_runs/2026-06-03_11-46-08,results/quick_v1_v2_comparison/2026-06-03_09-24-45/model_runs/2026-06-03_11-46-08/multiclass_table6_valence_3class_emotion-elicitation_2026-06-03_12-50-01,results/quick_v1_v2_comparison/2026-06-03_09-24-45/model_runs/2026-06-03_11-46-08/multiclass_table6_valence_3class_emotion-elicitation_2026-06-03_12-50-01/recording_loo/r_52.avi/gnn_fold_diagnostics.csv,test,0.0526759587228298,0.3030793368816376,-0.6419360637664795,1.1611799001693726,1.803115963935852,1.060733437538147,0.0403683222830295,0.8794810771942139,1.0979890823364258,0.4364565014839172,0.2848691046237945,43365,,,,,,,,,,,,,,,,,7,1.0559775431950886,1
multiclass_table6_valence_3class,Table-6 Valence,recording_loo,GNN,BasicGCN_attention,r_53.avi,results/quick_v1_v2_comparison/2026-06-03_09-24-45/model_runs/2026-06-03_11-46-08,results/quick_v1_v2_comparison/2026-06-03_09-24-45/model_runs/2026-06-03_11-46-08/multiclass_table6_valence_3class_emotion-elicitation_2026-06-03_12-50-01,results/quick_v1_v2_comparison/2026-06-03_09-24-45/model_runs/2026-06-03_11-46-08/multiclass_table6_valence_3class_emotion-elicitation_2026-06-03_12-50-01/recording_loo/r_53.avi/gnn_fold_diagnostics.csv,train,0.0715036392211914,0.8624982237815857,-3.2707152366638184,3.4841856956481934,6.754900932312012,0.8482736945152283,0.2122262269258499,0.083304688334465,1.0986082553863523,0.4568716287612915,0.1779523640871048,10000,,,,,,,,,,,,,,,,,129,0.6999160846074423,1
multiclass_table6_valence_3class,Table-6 Valence,recording_loo,GNN,BasicGCN_attention,r_53.avi,results/quick_v1_v2_comparison/2026-06-03_09-24-45/model_runs/2026-06-03_11-46-08,results/quick_v1_v2_comparison/2026-06-03_09-24-45/model_runs/2026-06-03_11-46-08/multiclass_table6_valence_3class_emotion-elicitation_2026-06-03_12-50-01,results/quick_v1_v2_comparison/2026-06-03_09-24-45/model_runs/2026-06-03_11-46-08/multiclass_table6_valence_3class_emotion-elicitation_2026-06-03_12-50-01/recording_loo/r_53.avi/gnn_fold_diagnostics.csv,val,-0.0807406529784202,1.052333950996399,-3.2897448539733887,2.758681058883667,6.048425912857056,0.7706697583198547,0.2869338989257812,0.0838552266359329,1.0975561141967771,0.451433002948761,0.1955364644527435,141778,,,,,,,,,,,,,,,,,129,0.6999160846074423,1
multiclass_table6_valence_3class,Table-6 Valence,recording_loo,GNN,BasicGCN_attention,r_53.avi,results/quick_v1_v2_comparison/2026-06-03_09-24-45/model_runs/2026-06-03_11-46-08,results/quick_v1_v2_comparison/2026-06-03_09-24-45/model_runs/2026-06-03_11-46-08/multiclass_table6_valence_3class_emotion-elicitation_2026-06-03_12-50-01,results/quick_v1_v2_comparison/2026-06-03_09-24-45/model_runs/2026-06-03_11-46-08/multiclass_table6_valence_3class_emotion-elicitation_2026-06-03_12-50-01/recording_loo/r_53.avi/gnn_fold_diagnostics.csv,test,0.0924886539578437,0.7717704772949219,-2.3088505268096924,3.2574117183685303,5.566262245178223,0.8896764516830444,0.1876667588949203,0.1683209538459777,1.0983400344848633,0.4236697554588318,0.2053913027048111,46056,,,,,,,,,,,,,,,,,129,0.6999160846074423,1
multiclass_table6_valence_3class,Table-6 Valence,recording_loo,GNN,BasicGCN_attention,r_55.avi,results/quick_v1_v2_comparison/2026-06-03_09-24-45/model_runs/2026-06-03_11-46-08,results/quick_v1_v2_comparison/2026-06-03_09-24-45/model_runs/2026-06-03_11-46-08/multiclass_table6_valence_3class_emotion-elicitation_2026-06-03_12-50-01,results/quick_v1_v2_comparison/2026-06-03_09-24-45/model_runs/2026-06-03_11-46-08/multiclass_table6_valence_3class_emotion-elicitation_2026-06-03_12-50-01/recording_loo/r_55.avi/gnn_fold_diagnostics.csv,train,0.0342178344726562,0.168021097779274,-0.5269963145256042,0.6229812502861023,1.1499775648117063,1.0861068964004517,0.0117469867691397,1.0298807621002195,1.0986112356185913,0.3729552924633026,0.3627761304378509,10000,,,,,,,,,,,,,,,,,1,1.030526638031006,1
multiclass_table6_valence_3class,Table-6 Valence,recording_loo,GNN,BasicGCN_attention,r_55.avi,results/quick_v1_v2_comparison/2026-06-03_09-24-45/model_runs/2026-06-03_11-46-08,results/quick_v1_v2_comparison/2026-06-03_09-24-45/model_runs/2026-06-03_11-46-08/multiclass_table6_valence_3class_emotion-elicitation_2026-06-03_12-50-01,results/quick_v1_v2_comparison/2026-06-03_09-24-45/model_runs/2026-06-03_11-46-08/multiclass_table6_valence_3class_emotion-elicitation_2026-06-03_12-50-01/recording_loo/r_55.avi/gnn_fold_diagnostics.csv,val,0.0356133617460727,0.178418830037117,-0.4640232026576996,0.5058435797691345,0.969866782426834,1.0844950675964355,0.0117447916418313,1.0432732105255127,1.0985888242721558,0.3742909729480743,0.3667817711830139,121771,,,,,,,,,,,,,,,,,1,1.030526638031006,1
multiclass_table6_valence_3class,Table-6 Valence,recording_loo,GNN,BasicGCN_attention,r_55.avi,results/quick_v1_v2_comparison/2026-06-03_09-24-45/model_runs/2026-06-03_11-46-08,results/quick_v1_v2_comparison/2026-06-03_09-24-45/model_runs/2026-06-03_11-46-08/multiclass_table6_valence_3class_emotion-elicitation_2026-06-03_12-50-01,results/quick_v1_v2_comparison/2026-06-03_09-24-45/model_runs/2026-06-03_11-46-08/multiclass_table6_valence_3class_emotion-elicitation_2026-06-03_12-50-01/recording_loo/r_55.avi/gnn_fold_diagnostics.csv,test,0.0481987409293651,0.1879152804613113,-0.5731647610664368,0.527484118938446,1.1006488800048828,1.0826233625411987,0.0121686356142163,1.0332176685333252,1.0985002517700195,0.3946745991706848,0.3311583399772644,28920,,,,,,,,,,,,,,,,,1,1.030526638031006,1
multiclass_table6_valence_3class,Table-6 Valence,recording_loo,GNN,BasicGCN_attention,r_58.avi,results/quick_v1_v2_comparison/2026-06-03_09-24-45/model_runs/2026-06-03_11-46-08,results/quick_v1_v2_comparison/2026-06-03_09-24-45/model_runs/2026-06-03_11-46-08/multiclass_table6_valence_3class_emotion-elicitation_2026-06-03_12-50-01,results/quick_v1_v2_comparison/2026-06-03_09-24-45/model_runs/2026-06-03_11-46-08/multiclass_table6_valence_3class_emotion-elicitation_2026-06-03_12-50-01/recording_loo/r_58.avi/gnn_fold_diagnostics.csv,train,0.0743257626891136,0.6356949210166931,-1.61375093460083,2.273409366607666,3.887160301208496,0.9296643137931824,0.1419961154460907,0.3080374598503113,1.0985393524169922,0.4512568712234497,0.3110215663909912,10000,,,,,,,,,,,,,,,,,48,0.9404204785823822,1
multiclass_table6_valence_3class,Table-6 Valence,recording_loo,GNN,BasicGCN_attention,r_58.avi,results/quick_v1_v2_comparison/2026-06-03_09-24-45/model_runs/2026-06-03_11-46-08,results/quick_v1_v2_comparison/2026-06-03_09-24-45/model_runs/2026-06-03_11-46-08/multiclass_table6_valence_3class_emotion-elicitation_2026-06-03_12-50-01,results/quick_v1_v2_comparison/2026-06-03_09-24-45/model_runs/2026-06-03_11-46-08/multiclass_table6_valence_3class_emotion-elicitation_2026-06-03_12-50-01/recording_loo/r_58.avi/gnn_fold_diagnostics.csv,val,0.0228401776403188,0.6462578773498535,-1.4135977029800415,2.236889362335205,3.650487065315247,0.9190138578414916,0.178769513964653,0.3155685067176819,1.0973360538482666,0.4456768929958343,0.3026792705059051,126253,,,,,,,,,,,,,,,,,48,0.9404204785823822,1
multiclass_table6_valence_3class,Table-6 Valence,recording_loo,GNN,BasicGCN_attention,r_58.avi,results/quick_v1_v2_comparison/2026-06-03_09-24-45/model_runs/2026-06-03_11-46-08,results/quick_v1_v2_comparison/2026-06-03_09-24-45/model_runs/2026-06-03_11-46-08/multiclass_table6_valence_3class_emotion-elicitation_2026-06-03_12-50-01,results/quick_v1_v2_comparison/2026-06-03_09-24-45/model_runs/2026-06-03_11-46-08/multiclass_table6_valence_3class_emotion-elicitation_2026-06-03_12-50-01/recording_loo/r_58.avi/gnn_fold_diagnostics.csv,test,0.0181707367300987,0.5235286355018616,-1.0735429525375366,1.5496569871902466,2.623199939727783,0.978087306022644,0.094894990324974,0.6185286641120911,1.0979335308074951,0.3225401639938354,0.459035724401474,19306,,,,,,,,,,,,,,,,,48,0.9404204785823822,1
multiclass_table6_valence_3class,Table-6 Valence,recording_loo,GNN,BasicGCN_attention,r_69.avi,results/quick_v1_v2_comparison/2026-06-03_09-24-45/model_runs/2026-06-03_11-46-08,results/quick_v1_v2_comparison/2026-06-03_09-24-45/model_runs/2026-06-03_11-46-08/multiclass_table6_valence_3class_emotion-elicitation_2026-06-03_12-50-01,results/quick_v1_v2_comparison/2026-06-03_09-24-45/model_runs/2026-06-03_11-46-08/multiclass_table6_valence_3class_emotion-elicitation_2026-06-03_12-50-01/recording_loo/r_69.avi/gnn_fold_diagnostics.csv,train,-0.069352276623249,0.1182523593306541,-0.5248368978500366,0.3969504833221435,0.9217873811721802,1.093206524848938,0.0048146988265216,1.069303274154663,1.098611831665039,0.3830199241638183,0.2658558189868927,10000,,,,,,,,,,,,,,,,,1,1.0772409439086914,1
multiclass_table6_valence_3class,Table-6 Valence,recording_loo,GNN,BasicGCN_attention,r_69.avi,results/quick_v1_v2_comparison/2026-06-03_09-24-45/model_runs/2026-06-03_11-46-08,results/quick_v1_v2_comparison/2026-06-03_09-24-45/model_runs/2026-06-03_11-46-08/multiclass_table6_valence_3class_emotion-elicitation_2026-06-03_12-50-01,results/quick_v1_v2_comparison/2026-06-03_09-24-45/model_runs/2026-06-03_11-46-08/multiclass_table6_valence_3class_emotion-elicitation_2026-06-03_12-50-01/recording_loo/r_69.avi/gnn_fold_diagnostics.csv,val,-0.0677307769656181,0.1162045374512672,-0.4232507348060608,0.2805817127227783,0.7038324475288391,1.0933926105499268,0.0042599411681294,1.078642964363098,1.0986090898513794,0.4086655974388122,0.2484830021858215,109746,,,,,,,,,,,,,,,,,1,1.0772409439086914,1
multiclass_table6_valence_3class,Table-6 Valence,recording_loo,GNN,BasicGCN_attention,r_69.avi,results/quick_v1_v2_comparison/2026-06-03_09-24-45/model_runs/2026-06-03_11-46-08,results/quick_v1_v2_comparison/2026-06-03_09-24-45/model_runs/2026-06-03_11-46-08/multiclass_table6_valence_3class_emotion-elicitation_2026-06-03_12-50-01,results/quick_v1_v2_comparison/2026-06-03_09-24-45/model_runs/2026-06-03_11-46-08/multiclass_table6_valence_3class_emotion-elicitation_2026-06-03_12-50-01/recording_loo/r_69.avi/gnn_fold_diagnostics.csv,test,-0.0686780661344528,0.1213450357317924,-0.3952579796314239,0.2924524545669555,0.6877104341983795,1.093034744262695,0.0045541585423052,1.075183987617493,1.0985020399093628,0.4430425763130188,0.2361081391572952,22791,,,,,,,,,,,,,,,,,1,1.0772409439086914,1
multiclass_table6_valence_3class,Table-6 Valence,recording_loo,GNN,BasicGCN_attention,r_73.avi,results/quick_v1_v2_comparison/2026-06-03_09-24-45/model_runs/2026-06-03_11-46-08,results/quick_v1_v2_comparison/2026-06-03_09-24-45/model_runs/2026-06-03_11-46-08/multiclass_table6_valence_3class_emotion-elicitation_2026-06-03_12-50-01,results/quick_v1_v2_comparison/2026-06-03_09-24-45/model_runs/2026-06-03_11-46-08/multiclass_table6_valence_3class_emotion-elicitation_2026-06-03_12-50-01/recording_loo/r_73.avi/gnn_fold_diagnostics.csv,train,-0.1705452650785446,0.8284923434257507,-3.378732204437256,3.188655376434326,6.567387580871582,0.8609968423843384,0.2122343778610229,0.0387880280613899,1.0985223054885864,0.4980903565883636,0.105976901948452,10000,,,,,,,,,,,,,,,,,144,0.8067690928777059,1
multiclass_table6_valence_3class,Table-6 Valence,recording_loo,GNN,BasicGCN_attention,r_73.avi,results/quick_v1_v2_comparison/2026-06-03_09-24-45/model_runs/2026-06-03_11-46-08,results/quick_v1_v2_comparison/2026-06-03_09-24-45/model_runs/2026-06-03_11-46-08/multiclass_table6_valence_3class_emotion-elicitation_2026-06-03_12-50-01,results/quick_v1_v2_comparison/2026-06-03_09-24-45/model_runs/2026-06-03_11-46-08/multiclass_table6_valence_3class_emotion-elicitation_2026-06-03_12-50-01/recording_loo/r_73.avi/gnn_fold_diagnostics.csv,val,-0.2171000391244888,1.053309202194214,-3.1827521324157715,3.2890853881835938,6.471837520599365,0.7787521481513977,0.2990973591804504,0.0313389971852302,1.098413348197937,0.4704842865467071,0.1210709139704704,154290,,,,,,,,,,,,,,,,,144,0.8067690928777059,1
multiclass_table6_valence_3class,Table-6 Valence,recording_loo,GNN,BasicGCN_attention,r_73.avi,results/quick_v1_v2_comparison/2026-06-03_09-24-45/model_runs/2026-06-03_11-46-08,results/quick_v1_v2_comparison/2026-06-03_09-24-45/model_runs/2026-06-03_11-46-08/multiclass_table6_valence_3class_emotion-elicitation_2026-06-03_12-50-01,results/quick_v1_v2_comparison/2026-06-03_09-24-45/model_runs/2026-06-03_11-46-08/multiclass_table6_valence_3class_emotion-elicitation_2026-06-03_12-50-01/recording_loo/r_73.avi/gnn_fold_diagnostics.csv,test,-0.1476145833730697,0.6895922422409058,-1.8936855792999268,2.016906261444092,3.9105918407440186,0.9114381074905396,0.1456139236688614,0.3172797262668609,1.098131775856018,0.4950700998306274,0.1456224620342254,29646,,,,,,,,,,,,,,,,,144,0.8067690928777059,1
multiclass_table6_valence_3class,Table-6 Valence,recording_loo,GNN,BasicGCN_attention,r_79.avi,results/quick_v1_v2_comparison/2026-06-03_09-24-45/model_runs/2026-06-03_11-46-08,results/quick_v1_v2_comparison/2026-06-03_09-24-45/model_runs/2026-06-03_11-46-08/multiclass_table6_valence_3class_emotion-elicitation_2026-06-03_12-50-01,results/quick_v1_v2_comparison/2026-06-03_09-24-45/model_runs/2026-06-03_11-46-08/multiclass_table6_valence_3class_emotion-elicitation_2026-06-03_12-50-01/recording_loo/r_79.avi/gnn_fold_diagnostics.csv,train,0.0007668088655918,0.1289746016263961,-0.4072714149951935,0.4836398661136627,0.8909112811088562,1.0914722681045532,0.006733373273164,1.0574263334274292,1.0986104011535645,0.3718810379505157,0.3162827491760254,10000,,,,,,,,,,,,,,,,,1,1.1978914340337117,1
multiclass_table6_valence_3class,Table-6 Valence,recording_loo,GNN,BasicGCN_attention,r_79.avi,results/quick_v1_v2_comparison/2026-06-03_09-24-45/model_runs/2026-06-03_11-46-08,results/quick_v1_v2_comparison/2026-06-03_09-24-45/model_runs/2026-06-03_11-46-08/multiclass_table6_valence_3class_emotion-elicitation_2026-06-03_12-50-01,results/quick_v1_v2_comparison/2026-06-03_09-24-45/model_runs/2026-06-03_11-46-08/multiclass_table6_valence_3class_emotion-elicitation_2026-06-03_12-50-01/recording_loo/r_79.avi/gnn_fold_diagnostics.csv,val,0.0072003863751888,0.1337730437517166,-0.372182697057724,0.4397676587104797,0.8119503557682037,1.0909919738769531,0.0060290494002401,1.0639503002166748,1.0985990762710571,0.2670800983905792,0.4833230674266815,134421,,,,,,,,,,,,,,,,,1,1.1978914340337117,1
multiclass_table6_valence_3class,Table-6 Valence,recording_loo,GNN,BasicGCN_attention,r_79.avi,results/quick_v1_v2_comparison/2026-06-03_09-24-45/model_runs/2026-06-03_11-46-08,results/quick_v1_v2_comparison/2026-06-03_09-24-45/model_runs/2026-06-03_11-46-08/multiclass_table6_valence_3class_emotion-elicitation_2026-06-03_12-50-01,results/quick_v1_v2_comparison/2026-06-03_09-24-45/model_runs/2026-06-03_11-46-08/multiclass_table6_valence_3class_emotion-elicitation_2026-06-03_12-50-01/recording_loo/r_79.avi/gnn_fold_diagnostics.csv,test,-0.00879517942667,0.1225276365876197,-0.3059345185756683,0.3631832301616668,0.6691177487373352,1.0919839143753052,0.0057370546273887,1.071120262145996,1.098554611206055,0.3318416476249695,0.3552593290805816,13203,,,,,,,,,,,,,,,,,1,1.1978914340337117,1
multiclass_table6_valence_3class,Table-6 Valence,recording_loo,GNN,BasicGCN_attention,r_80.avi,results/quick_v1_v2_comparison/2026-06-03_09-24-45/model_runs/2026-06-03_11-46-08,results/quick_v1_v2_comparison/2026-06-03_09-24-45/model_runs/2026-06-03_11-46-08/multiclass_table6_valence_3class_emotion-elicitation_2026-06-03_12-50-01,results/quick_v1_v2_comparison/2026-06-03_09-24-45/model_runs/2026-06-03_11-46-08/multiclass_table6_valence_3class_emotion-elicitation_2026-06-03_12-50-01/recording_loo/r_80.avi/gnn_fold_diagnostics.csv,train,-0.0088329501450061,0.2893365025520324,-0.8656665682792664,0.833430826663971,1.6990973949432373,1.057759404182434,0.0537539795041084,0.8538072109222412,1.098606824874878,0.4281651377677917,0.2506513893604278,10000,,,,,,,,,,,,,,,,,6,0.9560035069783528,1
multiclass_table6_valence_3class,Table-6 Valence,recording_loo,GNN,BasicGCN_attention,r_80.avi,results/quick_v1_v2_comparison/2026-06-03_09-24-45/model_runs/2026-06-03_11-46-08,results/quick_v1_v2_comparison/2026-06-03_09-24-45/model_runs/2026-06-03_11-46-08/multiclass_table6_valence_3class_emotion-elicitation_2026-06-03_12-50-01,results/quick_v1_v2_comparison/2026-06-03_09-24-45/model_runs/2026-06-03_11-46-08/multiclass_table6_valence_3class_emotion-elicitation_2026-06-03_12-50-01/recording_loo/r_80.avi/gnn_fold_diagnostics.csv,val,-0.0138855390250682,0.2753212749958038,-0.8259676098823547,0.7344281077384949,1.5603957176208496,1.0619704723358154,0.0477985739707946,0.8857784867286682,1.0985623598098757,0.4419654011726379,0.2444914132356643,148240,,,,,,,,,,,,,,,,,6,0.9560035069783528,1
multiclass_table6_valence_3class,Table-6 Valence,recording_loo,GNN,BasicGCN_attention,r_80.avi,results/quick_v1_v2_comparison/2026-06-03_09-24-45/model_runs/2026-06-03_11-46-08,results/quick_v1_v2_comparison/2026-06-03_09-24-45/model_runs/2026-06-03_11-46-08/multiclass_table6_valence_3class_emotion-elicitation_2026-06-03_12-50-01,results/quick_v1_v2_comparison/2026-06-03_09-24-45/model_runs/2026-06-03_11-46-08/multiclass_table6_valence_3class_emotion-elicitation_2026-06-03_12-50-01/recording_loo/r_80.avi/gnn_fold_diagnostics.csv,test,0.0185714270919561,0.2191513031721115,-0.6862456202507019,0.7115148901939392,1.3977605104446411,1.0754050016403198,0.0321048125624656,0.9266034960746764,1.0984768867492676,0.3550752699375152,0.3795554339885711,38781,,,,,,,,,,,,,,,,,6,0.9560035069783528,1
multiclass_table6_valence_3class,Table-6 Valence,recording_loo,GNN,BasicGCN_attention,r_90.avi,results/quick_v1_v2_comparison/2026-06-03_09-24-45/model_runs/2026-06-03_11-46-08,results/quick_v1_v2_comparison/2026-06-03_09-24-45/model_runs/2026-06-03_11-46-08/multiclass_table6_valence_3class_emotion-elicitation_2026-06-03_12-50-01,results/quick_v1_v2_comparison/2026-06-03_09-24-45/model_runs/2026-06-03_11-46-08/multiclass_table6_valence_3class_emotion-elicitation_2026-06-03_12-50-01/recording_loo/r_90.avi/gnn_fold_diagnostics.csv,train,0.096407301723957,0.1134553551673889,-0.2998367846012115,0.5706843733787537,0.8705211579799652,1.093489408493042,0.0052991779521107,1.0636940002441406,1.0986120700836182,0.3547554016113281,0.4377093315124511,10000,,,,,,,,,,,,,,,,,2,1.1144137978553772,1
multiclass_table6_valence_3class,Table-6 Valence,recording_loo,GNN,BasicGCN_attention,r_90.avi,results/quick_v1_v2_comparison/2026-06-03_09-24-45/model_runs/2026-06-03_11-46-08,results/quick_v1_v2_comparison/2026-06-03_09-24-45/model_runs/2026-06-03_11-46-08/multiclass_table6_valence_3class_emotion-elicitation_2026-06-03_12-50-01,results/quick_v1_v2_comparison/2026-06-03_09-24-45/model_runs/2026-06-03_11-46-08/multiclass_table6_valence_3class_emotion-elicitation_2026-06-03_12-50-01/recording_loo/r_90.avi/gnn_fold_diagnostics.csv,val,0.0992778465151786,0.1163233667612075,-0.2594281435012817,0.4086060523986816,0.6680341958999634,1.0930835008621216,0.0054891947656869,1.0758447647094729,1.0986067056655884,0.3491032719612121,0.461313247680664,122760,,,,,,,,,,,,,,,,,2,1.1144137978553772,1
multiclass_table6_valence_3class,Table-6 Valence,recording_loo,GNN,BasicGCN_attention,r_90.avi,results/quick_v1_v2_comparison/2026-06-03_09-24-45/model_runs/2026-06-03_11-46-08,results/quick_v1_v2_comparison/2026-06-03_09-24-45/model_runs/2026-06-03_11-46-08/multiclass_table6_valence_3class_emotion-elicitation_2026-06-03_12-50-01,results/quick_v1_v2_comparison/2026-06-03_09-24-45/model_runs/2026-06-03_11-46-08/multiclass_table6_valence_3class_emotion-elicitation_2026-06-03_12-50-01/recording_loo/r_90.avi/gnn_fold_diagnostics.csv,test,0.0773332715034484,0.104725182056427,-0.2050409615039825,0.3494327962398529,0.5544737577438354,1.0944790840148926,0.0047955065965652,1.0734089612960815,1.0986063480377195,0.3486048877239227,0.4388577044010162,32640,,,,,,,,,,,,,,,,,2,1.1144137978553772,1
multiclass_table6_valence_3class,Table-6 Valence,recording_loo,GNN,BasicGCN_attention,r_cats_f.avi,results/quick_v1_v2_comparison/2026-06-03_09-24-45/model_runs/2026-06-03_11-46-08,results/quick_v1_v2_comparison/2026-06-03_09-24-45/model_runs/2026-06-03_11-46-08/multiclass_table6_valence_3class_emotion-elicitation_2026-06-03_12-50-01,results/quick_v1_v2_comparison/2026-06-03_09-24-45/model_runs/2026-06-03_11-46-08/multiclass_table6_valence_3class_emotion-elicitation_2026-06-03_12-50-01/recording_loo/r_cats_f.avi/gnn_fold_diagnostics.csv,train,0.0524836890399456,0.834725022315979,-2.83780837059021,3.8494274616241455,6.687235832214356,0.8638656735420227,0.2288097292184829,0.0490352883934974,1.098603367805481,0.4643836617469787,0.2064160853624344,10000,,,,,,,,,,,,,,,,,105,1.0096013247966766,1
multiclass_table6_valence_3class,Table-6 Valence,recording_loo,GNN,BasicGCN_attention,r_cats_f.avi,results/quick_v1_v2_comparison/2026-06-03_09-24-45/model_runs/2026-06-03_11-46-08,results/quick_v1_v2_comparison/2026-06-03_09-24-45/model_runs/2026-06-03_11-46-08/multiclass_table6_valence_3class_emotion-elicitation_2026-06-03_12-50-01,results/quick_v1_v2_comparison/2026-06-03_09-24-45/model_runs/2026-06-03_11-46-08/multiclass_table6_valence_3class_emotion-elicitation_2026-06-03_12-50-01/recording_loo/r_cats_f.avi/gnn_fold_diagnostics.csv,val,0.0699154585599899,0.7477657198905945,-2.28532075881958,3.0193889141082764,5.304709672927856,0.8664528131484985,0.2041430920362472,0.1470169425010681,1.0983256101608276,0.4209482967853546,0.2969080507755279,67528,,,,,,,,,,,,,,,,,105,1.0096013247966766,1
multiclass_table6_valence_3class,Table-6 Valence,recording_loo,GNN,BasicGCN_attention,r_cats_f.avi,results/quick_v1_v2_comparison/2026-06-03_09-24-45/model_runs/2026-06-03_11-46-08,results/quick_v1_v2_comparison/2026-06-03_09-24-45/model_runs/2026-06-03_11-46-08/multiclass_table6_valence_3class_emotion-elicitation_2026-06-03_12-50-01,results/quick_v1_v2_comparison/2026-06-03_09-24-45/model_runs/2026-06-03_11-46-08/multiclass_table6_valence_3class_emotion-elicitation_2026-06-03_12-50-01/recording_loo/r_cats_f.avi/gnn_fold_diagnostics.csv,test,0.0704952627420425,0.6391786932945251,-1.3544317483901978,1.9700533151626587,3.3244850635528564,0.9270195960998536,0.1275816261768341,0.427118718624115,1.0954962968826294,0.3691444098949432,0.322099506855011,42486,,,,,,,,,,,,,,,,,105,1.0096013247966766,1
multiclass_table6_valence_3class,Table-6 Valence,recording_loo,GNN,BasicGCN_attention,r_dallas_f.avi,results/quick_v1_v2_comparison/2026-06-03_09-24-45/model_runs/2026-06-03_11-46-08,results/quick_v1_v2_comparison/2026-06-03_09-24-45/model_runs/2026-06-03_11-46-08/multiclass_table6_valence_3class_emotion-elicitation_2026-06-03_12-50-01,results/quick_v1_v2_comparison/2026-06-03_09-24-45/model_runs/2026-06-03_11-46-08/multiclass_table6_valence_3class_emotion-elicitation_2026-06-03_12-50-01/recording_loo/r_dallas_f.avi/gnn_fold_diagnostics.csv,train,-0.0076660350896418,0.1373813152313232,-0.4705666303634643,0.3565936088562011,0.8271602392196655,1.090622901916504,0.0053997836075723,1.059614658355713,1.0985950231552124,0.3793924152851105,0.3303993940353393,10000,,,,,,,,,,,,,,,,,1,1.046904981136322,1
multiclass_table6_valence_3class,Table-6 Valence,recording_loo,GNN,BasicGCN_attention,r_dallas_f.avi,results/quick_v1_v2_comparison/2026-06-03_09-24-45/model_runs/2026-06-03_11-46-08,results/quick_v1_v2_comparison/2026-06-03_09-24-45/model_runs/2026-06-03_11-46-08/multiclass_table6_valence_3class_emotion-elicitation_2026-06-03_12-50-01,results/quick_v1_v2_comparison/2026-06-03_09-24-45/model_runs/2026-06-03_11-46-08/multiclass_table6_valence_3class_emotion-elicitation_2026-06-03_12-50-01/recording_loo/r_dallas_f.avi/gnn_fold_diagnostics.csv,val,-0.0112931607291102,0.139381542801857,-0.4900150001049042,0.323667049407959,0.8136820495128632,1.090596318244934,0.00586464907974,1.0656861066818235,1.0986063480377195,0.3932097852230072,0.2851818799972534,117370,,,,,,,,,,,,,,,,,1,1.046904981136322,1
multiclass_table6_valence_3class,Table-6 Valence,recording_loo,GNN,BasicGCN_attention,r_dallas_f.avi,results/quick_v1_v2_comparison/2026-06-03_09-24-45/model_runs/2026-06-03_11-46-08,results/quick_v1_v2_comparison/2026-06-03_09-24-45/model_runs/2026-06-03_11-46-08/multiclass_table6_valence_3class_emotion-elicitation_2026-06-03_12-50-01,results/quick_v1_v2_comparison/2026-06-03_09-24-45/model_runs/2026-06-03_11-46-08/multiclass_table6_valence_3class_emotion-elicitation_2026-06-03_12-50-01/recording_loo/r_dallas_f.avi/gnn_fold_diagnostics.csv,test,-0.0241119060665369,0.1405477672815323,-0.4662589132785797,0.3017234206199646,0.7679823338985443,1.0897575616836548,0.005413866136223,1.067098617553711,1.0985736846923828,0.2364142835140228,0.5485814809799194,34716,,,,,,,,,,,,,,,,,1,1.046904981136322,1
multiclass_table6_valence_3class,Table-6 Valence,recording_loo,GNN,BasicGCN_attention,r_detroit_f.avi,results/quick_v1_v2_comparison/2026-06-03_09-24-45/model_runs/2026-06-03_11-46-08,results/quick_v1_v2_comparison/2026-06-03_09-24-45/model_runs/2026-06-03_11-46-08/multiclass_table6_valence_3class_emotion-elicitation_2026-06-03_12-50-01,results/quick_v1_v2_comparison/2026-06-03_09-24-45/model_runs/2026-06-03_11-46-08/multiclass_table6_valence_3class_emotion-elicitation_2026-06-03_12-50-01/recording_loo/r_detroit_f.avi/gnn_fold_diagnostics.csv,train,-0.0888247862458229,0.732555627822876,-2.4541072845458984,3.182966709136963,5.637073993682861,0.8940249681472778,0.1862828433513641,0.0774401277303695,1.098583698272705,0.4801744520664215,0.2213895767927169,10000,,,,,,,,,,,,,,,,,99,0.8027309775352478,1
multiclass_table6_valence_3class,Table-6 Valence,recording_loo,GNN,BasicGCN_attention,r_detroit_f.avi,results/quick_v1_v2_comparison/2026-06-03_09-24-45/model_runs/2026-06-03_11-46-08,results/quick_v1_v2_comparison/2026-06-03_09-24-45/model_runs/2026-06-03_11-46-08/multiclass_table6_valence_3class_emotion-elicitation_2026-06-03_12-50-01,results/quick_v1_v2_comparison/2026-06-03_09-24-45/model_runs/2026-06-03_11-46-08/multiclass_table6_valence_3class_emotion-elicitation_2026-06-03_12-50-01/recording_loo/r_detroit_f.avi/gnn_fold_diagnostics.csv,val,-0.0712005719542503,0.704371452331543,-1.8234461545944212,2.06791090965271,3.8913570642471313,0.8922305107116699,0.1554325222969055,0.3011280298233032,1.097647786140442,0.4478185176849365,0.2768225371837616,121278,,,,,,,,,,,,,,,,,99,0.8027309775352478,1
multiclass_table6_valence_3class,Table-6 Valence,recording_loo,GNN,BasicGCN_attention,r_detroit_f.avi,results/quick_v1_v2_comparison/2026-06-03_09-24-45/model_runs/2026-06-03_11-46-08,results/quick_v1_v2_comparison/2026-06-03_09-24-45/model_runs/2026-06-03_11-46-08/multiclass_table6_valence_3class_emotion-elicitation_2026-06-03_12-50-01,results/quick_v1_v2_comparison/2026-06-03_09-24-45/model_runs/2026-06-03_11-46-08/multiclass_table6_valence_3class_emotion-elicitation_2026-06-03_12-50-01/recording_loo/r_detroit_f.avi/gnn_fold_diagnostics.csv,test,-0.0940650105476379,0.9875811338424684,-2.492640733718872,3.0576744079589844,5.550315141677856,0.7826601266860962,0.3002626597881317,0.0964286029338836,1.0971190929412842,0.3954173028469085,0.3658827245235443,34191,,,,,,,,,,,,,,,,,99,0.8027309775352478,1
multiclass_table6_valence_3class,Table-6 Valence,recording_loo,GNN,BasicGCN_attention,r_earworm_f.avi,results/quick_v1_v2_comparison/2026-06-03_09-24-45/model_runs/2026-06-03_11-46-08,results/quick_v1_v2_comparison/2026-06-03_09-24-45/model_runs/2026-06-03_11-46-08/multiclass_table6_valence_3class_emotion-elicitation_2026-06-03_12-50-01,results/quick_v1_v2_comparison/2026-06-03_09-24-45/model_runs/2026-06-03_11-46-08/multiclass_table6_valence_3class_emotion-elicitation_2026-06-03_12-50-01/recording_loo/r_earworm_f.avi/gnn_fold_diagnostics.csv,train,0.0407362468540668,0.3458371460437774,-0.7495240569114685,1.0468319654464722,1.796356022357941,1.0445683002471924,0.058609165251255,0.8245635628700256,1.0985989570617676,0.3923225402832031,0.3049225807189941,10000,,,,,,,,,,,,,,,,,10,1.0545621713002522,1
multiclass_table6_valence_3class,Table-6 Valence,recording_loo,GNN,BasicGCN_attention,r_earworm_f.avi,results/quick_v1_v2_comparison/2026-06-03_09-24-45/model_runs/2026-06-03_11-46-08,results/quick_v1_v2_comparison/2026-06-03_09-24-45/model_runs/2026-06-03_11-46-08/multiclass_table6_valence_3class_emotion-elicitation_2026-06-03_12-50-01,results/quick_v1_v2_comparison/2026-06-03_09-24-45/model_runs/2026-06-03_11-46-08/multiclass_table6_valence_3class_emotion-elicitation_2026-06-03_12-50-01/recording_loo/r_earworm_f.avi/gnn_fold_diagnostics.csv,val,0.0355784147977829,0.3451228439807892,-0.6964005827903748,0.9699333906173706,1.6663339734077454,1.0434805154800415,0.0571873597800731,0.8519788980484009,1.0985199213027954,0.3686787188053131,0.3367350101470947,195625,,,,,,,,,,,,,,,,,10,1.0545621713002522,1
multiclass_table6_valence_3class,Table-6 Valence,recording_loo,GNN,BasicGCN_attention,r_earworm_f.avi,results/quick_v1_v2_comparison/2026-06-03_09-24-45/model_runs/2026-06-03_11-46-08,results/quick_v1_v2_comparison/2026-06-03_09-24-45/model_runs/2026-06-03_11-46-08/multiclass_table6_valence_3class_emotion-elicitation_2026-06-03_12-50-01,results/quick_v1_v2_comparison/2026-06-03_09-24-45/model_runs/2026-06-03_11-46-08/multiclass_table6_valence_3class_emotion-elicitation_2026-06-03_12-50-01/recording_loo/r_earworm_f.avi/gnn_fold_diagnostics.csv,test,0.0480359122157096,0.3213699460029602,-0.6790074706077576,0.9054100513458252,1.5844175219535828,1.053521752357483,0.0476401336491107,0.8846827745437622,1.0986104011535645,0.3805803954601288,0.3475795686244964,18336,,,,,,,,,,,,,,,,,10,1.0545621713002522,1
multiclass_table6_valence_3class,Table-6 Valence,recording_loo,GNN,BasicGCN_attention,r_funny_f.avi,results/quick_v1_v2_comparison/2026-06-03_09-24-45/model_runs/2026-06-03_11-46-08,results/quick_v1_v2_comparison/2026-06-03_09-24-45/model_runs/2026-06-03_11-46-08/multiclass_table6_valence_3class_emotion-elicitation_2026-06-03_12-50-01,results/quick_v1_v2_comparison/2026-06-03_09-24-45/model_runs/2026-06-03_11-46-08/multiclass_table6_valence_3class_emotion-elicitation_2026-06-03_12-50-01/recording_loo/r_funny_f.avi/gnn_fold_diagnostics.csv,train,-0.0219024457037448,0.6442859172821045,-2.2519922256469727,2.1012988090515137,4.353291034698486,0.9322530627250672,0.1608984619379043,0.2410481125116348,1.0986051559448242,0.4795851111412048,0.2561068534851074,10000,,,,,,,,,,,,,,,,,49,0.90550434589386,1
multiclass_table6_valence_3class,Table-6 Valence,recording_loo,GNN,BasicGCN_attention,r_funny_f.avi,results/quick_v1_v2_comparison/2026-06-03_09-24-45/model_runs/2026-06-03_11-46-08,results/quick_v1_v2_comparison/2026-06-03_09-24-45/model_runs/2026-06-03_11-46-08/multiclass_table6_valence_3class_emotion-elicitation_2026-06-03_12-50-01,results/quick_v1_v2_comparison/2026-06-03_09-24-45/model_runs/2026-06-03_11-46-08/multiclass_table6_valence_3class_emotion-elicitation_2026-06-03_12-50-01/recording_loo/r_funny_f.avi/gnn_fold_diagnostics.csv,val,0.0154513344168663,0.5615671277046204,-1.3826364278793335,1.5202525854110718,2.9028890132904053,0.9621259570121764,0.0954971015453338,0.5660062432289124,1.098259687423706,0.418114423751831,0.3505049049854278,127765,,,,,,,,,,,,,,,,,49,0.90550434589386,1
multiclass_table6_valence_3class,Table-6 Valence,recording_loo,GNN,BasicGCN_attention,r_funny_f.avi,results/quick_v1_v2_comparison/2026-06-03_09-24-45/model_runs/2026-06-03_11-46-08,results/quick_v1_v2_comparison/2026-06-03_09-24-45/model_runs/2026-06-03_11-46-08/multiclass_table6_valence_3class_emotion-elicitation_2026-06-03_12-50-01,results/quick_v1_v2_comparison/2026-06-03_09-24-45/model_runs/2026-06-03_11-46-08/multiclass_table6_valence_3class_emotion-elicitation_2026-06-03_12-50-01/recording_loo/r_funny_f.avi/gnn_fold_diagnostics.csv,test,0.0105998646467924,0.5039271116256714,-1.2009899616241455,1.4443535804748535,2.645343542098999,0.9864803552627563,0.0827883034944534,0.6110903024673462,1.0976706743240356,0.4137363135814667,0.3759938776493072,34980,,,,,,,,,,,,,,,,,49,0.90550434589386,1
multiclass_table6_valence_3class,Table-6 Valence,recording_loo,GNN,BasicGCN_attention,r_newyork_f.avi,results/quick_v1_v2_comparison/2026-06-03_09-24-45/model_runs/2026-06-03_11-46-08,results/quick_v1_v2_comparison/2026-06-03_09-24-45/model_runs/2026-06-03_11-46-08/multiclass_table6_valence_3class_emotion-elicitation_2026-06-03_12-50-01,results/quick_v1_v2_comparison/2026-06-03_09-24-45/model_runs/2026-06-03_11-46-08/multiclass_table6_valence_3class_emotion-elicitation_2026-06-03_12-50-01/recording_loo/r_newyork_f.avi/gnn_fold_diagnostics.csv,train,-0.0743499174714088,0.3721070289611816,-0.9036315083503724,1.2080261707305908,2.111657679080963,1.034167766571045,0.0629892945289611,0.7834112048149109,1.098560810089111,0.3690567016601562,0.4243077635765075,10000,,,,,,,,,,,,,,,,,12,0.9672721028327942,1
multiclass_table6_valence_3class,Table-6 Valence,recording_loo,GNN,BasicGCN_attention,r_newyork_f.avi,results/quick_v1_v2_comparison/2026-06-03_09-24-45/model_runs/2026-06-03_11-46-08,results/quick_v1_v2_comparison/2026-06-03_09-24-45/model_runs/2026-06-03_11-46-08/multiclass_table6_valence_3class_emotion-elicitation_2026-06-03_12-50-01,results/quick_v1_v2_comparison/2026-06-03_09-24-45/model_runs/2026-06-03_11-46-08/multiclass_table6_valence_3class_emotion-elicitation_2026-06-03_12-50-01/recording_loo/r_newyork_f.avi/gnn_fold_diagnostics.csv,val,-0.0825655311346054,0.3207101225852966,-0.7852447032928467,1.0101985931396484,1.7954432964324951,1.050336837768555,0.0453328192234039,0.8192469477653503,1.0985983610153198,0.3554214537143707,0.4253849685192108,95703,,,,,,,,,,,,,,,,,12,0.9672721028327942,1
multiclass_table6_valence_3class,Table-6 Valence,recording_loo,GNN,BasicGCN_attention,r_newyork_f.avi,results/quick_v1_v2_comparison/2026-06-03_09-24-45/model_runs/2026-06-03_11-46-08,results/quick_v1_v2_comparison/2026-06-03_09-24-45/model_runs/2026-06-03_11-46-08/multiclass_table6_valence_3class_emotion-elicitation_2026-06-03_12-50-01,results/quick_v1_v2_comparison/2026-06-03_09-24-45/model_runs/2026-06-03_11-46-08/multiclass_table6_valence_3class_emotion-elicitation_2026-06-03_12-50-01/recording_loo/r_newyork_f.avi/gnn_fold_diagnostics.csv,test,-0.0734219029545784,0.2236530780792236,-0.784677267074585,0.6652910113334656,1.4499682784080503,1.0768698453903198,0.0191343035548925,0.9829721450805664,1.098605990409851,0.3111735582351684,0.4747043550014496,32385,,,,,,,,,,,,,,,,,12,0.9672721028327942,1
multiclass_table6_arousal_3class,Table-6 Arousal,subject_loo,GNN,GNN_v2,s_P1,results/quick_v1_v2_comparison/2026-06-03_09-24-45/model_runs/2026-06-03_13-48-09,results/quick_v1_v2_comparison/2026-06-03_09-24-45/model_runs/2026-06-03_13-48-09/multiclass_table6_arousal_3class_emotion-elicitation_2026-06-03_13-49-14,results/quick_v1_v2_comparison/2026-06-03_09-24-45/model_runs/2026-06-03_13-48-09/multiclass_table6_arousal_3class_emotion-elicitation_2026-06-03_13-49-14/subject_loo/s_P1/gnn_fold_diagnostics.csv,train,0.0379925072193145,0.9205724596977234,-3.16300106048584,3.752091884613037,6.915092945098877,0.8461874723434448,0.2222378253936767,0.0676991790533065,1.0984113216400146,0.3779910504817962,0.2442582100629806,10000,-1.0,6.315130463008245e-08,-1.0,-0.9999998807907104,-1.0,6.103679339730661e-08,-1.0,-0.9999998807907104,0.6729556322097778,0.2854224443435669,-1.0,1.0,-0.1691069453954696,0.0242511443793773,-1.0,-0.0974991470575332,106,0.9807561635971068,1
multiclass_table6_arousal_3class,Table-6 Arousal,subject_loo,GNN,GNN_v2,s_P1,results/quick_v1_v2_comparison/2026-06-03_09-24-45/model_runs/2026-06-03_13-48-09,results/quick_v1_v2_comparison/2026-06-03_09-24-45/model_runs/2026-06-03_13-48-09/multiclass_table6_arousal_3class_emotion-elicitation_2026-06-03_13-49-14,results/quick_v1_v2_comparison/2026-06-03_09-24-45/model_runs/2026-06-03_13-48-09/multiclass_table6_arousal_3class_emotion-elicitation_2026-06-03_13-49-14/subject_loo/s_P1/gnn_fold_diagnostics.csv,val,0.009376642294228,0.9118040800094604,-3.010197639465332,3.2232489585876465,6.2334465980529785,0.8542391061782837,0.2251761853694915,0.1035162508487701,1.0984101295471191,0.3521371483802795,0.2812764644622803,114960,-0.9999999403953552,1.2839959318000638e-08,-1.0,-0.9999998807907104,-1.0,6.120151141431053e-08,-1.0,-0.9999998807907104,0.6771392226219177,0.2811914682388305,-1.0,1.0,-0.1689480394124984,0.023287096992135,-1.0,-0.0988243967294693,106,0.9807561635971068,1
multiclass_table6_arousal_3class,Table-6 Arousal,subject_loo,GNN,GNN_v2,s_P1,results/quick_v1_v2_comparison/2026-06-03_09-24-45/model_runs/2026-06-03_13-48-09,results/quick_v1_v2_comparison/2026-06-03_09-24-45/model_runs/2026-06-03_13-48-09/multiclass_table6_arousal_3class_emotion-elicitation_2026-06-03_13-49-14,results/quick_v1_v2_comparison/2026-06-03_09-24-45/model_runs/2026-06-03_13-48-09/multiclass_table6_arousal_3class_emotion-elicitation_2026-06-03_13-49-14/subject_loo/s_P1/gnn_fold_diagnostics.csv,test,0.1261620223522186,1.040034294128418,-2.358654499053955,3.4129858016967773,5.771640300750732,0.759287416934967,0.1914936602115631,0.0916040986776351,1.0656880140304563,0.2077421694993972,0.6798167824745178,28680,-0.9999999403953552,1.313592701279731e-08,-1.0,-0.9999998807907104,-1.0,6.118625606177376e-08,-1.0,-0.9999998807907104,0.6846858263015747,0.2780055105686188,-1.0,1.0,-0.1693862080574035,0.0255110301077365,-1.0,-0.1126017123460769,106,0.9807561635971068,1
multiclass_table6_arousal_3class,Table-6 Arousal,subject_loo,GNN,GNN_v2,s_P10,results/quick_v1_v2_comparison/2026-06-03_09-24-45/model_runs/2026-06-03_13-48-09,results/quick_v1_v2_comparison/2026-06-03_09-24-45/model_runs/2026-06-03_13-48-09/multiclass_table6_arousal_3class_emotion-elicitation_2026-06-03_13-49-14,results/quick_v1_v2_comparison/2026-06-03_09-24-45/model_runs/2026-06-03_13-48-09/multiclass_table6_arousal_3class_emotion-elicitation_2026-06-03_13-49-14/subject_loo/s_P10/gnn_fold_diagnostics.csv,train,0.1003793030977249,0.648756742477417,-1.4342187643051147,1.958961009979248,3.393179774284363,0.9241340160369872,0.1337799578905105,0.3518633842468261,1.0975233316421509,0.3705956935882568,0.4241785705089569,10000,-0.9993805289268494,0.0351906530559062,-0.9999999403953552,1.0,-0.9998521208763124,0.0171957872807979,-0.9999999403953552,0.9999999403953552,0.6764553189277649,0.2806812822818756,0.1098167151212692,1.0,0.1690670400857925,0.0239825006574392,0.0998596400022506,1.0,48,0.9865747392177582,1
multiclass_table6_arousal_3class,Table-6 Arousal,subject_loo,GNN,GNN_v2,s_P10,results/quick_v1_v2_comparison/2026-06-03_09-24-45/model_runs/2026-06-03_13-48-09,results/quick_v1_v2_comparison/2026-06-03_09-24-45/model_runs/2026-06-03_13-48-09/multiclass_table6_arousal_3class_emotion-elicitation_2026-06-03_13-49-14,results/quick_v1_v2_comparison/2026-06-03_09-24-45/model_runs/2026-06-03_13-48-09/multiclass_table6_arousal_3class_emotion-elicitation_2026-06-03_13-49-14/subject_loo/s_P10/gnn_fold_diagnostics.csv,val,0.0503783077001571,0.6885156035423279,-1.420591115951538,1.9191926717758176,3.339783787727356,0.9082092046737672,0.1524798274040222,0.3665998578071594,1.086943507194519,0.3565583527088165,0.4457880556583404,97461,-0.9986984133720398,0.0510050728917121,-0.9999999403953552,1.0,-0.999778151512146,0.0210585128515958,-0.9999999403953552,0.9999999403953552,0.6653416752815247,0.286445677280426,0.1094342470169067,1.0,0.1696547120809555,0.0275393743067979,0.1118244901299476,1.0,48,0.9865747392177582,1
multiclass_table6_arousal_3class,Table-6 Arousal,subject_loo,GNN,GNN_v2,s_P10,results/quick_v1_v2_comparison/2026-06-03_09-24-45/model_runs/2026-06-03_13-48-09,results/quick_v1_v2_comparison/2026-06-03_09-24-45/model_runs/2026-06-03_13-48-09/multiclass_table6_arousal_3class_emotion-elicitation_2026-06-03_13-49-14,results/quick_v1_v2_comparison/2026-06-03_09-24-45/model_runs/2026-06-03_13-48-09/multiclass_table6_arousal_3class_emotion-elicitation_2026-06-03_13-49-14/subject_loo/s_P10/gnn_fold_diagnostics.csv,test,0.1170781552791595,0.7451490759849548,-1.2856603860855105,1.7864726781845093,3.0721330642700195,0.8745115399360657,0.1394009888172149,0.4275549352169037,1.0764020681381226,0.3038680255413055,0.5329257249832153,26106,-0.9997020363807678,0.0244102124124765,-0.9999999403953552,1.0,-0.9999171495437622,0.0128660053014755,-0.9999999403953552,0.9999998807907104,0.6710630059242249,0.2826551496982574,0.1418484896421432,1.0,0.168869286775589,0.0223967041820287,0.1238347291946411,1.0,48,0.9865747392177582,1
multiclass_table6_arousal_3class,Table-6 Arousal,subject_loo,GNN,GNN_v2,s_P13,results/quick_v1_v2_comparison/2026-06-03_09-24-45/model_runs/2026-06-03_13-48-09,results/quick_v1_v2_comparison/2026-06-03_09-24-45/model_runs/2026-06-03_13-48-09/multiclass_table6_arousal_3class_emotion-elicitation_2026-06-03_13-49-14,results/quick_v1_v2_comparison/2026-06-03_09-24-45/model_runs/2026-06-03_13-48-09/multiclass_table6_arousal_3class_emotion-elicitation_2026-06-03_13-49-14/subject_loo/s_P13/gnn_fold_diagnostics.csv,train,-0.0495411306619644,0.7545951008796692,-2.3070430755615234,2.5677878856658936,4.874830961227417,0.9001195430755615,0.1667477041482925,0.269331157207489,1.0983853340148926,0.4017519354820251,0.2697135806083679,10000,-0.9992312788963318,0.0392023846507072,-1.0,1.0,-0.998737335205078,0.0502371788024902,-1.0,1.0,-0.6757153272628784,0.2809580862522125,-1.0,-0.1108033955097198,-0.1690190285444259,0.025393696501851,-0.9999999403953552,0.9999999403953552,66,0.8294934630393982,1
multiclass_table6_arousal_3class,Table-6 Arousal,subject_loo,GNN,GNN_v2,s_P13,results/quick_v1_v2_comparison/2026-06-03_09-24-45/model_runs/2026-06-03_13-48-09,results/quick_v1_v2_comparison/2026-06-03_09-24-45/model_runs/2026-06-03_13-48-09/multiclass_table6_arousal_3class_emotion-elicitation_2026-06-03_13-49-14,results/quick_v1_v2_comparison/2026-06-03_09-24-45/model_runs/2026-06-03_13-48-09/multiclass_table6_arousal_3class_emotion-elicitation_2026-06-03_13-49-14/subject_loo/s_P13/gnn_fold_diagnostics.csv,val,-0.1104741916060447,0.7901745438575745,-2.203197956085205,2.327831029891968,4.531028985977173,0.8846278786659241,0.177932396531105,0.2953799068927765,1.0982191562652588,0.3527801036834717,0.36358442902565,102831,-0.999824047088623,0.018759312108159,-1.0,1.0,-0.9992625713348388,0.0383961498737335,-1.0,1.0,-0.6642158627510071,0.286300390958786,-1.0,-0.1238184496760368,-0.1686492562294006,0.0220210701227188,-0.9999999403953552,0.999999701976776,66,0.8294934630393982,1
multiclass_table6_arousal_3class,Table-6 Arousal,subject_loo,GNN,GNN_v2,s_P13,results/quick_v1_v2_comparison/2026-06-03_09-24-45/model_runs/2026-06-03_13-48-09,results/quick_v1_v2_comparison/2026-06-03_09-24-45/model_runs/2026-06-03_13-48-09/multiclass_table6_arousal_3class_emotion-elicitation_2026-06-03_13-49-14,results/quick_v1_v2_comparison/2026-06-03_09-24-45/model_runs/2026-06-03_13-48-09/multiclass_table6_arousal_3class_emotion-elicitation_2026-06-03_13-49-14/subject_loo/s_P13/gnn_fold_diagnostics.csv,test,-0.1168635115027427,0.7630270719528198,-1.7565757036209106,2.508256196975708,4.264831900596619,0.8686392307281494,0.1980996131896972,0.3169751763343811,1.0985230207443235,0.3025326430797577,0.5049736499786377,27730,-0.9995796084403992,0.0289931800216436,-1.0,0.9999999403953552,-0.997770130634308,0.0667444765567779,-1.0,1.0,-0.6914210915565491,0.2741357982158661,-1.0,-0.124907374382019,-0.1698824763298034,0.0281423088163137,-0.9999999403953552,0.431517630815506,66,0.8294934630393982,1
multiclass_table6_arousal_3class,Table-6 Arousal,subject_loo,GNN,GNN_v2,s_P14,results/quick_v1_v2_comparison/2026-06-03_09-24-45/model_runs/2026-06-03_13-48-09,results/quick_v1_v2_comparison/2026-06-03_09-24-45/model_runs/2026-06-03_13-48-09/multiclass_table6_arousal_3class_emotion-elicitation_2026-06-03_13-49-14,results/quick_v1_v2_comparison/2026-06-03_09-24-45/model_runs/2026-06-03_13-48-09/multiclass_table6_arousal_3class_emotion-elicitation_2026-06-03_13-49-14/subject_loo/s_P14/gnn_fold_diagnostics.csv,train,-0.0329064354300498,0.4978450238704681,-1.0729607343673706,1.2037312984466553,2.276692032814026,0.9955565333366394,0.0419972762465477,0.7730023264884949,1.082822322845459,0.3347218632698059,0.5182493925094604,10000,0.995268166065216,0.0971662551164627,-0.9999999403953552,1.0,0.9980035424232484,0.0631582513451576,-0.9999999403953552,1.0,-0.6749687194824219,0.281360775232315,-1.0,-0.1110387966036796,-0.1690631210803985,0.0239635165780782,-0.9999999403953552,-0.1260027736425399,16,1.0112799406051636,1
multiclass_table6_arousal_3class,Table-6 Arousal,subject_loo,GNN,GNN_v2,s_P14,results/quick_v1_v2_comparison/2026-06-03_09-24-45/model_runs/2026-06-03_13-48-09,results/quick_v1_v2_comparison/2026-06-03_09-24-45/model_runs/2026-06-03_13-48-09/multiclass_table6_arousal_3class_emotion-elicitation_2026-06-03_13-49-14,results/quick_v1_v2_comparison/2026-06-03_09-24-45/model_runs/2026-06-03_13-48-09/multiclass_table6_arousal_3class_emotion-elicitation_2026-06-03_13-49-14/subject_loo/s_P14/gnn_fold_diagnostics.csv,val,-0.0310011263936758,0.4738138318061828,-0.8964425921440125,1.198636174201965,2.095078766345978,1.0026986598968506,0.0377532206475734,0.8190733194351196,1.0840122699737549,0.2769191563129425,0.6044559478759766,112575,0.9948531985282898,0.1013266295194625,-0.9999999403953552,1.0,0.9984416365623474,0.0558059476315975,-0.9999999403953552,1.0,-0.6797131896018982,0.2792970836162567,-1.0,-0.1249641552567482,-0.1691953241825103,0.0246624816209077,-0.9999999403953552,-0.1347291767597198,16,1.0112799406051636,1
multiclass_table6_arousal_3class,Table-6 Arousal,subject_loo,GNN,GNN_v2,s_P14,results/quick_v1_v2_comparison/2026-06-03_09-24-45/model_runs/2026-06-03_13-48-09,results/quick_v1_v2_comparison/2026-06-03_09-24-45/model_runs/2026-06-03_13-48-09/multiclass_table6_arousal_3class_emotion-elicitation_2026-06-03_13-49-14,results/quick_v1_v2_comparison/2026-06-03_09-24-45/model_runs/2026-06-03_13-48-09/multiclass_table6_arousal_3class_emotion-elicitation_2026-06-03_13-49-14/subject_loo/s_P14/gnn_fold_diagnostics.csv,test,0.0336469896137714,0.5555209517478943,-0.9818333983421326,1.031139612197876,2.0129730105400085,0.9754118323326112,0.0376730300486087,0.8753337860107422,1.0710691213607788,0.2405489832162857,0.664070188999176,23436,0.9971425533294678,0.0755428671836853,-0.9999999403953552,1.0,0.9990654587745668,0.0432220734655857,-0.9999999403953552,1.0,-0.6720245480537415,0.2822741866111755,-1.0,-0.1421526670455932,-0.1697468012571334,0.0261253155767917,-0.9999999403953552,-0.136598065495491,16,1.0112799406051636,1
multiclass_table6_arousal_3class,Table-6 Arousal,subject_loo,GNN,GNN_v2,s_P16,results/quick_v1_v2_comparison/2026-06-03_09-24-45/model_runs/2026-06-03_13-48-09,results/quick_v1_v2_comparison/2026-06-03_09-24-45/model_runs/2026-06-03_13-48-09/multiclass_table6_arousal_3class_emotion-elicitation_2026-06-03_13-49-14,results/quick_v1_v2_comparison/2026-06-03_09-24-45/model_runs/2026-06-03_13-48-09/multiclass_table6_arousal_3class_emotion-elicitation_2026-06-03_13-49-14/subject_loo/s_P16/gnn_fold_diagnostics.csv,train,-0.0302485935389995,0.7340421080589294,-2.728243350982666,2.124345302581787,4.852588653564453,0.9002552032470703,0.1679724156856537,0.2237731516361236,1.0984947681427002,0.4195533096790313,0.3086294531822204,10000,-1.0,5.7225896910040326e-08,-1.0,-0.9999998807907104,-1.0,5.3992749826647923e-08,-1.0,-0.9999998807907104,0.6757901310920715,0.2816740572452545,0.0265635345131158,1.0,-0.169196605682373,0.024575974792242,-1.0,-0.0728561878204345,65,0.8575555682182312,1
multiclass_table6_arousal_3class,Table-6 Arousal,subject_loo,GNN,GNN_v2,s_P16,results/quick_v1_v2_comparison/2026-06-03_09-24-45/model_runs/2026-06-03_13-48-09,results/quick_v1_v2_comparison/2026-06-03_09-24-45/model_runs/2026-06-03_13-48-09/multiclass_table6_arousal_3class_emotion-elicitation_2026-06-03_13-49-14,results/quick_v1_v2_comparison/2026-06-03_09-24-45/model_runs/2026-06-03_13-48-09/multiclass_table6_arousal_3class_emotion-elicitation_2026-06-03_13-49-14/subject_loo/s_P16/gnn_fold_diagnostics.csv,val,-0.0154908346012234,0.7423612475395203,-2.489491701126098,2.0176830291748047,4.507174730300903,0.895228922367096,0.1757279485464096,0.2598859965801239,1.0969990491867063,0.3689793944358825,0.366500049829483,104196,-1.0,5.757965126917953e-08,-1.0,-0.9999998807907104,-1.0,5.428179505884145e-08,-1.0,-0.9999998807907104,0.6686172485351562,0.2844393849372864,0.1090901345014572,1.0,-0.1687970906496048,0.0225518681108951,-1.0,-0.1314143389463424,65,0.8575555682182312,1
multiclass_table6_arousal_3class,Table-6 Arousal,subject_loo,GNN,GNN_v2,s_P16,results/quick_v1_v2_comparison/2026-06-03_09-24-45/model_runs/2026-06-03_13-48-09,results/quick_v1_v2_comparison/2026-06-03_09-24-45/model_runs/2026-06-03_13-48-09/multiclass_table6_arousal_3class_emotion-elicitation_2026-06-03_13-49-14,results/quick_v1_v2_comparison/2026-06-03_09-24-45/model_runs/2026-06-03_13-48-09/multiclass_table6_arousal_3class_emotion-elicitation_2026-06-03_13-49-14/subject_loo/s_P16/gnn_fold_diagnostics.csv,test,-0.0237229671329259,0.6968152523040771,-2.4771182537078857,1.8823988437652588,4.3595170974731445,0.903050422668457,0.1878594756126403,0.2955484986305237,1.0974655151367188,0.319221019744873,0.3996585309505462,18528,-1.0,5.722793616769196e-08,-1.0,-0.9999998807907104,-1.0,5.4140116390044575e-08,-1.0,-0.9999999403953552,0.680180549621582,0.2788237929344177,0.0942511931061744,1.0,-0.1679442524909973,0.0185042768716812,-1.0,-0.1291819512844085,65,0.8575555682182312,1
multiclass_table6_arousal_3class,Table-6 Arousal,subject_loo,GNN,GNN_v2,s_P17,results/quick_v1_v2_comparison/2026-06-03_09-24-45/model_runs/2026-06-03_13-48-09,results/quick_v1_v2_comparison/2026-06-03_09-24-45/model_runs/2026-06-03_13-48-09/multiclass_table6_arousal_3class_emotion-elicitation_2026-06-03_13-49-14,results/quick_v1_v2_comparison/2026-06-03_09-24-45/model_runs/2026-06-03_13-48-09/multiclass_table6_arousal_3class_emotion-elicitation_2026-06-03_13-49-14/subject_loo/s_P17/gnn_fold_diagnostics.csv,train,-0.1919678598642349,0.6807963848114014,-2.092959403991699,2.01594614982605,4.108905553817749,0.9098106026649476,0.1497088521718979,0.3035158514976501,1.0985467433929443,0.3528201878070831,0.4272125959396362,10000,-1.0,5.949580383912689e-08,-1.0,-0.9999999403953552,-0.9999963641166688,0.0026995223015546,-1.0,0.9999999403953552,-0.676135241985321,0.2808791399002075,-1.0,-0.1106682047247886,-0.1691362410783767,0.0244734492152929,-0.9999997615814208,-0.1142176166176796,56,0.9207436442375184,1
multiclass_table6_arousal_3class,Table-6 Arousal,subject_loo,GNN,GNN_v2,s_P17,results/quick_v1_v2_comparison/2026-06-03_09-24-45/model_runs/2026-06-03_13-48-09,results/quick_v1_v2_comparison/2026-06-03_09-24-45/model_runs/2026-06-03_13-48-09/multiclass_table6_arousal_3class_emotion-elicitation_2026-06-03_13-49-14,results/quick_v1_v2_comparison/2026-06-03_09-24-45/model_runs/2026-06-03_13-48-09/multiclass_table6_arousal_3class_emotion-elicitation_2026-06-03_13-49-14/subject_loo/s_P17/gnn_fold_diagnostics.csv,val,-0.2755683064460754,0.7924128174781799,-2.069816827774048,1.9723055362701416,4.0421223640441895,0.853399395942688,0.1880975514650344,0.2986150681972503,1.0982770919799805,0.3426858484745025,0.450481504201889,101475,-1.0,5.950969139689733e-08,-1.0,-0.9999999403953552,-1.0,5.9586600542616e-08,-1.0,-0.9999998807907104,-0.6699483394622803,0.2836372852325439,-1.0,-0.1248831003904342,-0.1690919399261474,0.0254660733044147,-0.9999997615814208,-0.1177387610077858,56,0.9207436442375184,1
multiclass_table6_arousal_3class,Table-6 Arousal,subject_loo,GNN,GNN_v2,s_P17,results/quick_v1_v2_comparison/2026-06-03_09-24-45/model_runs/2026-06-03_13-48-09,results/quick_v1_v2_comparison/2026-06-03_09-24-45/model_runs/2026-06-03_13-48-09/multiclass_table6_arousal_3class_emotion-elicitation_2026-06-03_13-49-14,results/quick_v1_v2_comparison/2026-06-03_09-24-45/model_runs/2026-06-03_13-48-09/multiclass_table6_arousal_3class_emotion-elicitation_2026-06-03_13-49-14/subject_loo/s_P17/gnn_fold_diagnostics.csv,test,-0.1140157356858253,0.5208288431167603,-1.470690131187439,1.5941941738128662,3.064884305000305,0.97666734457016,0.1047479584813118,0.49530690908432,1.096402645111084,0.2712041437625885,0.542900025844574,28441,-1.0,5.9539186025858726e-08,-1.0,-0.9999999403953552,-0.9999999403953552,1.0133647254662035e-09,-1.0,-0.9999999403953552,-0.6700120568275452,0.2831692397594452,-1.0,-0.141602024435997,-0.1685982495546341,0.0220404118299484,-0.999999701976776,-0.1168859452009201,56,0.9207436442375184,1
multiclass_table6_arousal_3class,Table-6 Arousal,subject_loo,GNN,GNN_v2,s_P18,results/quick_v1_v2_comparison/2026-06-03_09-24-45/model_runs/2026-06-03_13-48-09,results/quick_v1_v2_comparison/2026-06-03_09-24-45/model_runs/2026-06-03_13-48-09/multiclass_table6_arousal_3class_emotion-elicitation_2026-06-03_13-49-14,results/quick_v1_v2_comparison/2026-06-03_09-24-45/model_runs/2026-06-03_13-48-09/multiclass_table6_arousal_3class_emotion-elicitation_2026-06-03_13-49-14/subject_loo/s_P18/gnn_fold_diagnostics.csv,train,-0.0118572451174259,0.5162191987037659,-1.2986149787902832,1.5311647653579712,2.8297797441482544,0.9856053590774536,0.0615315474569797,0.6455633044242859,1.0896291732788086,0.3929772973060608,0.4004243612289428,10000,-0.9999507069587708,0.0099260043352842,-1.0,1.0,-0.9999890327453612,0.0046792081557214,-1.0,1.0,0.6752819418907166,0.2859004139900207,-1.0,1.0,0.1690994501113891,0.0301353149116039,-0.9999983310699464,1.0,28,0.9576201736927032,1
multiclass_table6_arousal_3class,Table-6 Arousal,subject_loo,GNN,GNN_v2,s_P18,results/quick_v1_v2_comparison/2026-06-03_09-24-45/model_runs/2026-06-03_13-48-09,results/quick_v1_v2_comparison/2026-06-03_09-24-45/model_runs/2026-06-03_13-48-09/multiclass_table6_arousal_3class_emotion-elicitation_2026-06-03_13-49-14,results/quick_v1_v2_comparison/2026-06-03_09-24-45/model_runs/2026-06-03_13-48-09/multiclass_table6_arousal_3class_emotion-elicitation_2026-06-03_13-49-14/subject_loo/s_P18/gnn_fold_diagnostics.csv,val,-0.0166852101683616,0.5534164905548096,-1.4245980978012085,1.4666740894317627,2.891272187232971,0.9648972153663636,0.0662952065467834,0.6701099872589111,1.0853315591812134,0.3046631813049316,0.5394355654716492,97903,-0.99998277425766,0.0058678905479609,-1.0,1.0,-0.9999914169311525,0.0041492343880236,-1.0,0.9999999403953552,0.6592934727668762,0.2905694246292114,-1.0,1.0,0.1689566671848297,0.028138967230916,-0.999997079372406,0.9999999403953552,28,0.9576201736927032,1
multiclass_table6_arousal_3class,Table-6 Arousal,subject_loo,GNN,GNN_v2,s_P18,results/quick_v1_v2_comparison/2026-06-03_09-24-45/model_runs/2026-06-03_13-48-09,results/quick_v1_v2_comparison/2026-06-03_09-24-45/model_runs/2026-06-03_13-48-09/multiclass_table6_arousal_3class_emotion-elicitation_2026-06-03_13-49-14,results/quick_v1_v2_comparison/2026-06-03_09-24-45/model_runs/2026-06-03_13-48-09/multiclass_table6_arousal_3class_emotion-elicitation_2026-06-03_13-49-14/subject_loo/s_P18/gnn_fold_diagnostics.csv,test,-0.0252036936581134,0.4450010359287262,-1.1469093561172483,1.416926622390747,2.563835978507996,1.008641242980957,0.068741425871849,0.692696213722229,1.0901974439620972,0.292662501335144,0.5127957463264465,25878,-0.9999672174453736,0.0080984234809875,-1.0,0.999999225139618,-1.0,2.413539090806438e-10,-1.0,-0.9999999403953552,0.6651020646095276,0.2883055210113525,-1.0,1.0,0.1687010675668716,0.0279117990285158,-0.301235944032669,1.0,28,0.9576201736927032,1
multiclass_table6_arousal_3class,Table-6 Arousal,subject_loo,GNN,GNN_v2,s_P19,results/quick_v1_v2_comparison/2026-06-03_09-24-45/model_runs/2026-06-03_13-48-09,results/quick_v1_v2_comparison/2026-06-03_09-24-45/model_runs/2026-06-03_13-48-09/multiclass_table6_arousal_3class_emotion-elicitation_2026-06-03_13-49-14,results/quick_v1_v2_comparison/2026-06-03_09-24-45/model_runs/2026-06-03_13-48-09/multiclass_table6_arousal_3class_emotion-elicitation_2026-06-03_13-49-14/subject_loo/s_P19/gnn_fold_diagnostics.csv,train,0.1695423722267151,0.4658369123935699,-0.6346014738082886,1.013977289199829,1.6485787630081177,1.0156978368759155,0.0218718685209751,0.942896842956543,1.0724546909332275,0.3940865397453308,0.4327884912490845,10000,-0.9862433075904846,0.1652999222278595,-1.0,1.0,-0.9877306222915648,0.1561672538518905,-1.0,1.0,0.6737468242645264,0.2819059193134308,0.1110049709677696,1.0,0.1691628992557525,0.0242258459329605,0.1242033541202545,1.0,4,1.0357111692428589,1
multiclass_table6_arousal_3class,Table-6 Arousal,subject_loo,GNN,GNN_v2,s_P19,results/quick_v1_v2_comparison/2026-06-03_09-24-45/model_runs/2026-06-03_13-48-09,results/quick_v1_v2_comparison/2026-06-03_09-24-45/model_runs/2026-06-03_13-48-09/multiclass_table6_arousal_3class_emotion-elicitation_2026-06-03_13-49-14,results/quick_v1_v2_comparison/2026-06-03_09-24-45/model_runs/2026-06-03_13-48-09/multiclass_table6_arousal_3class_emotion-elicitation_2026-06-03_13-49-14/subject_loo/s_P19/gnn_fold_diagnostics.csv,val,0.1881729960441589,0.426796019077301,-0.4768658280372619,0.9142762422561646,1.3911420702934263,1.0219875574111938,0.0112437224015593,0.9763466119766236,1.0590264797210691,0.2726470530033111,0.6369238495826721,108345,-0.9864588379859924,0.1640088856220245,-1.0,1.0,-0.9887911677360536,0.149304911494255,-1.0,1.0,0.6832641959190369,0.2772903442382812,0.1246812045574188,1.0,0.1690908968448639,0.0247743017971515,0.1503515541553497,1.0,4,1.0357111692428589,1
multiclass_table6_arousal_3class,Table-6 Arousal,subject_loo,GNN,GNN_v2,s_P19,results/quick_v1_v2_comparison/2026-06-03_09-24-45/model_runs/2026-06-03_13-48-09,results/quick_v1_v2_comparison/2026-06-03_09-24-45/model_runs/2026-06-03_13-48-09/multiclass_table6_arousal_3class_emotion-elicitation_2026-06-03_13-49-14,results/quick_v1_v2_comparison/2026-06-03_09-24-45/model_runs/2026-06-03_13-48-09/multiclass_table6_arousal_3class_emotion-elicitation_2026-06-03_13-49-14/subject_loo/s_P19/gnn_fold_diagnostics.csv,test,0.2113204151391983,0.5209466814994812,-0.6234650611877441,0.981252670288086,1.60471773147583,0.9989015460014344,0.019330957904458,0.9558799266815186,1.0551949739456177,0.1975051313638687,0.7044074535369873,26106,-0.9871507287025452,0.159791886806488,-1.0,1.0,-0.9913229942321776,0.1314485073089599,-1.0,1.0,0.68779456615448,0.2754724025726318,0.1663980931043625,1.0,0.1680890917778015,0.0190851725637912,0.1545870304107666,1.0,4,1.0357111692428589,1
multiclass_table6_arousal_3class,Table-6 Arousal,subject_loo,GNN,GNN_v2,s_P2,results/quick_v1_v2_comparison/2026-06-03_09-24-45/model_runs/2026-06-03_13-48-09,results/quick_v1_v2_comparison/2026-06-03_09-24-45/model_runs/2026-06-03_13-48-09/multiclass_table6_arousal_3class_emotion-elicitation_2026-06-03_13-49-14,results/quick_v1_v2_comparison/2026-06-03_09-24-45/model_runs/2026-06-03_13-48-09/multiclass_table6_arousal_3class_emotion-elicitation_2026-06-03_13-49-14/subject_loo/s_P2/gnn_fold_diagnostics.csv,train,-0.1005520671606063,0.6373819708824158,-1.711777687072754,1.8486204147338867,3.5603981018066406,0.932993233203888,0.1226904690265655,0.3871354758739471,1.096987247467041,0.462910532951355,0.297601580619812,10000,1.0,0.0,1.0,1.0,1.0,0.0,1.0,1.0,-0.6763212084770203,0.2808137238025665,-1.0,-0.1107433140277862,-0.1691015660762787,0.0263365767896175,-0.9999999403953552,-0.0535230003297328,39,0.8996173441410065,1
multiclass_table6_arousal_3class,Table-6 Arousal,subject_loo,GNN,GNN_v2,s_P2,results/quick_v1_v2_comparison/2026-06-03_09-24-45/model_runs/2026-06-03_13-48-09,results/quick_v1_v2_comparison/2026-06-03_09-24-45/model_runs/2026-06-03_13-48-09/multiclass_table6_arousal_3class_emotion-elicitation_2026-06-03_13-49-14,results/quick_v1_v2_comparison/2026-06-03_09-24-45/model_runs/2026-06-03_13-48-09/multiclass_table6_arousal_3class_emotion-elicitation_2026-06-03_13-49-14/subject_loo/s_P2/gnn_fold_diagnostics.csv,val,-0.1729012578725814,0.6929874420166016,-1.6743141412734983,1.585537672042847,3.259851813316345,0.89742511510849,0.1217429935932159,0.5068541169166565,1.0907118320465088,0.3629152774810791,0.4586577713489532,103285,1.0,0.0,1.0,1.0,1.0,0.0,1.0,1.0,-0.6666498184204102,0.285055011510849,-1.0,-0.1208615452051162,-0.168726846575737,0.0234787389636039,-0.9999999403953552,-0.0747358053922653,39,0.8996173441410065,1
multiclass_table6_arousal_3class,Table-6 Arousal,subject_loo,GNN,GNN_v2,s_P2,results/quick_v1_v2_comparison/2026-06-03_09-24-45/model_runs/2026-06-03_13-48-09,results/quick_v1_v2_comparison/2026-06-03_09-24-45/model_runs/2026-06-03_13-48-09/multiclass_table6_arousal_3class_emotion-elicitation_2026-06-03_13-49-14,results/quick_v1_v2_comparison/2026-06-03_09-24-45/model_runs/2026-06-03_13-48-09/multiclass_table6_arousal_3class_emotion-elicitation_2026-06-03_13-49-14/subject_loo/s_P2/gnn_fold_diagnostics.csv,test,-0.0121333375573158,0.714719831943512,-1.3266139030456543,1.7306790351867676,3.057292938232422,0.9077262878417968,0.1090624257922172,0.4530191421508789,1.0721335411071775,0.2809115350246429,0.57517009973526,28920,1.0,0.0,1.0,1.0,1.0,0.0,1.0,1.0,-0.6736562252044678,0.2816083431243896,-1.0,-0.1420213133096695,-0.1699142307043075,0.0290055628865957,-0.9999999403953552,-0.0740231499075889,39,0.8996173441410065,1
multiclass_table6_arousal_3class,Table-6 Arousal,subject_loo,GNN,GNN_v2,s_P20,results/quick_v1_v2_comparison/2026-06-03_09-24-45/model_runs/2026-06-03_13-48-09,results/quick_v1_v2_comparison/2026-06-03_09-24-45/model_runs/2026-06-03_13-48-09/multiclass_table6_arousal_3class_emotion-elicitation_2026-06-03_13-49-14,results/quick_v1_v2_comparison/2026-06-03_09-24-45/model_runs/2026-06-03_13-48-09/multiclass_table6_arousal_3class_emotion-elicitation_2026-06-03_13-49-14/subject_loo/s_P20/gnn_fold_diagnostics.csv,train,-0.1192014291882515,0.6409178376197815,-1.5532476902008057,1.663088321685791,3.2163360118865967,0.9238798022270204,0.1233861371874809,0.455835223197937,1.09699285030365,0.3675096929073334,0.4473437070846557,10000,-1.0,2.962336154155309e-09,-1.0,-0.9999999403953552,-0.9999731779098512,0.0073251253925263,-1.0,1.0,0.6752610206604004,0.281609296798706,0.0492885299026966,1.0,0.1690479069948196,0.0242032427340745,-0.999999701976776,1.0,42,0.9780000150203704,1
multiclass_table6_arousal_3class,Table-6 Arousal,subject_loo,GNN,GNN_v2,s_P20,results/quick_v1_v2_comparison/2026-06-03_09-24-45/model_runs/2026-06-03_13-48-09,results/quick_v1_v2_comparison/2026-06-03_09-24-45/model_runs/2026-06-03_13-48-09/multiclass_table6_arousal_3class_emotion-elicitation_2026-06-03_13-49-14,results/quick_v1_v2_comparison/2026-06-03_09-24-45/model_runs/2026-06-03_13-48-09/multiclass_table6_arousal_3class_emotion-elicitation_2026-06-03_13-49-14/subject_loo/s_P20/gnn_fold_diagnostics.csv,val,-0.1048884317278862,0.5988895297050476,-1.3002829551696775,1.2411843538284302,2.541467308998108,0.9523423314094543,0.0791979432106018,0.5986877679824829,1.0773043632507324,0.3537135124206543,0.4940894246101379,97903,-1.0,2.669963361512373e-09,-1.0,-0.9999999403953552,-0.9999078512191772,0.0135744865983724,-1.0,1.0,0.6720104217529297,0.282059371471405,0.110994778573513,1.0,0.1698545962572097,0.0261366311460733,0.1420864313840866,1.0,42,0.9780000150203704,1
multiclass_table6_arousal_3class,Table-6 Arousal,subject_loo,GNN,GNN_v2,s_P20,results/quick_v1_v2_comparison/2026-06-03_09-24-45/model_runs/2026-06-03_13-48-09,results/quick_v1_v2_comparison/2026-06-03_09-24-45/model_runs/2026-06-03_13-48-09/multiclass_table6_arousal_3class_emotion-elicitation_2026-06-03_13-49-14,results/quick_v1_v2_comparison/2026-06-03_09-24-45/model_runs/2026-06-03_13-48-09/multiclass_table6_arousal_3class_emotion-elicitation_2026-06-03_13-49-14/subject_loo/s_P20/gnn_fold_diagnostics.csv,test,-0.1026624739170074,0.5924157500267029,-1.493474006652832,1.170393466949463,2.663867473602295,0.9477116465568542,0.0804995819926261,0.6777735948562622,1.0781540870666504,0.3176947832107544,0.5134446620941162,25425,-1.0,2.8140803021159404e-09,-1.0,-0.9999999403953552,-0.9999825954437256,0.0059015280567109,-1.0,0.9999999403953552,0.6812678575515747,0.278185099363327,0.1241340786218643,1.0,0.1687685847282409,0.024061007425189,-0.105473056435585,1.0,42,0.9780000150203704,1
multiclass_table6_arousal_3class,Table-6 Arousal,subject_loo,GNN,GNN_v2,s_P21,results/quick_v1_v2_comparison/2026-06-03_09-24-45/model_runs/2026-06-03_13-48-09,results/quick_v1_v2_comparison/2026-06-03_09-24-45/model_runs/2026-06-03_13-48-09/multiclass_table6_arousal_3class_emotion-elicitation_2026-06-03_13-49-14,results/quick_v1_v2_comparison/2026-06-03_09-24-45/model_runs/2026-06-03_13-48-09/multiclass_table6_arousal_3class_emotion-elicitation_2026-06-03_13-49-14/subject_loo/s_P21/gnn_fold_diagnostics.csv,train,0.0125797288492321,0.4819020330905914,-0.9696759581565856,0.8015333414077759,1.7712092995643616,1.011496663093567,0.0300041548907756,0.9346405267715454,1.0757920742034912,0.423620343208313,0.4171791076660156,10000,1.0,0.0,1.0,1.0,1.0,0.0,1.0,1.0,0.6750309467315674,0.281734824180603,0.0706612840294838,1.0,0.1691207587718963,0.0241301041096448,0.1166617274284362,1.0,9,0.9955926537513732,1
multiclass_table6_arousal_3class,Table-6 Arousal,subject_loo,GNN,GNN_v2,s_P21,results/quick_v1_v2_comparison/2026-06-03_09-24-45/model_runs/2026-06-03_13-48-09,results/quick_v1_v2_comparison/2026-06-03_09-24-45/model_runs/2026-06-03_13-48-09/multiclass_table6_arousal_3class_emotion-elicitation_2026-06-03_13-49-14,results/quick_v1_v2_comparison/2026-06-03_09-24-45/model_runs/2026-06-03_13-48-09/multiclass_table6_arousal_3class_emotion-elicitation_2026-06-03_13-49-14/subject_loo/s_P21/gnn_fold_diagnostics.csv,val,0.0267287176102399,0.4040737152099609,-0.8449231386184692,0.7464708089828491,1.5913939476013184,1.027450442314148,0.0231497772037982,0.9651917219161988,1.0753087997436523,0.4058740735054016,0.4200663566589355,97461,1.0,0.0,1.0,1.0,1.0,0.0,1.0,1.0,0.6766947507858276,0.2805822789669037,0.1224046126008033,1.0,0.1688472777605056,0.0237422995269298,0.1318665742874145,1.0,9,0.9955926537513732,1
multiclass_table6_arousal_3class,Table-6 Arousal,subject_loo,GNN,GNN_v2,s_P21,results/quick_v1_v2_comparison/2026-06-03_09-24-45/model_runs/2026-06-03_13-48-09,results/quick_v1_v2_comparison/2026-06-03_09-24-45/model_runs/2026-06-03_13-48-09/multiclass_table6_arousal_3class_emotion-elicitation_2026-06-03_13-49-14,results/quick_v1_v2_comparison/2026-06-03_09-24-45/model_runs/2026-06-03_13-48-09/multiclass_table6_arousal_3class_emotion-elicitation_2026-06-03_13-49-14/subject_loo/s_P21/gnn_fold_diagnostics.csv,test,-0.0039684833027422,0.4099175930023193,-0.8288413286209106,0.731238603591919,1.5600799322128296,1.0244855880737305,0.019592797383666,0.9783289432525636,1.072307825088501,0.3508351743221283,0.4973455965518951,23871,1.0,0.0,1.0,1.0,1.0,0.0,1.0,1.0,0.6774634718894958,0.2799975872039795,0.1398109495639801,1.0,0.169328287243843,0.025283046066761,0.145059198141098,1.0,9,0.9955926537513732,1
multiclass_table6_arousal_3class,Table-6 Arousal,subject_loo,GNN,GNN_v2,s_P22,results/quick_v1_v2_comparison/2026-06-03_09-24-45/model_runs/2026-06-03_13-48-09,results/quick_v1_v2_comparison/2026-06-03_09-24-45/model_runs/2026-06-03_13-48-09/multiclass_table6_arousal_3class_emotion-elicitation_2026-06-03_13-49-14,results/quick_v1_v2_comparison/2026-06-03_09-24-45/model_runs/2026-06-03_13-48-09/multiclass_table6_arousal_3class_emotion-elicitation_2026-06-03_13-49-14/subject_loo/s_P22/gnn_fold_diagnostics.csv,train,-0.0799389630556106,0.332080990076065,-0.7765940427780151,0.4712728559970855,1.2478668987751007,1.0533926486968994,0.0134368892759084,1.0092819929122925,1.0881459712982178,0.3145081102848053,0.5133947730064392,10000,0.9300968647003174,0.3673127889633178,-1.0,1.0,0.9340751767158508,0.3570755422115326,-1.0,1.0,0.6760625243186951,0.2826236486434936,-1.0,0.9999999403953552,-0.1690759062767028,0.024044407531619,-1.0,-0.1109108328819274,3,1.043529450893402,1
multiclass_table6_arousal_3class,Table-6 Arousal,subject_loo,GNN,GNN_v2,s_P22,results/quick_v1_v2_comparison/2026-06-03_09-24-45/model_runs/2026-06-03_13-48-09,results/quick_v1_v2_comparison/2026-06-03_09-24-45/model_runs/2026-06-03_13-48-09/multiclass_table6_arousal_3class_emotion-elicitation_2026-06-03_13-49-14,results/quick_v1_v2_comparison/2026-06-03_09-24-45/model_runs/2026-06-03_13-48-09/multiclass_table6_arousal_3class_emotion-elicitation_2026-06-03_13-49-14/subject_loo/s_P22/gnn_fold_diagnostics.csv,val,-0.1357721388339996,0.2825739085674286,-0.6639283299446106,0.3954325020313263,1.059360831975937,1.063786506652832,0.0124336136505007,1.0246760845184326,1.0897979736328125,0.2074179798364639,0.69149249792099,115921,0.925417959690094,0.3789466321468353,-1.0,1.0,0.9243956804275512,0.3814339637756347,-1.0,1.0,0.6737790107727051,0.2814489305019378,-1.0,0.9999999403953552,-0.1693988889455795,0.025403119623661,-1.0,-0.1338358372449875,3,1.043529450893402,1
multiclass_table6_arousal_3class,Table-6 Arousal,subject_loo,GNN,GNN_v2,s_P22,results/quick_v1_v2_comparison/2026-06-03_09-24-45/model_runs/2026-06-03_13-48-09,results/quick_v1_v2_comparison/2026-06-03_09-24-45/model_runs/2026-06-03_13-48-09/multiclass_table6_arousal_3class_emotion-elicitation_2026-06-03_13-49-14,results/quick_v1_v2_comparison/2026-06-03_09-24-45/model_runs/2026-06-03_13-48-09/multiclass_table6_arousal_3class_emotion-elicitation_2026-06-03_13-49-14/subject_loo/s_P22/gnn_fold_diagnostics.csv,test,-0.0220172852277755,0.3362943828105926,-0.6880139112472534,0.4216304123401642,1.1096443235874176,1.0515873432159424,0.0103967105969786,1.020268201828003,1.073121190071106,0.1457964777946472,0.7877804636955261,22791,0.941124141216278,0.3380604982376098,-1.0,1.0,0.933753490447998,0.3579161167144775,-1.0,0.9999999403953552,0.6487924456596375,0.2933971881866455,-1.0,0.9999999403953552,-0.1691189855337143,0.0230364389717578,-1.0,-0.149521067738533,3,1.043529450893402,1
multiclass_table6_arousal_3class,Table-6 Arousal,subject_loo,GNN,GNN_v2,s_P23,results/quick_v1_v2_comparison/2026-06-03_09-24-45/model_runs/2026-06-03_13-48-09,results/quick_v1_v2_comparison/2026-06-03_09-24-45/model_runs/2026-06-03_13-48-09/multiclass_table6_arousal_3class_emotion-elicitation_2026-06-03_13-49-14,results/quick_v1_v2_comparison/2026-06-03_09-24-45/model_runs/2026-06-03_13-48-09/multiclass_table6_arousal_3class_emotion-elicitation_2026-06-03_13-49-14/subject_loo/s_P23/gnn_fold_diagnostics.csv,train,0.3387053608894348,0.5315035581588745,-0.7147728204727173,1.7409005165100098,2.455673336982727,0.9767786264419556,0.0717846751213073,0.6173837184906006,1.098238468170166,0.3668693602085113,0.4325533211231231,10000,-1.0,0.0,-1.0,-1.0,-0.9999699592590332,0.0077474294230341,-1.0,1.0,0.6761895418167114,0.2808316349983215,-1.0,1.0,0.1688185781240463,0.0310390312224626,-1.0,0.9999999403953552,25,0.8962720334529877,1
multiclass_table6_arousal_3class,Table-6 Arousal,subject_loo,GNN,GNN_v2,s_P23,results/quick_v1_v2_comparison/2026-06-03_09-24-45/model_runs/2026-06-03_13-48-09,results/quick_v1_v2_comparison/2026-06-03_09-24-45/model_runs/2026-06-03_13-48-09/multiclass_table6_arousal_3class_emotion-elicitation_2026-06-03_13-49-14,results/quick_v1_v2_comparison/2026-06-03_09-24-45/model_runs/2026-06-03_13-48-09/multiclass_table6_arousal_3class_emotion-elicitation_2026-06-03_13-49-14/subject_loo/s_P23/gnn_fold_diagnostics.csv,val,0.3171839118003845,0.5097982883453369,-0.6445604562759399,1.5353691577911377,2.1799296140670776,0.9793200492858888,0.0688625872135162,0.6954044699668884,1.087453007698059,0.3109847903251648,0.5191085934638977,82621,-1.0,0.0,-1.0,-1.0,-1.0,3.6247224666219324e-10,-1.0,-0.9999998807907104,0.6638720035552979,0.2860172986984253,-1.0,1.0,0.1681895703077316,0.0277285277843475,-0.9999997615814208,0.9999999403953552,25,0.8962720334529877,1
multiclass_table6_arousal_3class,Table-6 Arousal,subject_loo,GNN,GNN_v2,s_P23,results/quick_v1_v2_comparison/2026-06-03_09-24-45/model_runs/2026-06-03_13-48-09,results/quick_v1_v2_comparison/2026-06-03_09-24-45/model_runs/2026-06-03_13-48-09/multiclass_table6_arousal_3class_emotion-elicitation_2026-06-03_13-49-14,results/quick_v1_v2_comparison/2026-06-03_09-24-45/model_runs/2026-06-03_13-48-09/multiclass_table6_arousal_3class_emotion-elicitation_2026-06-03_13-49-14/subject_loo/s_P23/gnn_fold_diagnostics.csv,test,0.33492311835289,0.5592687129974365,-0.5991901159286499,1.6273112297058103,2.2265013456344604,0.9613061547279358,0.0866944193840026,0.6491277813911438,1.07990562915802,0.266613632440567,0.5726253986358643,28680,-1.0,0.0,-1.0,-1.0,-1.0,5.205119668616476e-10,-1.0,-0.9999998807907104,0.678748369216919,0.2806433439254761,-0.9999992847442628,1.0,0.168226420879364,0.0240672565996646,-0.334753543138504,0.9999999403953552,25,0.8962720334529877,1
multiclass_table6_arousal_3class,Table-6 Arousal,subject_loo,GNN,GNN_v2,s_P24,results/quick_v1_v2_comparison/2026-06-03_09-24-45/model_runs/2026-06-03_13-48-09,results/quick_v1_v2_comparison/2026-06-03_09-24-45/model_runs/2026-06-03_13-48-09/multiclass_table6_arousal_3class_emotion-elicitation_2026-06-03_13-49-14,results/quick_v1_v2_comparison/2026-06-03_09-24-45/model_runs/2026-06-03_13-48-09/multiclass_table6_arousal_3class_emotion-elicitation_2026-06-03_13-49-14/subject_loo/s_P24/gnn_fold_diagnostics.csv,train,0.043772168457508,0.625609815120697,-1.628003478050232,1.83433735370636,3.462340831756592,0.9409652948379515,0.1320655792951584,0.3771600127220154,1.0984930992126465,0.4399619102478027,0.3351194858551025,10000,1.0,0.0,1.0,1.0,1.0,0.0,1.0,1.0,0.676626443862915,0.2807144224643707,0.1108380630612373,0.9999999403953552,-0.1690799742937088,0.0238891206681728,-1.0,-0.1605917066335678,40,0.9605814516544342,1
multiclass_table6_arousal_3class,Table-6 Arousal,subject_loo,GNN,GNN_v2,s_P24,results/quick_v1_v2_comparison/2026-06-03_09-24-45/model_runs/2026-06-03_13-48-09,results/quick_v1_v2_comparison/2026-06-03_09-24-45/model_runs/2026-06-03_13-48-09/multiclass_table6_arousal_3class_emotion-elicitation_2026-06-03_13-49-14,results/quick_v1_v2_comparison/2026-06-03_09-24-45/model_runs/2026-06-03_13-48-09/multiclass_table6_arousal_3class_emotion-elicitation_2026-06-03_13-49-14/subject_loo/s_P24/gnn_fold_diagnostics.csv,val,-0.0372395478188991,0.7309458255767822,-1.6313576698303225,1.7938740253448486,3.425231695175171,0.8815559148788452,0.1477956771850586,0.3886605501174927,1.096492052078247,0.3916859626770019,0.4594357907772064,100576,1.0,0.0,1.0,1.0,1.0,0.0,1.0,1.0,0.6678267121315002,0.2848255932331085,0.1188795566558837,0.9999999403953552,-0.1690255850553512,0.0242169443517923,-1.0,-0.1616582870483398,40,0.9605814516544342,1
multiclass_table6_arousal_3class,Table-6 Arousal,subject_loo,GNN,GNN_v2,s_P24,results/quick_v1_v2_comparison/2026-06-03_09-24-45/model_runs/2026-06-03_13-48-09,results/quick_v1_v2_comparison/2026-06-03_09-24-45/model_runs/2026-06-03_13-48-09/multiclass_table6_arousal_3class_emotion-elicitation_2026-06-03_13-49-14,results/quick_v1_v2_comparison/2026-06-03_09-24-45/model_runs/2026-06-03_13-48-09/multiclass_table6_arousal_3class_emotion-elicitation_2026-06-03_13-49-14/subject_loo/s_P24/gnn_fold_diagnostics.csv,test,0.1910714358091354,0.509926974773407,-1.0334084033966064,1.079954743385315,2.1133631467819214,0.9978810548782348,0.0435448288917541,0.8697861433029175,1.0947706699371338,0.1889552026987075,0.752613365650177,26565,1.0,0.0,1.0,1.0,1.0,0.0,1.0,1.0,0.6610026359558105,0.2847822606563568,0.1110669001936912,0.9999999403953552,-0.1699269711971283,0.0271462630480527,-1.0,-0.163199171423912,40,0.9605814516544342,1
multiclass_table6_arousal_3class,Table-6 Arousal,subject_loo,GNN,GNN_v2,s_P27,results/quick_v1_v2_comparison/2026-06-03_09-24-45/model_runs/2026-06-03_13-48-09,results/quick_v1_v2_comparison/2026-06-03_09-24-45/model_runs/2026-06-03_13-48-09/multiclass_table6_arousal_3class_emotion-elicitation_2026-06-03_13-49-14,results/quick_v1_v2_comparison/2026-06-03_09-24-45/model_runs/2026-06-03_13-48-09/multiclass_table6_arousal_3class_emotion-elicitation_2026-06-03_13-49-14/subject_loo/s_P27/gnn_fold_diagnostics.csv,train,-0.0218648258596658,0.7018312215805054,-1.799784779548645,2.4453394412994385,4.245124220848084,0.9060295820236206,0.1651182919740677,0.2289172112941742,1.0983831882476809,0.4577535986900329,0.2561711966991424,10000,1.0,0.0,1.0,1.0,1.0,0.0,1.0,1.0,0.6747981309890747,0.2839820086956024,0.0411065556108951,1.0,0.1691547781229019,0.0242657978087663,-0.5593738555908203,1.0,53,0.9370231926441192,1
multiclass_table6_arousal_3class,Table-6 Arousal,subject_loo,GNN,GNN_v2,s_P27,results/quick_v1_v2_comparison/2026-06-03_09-24-45/model_runs/2026-06-03_13-48-09,results/quick_v1_v2_comparison/2026-06-03_09-24-45/model_runs/2026-06-03_13-48-09/multiclass_table6_arousal_3class_emotion-elicitation_2026-06-03_13-49-14,results/quick_v1_v2_comparison/2026-06-03_09-24-45/model_runs/2026-06-03_13-48-09/multiclass_table6_arousal_3class_emotion-elicitation_2026-06-03_13-49-14/subject_loo/s_P27/gnn_fold_diagnostics.csv,val,-0.0065764193423092,0.7113229632377625,-1.7357860803604126,2.425907850265503,4.161693930625916,0.9023410677909852,0.1672880947589874,0.2424784898757934,1.0954831838607788,0.4405249655246734,0.2954439520835876,108345,1.0,0.0,1.0,1.0,1.0,0.0,1.0,1.0,0.6799279451370239,0.2819192409515381,0.0778336152434349,1.0,0.1684867292642593,0.0221395008265972,-0.1865010261535644,1.0,53,0.9370231926441192,1
multiclass_table6_arousal_3class,Table-6 Arousal,subject_loo,GNN,GNN_v2,s_P27,results/quick_v1_v2_comparison/2026-06-03_09-24-45/model_runs/2026-06-03_13-48-09,results/quick_v1_v2_comparison/2026-06-03_09-24-45/model_runs/2026-06-03_13-48-09/multiclass_table6_arousal_3class_emotion-elicitation_2026-06-03_13-49-14,results/quick_v1_v2_comparison/2026-06-03_09-24-45/model_runs/2026-06-03_13-48-09/multiclass_table6_arousal_3class_emotion-elicitation_2026-06-03_13-49-14/subject_loo/s_P27/gnn_fold_diagnostics.csv,test,0.0307534169405698,0.9816372394561768,-1.5917260646820068,2.417048215866089,4.008774280548096,0.755418062210083,0.184816226363182,0.2269716262817382,1.0602596998214722,0.2684367001056671,0.6026663184165955,24753,1.0,0.0,1.0,1.0,1.0,0.0,1.0,1.0,0.674513041973114,0.2843145132064819,0.0869715362787246,1.0,0.1695334762334823,0.0278154741972684,0.1339295953512191,1.0,53,0.9370231926441192,1
multiclass_table6_arousal_3class,Table-6 Arousal,subject_loo,GNN,GNN_v2,s_P28,results/quick_v1_v2_comparison/2026-06-03_09-24-45/model_runs/2026-06-03_13-48-09,results/quick_v1_v2_comparison/2026-06-03_09-24-45/model_runs/2026-06-03_13-48-09/multiclass_table6_arousal_3class_emotion-elicitation_2026-06-03_13-49-14,results/quick_v1_v2_comparison/2026-06-03_09-24-45/model_runs/2026-06-03_13-48-09/multiclass_table6_arousal_3class_emotion-elicitation_2026-06-03_13-49-14/subject_loo/s_P28/gnn_fold_diagnostics.csv,train,0.0490495264530181,0.8912240266799927,-2.415302038192749,3.9104409217834473,6.325742959976196,0.8518038988113403,0.2084911465644836,0.0951791256666183,1.0986032485961914,0.4461248815059662,0.2638684809207916,10000,1.0,5.964320592966034e-08,0.9999997615814208,1.0,1.0,6.197113577854907e-08,0.9999997615814208,1.0,0.6749193668365479,0.2815464735031128,-0.999999701976776,1.0,-0.1691222339868545,0.0241579394787549,-1.0,0.9999999403953552,106,0.9799827933311462,1
multiclass_table6_arousal_3class,Table-6 Arousal,subject_loo,GNN,GNN_v2,s_P28,results/quick_v1_v2_comparison/2026-06-03_09-24-45/model_runs/2026-06-03_13-48-09,results/quick_v1_v2_comparison/2026-06-03_09-24-45/model_runs/2026-06-03_13-48-09/multiclass_table6_arousal_3class_emotion-elicitation_2026-06-03_13-49-14,results/quick_v1_v2_comparison/2026-06-03_09-24-45/model_runs/2026-06-03_13-48-09/multiclass_table6_arousal_3class_emotion-elicitation_2026-06-03_13-49-14/subject_loo/s_P28/gnn_fold_diagnostics.csv,val,0.0837435126304626,0.7285128831863403,-1.7651760578155518,3.264861822128296,5.030037879943848,0.9081656336784364,0.165620282292366,0.1871761828660965,1.0978224277496338,0.309203028678894,0.4440957903861999,107880,1.0,5.965689808817842e-08,0.9999998807907104,1.0,1.0,6.191066859173588e-08,0.9999998807907104,1.0,0.6752830147743225,0.2808075547218323,-0.9999996423721312,1.0,-0.1686801314353943,0.0228261183947324,-1.0,-0.1091086342930793,106,0.9799827933311462,1
multiclass_table6_arousal_3class,Table-6 Arousal,subject_loo,GNN,GNN_v2,s_P28,results/quick_v1_v2_comparison/2026-06-03_09-24-45/model_runs/2026-06-03_13-48-09,results/quick_v1_v2_comparison/2026-06-03_09-24-45/model_runs/2026-06-03_13-48-09/multiclass_table6_arousal_3class_emotion-elicitation_2026-06-03_13-49-14,results/quick_v1_v2_comparison/2026-06-03_09-24-45/model_runs/2026-06-03_13-48-09/multiclass_table6_arousal_3class_emotion-elicitation_2026-06-03_13-49-14/subject_loo/s_P28/gnn_fold_diagnostics.csv,test,0.0821028500795364,0.8846959471702576,-1.773798942565918,3.4682769775390625,5.2420759201049805,0.8555376529693604,0.206772968173027,0.2067196667194366,1.0959200859069824,0.2777036428451538,0.5486056804656982,22366,1.0,5.964941607317087e-08,0.9999998807907104,1.0,1.0,6.167359600794954e-08,0.9999998807907104,1.0,0.6824591755867004,0.2787307202816009,0.1643738448619842,1.0,-0.1697869896888733,0.0251684095710515,-1.0,-0.097850777208805,106,0.9799827933311462,1
multiclass_table6_arousal_3class,Table-6 Arousal,subject_loo,GNN,GNN_v2,s_P29,results/quick_v1_v2_comparison/2026-06-03_09-24-45/model_runs/2026-06-03_13-48-09,results/quick_v1_v2_comparison/2026-06-03_09-24-45/model_runs/2026-06-03_13-48-09/multiclass_table6_arousal_3class_emotion-elicitation_2026-06-03_13-49-14,results/quick_v1_v2_comparison/2026-06-03_09-24-45/model_runs/2026-06-03_13-48-09/multiclass_table6_arousal_3class_emotion-elicitation_2026-06-03_13-49-14/subject_loo/s_P29/gnn_fold_diagnostics.csv,train,0.1417194902896881,0.6769240498542786,-1.7958705425262451,2.568052291870117,4.363922834396362,0.92304527759552,0.1434540599584579,0.2782405018806457,1.0985960960388184,0.4098386168479919,0.3025059700012207,10000,1.0,0.0,1.0,1.0,1.0,0.0,1.0,1.0,0.6756441593170166,0.2810912132263183,0.1105925142765045,1.0,-0.1689331829547882,0.0258993152529001,-1.0,1.0,49,0.915536254644394,1
multiclass_table6_arousal_3class,Table-6 Arousal,subject_loo,GNN,GNN_v2,s_P29,results/quick_v1_v2_comparison/2026-06-03_09-24-45/model_runs/2026-06-03_13-48-09,results/quick_v1_v2_comparison/2026-06-03_09-24-45/model_runs/2026-06-03_13-48-09/multiclass_table6_arousal_3class_emotion-elicitation_2026-06-03_13-49-14,results/quick_v1_v2_comparison/2026-06-03_09-24-45/model_runs/2026-06-03_13-48-09/multiclass_table6_arousal_3class_emotion-elicitation_2026-06-03_13-49-14/subject_loo/s_P29/gnn_fold_diagnostics.csv,val,0.155938521027565,0.5593785643577576,-1.310163140296936,2.209394693374634,3.51955783367157,0.9643206596374512,0.1095435172319412,0.3977857232093811,1.0985437631607056,0.3641859889030456,0.354292094707489,102831,1.0,0.0,1.0,1.0,1.0,0.0,1.0,1.0,0.6734298467636108,0.2818272709846496,0.1243673712015152,1.0,-0.1687386780977249,0.0237750522792339,-1.0,0.9999996423721312,49,0.915536254644394,1
multiclass_table6_arousal_3class,Table-6 Arousal,subject_loo,GNN,GNN_v2,s_P29,results/quick_v1_v2_comparison/2026-06-03_09-24-45/model_runs/2026-06-03_13-48-09,results/quick_v1_v2_comparison/2026-06-03_09-24-45/model_runs/2026-06-03_13-48-09/multiclass_table6_arousal_3class_emotion-elicitation_2026-06-03_13-49-14,results/quick_v1_v2_comparison/2026-06-03_09-24-45/model_runs/2026-06-03_13-48-09/multiclass_table6_arousal_3class_emotion-elicitation_2026-06-03_13-49-14/subject_loo/s_P29/gnn_fold_diagnostics.csv,test,0.0869590863585472,0.5768864750862122,-1.303240418434143,1.7139108180999756,3.0171512365341187,0.9794266223907472,0.0819451510906219,0.5828539133071899,1.0985854864120483,0.2505343854427337,0.578993558883667,23220,1.0,0.0,1.0,1.0,1.0,0.0,1.0,1.0,0.6719899773597717,0.2825169265270233,0.1243509873747825,1.0,-0.1689205467700958,0.0239101853221654,-1.0,0.299983948469162,49,0.915536254644394,1
multiclass_table6_arousal_3class,Table-6 Arousal,subject_loo,GNN,GNN_v2,s_P30,results/quick_v1_v2_comparison/2026-06-03_09-24-45/model_runs/2026-06-03_13-48-09,results/quick_v1_v2_comparison/2026-06-03_09-24-45/model_runs/2026-06-03_13-48-09/multiclass_table6_arousal_3class_emotion-elicitation_2026-06-03_13-49-14,results/quick_v1_v2_comparison/2026-06-03_09-24-45/model_runs/2026-06-03_13-48-09/multiclass_table6_arousal_3class_emotion-elicitation_2026-06-03_13-49-14/subject_loo/s_P30/gnn_fold_diagnostics.csv,train,0.0024616899900138,0.5624441504478455,-1.1267340183258057,1.665072321891785,2.7918063402175903,0.9631198048591614,0.0869960188865661,0.549315869808197,1.097075343132019,0.4150046110153198,0.4095404148101806,10000,-0.9802435636520386,0.1977940499782562,-1.0,1.0,-0.9880965948104858,0.153834581375122,-1.0,1.0,0.6745885014533997,0.2817330062389374,0.0494107715785503,1.0,-0.1690617054700851,0.0243470594286918,-1.0,-0.0717668980360031,23,1.0448129177093506,1
multiclass_table6_arousal_3class,Table-6 Arousal,subject_loo,GNN,GNN_v2,s_P30,results/quick_v1_v2_comparison/2026-06-03_09-24-45/model_runs/2026-06-03_13-48-09,results/quick_v1_v2_comparison/2026-06-03_09-24-45/model_runs/2026-06-03_13-48-09/multiclass_table6_arousal_3class_emotion-elicitation_2026-06-03_13-49-14,results/quick_v1_v2_comparison/2026-06-03_09-24-45/model_runs/2026-06-03_13-48-09/multiclass_table6_arousal_3class_emotion-elicitation_2026-06-03_13-49-14/subject_loo/s_P30/gnn_fold_diagnostics.csv,val,0.0105014806613326,0.5679923295974731,-1.0805562734603882,1.516104221343994,2.5966604948043823,0.9535574316978456,0.0894220471382141,0.613692045211792,1.077803611755371,0.337043821811676,0.4937529861927032,115440,-0.9396053552627563,0.3422597348690033,-1.0,1.0,-0.9556422829627992,0.2945298850536346,-1.0,1.0,0.6882343888282776,0.2760068774223327,0.0666565001010894,1.0,-0.1697492450475692,0.0281101707369089,-1.0,-0.0605147443711757,23,1.0448129177093506,1
multiclass_table6_arousal_3class,Table-6 Arousal,subject_loo,GNN,GNN_v2,s_P30,results/quick_v1_v2_comparison/2026-06-03_09-24-45/model_runs/2026-06-03_13-48-09,results/quick_v1_v2_comparison/2026-06-03_09-24-45/model_runs/2026-06-03_13-48-09/multiclass_table6_arousal_3class_emotion-elicitation_2026-06-03_13-49-14,results/quick_v1_v2_comparison/2026-06-03_09-24-45/model_runs/2026-06-03_13-48-09/multiclass_table6_arousal_3class_emotion-elicitation_2026-06-03_13-49-14/subject_loo/s_P30/gnn_fold_diagnostics.csv,test,0.1335851103067398,0.5688531994819641,-0.8774182796478271,1.488301157951355,2.365719437599182,0.9519277215003968,0.0787832885980606,0.626911461353302,1.072866916656494,0.2344814836978912,0.6791105270385742,25425,-0.9889114499092102,0.1485062688589096,-1.0,1.0,-0.9948413372039796,0.1014430820941925,-1.0,1.0,0.6621417999267578,0.2875733375549316,0.0626992061734199,0.9999999403953552,-0.1685791909694671,0.0209616813808679,-1.0,-0.0809576138854026,23,1.0448129177093506,1
multiclass_table6_arousal_3class,Table-6 Arousal,subject_loo,GNN,GNN_v2,s_P4,results/quick_v1_v2_comparison/2026-06-03_09-24-45/model_runs/2026-06-03_13-48-09,results/quick_v1_v2_comparison/2026-06-03_09-24-45/model_runs/2026-06-03_13-48-09/multiclass_table6_arousal_3class_emotion-elicitation_2026-06-03_13-49-14,results/quick_v1_v2_comparison/2026-06-03_09-24-45/model_runs/2026-06-03_13-48-09/multiclass_table6_arousal_3class_emotion-elicitation_2026-06-03_13-49-14/subject_loo/s_P4/gnn_fold_diagnostics.csv,train,-0.0999618843197822,0.7757171392440796,-2.194213390350342,2.971081256866455,5.165294647216797,0.8793265223503113,0.1930040717124939,0.1307944357395172,1.0985510349273682,0.4090270400047302,0.2810904681682586,10000,1.0,1.874446375893513e-08,0.9999998807907104,1.0,1.0,3.899540246266042e-08,0.9999998807907104,1.0,0.6746059656143188,0.281556099653244,0.1108042076230049,1.0,0.1690479218959808,0.0300829298794269,0.0172250866889953,1.0,93,0.8949209749698639,1
multiclass_table6_arousal_3class,Table-6 Arousal,subject_loo,GNN,GNN_v2,s_P4,results/quick_v1_v2_comparison/2026-06-03_09-24-45/model_runs/2026-06-03_13-48-09,results/quick_v1_v2_comparison/2026-06-03_09-24-45/model_runs/2026-06-03_13-48-09/multiclass_table6_arousal_3class_emotion-elicitation_2026-06-03_13-49-14,results/quick_v1_v2_comparison/2026-06-03_09-24-45/model_runs/2026-06-03_13-48-09/multiclass_table6_arousal_3class_emotion-elicitation_2026-06-03_13-49-14/subject_loo/s_P4/gnn_fold_diagnostics.csv,val,-0.0831907540559768,0.893185019493103,-2.2870073318481445,2.9440181255340576,5.231025457382202,0.8148260116577148,0.2097333669662475,0.1484141796827316,1.0969722270965576,0.4053894579410553,0.3424926698207855,91806,1.0,1.7564795840030456e-08,0.9999998807907104,1.0,1.0,3.9483108338345125e-08,0.9999998807907104,1.0,0.6769697666168213,0.2806432545185089,0.1401053220033645,1.0,0.1697654575109481,0.0308601316064596,0.0287697724997997,1.0,93,0.8949209749698639,1
multiclass_table6_arousal_3class,Table-6 Arousal,subject_loo,GNN,GNN_v2,s_P4,results/quick_v1_v2_comparison/2026-06-03_09-24-45/model_runs/2026-06-03_13-48-09,results/quick_v1_v2_comparison/2026-06-03_09-24-45/model_runs/2026-06-03_13-48-09/multiclass_table6_arousal_3class_emotion-elicitation_2026-06-03_13-49-14,results/quick_v1_v2_comparison/2026-06-03_09-24-45/model_runs/2026-06-03_13-48-09/multiclass_table6_arousal_3class_emotion-elicitation_2026-06-03_13-49-14/subject_loo/s_P4/gnn_fold_diagnostics.csv,test,-0.1093639358878135,0.7227497696876526,-1.9645206928253172,2.3954007625579834,4.359921455383301,0.9022247195243835,0.1932222694158554,0.2467719614505767,1.0969605445861816,0.378604531288147,0.3013235330581665,31375,1.0,2.140671995221055e-08,0.9999998807907104,1.0,1.0,3.8513803701789584e-08,0.9999998807907104,1.0,0.6843826174736023,0.2762483954429626,0.1247039288282394,1.0,0.1690228581428527,0.0303148161619901,0.0301630292087793,1.0,93,0.8949209749698639,1
multiclass_table6_arousal_3class,Table-6 Arousal,subject_loo,GNN,GNN_v2,s_P5,results/quick_v1_v2_comparison/2026-06-03_09-24-45/model_runs/2026-06-03_13-48-09,results/quick_v1_v2_comparison/2026-06-03_09-24-45/model_runs/2026-06-03_13-48-09/multiclass_table6_arousal_3class_emotion-elicitation_2026-06-03_13-49-14,results/quick_v1_v2_comparison/2026-06-03_09-24-45/model_runs/2026-06-03_13-48-09/multiclass_table6_arousal_3class_emotion-elicitation_2026-06-03_13-49-14/subject_loo/s_P5/gnn_fold_diagnostics.csv,train,-0.0465865992009639,0.5617238283157349,-1.4661321640014648,1.7109590768814087,3.177091240882873,0.966623306274414,0.086274616420269,0.5401706099510193,1.0941767692565918,0.3970219194889068,0.3933868706226349,10000,0.9836326837539672,0.1801850497722625,-1.0,0.9999999403953552,0.9900133609771729,0.1409735232591629,-1.0,0.9999999403953552,0.6756147146224976,0.2817900776863098,-1.0,0.9999999403953552,-0.1689104735851287,0.0274519566446542,-0.9999999403953552,1.0,20,0.9158388376235962,1
multiclass_table6_arousal_3class,Table-6 Arousal,subject_loo,GNN,GNN_v2,s_P5,results/quick_v1_v2_comparison/2026-06-03_09-24-45/model_runs/2026-06-03_13-48-09,results/quick_v1_v2_comparison/2026-06-03_09-24-45/model_runs/2026-06-03_13-48-09/multiclass_table6_arousal_3class_emotion-elicitation_2026-06-03_13-49-14,results/quick_v1_v2_comparison/2026-06-03_09-24-45/model_runs/2026-06-03_13-48-09/multiclass_table6_arousal_3class_emotion-elicitation_2026-06-03_13-49-14/subject_loo/s_P5/gnn_fold_diagnostics.csv,val,-0.0214580483734607,0.5402630567550659,-1.2117812633514404,1.531237244606018,2.7430185079574585,0.9715168476104736,0.0748074054718017,0.5907917022705078,1.0773245096206665,0.3006339371204376,0.5494046211242676,82621,0.9915218949317932,0.1299396157264709,-1.0,0.9999999403953552,0.9949796795845032,0.1000764816999435,-1.0,0.9999999403953552,0.663648784160614,0.2866759896278381,-1.0,0.9999999403953552,-0.1685021370649337,0.0223999917507171,-0.9999999403953552,0.4901603758335113,20,0.9158388376235962,1
multiclass_table6_arousal_3class,Table-6 Arousal,subject_loo,GNN,GNN_v2,s_P5,results/quick_v1_v2_comparison/2026-06-03_09-24-45/model_runs/2026-06-03_13-48-09,results/quick_v1_v2_comparison/2026-06-03_09-24-45/model_runs/2026-06-03_13-48-09/multiclass_table6_arousal_3class_emotion-elicitation_2026-06-03_13-49-14,results/quick_v1_v2_comparison/2026-06-03_09-24-45/model_runs/2026-06-03_13-48-09/multiclass_table6_arousal_3class_emotion-elicitation_2026-06-03_13-49-14/subject_loo/s_P5/gnn_fold_diagnostics.csv,test,-0.0094411540776491,0.5403937697410583,-1.1605677604675293,1.5601396560668943,2.720707416534424,0.9699919819831848,0.0843950659036636,0.6184999346733093,1.071253538131714,0.2823212444782257,0.5349209904670715,37675,0.9891744256019592,0.1467446088790893,-1.0,0.9999999403953552,0.994755744934082,0.102279283106327,-1.0,0.9999999403953552,0.68312668800354,0.2774618268013,-1.0,0.9999999403953552,-0.1684091985225677,0.0218786932528018,-0.9999999403953552,0.3881263732910156,20,0.9158388376235962,1
multiclass_table6_arousal_3class,Table-6 Arousal,subject_loo,GNN,GNN_v2,s_P7,results/quick_v1_v2_comparison/2026-06-03_09-24-45/model_runs/2026-06-03_13-48-09,results/quick_v1_v2_comparison/2026-06-03_09-24-45/model_runs/2026-06-03_13-48-09/multiclass_table6_arousal_3class_emotion-elicitation_2026-06-03_13-49-14,results/quick_v1_v2_comparison/2026-06-03_09-24-45/model_runs/2026-06-03_13-48-09/multiclass_table6_arousal_3class_emotion-elicitation_2026-06-03_13-49-14/subject_loo/s_P7/gnn_fold_diagnostics.csv,train,0.0217165574431419,0.4147333204746246,-0.732449471950531,0.7177464365959167,1.4501959085464478,1.0284898281097412,0.0171052832156419,0.9755735397338868,1.0921597480773926,0.2948455810546875,0.5707092881202698,10000,-0.997651755809784,0.0684902667999267,-1.0,0.9999999403953552,-0.9997952580451964,0.0202345363795757,-1.0,0.9999999403953552,-0.6742426753044128,0.2818847596645355,-1.0,0.9999977946281432,0.168892428278923,0.0254384651780128,-0.9999999403953552,0.9999999403953552,6,0.9928060472011566,1
multiclass_table6_arousal_3class,Table-6 Arousal,subject_loo,GNN,GNN_v2,s_P7,results/quick_v1_v2_comparison/2026-06-03_09-24-45/model_runs/2026-06-03_13-48-09,results/quick_v1_v2_comparison/2026-06-03_09-24-45/model_runs/2026-06-03_13-48-09/multiclass_table6_arousal_3class_emotion-elicitation_2026-06-03_13-49-14,results/quick_v1_v2_comparison/2026-06-03_09-24-45/model_runs/2026-06-03_13-48-09/multiclass_table6_arousal_3class_emotion-elicitation_2026-06-03_13-49-14/subject_loo/s_P7/gnn_fold_diagnostics.csv,val,0.0208411589264869,0.4008026421070099,-0.65770423412323,0.6094083189964294,1.2671125531196594,1.02942156791687,0.0140700358897447,1.0025136470794678,1.0732252597808838,0.3348526060581207,0.5662744045257568,108811,-0.9950241446495056,0.0996341034770011,-1.0,0.9999999403953552,-0.99946790933609,0.0326168313622474,-1.0,0.9999999403953552,-0.6770575046539307,0.2798000872135162,-1.0,-0.0104041621088981,0.1697937399148941,0.0293107163161039,-0.9999998807907104,0.9999999403953552,6,0.9928060472011566,1
multiclass_table6_arousal_3class,Table-6 Arousal,subject_loo,GNN,GNN_v2,s_P7,results/quick_v1_v2_comparison/2026-06-03_09-24-45/model_runs/2026-06-03_13-48-09,results/quick_v1_v2_comparison/2026-06-03_09-24-45/model_runs/2026-06-03_13-48-09/multiclass_table6_arousal_3class_emotion-elicitation_2026-06-03_13-49-14,results/quick_v1_v2_comparison/2026-06-03_09-24-45/model_runs/2026-06-03_13-48-09/multiclass_table6_arousal_3class_emotion-elicitation_2026-06-03_13-49-14/subject_loo/s_P7/gnn_fold_diagnostics.csv,test,0.0205651484429836,0.4158115088939667,-0.6991768479347229,0.6918275952339172,1.39100444316864,1.0251073837280271,0.0161460917443037,0.9808753728866576,1.0824447870254517,0.227295771241188,0.6484721302986145,26335,-0.9751170873641968,0.2216905355453491,-1.0,0.9999999403953552,-0.97779780626297,0.209550455212593,-1.0,0.9999999403953552,-0.6922679543495178,0.2765282094478607,-1.0,0.9999980330467224,0.1643952280282974,0.0582947544753551,-1.0,0.9999999403953552,6,0.9928060472011566,1
multiclass_table6_arousal_3class,Table-6 Arousal,subject_loo,GNN,GNN_v2,s_P8,results/quick_v1_v2_comparison/2026-06-03_09-24-45/model_runs/2026-06-03_13-48-09,results/quick_v1_v2_comparison/2026-06-03_09-24-45/model_runs/2026-06-03_13-48-09/multiclass_table6_arousal_3class_emotion-elicitation_2026-06-03_13-49-14,results/quick_v1_v2_comparison/2026-06-03_09-24-45/model_runs/2026-06-03_13-48-09/multiclass_table6_arousal_3class_emotion-elicitation_2026-06-03_13-49-14/subject_loo/s_P8/gnn_fold_diagnostics.csv,train,-0.1180419772863388,0.6734859347343445,-1.8675003051757808,1.951388001441956,3.818888306617737,0.9185896515846252,0.1439748555421829,0.3107872009277344,1.0985174179077148,0.3649202883243561,0.4115689992904663,10000,-0.9999528527259828,0.0096969800069928,-1.0,1.0,-0.9997929334640504,0.0203486252576112,-1.0,1.0,-0.678274393081665,0.2798327207565307,-1.0,-0.1002968102693557,0.1690701395273208,0.0248632859438657,-1.0,1.0,52,0.8706550598144531,1
multiclass_table6_arousal_3class,Table-6 Arousal,subject_loo,GNN,GNN_v2,s_P8,results/quick_v1_v2_comparison/2026-06-03_09-24-45/model_runs/2026-06-03_13-48-09,results/quick_v1_v2_comparison/2026-06-03_09-24-45/model_runs/2026-06-03_13-48-09/multiclass_table6_arousal_3class_emotion-elicitation_2026-06-03_13-49-14,results/quick_v1_v2_comparison/2026-06-03_09-24-45/model_runs/2026-06-03_13-48-09/multiclass_table6_arousal_3class_emotion-elicitation_2026-06-03_13-49-14/subject_loo/s_P8/gnn_fold_diagnostics.csv,val,-0.0730553418397903,0.6721256375312805,-1.6893737316131592,1.8711472749710083,3.5605210065841675,0.9193350076675416,0.1392183452844619,0.348539799451828,1.0936803817749023,0.2522298991680145,0.5961068272590637,96580,-0.9999473690986632,0.0102546224370598,-1.0,1.0,-0.9998334050178528,0.0182478539645671,-1.0,1.0,-0.6557819247245789,0.2898822426795959,-1.0,-0.1104125455021858,0.1688239425420761,0.0223910082131624,-0.7337260842323303,1.0,52,0.8706550598144531,1
multiclass_table6_arousal_3class,Table-6 Arousal,subject_loo,GNN,GNN_v2,s_P8,results/quick_v1_v2_comparison/2026-06-03_09-24-45/model_runs/2026-06-03_13-48-09,results/quick_v1_v2_comparison/2026-06-03_09-24-45/model_runs/2026-06-03_13-48-09/multiclass_table6_arousal_3class_emotion-elicitation_2026-06-03_13-49-14,results/quick_v1_v2_comparison/2026-06-03_09-24-45/model_runs/2026-06-03_13-48-09/multiclass_table6_arousal_3class_emotion-elicitation_2026-06-03_13-49-14/subject_loo/s_P8/gnn_fold_diagnostics.csv,test,-0.0961131528019905,0.5530864596366882,-1.6431841850280762,1.7849022150039673,3.4280864000320435,0.9696608185768129,0.1440305858850479,0.3705655932426452,1.0952619314193726,0.2507490515708923,0.5819328427314758,23871,-0.9996991753578186,0.0245245341211557,-1.0,1.0,-0.999642848968506,0.0267246142029762,-1.0,1.0,-0.6568580269813538,0.2906329333782196,-1.0,-0.1104780212044715,0.1697488129138946,0.0276545211672782,-0.3115579187870025,1.0,52,0.8706550598144531,1
multiclass_table6_arousal_3class,Table-6 Arousal,recording_loo,GNN,GNN_v2,r_107.avi,results/quick_v1_v2_comparison/2026-06-03_09-24-45/model_runs/2026-06-03_13-48-09,results/quick_v1_v2_comparison/2026-06-03_09-24-45/model_runs/2026-06-03_13-48-09/multiclass_table6_arousal_3class_emotion-elicitation_2026-06-03_13-49-14,results/quick_v1_v2_comparison/2026-06-03_09-24-45/model_runs/2026-06-03_13-48-09/multiclass_table6_arousal_3class_emotion-elicitation_2026-06-03_13-49-14/recording_loo/r_107.avi/gnn_fold_diagnostics.csv,train,0.0811382830142974,0.4782108664512634,-0.852941632270813,0.8774552345275879,1.7303968667984009,1.0148422718048096,0.0261574480682611,0.9342772364616394,1.0787110328674316,0.3093403279781341,0.5610559582710266,10000,-0.9980525374412536,0.0623786561191082,-1.0,1.0,-0.9979983568191528,0.0632402896881103,-1.0,1.0,0.6727052330970764,0.2902182638645172,-1.0,1.0,-0.1687095016241073,0.0306089501827955,-0.9999999403953552,1.0,7,1.0203157663345337,1
multiclass_table6_arousal_3class,Table-6 Arousal,recording_loo,GNN,GNN_v2,r_107.avi,results/quick_v1_v2_comparison/2026-06-03_09-24-45/model_runs/2026-06-03_13-48-09,results/quick_v1_v2_comparison/2026-06-03_09-24-45/model_runs/2026-06-03_13-48-09/multiclass_table6_arousal_3class_emotion-elicitation_2026-06-03_13-49-14,results/quick_v1_v2_comparison/2026-06-03_09-24-45/model_runs/2026-06-03_13-48-09/multiclass_table6_arousal_3class_emotion-elicitation_2026-06-03_13-49-14/recording_loo/r_107.avi/gnn_fold_diagnostics.csv,val,0.0436761192977428,0.4300807118415832,-0.8046733140945435,0.8023557662963867,1.6070290803909302,1.0257534980773926,0.0230485722422599,0.9537320733070374,1.0746335983276367,0.334922045469284,0.5312338471412659,201295,-0.9954370260238647,0.0954204723238945,-1.0,1.0,-0.9955456852912904,0.0942802354693412,-1.0,1.0,0.6717218160629272,0.2891604006290436,-1.0,1.0,-0.1680008918046951,0.0317257642745971,-0.9999999403953552,0.9999998807907104,7,1.0203157663345337,1
multiclass_table6_arousal_3class,Table-6 Arousal,recording_loo,GNN,GNN_v2,r_107.avi,results/quick_v1_v2_comparison/2026-06-03_09-24-45/model_runs/2026-06-03_13-48-09,results/quick_v1_v2_comparison/2026-06-03_09-24-45/model_runs/2026-06-03_13-48-09/multiclass_table6_arousal_3class_emotion-elicitation_2026-06-03_13-49-14,results/quick_v1_v2_comparison/2026-06-03_09-24-45/model_runs/2026-06-03_13-48-09/multiclass_table6_arousal_3class_emotion-elicitation_2026-06-03_13-49-14/recording_loo/r_107.avi/gnn_fold_diagnostics.csv,test,0.0561714805662632,0.4400227665901184,-0.7259457111358643,0.8066540956497192,1.5325998067855835,1.0229672193527222,0.0211093835532665,0.973311960697174,1.0626389980316162,0.299939900636673,0.5714010000228882,12403,-0.9962372779846193,0.0866675600409507,-1.0,1.0,-0.995921552181244,0.0902235731482505,-1.0,1.0,0.6728282570838928,0.2877097129821777,-1.0,1.0,-0.1692554354667663,0.0344300270080566,-0.9999999403953552,1.0,7,1.0203157663345337,1
multiclass_table6_arousal_3class,Table-6 Arousal,recording_loo,GNN,GNN_v2,r_111.avi,results/quick_v1_v2_comparison/2026-06-03_09-24-45/model_runs/2026-06-03_13-48-09,results/quick_v1_v2_comparison/2026-06-03_09-24-45/model_runs/2026-06-03_13-48-09/multiclass_table6_arousal_3class_emotion-elicitation_2026-06-03_13-49-14,results/quick_v1_v2_comparison/2026-06-03_09-24-45/model_runs/2026-06-03_13-48-09/multiclass_table6_arousal_3class_emotion-elicitation_2026-06-03_13-49-14/recording_loo/r_111.avi/gnn_fold_diagnostics.csv,train,0.0225966963917017,0.7514439821243286,-2.537459135055542,2.508720636367798,5.04617977142334,0.8950654864311218,0.1727133393287658,0.2431594133377075,1.0985636711120603,0.4174808859825134,0.2656690776348114,10000,1.0,0.0,1.0,1.0,1.0,0.0,1.0,1.0,0.6759530305862427,0.2812237739562988,0.0928202122449874,1.0,0.1691216826438903,0.0248697791248559,0.0944623351097107,1.0,86,0.5699882209300995,1
multiclass_table6_arousal_3class,Table-6 Arousal,recording_loo,GNN,GNN_v2,r_111.avi,results/quick_v1_v2_comparison/2026-06-03_09-24-45/model_runs/2026-06-03_13-48-09,results/quick_v1_v2_comparison/2026-06-03_09-24-45/model_runs/2026-06-03_13-48-09/multiclass_table6_arousal_3class_emotion-elicitation_2026-06-03_13-49-14,results/quick_v1_v2_comparison/2026-06-03_09-24-45/model_runs/2026-06-03_13-48-09/multiclass_table6_arousal_3class_emotion-elicitation_2026-06-03_13-49-14/recording_loo/r_111.avi/gnn_fold_diagnostics.csv,val,-0.1272813528776168,0.9578784108161926,-2.1937496662139893,2.276841402053833,4.470591068267822,0.7438830137252808,0.2255088090896606,0.2391896694898605,1.097432255744934,0.2974489331245422,0.4902878105640411,134421,1.0,0.0,1.0,1.0,1.0,0.0,1.0,1.0,0.6696958541870117,0.2825362980365753,0.1108159571886062,1.0,0.1692473143339157,0.0254798978567123,0.0949848741292953,1.0,86,0.5699882209300995,1
multiclass_table6_arousal_3class,Table-6 Arousal,recording_loo,GNN,GNN_v2,r_111.avi,results/quick_v1_v2_comparison/2026-06-03_09-24-45/model_runs/2026-06-03_13-48-09,results/quick_v1_v2_comparison/2026-06-03_09-24-45/model_runs/2026-06-03_13-48-09/multiclass_table6_arousal_3class_emotion-elicitation_2026-06-03_13-49-14,results/quick_v1_v2_comparison/2026-06-03_09-24-45/model_runs/2026-06-03_13-48-09/multiclass_table6_arousal_3class_emotion-elicitation_2026-06-03_13-49-14/recording_loo/r_111.avi/gnn_fold_diagnostics.csv,test,0.0324265472590923,0.6553682088851929,-1.9572571516036987,2.403923273086548,4.361180424690247,0.9401980638504028,0.1365704089403152,0.3547480702400207,1.097350835800171,0.4178851842880249,0.2530643343925476,54615,1.0,0.0,1.0,1.0,1.0,0.0,1.0,1.0,0.6754519939422607,0.2813465297222137,0.1242215782403945,1.0,0.1687032878398895,0.0225302465260028,0.0953149273991584,1.0,86,0.5699882209300995,1
multiclass_table6_arousal_3class,Table-6 Arousal,recording_loo,GNN,GNN_v2,r_138.avi,results/quick_v1_v2_comparison/2026-06-03_09-24-45/model_runs/2026-06-03_13-48-09,results/quick_v1_v2_comparison/2026-06-03_09-24-45/model_runs/2026-06-03_13-48-09/multiclass_table6_arousal_3class_emotion-elicitation_2026-06-03_13-49-14,results/quick_v1_v2_comparison/2026-06-03_09-24-45/model_runs/2026-06-03_13-48-09/multiclass_table6_arousal_3class_emotion-elicitation_2026-06-03_13-49-14/recording_loo/r_138.avi/gnn_fold_diagnostics.csv,train,-0.0040468974038958,0.3889921307563782,-1.061463713645935,0.7633981108665466,1.8248618245124817,1.038957595825195,0.02099802903831,0.9435548782348632,1.092247724533081,0.2996338903903961,0.5646050572395325,10000,-0.9999998807907104,5.944214009900862e-08,-0.9999999403953552,-0.999999701976776,-0.9999998807907104,4.867910163852685e-08,-0.9999999403953552,-0.9999996423721312,0.6749423146247864,0.2812739014625549,0.1102480292320251,1.0,-0.1690165996551513,0.0424922108650207,-1.0,0.9999998807907104,7,0.9653124511241912,1
multiclass_table6_arousal_3class,Table-6 Arousal,recording_loo,GNN,GNN_v2,r_138.avi,results/quick_v1_v2_comparison/2026-06-03_09-24-45/model_runs/2026-06-03_13-48-09,results/quick_v1_v2_comparison/2026-06-03_09-24-45/model_runs/2026-06-03_13-48-09/multiclass_table6_arousal_3class_emotion-elicitation_2026-06-03_13-49-14,results/quick_v1_v2_comparison/2026-06-03_09-24-45/model_runs/2026-06-03_13-48-09/multiclass_table6_arousal_3class_emotion-elicitation_2026-06-03_13-49-14/recording_loo/r_138.avi/gnn_fold_diagnostics.csv,val,-0.0103402333334088,0.4115521907806396,-0.9386203289031982,0.6786907315254211,1.6173110604286194,1.0335652828216553,0.0204548183828592,0.9726121425628662,1.081873655319214,0.2478174269199371,0.6305875182151794,64620,-0.9999999403953552,5.265836655610201e-09,-0.9999999403953552,-0.9999997615814208,-0.9999999403953552,3.5067639458929996e-08,-0.9999999403953552,-0.9999996423721312,0.6823217868804932,0.2780265808105469,0.138970136642456,1.0,-0.1695002168416977,0.0430093370378017,-1.0,0.9999995827674866,7,0.9653124511241912,1
multiclass_table6_arousal_3class,Table-6 Arousal,recording_loo,GNN,GNN_v2,r_138.avi,results/quick_v1_v2_comparison/2026-06-03_09-24-45/model_runs/2026-06-03_13-48-09,results/quick_v1_v2_comparison/2026-06-03_09-24-45/model_runs/2026-06-03_13-48-09/multiclass_table6_arousal_3class_emotion-elicitation_2026-06-03_13-49-14,results/quick_v1_v2_comparison/2026-06-03_09-24-45/model_runs/2026-06-03_13-48-09/multiclass_table6_arousal_3class_emotion-elicitation_2026-06-03_13-49-14/recording_loo/r_138.avi/gnn_fold_diagnostics.csv,test,-0.0183879099786281,0.3717754781246185,-0.970085859298706,0.6479621529579163,1.6180480122566223,1.0443257093429563,0.0240603182464838,0.9755174517631532,1.0856964588165283,0.3190063238143921,0.5468881726264954,60378,-0.9999999403953552,4.396130570682999e-09,-0.9999999403953552,-0.9999997615814208,-0.9999999403953552,3.571378215383447e-08,-0.9999999403953552,-0.9999996423721312,0.672369658946991,0.2837286293506622,0.1245841979980468,1.0,-0.1687056124210357,0.0368442423641681,-1.0,0.2423156350851059,7,0.9653124511241912,1
multiclass_table6_arousal_3class,Table-6 Arousal,recording_loo,GNN,GNN_v2,r_146.avi,results/quick_v1_v2_comparison/2026-06-03_09-24-45/model_runs/2026-06-03_13-48-09,results/quick_v1_v2_comparison/2026-06-03_09-24-45/model_runs/2026-06-03_13-48-09/multiclass_table6_arousal_3class_emotion-elicitation_2026-06-03_13-49-14,results/quick_v1_v2_comparison/2026-06-03_09-24-45/model_runs/2026-06-03_13-48-09/multiclass_table6_arousal_3class_emotion-elicitation_2026-06-03_13-49-14/recording_loo/r_146.avi/gnn_fold_diagnostics.csv,train,0.043362870812416,0.164346769452095,-0.3456172943115234,0.4558095037937164,0.8014267981052399,1.0868932008743286,0.0077212839387357,1.0546339750289917,1.0986051559448242,0.3615407347679138,0.4003706872463226,10000,-0.9999860525131226,0.0052649895660579,-0.9999999403953552,1.0,-0.99998140335083,0.006079479586333,-0.9999999403953552,1.0,0.675849974155426,0.2810977101325989,0.1107266619801521,1.0,-0.169074460864067,0.0248809345066547,-1.0,0.9999998807907104,1,1.124284744262695,1
multiclass_table6_arousal_3class,Table-6 Arousal,recording_loo,GNN,GNN_v2,r_146.avi,results/quick_v1_v2_comparison/2026-06-03_09-24-45/model_runs/2026-06-03_13-48-09,results/quick_v1_v2_comparison/2026-06-03_09-24-45/model_runs/2026-06-03_13-48-09/multiclass_table6_arousal_3class_emotion-elicitation_2026-06-03_13-49-14,results/quick_v1_v2_comparison/2026-06-03_09-24-45/model_runs/2026-06-03_13-48-09/multiclass_table6_arousal_3class_emotion-elicitation_2026-06-03_13-49-14/recording_loo/r_146.avi/gnn_fold_diagnostics.csv,val,0.0377434119582176,0.1594028174877166,-0.3352554142475128,0.4368186593055725,0.7720740735530853,1.087546706199646,0.0074198455549776,1.0577261447906494,1.09859299659729,0.3504111766815185,0.4049013555049896,126253,-0.9999999403953552,6.718403611216672e-09,-0.9999999403953552,-0.999999701976776,-0.9999919533729552,0.0039982441812753,-0.9999999403953552,0.9999974966049194,0.6701046824455261,0.2827606797218323,0.1108009293675422,1.0,-0.1691261082887649,0.0256205853074789,-1.0,0.7978692054748535,1,1.124284744262695,1
multiclass_table6_arousal_3class,Table-6 Arousal,recording_loo,GNN,GNN_v2,r_146.avi,results/quick_v1_v2_comparison/2026-06-03_09-24-45/model_runs/2026-06-03_13-48-09,results/quick_v1_v2_comparison/2026-06-03_09-24-45/model_runs/2026-06-03_13-48-09/multiclass_table6_arousal_3class_emotion-elicitation_2026-06-03_13-49-14,results/quick_v1_v2_comparison/2026-06-03_09-24-45/model_runs/2026-06-03_13-48-09/multiclass_table6_arousal_3class_emotion-elicitation_2026-06-03_13-49-14/recording_loo/r_146.avi/gnn_fold_diagnostics.csv,test,0.0487062335014343,0.1465805917978286,-0.3030573725700378,0.3895391523838043,0.6925965249538422,1.0892945528030396,0.0066000265069305,1.06748628616333,1.0986075401306152,0.3468526899814605,0.4220001697540283,36046,-0.9999998807907104,5.9263825846755935e-08,-0.9999999403953552,-0.9999998807907104,-0.9999998807907104,5.9077635228277365e-08,-0.9999999403953552,-0.9999997615814208,0.6758079528808594,0.2802662849426269,0.142609030008316,1.0,-0.1690727323293686,0.0256949495524168,-1.0,0.5580925345420837,1,1.124284744262695,1
multiclass_table6_arousal_3class,Table-6 Arousal,recording_loo,GNN,GNN_v2,r_30.avi,results/quick_v1_v2_comparison/2026-06-03_09-24-45/model_runs/2026-06-03_13-48-09,results/quick_v1_v2_comparison/2026-06-03_09-24-45/model_runs/2026-06-03_13-48-09/multiclass_table6_arousal_3class_emotion-elicitation_2026-06-03_13-49-14,results/quick_v1_v2_comparison/2026-06-03_09-24-45/model_runs/2026-06-03_13-48-09/multiclass_table6_arousal_3class_emotion-elicitation_2026-06-03_13-49-14/recording_loo/r_30.avi/gnn_fold_diagnostics.csv,train,-0.018755454570055,0.2024141252040863,-0.5889391303062439,0.4223245084285736,1.0112636387348175,1.0837554931640625,0.011194571852684,1.0268635749816897,1.098549723625183,0.3401684165000915,0.4362821280956268,10000,0.9999991059303284,0.0013496649917215,-0.9999986290931702,1.0,0.9999189376831056,0.0127324666827917,-1.0,1.0,-0.6756231784820557,0.2813402414321899,-1.0,-0.1094021871685981,-0.1690656393766403,0.0244799926877021,-1.0,0.9698717594146729,1,1.0528624057769775,1
multiclass_table6_arousal_3class,Table-6 Arousal,recording_loo,GNN,GNN_v2,r_30.avi,results/quick_v1_v2_comparison/2026-06-03_09-24-45/model_runs/2026-06-03_13-48-09,results/quick_v1_v2_comparison/2026-06-03_09-24-45/model_runs/2026-06-03_13-48-09/multiclass_table6_arousal_3class_emotion-elicitation_2026-06-03_13-49-14,results/quick_v1_v2_comparison/2026-06-03_09-24-45/model_runs/2026-06-03_13-48-09/multiclass_table6_arousal_3class_emotion-elicitation_2026-06-03_13-49-14/recording_loo/r_30.avi/gnn_fold_diagnostics.csv,val,0.0057010008022189,0.1993650645017624,-0.6135962009429932,0.3743187487125397,0.9879149496555328,1.084917664527893,0.0106104472652077,1.0453457832336426,1.0986120700836182,0.3464354872703552,0.4637787044048309,127765,1.0,0.0,1.0,1.0,0.9999687075614928,0.007911629974842,-1.0,1.0,-0.6731868982315063,0.2829008102416992,-1.0,-0.1237879544496536,-0.1690488755702972,0.0241908505558967,-1.0,0.5354401469230652,1,1.0528624057769775,1
multiclass_table6_arousal_3class,Table-6 Arousal,recording_loo,GNN,GNN_v2,r_30.avi,results/quick_v1_v2_comparison/2026-06-03_09-24-45/model_runs/2026-06-03_13-48-09,results/quick_v1_v2_comparison/2026-06-03_09-24-45/model_runs/2026-06-03_13-48-09/multiclass_table6_arousal_3class_emotion-elicitation_2026-06-03_13-49-14,results/quick_v1_v2_comparison/2026-06-03_09-24-45/model_runs/2026-06-03_13-48-09/multiclass_table6_arousal_3class_emotion-elicitation_2026-06-03_13-49-14/recording_loo/r_30.avi/gnn_fold_diagnostics.csv,test,0.065469853579998,0.1944155395030975,-0.5658405423164368,0.405096560716629,0.9709371030330658,1.0874767303466797,0.0090561155229806,1.0489323139190674,1.0986058712005615,0.3431330919265747,0.4940105080604553,20910,1.0,0.0,1.0,1.0,0.9996424913406372,0.0267374999821186,-1.0,1.0,-0.6729817390441895,0.2824444472789764,-1.0,-0.1245931610465049,-0.1696150302886963,0.0268280915915966,-1.0,0.3366952538490295,1,1.0528624057769775,1
multiclass_table6_arousal_3class,Table-6 Arousal,recording_loo,GNN,GNN_v2,r_52.avi,results/quick_v1_v2_comparison/2026-06-03_09-24-45/model_runs/2026-06-03_13-48-09,results/quick_v1_v2_comparison/2026-06-03_09-24-45/model_runs/2026-06-03_13-48-09/multiclass_table6_arousal_3class_emotion-elicitation_2026-06-03_13-49-14,results/quick_v1_v2_comparison/2026-06-03_09-24-45/model_runs/2026-06-03_13-48-09/multiclass_table6_arousal_3class_emotion-elicitation_2026-06-03_13-49-14/recording_loo/r_52.avi/gnn_fold_diagnostics.csv,train,-0.1997770220041275,0.4081354439258575,-1.2489573955535889,0.6137338280677795,1.8626912236213684,1.036318302154541,0.038785196840763,0.9251420497894288,1.097745418548584,0.4002434909343719,0.3840416073799133,10000,-1.0,0.0,-1.0,-1.0,-1.0,0.0,-1.0,-1.0,0.6749053001403809,0.2834607362747192,0.0621106512844562,1.0,-0.169136181473732,0.0246955398470163,-1.0,0.999998927116394,10,0.9285513559977212,1
multiclass_table6_arousal_3class,Table-6 Arousal,recording_loo,GNN,GNN_v2,r_52.avi,results/quick_v1_v2_comparison/2026-06-03_09-24-45/model_runs/2026-06-03_13-48-09,results/quick_v1_v2_comparison/2026-06-03_09-24-45/model_runs/2026-06-03_13-48-09/multiclass_table6_arousal_3class_emotion-elicitation_2026-06-03_13-49-14,results/quick_v1_v2_comparison/2026-06-03_09-24-45/model_runs/2026-06-03_13-48-09/multiclass_table6_arousal_3class_emotion-elicitation_2026-06-03_13-49-14/recording_loo/r_52.avi/gnn_fold_diagnostics.csv,val,-0.1895172148942947,0.3417876064777374,-1.1398675441741943,0.5953417420387268,1.7352092862129211,1.0534210205078125,0.036549761891365,0.9373576641082764,1.09466552734375,0.4129896163940429,0.3656551837921142,179700,-1.0,0.0,-1.0,-1.0,-1.0,0.0,-1.0,-1.0,0.6756041646003723,0.2827042937278747,0.0775539502501487,1.0,-0.1688824295997619,0.0236726198345422,-1.0,0.2085096389055252,10,0.9285513559977212,1
multiclass_table6_arousal_3class,Table-6 Arousal,recording_loo,GNN,GNN_v2,r_52.avi,results/quick_v1_v2_comparison/2026-06-03_09-24-45/model_runs/2026-06-03_13-48-09,results/quick_v1_v2_comparison/2026-06-03_09-24-45/model_runs/2026-06-03_13-48-09/multiclass_table6_arousal_3class_emotion-elicitation_2026-06-03_13-49-14,results/quick_v1_v2_comparison/2026-06-03_09-24-45/model_runs/2026-06-03_13-48-09/multiclass_table6_arousal_3class_emotion-elicitation_2026-06-03_13-49-14/recording_loo/r_52.avi/gnn_fold_diagnostics.csv,test,-0.2012812793254852,0.4078344106674194,-1.2050888538360596,0.4962122142314911,1.7013010680675509,1.0373016595840454,0.0364198051393032,0.9534894227981568,1.094352126121521,0.3399631083011627,0.4417503476142883,43365,-1.0,0.0,-1.0,-1.0,-1.0,0.0,-1.0,-1.0,0.6796776056289673,0.2807725667953491,0.0749252438545227,1.0,-0.1690500676631927,0.024027232080698,-1.0,0.004238449037075,10,0.9285513559977212,1
multiclass_table6_arousal_3class,Table-6 Arousal,recording_loo,GNN,GNN_v2,r_53.avi,results/quick_v1_v2_comparison/2026-06-03_09-24-45/model_runs/2026-06-03_13-48-09,results/quick_v1_v2_comparison/2026-06-03_09-24-45/model_runs/2026-06-03_13-48-09/multiclass_table6_arousal_3class_emotion-elicitation_2026-06-03_13-49-14,results/quick_v1_v2_comparison/2026-06-03_09-24-45/model_runs/2026-06-03_13-48-09/multiclass_table6_arousal_3class_emotion-elicitation_2026-06-03_13-49-14/recording_loo/r_53.avi/gnn_fold_diagnostics.csv,train,-0.0011073445202782,0.6897951364517212,-2.248344659805298,2.041318416595459,4.289663076400757,0.9232777953147888,0.1515403091907501,0.2803575396537781,1.0984244346618652,0.4123667478561401,0.3200200796127319,10000,0.998774528503418,0.0494915135204792,-1.0,1.0,0.9986966252326964,0.0510401166975498,-1.0,1.0,0.6758915185928345,0.2810589671134949,0.1109353899955749,1.0,-0.1685746163129806,0.0298205856233835,-1.0,1.0,53,0.6282519896825155,1
multiclass_table6_arousal_3class,Table-6 Arousal,recording_loo,GNN,GNN_v2,r_53.avi,results/quick_v1_v2_comparison/2026-06-03_09-24-45/model_runs/2026-06-03_13-48-09,results/quick_v1_v2_comparison/2026-06-03_09-24-45/model_runs/2026-06-03_13-48-09/multiclass_table6_arousal_3class_emotion-elicitation_2026-06-03_13-49-14,results/quick_v1_v2_comparison/2026-06-03_09-24-45/model_runs/2026-06-03_13-48-09/multiclass_table6_arousal_3class_emotion-elicitation_2026-06-03_13-49-14/recording_loo/r_53.avi/gnn_fold_diagnostics.csv,val,-0.051246665418148,0.7545673251152039,-2.1510584354400635,2.010908842086792,4.161967277526856,0.8824324607849121,0.2043129950761795,0.2832148671150207,1.0976901054382324,0.3919910192489624,0.3341631591320038,141778,0.9990001916885376,0.0447050258517265,-1.0,1.0,0.9989238977432252,0.0463790744543075,-1.0,1.0,0.6724136471748352,0.2811235785484314,0.1109644770622253,1.0,-0.1685655117034912,0.030951390042901,-1.0,1.0,53,0.6282519896825155,1
multiclass_table6_arousal_3class,Table-6 Arousal,recording_loo,GNN,GNN_v2,r_53.avi,results/quick_v1_v2_comparison/2026-06-03_09-24-45/model_runs/2026-06-03_13-48-09,results/quick_v1_v2_comparison/2026-06-03_09-24-45/model_runs/2026-06-03_13-48-09/multiclass_table6_arousal_3class_emotion-elicitation_2026-06-03_13-49-14,results/quick_v1_v2_comparison/2026-06-03_09-24-45/model_runs/2026-06-03_13-48-09/multiclass_table6_arousal_3class_emotion-elicitation_2026-06-03_13-49-14/recording_loo/r_53.avi/gnn_fold_diagnostics.csv,test,0.0023112883791327,0.5932410955429077,-2.068199872970581,1.551811456680298,3.620011329650879,0.9706346392631532,0.09673922508955,0.5833024978637695,1.0981260538101196,0.3948406279087066,0.3498459458351135,46056,0.9973757266998292,0.0723991692066192,-1.0,1.0,0.9976342916488647,0.0687446743249893,-1.0,1.0,0.6717454791069031,0.2834347188472748,0.1249271780252456,1.0,-0.1681197434663772,0.031469851732254,-0.9999999403953552,1.0,53,0.6282519896825155,1
multiclass_table6_arousal_3class,Table-6 Arousal,recording_loo,GNN,GNN_v2,r_55.avi,results/quick_v1_v2_comparison/2026-06-03_09-24-45/model_runs/2026-06-03_13-48-09,results/quick_v1_v2_comparison/2026-06-03_09-24-45/model_runs/2026-06-03_13-48-09/multiclass_table6_arousal_3class_emotion-elicitation_2026-06-03_13-49-14,results/quick_v1_v2_comparison/2026-06-03_09-24-45/model_runs/2026-06-03_13-48-09/multiclass_table6_arousal_3class_emotion-elicitation_2026-06-03_13-49-14/recording_loo/r_55.avi/gnn_fold_diagnostics.csv,train,-0.0156655143946409,0.4011766612529754,-0.8787906169891357,0.7211998701095581,1.5999904870986938,1.0329967737197876,0.0173976775258779,0.9666728973388672,1.0915387868881226,0.3119333982467651,0.5629733204841614,10000,0.9990045428276062,0.0446083657443523,-1.0,0.9999999403953552,0.9988137483596802,0.0486937165260314,-1.0,0.9999999403953552,-0.675430178642273,0.2819731533527374,-1.0,-0.1032506749033927,0.0590961426496505,0.2082233130931854,-1.0,1.0,3,0.9495378732681274,1
multiclass_table6_arousal_3class,Table-6 Arousal,recording_loo,GNN,GNN_v2,r_55.avi,results/quick_v1_v2_comparison/2026-06-03_09-24-45/model_runs/2026-06-03_13-48-09,results/quick_v1_v2_comparison/2026-06-03_09-24-45/model_runs/2026-06-03_13-48-09/multiclass_table6_arousal_3class_emotion-elicitation_2026-06-03_13-49-14,results/quick_v1_v2_comparison/2026-06-03_09-24-45/model_runs/2026-06-03_13-48-09/multiclass_table6_arousal_3class_emotion-elicitation_2026-06-03_13-49-14/recording_loo/r_55.avi/gnn_fold_diagnostics.csv,val,-0.0094686998054385,0.3872871994972229,-0.881650447845459,0.7092856168746948,1.5909360647201538,1.035933017730713,0.0179236680269241,0.9807701110839844,1.083583116531372,0.3131440877914428,0.5556396842002869,121771,0.9978750944137572,0.0651552677154541,-1.0,0.9999999403953552,0.9976346492767334,0.06873819231987,-1.0,0.9999999403953552,-0.6762656569480896,0.2814734578132629,-1.0,-0.1210887283086776,0.0561773218214511,0.2062662094831466,-1.0,1.0,3,0.9495378732681274,1
multiclass_table6_arousal_3class,Table-6 Arousal,recording_loo,GNN,GNN_v2,r_55.avi,results/quick_v1_v2_comparison/2026-06-03_09-24-45/model_runs/2026-06-03_13-48-09,results/quick_v1_v2_comparison/2026-06-03_09-24-45/model_runs/2026-06-03_13-48-09/multiclass_table6_arousal_3class_emotion-elicitation_2026-06-03_13-49-14,results/quick_v1_v2_comparison/2026-06-03_09-24-45/model_runs/2026-06-03_13-48-09/multiclass_table6_arousal_3class_emotion-elicitation_2026-06-03_13-49-14/recording_loo/r_55.avi/gnn_fold_diagnostics.csv,test,-0.0088674137368798,0.3859910666942596,-0.7939800024032593,0.7260231375694275,1.5200031399726868,1.0365577936172483,0.0195194631814956,0.9862457513809204,1.0834938287734983,0.3286835253238678,0.5215261578559875,28920,0.9979968070983888,0.0632635951042175,-1.0,0.9999999403953552,0.9977442622184752,0.0671282485127449,-1.0,0.9999999403953552,-0.6704132556915283,0.2837852239608764,-1.0,-0.1328526884317398,0.0596503131091594,0.2090155035257339,-1.0,1.0,3,0.9495378732681274,1
multiclass_table6_arousal_3class,Table-6 Arousal,recording_loo,GNN,GNN_v2,r_58.avi,results/quick_v1_v2_comparison/2026-06-03_09-24-45/model_runs/2026-06-03_13-48-09,results/quick_v1_v2_comparison/2026-06-03_09-24-45/model_runs/2026-06-03_13-48-09/multiclass_table6_arousal_3class_emotion-elicitation_2026-06-03_13-49-14,results/quick_v1_v2_comparison/2026-06-03_09-24-45/model_runs/2026-06-03_13-48-09/multiclass_table6_arousal_3class_emotion-elicitation_2026-06-03_13-49-14/recording_loo/r_58.avi/gnn_fold_diagnostics.csv,train,0.0274068769067525,0.7661416530609131,-2.3965232372283936,2.6382553577423096,5.034778594970703,0.8806453943252563,0.1763666868209839,0.1917958855628967,1.098406195640564,0.3741383552551269,0.3829994797706604,10000,1.0,1.1253778353648158e-07,0.9999997615814208,1.0,1.0,1.1265949240168993e-07,0.9999998807907104,1.0,-0.6754006147384644,0.2812454402446747,-0.9999999403953552,-0.1105309054255485,-0.1690791994333267,0.0246254596859216,-1.0,-0.0528842806816101,71,0.996245801448822,1
multiclass_table6_arousal_3class,Table-6 Arousal,recording_loo,GNN,GNN_v2,r_58.avi,results/quick_v1_v2_comparison/2026-06-03_09-24-45/model_runs/2026-06-03_13-48-09,results/quick_v1_v2_comparison/2026-06-03_09-24-45/model_runs/2026-06-03_13-48-09/multiclass_table6_arousal_3class_emotion-elicitation_2026-06-03_13-49-14,results/quick_v1_v2_comparison/2026-06-03_09-24-45/model_runs/2026-06-03_13-48-09/multiclass_table6_arousal_3class_emotion-elicitation_2026-06-03_13-49-14/recording_loo/r_58.avi/gnn_fold_diagnostics.csv,val,0.0455716326832771,0.8949694037437439,-2.069679021835327,2.6270081996917725,4.6966872215271,0.8028799295425415,0.2293081134557724,0.1946314871311187,1.0978409051895142,0.3356006145477295,0.4603969156742096,126253,1.0,1.1228776486404969e-07,0.9999997615814208,1.0,1.0,1.1232354779622257e-07,0.9999998807907104,1.0,-0.6701046824455261,0.2827655375003814,-0.9999999403953552,-0.1106736287474632,-0.1691742688417434,0.0253879241645336,-1.0,-0.0575257837772369,71,0.996245801448822,1
multiclass_table6_arousal_3class,Table-6 Arousal,recording_loo,GNN,GNN_v2,r_58.avi,results/quick_v1_v2_comparison/2026-06-03_09-24-45/model_runs/2026-06-03_13-48-09,results/quick_v1_v2_comparison/2026-06-03_09-24-45/model_runs/2026-06-03_13-48-09/multiclass_table6_arousal_3class_emotion-elicitation_2026-06-03_13-49-14,results/quick_v1_v2_comparison/2026-06-03_09-24-45/model_runs/2026-06-03_13-48-09/multiclass_table6_arousal_3class_emotion-elicitation_2026-06-03_13-49-14/recording_loo/r_58.avi/gnn_fold_diagnostics.csv,test,0.0440395697951316,0.7132896780967712,-1.7524477243423462,1.7123572826385498,3.464805006980896,0.8910561203956604,0.1266038715839386,0.5204129219055176,1.0890506505966189,0.2339892834424972,0.5845752954483032,19306,1.0,1.123496531363344e-07,0.9999998807907104,1.0,1.0,1.125100794752143e-07,0.9999998807907104,1.0,-0.6858512759208679,0.2765915691852569,-0.9999999403953552,-0.1582165509462356,-0.1695059835910797,0.02603505179286,-1.0,-0.0750537514686584,71,0.996245801448822,1
multiclass_table6_arousal_3class,Table-6 Arousal,recording_loo,GNN,GNN_v2,r_69.avi,results/quick_v1_v2_comparison/2026-06-03_09-24-45/model_runs/2026-06-03_13-48-09,results/quick_v1_v2_comparison/2026-06-03_09-24-45/model_runs/2026-06-03_13-48-09/multiclass_table6_arousal_3class_emotion-elicitation_2026-06-03_13-49-14,results/quick_v1_v2_comparison/2026-06-03_09-24-45/model_runs/2026-06-03_13-48-09/multiclass_table6_arousal_3class_emotion-elicitation_2026-06-03_13-49-14/recording_loo/r_69.avi/gnn_fold_diagnostics.csv,train,0.0172277800738811,0.1837774217128753,-0.3672275245189667,0.5045161247253418,0.8717436492443085,1.0846487283706665,0.0083222147077322,1.045373797416687,1.0985925197601318,0.4445982873439789,0.2540736198425293,10000,1.0,0.0,1.0,1.0,1.0,0.0,1.0,1.0,0.6758461594581604,0.2814108729362488,0.1078659519553184,1.0,0.1690353751182556,0.0247780811041593,-0.999999701976776,0.9999999403953552,1,1.064601331949234,1
multiclass_table6_arousal_3class,Table-6 Arousal,recording_loo,GNN,GNN_v2,r_69.avi,results/quick_v1_v2_comparison/2026-06-03_09-24-45/model_runs/2026-06-03_13-48-09,results/quick_v1_v2_comparison/2026-06-03_09-24-45/model_runs/2026-06-03_13-48-09/multiclass_table6_arousal_3class_emotion-elicitation_2026-06-03_13-49-14,results/quick_v1_v2_comparison/2026-06-03_09-24-45/model_runs/2026-06-03_13-48-09/multiclass_table6_arousal_3class_emotion-elicitation_2026-06-03_13-49-14/recording_loo/r_69.avi/gnn_fold_diagnostics.csv,val,0.0170576497912406,0.1870221197605133,-0.3511337339878082,0.5002061128616333,0.8513398468494415,1.0849488973617554,0.0083641335368156,1.051340103149414,1.09850811958313,0.482576847076416,0.2280135750770568,109746,1.0,0.0,1.0,1.0,1.0,0.0,1.0,1.0,0.6706805229187012,0.2823785245418548,0.1096470728516578,1.0,0.1693600267171859,0.0261019859462976,-0.5248213410377502,0.9999999403953552,1,1.064601331949234,1
multiclass_table6_arousal_3class,Table-6 Arousal,recording_loo,GNN,GNN_v2,r_69.avi,results/quick_v1_v2_comparison/2026-06-03_09-24-45/model_runs/2026-06-03_13-48-09,results/quick_v1_v2_comparison/2026-06-03_09-24-45/model_runs/2026-06-03_13-48-09/multiclass_table6_arousal_3class_emotion-elicitation_2026-06-03_13-49-14,results/quick_v1_v2_comparison/2026-06-03_09-24-45/model_runs/2026-06-03_13-48-09/multiclass_table6_arousal_3class_emotion-elicitation_2026-06-03_13-49-14/recording_loo/r_69.avi/gnn_fold_diagnostics.csv,test,-0.0221757534891366,0.1780314743518829,-0.3581953644752502,0.5067736506462097,0.86496901512146,1.0878422260284424,0.0084876008331775,1.0443406105041504,1.098502516746521,0.4557737112045288,0.2954103350639343,22791,1.0,0.0,1.0,1.0,1.0,0.0,1.0,1.0,0.6731608510017395,0.2822664082050323,0.140403613448143,1.0,0.1696329563856125,0.0277537517249584,-0.383936196565628,0.9999999403953552,1,1.064601331949234,1
multiclass_table6_arousal_3class,Table-6 Arousal,recording_loo,GNN,GNN_v2,r_73.avi,results/quick_v1_v2_comparison/2026-06-03_09-24-45/model_runs/2026-06-03_13-48-09,results/quick_v1_v2_comparison/2026-06-03_09-24-45/model_runs/2026-06-03_13-48-09/multiclass_table6_arousal_3class_emotion-elicitation_2026-06-03_13-49-14,results/quick_v1_v2_comparison/2026-06-03_09-24-45/model_runs/2026-06-03_13-48-09/multiclass_table6_arousal_3class_emotion-elicitation_2026-06-03_13-49-14/recording_loo/r_73.avi/gnn_fold_diagnostics.csv,train,0.103663183748722,1.0184006690979004,-3.762962579727173,3.091970920562744,6.854933500289917,0.7985242009162903,0.210922822356224,0.1251133680343628,1.0985424518585205,0.3873254358768463,0.3431060016155243,10000,0.9990745186805724,0.0430126301944255,-1.0,0.9999999403953552,0.9990053772926332,0.0445904396474361,-1.0,0.9999999403953552,-0.6735028028488159,0.2858051657676697,-1.0,1.0,0.1691057235002517,0.024854751303792,0.0505187511444091,1.0,132,0.725500206152598,1
multiclass_table6_arousal_3class,Table-6 Arousal,recording_loo,GNN,GNN_v2,r_73.avi,results/quick_v1_v2_comparison/2026-06-03_09-24-45/model_runs/2026-06-03_13-48-09,results/quick_v1_v2_comparison/2026-06-03_09-24-45/model_runs/2026-06-03_13-48-09/multiclass_table6_arousal_3class_emotion-elicitation_2026-06-03_13-49-14,results/quick_v1_v2_comparison/2026-06-03_09-24-45/model_runs/2026-06-03_13-48-09/multiclass_table6_arousal_3class_emotion-elicitation_2026-06-03_13-49-14/recording_loo/r_73.avi/gnn_fold_diagnostics.csv,val,0.1129068881273269,1.1446771621704102,-2.880824327468872,3.024552583694458,5.90537691116333,0.718163788318634,0.2448624521493911,0.1410771608352661,1.097237467765808,0.3376992344856262,0.4321809411048889,154290,0.9997453689575196,0.0225657951086759,-1.0,0.9999999403953552,0.9995614290237428,0.0296125076711177,-1.0,0.9999999403953552,-0.674056351184845,0.2839289605617523,-1.0,1.0,0.1688207536935806,0.0231440644711256,0.0706976354122161,1.0,132,0.725500206152598,1
multiclass_table6_arousal_3class,Table-6 Arousal,recording_loo,GNN,GNN_v2,r_73.avi,results/quick_v1_v2_comparison/2026-06-03_09-24-45/model_runs/2026-06-03_13-48-09,results/quick_v1_v2_comparison/2026-06-03_09-24-45/model_runs/2026-06-03_13-48-09/multiclass_table6_arousal_3class_emotion-elicitation_2026-06-03_13-49-14,results/quick_v1_v2_comparison/2026-06-03_09-24-45/model_runs/2026-06-03_13-48-09/multiclass_table6_arousal_3class_emotion-elicitation_2026-06-03_13-49-14/recording_loo/r_73.avi/gnn_fold_diagnostics.csv,test,0.1054131761193275,0.9054161906242372,-2.309873580932617,2.3057844638824463,4.615658044815064,0.8497654795646667,0.168904647231102,0.350602924823761,1.09765362739563,0.3569845259189605,0.3797601759433746,29646,0.9992281794548036,0.0392807014286518,-1.0,0.9999999403953552,0.9989870190620422,0.0449989810585975,-1.0,0.9999999403953552,-0.6849388480186462,0.2834434509277344,-1.0,1.0,0.1697517335414886,0.0274883657693862,0.0609834492206573,1.0,132,0.725500206152598,1
multiclass_table6_arousal_3class,Table-6 Arousal,recording_loo,GNN,GNN_v2,r_79.avi,results/quick_v1_v2_comparison/2026-06-03_09-24-45/model_runs/2026-06-03_13-48-09,results/quick_v1_v2_comparison/2026-06-03_09-24-45/model_runs/2026-06-03_13-48-09/multiclass_table6_arousal_3class_emotion-elicitation_2026-06-03_13-49-14,results/quick_v1_v2_comparison/2026-06-03_09-24-45/model_runs/2026-06-03_13-48-09/multiclass_table6_arousal_3class_emotion-elicitation_2026-06-03_13-49-14/recording_loo/r_79.avi/gnn_fold_diagnostics.csv,train,-0.1237791553139686,0.7544464468955994,-3.0117650032043457,2.301729440689087,5.313494443893433,0.8996030688285828,0.1645717322826385,0.1950741708278656,1.098595380783081,0.4642130732536316,0.1924096196889877,10000,-1.0,6.031232735459469e-10,-1.0,-0.9999999403953552,-1.0,7.612076524665666e-10,-1.0,-0.9999999403953552,-0.6758331656455994,0.2816616296768188,-1.0,0.9999954700469972,0.1690739542245865,0.0262967161834239,0.0311106294393539,1.0,81,0.6052784025669098,1
multiclass_table6_arousal_3class,Table-6 Arousal,recording_loo,GNN,GNN_v2,r_79.avi,results/quick_v1_v2_comparison/2026-06-03_09-24-45/model_runs/2026-06-03_13-48-09,results/quick_v1_v2_comparison/2026-06-03_09-24-45/model_runs/2026-06-03_13-48-09/multiclass_table6_arousal_3class_emotion-elicitation_2026-06-03_13-49-14,results/quick_v1_v2_comparison/2026-06-03_09-24-45/model_runs/2026-06-03_13-48-09/multiclass_table6_arousal_3class_emotion-elicitation_2026-06-03_13-49-14/recording_loo/r_79.avi/gnn_fold_diagnostics.csv,val,-0.1554285734891891,0.9504751563072203,-2.539358139038086,2.307846784591675,4.847204923629761,0.7699970006942749,0.2446232736110687,0.1984537243843078,1.098451018333435,0.3436087369918823,0.3714914321899414,134421,-1.0,3.3186237091697985e-10,-1.0,-0.9999999403953552,-1.0,4.5442127838413166e-10,-1.0,-0.9999999403953552,-0.6696958541870117,0.2828969955444336,-1.0,-0.060751486569643,0.1692473292350769,0.0275883413851261,0.0337742641568183,1.0,81,0.6052784025669098,1
multiclass_table6_arousal_3class,Table-6 Arousal,recording_loo,GNN,GNN_v2,r_79.avi,results/quick_v1_v2_comparison/2026-06-03_09-24-45/model_runs/2026-06-03_13-48-09,results/quick_v1_v2_comparison/2026-06-03_09-24-45/model_runs/2026-06-03_13-48-09/multiclass_table6_arousal_3class_emotion-elicitation_2026-06-03_13-49-14,results/quick_v1_v2_comparison/2026-06-03_09-24-45/model_runs/2026-06-03_13-48-09/multiclass_table6_arousal_3class_emotion-elicitation_2026-06-03_13-49-14/recording_loo/r_79.avi/gnn_fold_diagnostics.csv,test,-0.0908841490745544,0.626852810382843,-1.836587190628052,1.6185027360916138,3.455089926719665,0.9477891325950624,0.1200530752539634,0.5013999938964844,1.098283290863037,0.4236961305141449,0.2186461836099624,13203,-1.0,2.9573277160466205e-10,-1.0,-0.9999999403953552,-1.0,5.12224207493972e-10,-1.0,-0.9999999403953552,-0.6780413389205933,0.2800942957401275,-1.0,-0.1329762488603592,0.1695085167884826,0.0284781232476234,0.0670671984553337,1.0,81,0.6052784025669098,1
multiclass_table6_arousal_3class,Table-6 Arousal,recording_loo,GNN,GNN_v2,r_80.avi,results/quick_v1_v2_comparison/2026-06-03_09-24-45/model_runs/2026-06-03_13-48-09,results/quick_v1_v2_comparison/2026-06-03_09-24-45/model_runs/2026-06-03_13-48-09/multiclass_table6_arousal_3class_emotion-elicitation_2026-06-03_13-49-14,results/quick_v1_v2_comparison/2026-06-03_09-24-45/model_runs/2026-06-03_13-48-09/multiclass_table6_arousal_3class_emotion-elicitation_2026-06-03_13-49-14/recording_loo/r_80.avi/gnn_fold_diagnostics.csv,train,0.0202621575444936,0.3735443949699402,-0.7881149053573608,0.8799766898155212,1.668091595172882,1.0378916263580322,0.0364328250288963,0.91157066822052,1.0949132442474363,0.3847423195838928,0.4379485249519348,10000,-0.999462902545929,0.032767254859209,-0.9999999403953552,1.0,-0.9998290538787842,0.018482593819499,-0.9999999403953552,1.0,-0.6746534705162048,0.2824428379535675,-1.0,-0.0860614702105522,0.1691397428512573,0.0243294183164834,0.1263058483600616,1.0,3,0.8835472265879313,1
multiclass_table6_arousal_3class,Table-6 Arousal,recording_loo,GNN,GNN_v2,r_80.avi,results/quick_v1_v2_comparison/2026-06-03_09-24-45/model_runs/2026-06-03_13-48-09,results/quick_v1_v2_comparison/2026-06-03_09-24-45/model_runs/2026-06-03_13-48-09/multiclass_table6_arousal_3class_emotion-elicitation_2026-06-03_13-49-14,results/quick_v1_v2_comparison/2026-06-03_09-24-45/model_runs/2026-06-03_13-48-09/multiclass_table6_arousal_3class_emotion-elicitation_2026-06-03_13-49-14/recording_loo/r_80.avi/gnn_fold_diagnostics.csv,val,0.0220820736140012,0.387398362159729,-0.7447295784950256,0.8896663188934326,1.6343958973884585,1.033987522125244,0.0398054756224155,0.917798101902008,1.0948306322097778,0.3997829258441925,0.4224254190921783,148240,-0.999885320663452,0.015137942507863,-0.9999999403953552,1.0,-0.9999927282333374,0.0037845871411263,-0.9999999403953552,0.9999995827674866,-0.6771197319030762,0.2822554409503937,-1.0,-0.1237061917781829,0.1689954251050949,0.0232940111309289,0.1307585835456848,1.0,3,0.8835472265879313,1
multiclass_table6_arousal_3class,Table-6 Arousal,recording_loo,GNN,GNN_v2,r_80.avi,results/quick_v1_v2_comparison/2026-06-03_09-24-45/model_runs/2026-06-03_13-48-09,results/quick_v1_v2_comparison/2026-06-03_09-24-45/model_runs/2026-06-03_13-48-09/multiclass_table6_arousal_3class_emotion-elicitation_2026-06-03_13-49-14,results/quick_v1_v2_comparison/2026-06-03_09-24-45/model_runs/2026-06-03_13-48-09/multiclass_table6_arousal_3class_emotion-elicitation_2026-06-03_13-49-14/recording_loo/r_80.avi/gnn_fold_diagnostics.csv,test,0.0415246449410915,0.4235960245132446,-0.7429983019828796,0.8013310432434082,1.5443293452262878,1.0203709602355957,0.0340776182711124,0.9455086588859558,1.0891355276107788,0.3136216700077057,0.5381792187690735,38781,-0.9995543360710144,0.0298508387058973,-0.9999999403953552,1.0,-0.9998918771743774,0.0146987624466419,-0.9999999403953552,0.9999997615814208,-0.6808200478553772,0.2803750038146972,-1.0,-0.1046051681041717,0.1688203662633896,0.0225169509649276,0.1349713206291198,1.0,3,0.8835472265879313,1
multiclass_table6_arousal_3class,Table-6 Arousal,recording_loo,GNN,GNN_v2,r_90.avi,results/quick_v1_v2_comparison/2026-06-03_09-24-45/model_runs/2026-06-03_13-48-09,results/quick_v1_v2_comparison/2026-06-03_09-24-45/model_runs/2026-06-03_13-48-09/multiclass_table6_arousal_3class_emotion-elicitation_2026-06-03_13-49-14,results/quick_v1_v2_comparison/2026-06-03_09-24-45/model_runs/2026-06-03_13-48-09/multiclass_table6_arousal_3class_emotion-elicitation_2026-06-03_13-49-14/recording_loo/r_90.avi/gnn_fold_diagnostics.csv,train,0.0185060836374759,0.2225856631994247,-0.5528291463851929,0.4824122786521911,1.035241425037384,1.0775234699249268,0.0107472436502575,1.0394290685653689,1.0982424020767212,0.4025868475437164,0.3678546845912933,10000,-1.0,0.0,-1.0,-1.0,-1.0,0.0,-1.0,-1.0,-0.6757001280784607,0.2811753749847412,-1.0,1.0,-0.1684330254793167,0.0306909698992967,-1.0,1.0,2,1.045269340276718,1
multiclass_table6_arousal_3class,Table-6 Arousal,recording_loo,GNN,GNN_v2,r_90.avi,results/quick_v1_v2_comparison/2026-06-03_09-24-45/model_runs/2026-06-03_13-48-09,results/quick_v1_v2_comparison/2026-06-03_09-24-45/model_runs/2026-06-03_13-48-09/multiclass_table6_arousal_3class_emotion-elicitation_2026-06-03_13-49-14,results/quick_v1_v2_comparison/2026-06-03_09-24-45/model_runs/2026-06-03_13-48-09/multiclass_table6_arousal_3class_emotion-elicitation_2026-06-03_13-49-14/recording_loo/r_90.avi/gnn_fold_diagnostics.csv,val,0.0109853502362966,0.2081955224275589,-0.5276322364807129,0.4577689170837402,0.9854011535644532,1.080044150352478,0.0102250482887029,1.0440056324005127,1.0969740152359009,0.4284992218017578,0.34268918633461,122760,-1.0,0.0,-1.0,-1.0,-1.0,0.0,-1.0,-1.0,-0.6720714569091797,0.2837961614131927,-1.0,1.0,-0.1678867638111114,0.0342463627457618,-1.0,1.0,2,1.045269340276718,1
multiclass_table6_arousal_3class,Table-6 Arousal,recording_loo,GNN,GNN_v2,r_90.avi,results/quick_v1_v2_comparison/2026-06-03_09-24-45/model_runs/2026-06-03_13-48-09,results/quick_v1_v2_comparison/2026-06-03_09-24-45/model_runs/2026-06-03_13-48-09/multiclass_table6_arousal_3class_emotion-elicitation_2026-06-03_13-49-14,results/quick_v1_v2_comparison/2026-06-03_09-24-45/model_runs/2026-06-03_13-48-09/multiclass_table6_arousal_3class_emotion-elicitation_2026-06-03_13-49-14/recording_loo/r_90.avi/gnn_fold_diagnostics.csv,test,0.0146957570686936,0.2327095866203308,-0.5927683711051941,0.4059387147426605,0.9987070858478546,1.0754790306091309,0.0116988383233547,1.0380100011825562,1.0932228565216064,0.3822793960571289,0.3841787874698639,32640,-1.0,0.0,-1.0,-1.0,-1.0,0.0,-1.0,-1.0,-0.6722562313079834,0.2829909920692444,-1.0,0.9999999403953552,-0.1682267189025879,0.0282169394195079,-1.0,1.0,2,1.045269340276718,1
multiclass_table6_arousal_3class,Table-6 Arousal,recording_loo,GNN,GNN_v2,r_cats_f.avi,results/quick_v1_v2_comparison/2026-06-03_09-24-45/model_runs/2026-06-03_13-48-09,results/quick_v1_v2_comparison/2026-06-03_09-24-45/model_runs/2026-06-03_13-48-09/multiclass_table6_arousal_3class_emotion-elicitation_2026-06-03_13-49-14,results/quick_v1_v2_comparison/2026-06-03_09-24-45/model_runs/2026-06-03_13-48-09/multiclass_table6_arousal_3class_emotion-elicitation_2026-06-03_13-49-14/recording_loo/r_cats_f.avi/gnn_fold_diagnostics.csv,train,0.0661284625530242,0.2584210038185119,-0.5777141451835632,0.8686614036560059,1.446375548839569,1.0637454986572266,0.0410162806510925,0.909671664237976,1.0986077785491943,0.4081323444843292,0.3558764159679413,10000,0.9999882578849792,0.0048423158004879,-1.0,1.0,1.0,1.8341825280820958e-10,0.9999998807907104,1.0,0.6748033165931702,0.2823292315006256,-1.0,0.9999999403953552,-0.169109895825386,0.0240453276783227,-1.0,0.0118913296610116,1,1.207448959350586,1
multiclass_table6_arousal_3class,Table-6 Arousal,recording_loo,GNN,GNN_v2,r_cats_f.avi,results/quick_v1_v2_comparison/2026-06-03_09-24-45/model_runs/2026-06-03_13-48-09,results/quick_v1_v2_comparison/2026-06-03_09-24-45/model_runs/2026-06-03_13-48-09/multiclass_table6_arousal_3class_emotion-elicitation_2026-06-03_13-49-14,results/quick_v1_v2_comparison/2026-06-03_09-24-45/model_runs/2026-06-03_13-48-09/multiclass_table6_arousal_3class_emotion-elicitation_2026-06-03_13-49-14/recording_loo/r_cats_f.avi/gnn_fold_diagnostics.csv,val,0.0610811188817024,0.3289584219455719,-0.5087371468544006,0.8594881296157837,1.3682252764701843,1.0410151481628418,0.0520433075726032,0.918630838394165,1.098503589630127,0.4112960994243622,0.3844494223594665,67528,0.999909281730652,0.0134704429656267,-1.0,1.0,1.0,2.0073000206455302e-10,0.9999999403953552,1.0,0.6751420497894287,0.2819761335849762,-0.9999998807907104,0.9999999403953552,-0.1695696115493774,0.0266316886991262,-0.9999999403953552,-0.1376620680093765,1,1.207448959350586,1
multiclass_table6_arousal_3class,Table-6 Arousal,recording_loo,GNN,GNN_v2,r_cats_f.avi,results/quick_v1_v2_comparison/2026-06-03_09-24-45/model_runs/2026-06-03_13-48-09,results/quick_v1_v2_comparison/2026-06-03_09-24-45/model_runs/2026-06-03_13-48-09/multiclass_table6_arousal_3class_emotion-elicitation_2026-06-03_13-49-14,results/quick_v1_v2_comparison/2026-06-03_09-24-45/model_runs/2026-06-03_13-48-09/multiclass_table6_arousal_3class_emotion-elicitation_2026-06-03_13-49-14/recording_loo/r_cats_f.avi/gnn_fold_diagnostics.csv,test,0.0682939067482948,0.2294261455535888,-0.4573790431022644,0.8114930987358093,1.2688721418380735,1.0717277526855469,0.0319204330444335,0.9438570737838744,1.098599553108215,0.3324008882045746,0.4476841390132904,42486,0.9999737739562988,0.0072408174164593,-0.9999999403953552,1.0,1.0,1.5258982966059875e-10,0.9999999403953552,1.0,0.6797597408294678,0.2798756659030914,-0.9999999403953552,0.9999999403953552,-0.1685137450695037,0.0210457164794206,-0.9999999403953552,-0.134448230266571,1,1.207448959350586,1
multiclass_table6_arousal_3class,Table-6 Arousal,recording_loo,GNN,GNN_v2,r_dallas_f.avi,results/quick_v1_v2_comparison/2026-06-03_09-24-45/model_runs/2026-06-03_13-48-09,results/quick_v1_v2_comparison/2026-06-03_09-24-45/model_runs/2026-06-03_13-48-09/multiclass_table6_arousal_3class_emotion-elicitation_2026-06-03_13-49-14,results/quick_v1_v2_comparison/2026-06-03_09-24-45/model_runs/2026-06-03_13-48-09/multiclass_table6_arousal_3class_emotion-elicitation_2026-06-03_13-49-14/recording_loo/r_dallas_f.avi/gnn_fold_diagnostics.csv,train,0.0712773129343986,0.098064012825489,-0.3234606087207794,0.4739603400230407,0.7974209487438202,1.095646619796753,0.0032822010107338,1.0687166452407837,1.098611831665039,0.3689372539520263,0.347507506608963,10000,1.0,0.0,1.0,1.0,1.0,0.0,1.0,1.0,-0.6752946972846985,0.2812585234642029,-1.0,-0.1101965457201004,-0.1690616756677627,0.0239579640328884,-1.0,-0.1429340094327926,1,1.127558171749115,1
multiclass_table6_arousal_3class,Table-6 Arousal,recording_loo,GNN,GNN_v2,r_dallas_f.avi,results/quick_v1_v2_comparison/2026-06-03_09-24-45/model_runs/2026-06-03_13-48-09,results/quick_v1_v2_comparison/2026-06-03_09-24-45/model_runs/2026-06-03_13-48-09/multiclass_table6_arousal_3class_emotion-elicitation_2026-06-03_13-49-14,results/quick_v1_v2_comparison/2026-06-03_09-24-45/model_runs/2026-06-03_13-48-09/multiclass_table6_arousal_3class_emotion-elicitation_2026-06-03_13-49-14/recording_loo/r_dallas_f.avi/gnn_fold_diagnostics.csv,val,0.0746641084551811,0.0944563671946525,-0.2320044189691543,0.4961214065551758,0.7281258255243301,1.0959694385528564,0.0031891281250864,1.0760914087295532,1.09861159324646,0.3754835426807403,0.3367577791213989,117370,1.0,0.0,1.0,1.0,1.0,0.0,1.0,1.0,-0.6785406470298767,0.280592679977417,-1.0,-0.1416707634925842,-0.169453427195549,0.0259349923580884,-1.0,-0.1451729089021682,1,1.127558171749115,1
multiclass_table6_arousal_3class,Table-6 Arousal,recording_loo,GNN,GNN_v2,r_dallas_f.avi,results/quick_v1_v2_comparison/2026-06-03_09-24-45/model_runs/2026-06-03_13-48-09,results/quick_v1_v2_comparison/2026-06-03_09-24-45/model_runs/2026-06-03_13-48-09/multiclass_table6_arousal_3class_emotion-elicitation_2026-06-03_13-49-14,results/quick_v1_v2_comparison/2026-06-03_09-24-45/model_runs/2026-06-03_13-48-09/multiclass_table6_arousal_3class_emotion-elicitation_2026-06-03_13-49-14/recording_loo/r_dallas_f.avi/gnn_fold_diagnostics.csv,test,0.0812282562255859,0.0990896448493003,-0.2256700843572616,0.4134036302566528,0.6390737146139145,1.0952963829040527,0.0040260185487568,1.0725388526916504,1.0986011028289795,0.2829822301864624,0.4554941654205322,34716,1.0,0.0,1.0,1.0,1.0,0.0,1.0,1.0,-0.6690089702606201,0.281978040933609,-1.0,-0.110778696835041,-0.1691855937242508,0.024243539199233,-1.0,-0.1433586925268173,1,1.127558171749115,1
multiclass_table6_arousal_3class,Table-6 Arousal,recording_loo,GNN,GNN_v2,r_detroit_f.avi,results/quick_v1_v2_comparison/2026-06-03_09-24-45/model_runs/2026-06-03_13-48-09,results/quick_v1_v2_comparison/2026-06-03_09-24-45/model_runs/2026-06-03_13-48-09/multiclass_table6_arousal_3class_emotion-elicitation_2026-06-03_13-49-14,results/quick_v1_v2_comparison/2026-06-03_09-24-45/model_runs/2026-06-03_13-48-09/multiclass_table6_arousal_3class_emotion-elicitation_2026-06-03_13-49-14/recording_loo/r_detroit_f.avi/gnn_fold_diagnostics.csv,train,-0.0389260128140449,0.5803085565567017,-1.874328851699829,2.0045669078826904,3.87889575958252,0.962621569633484,0.1140174716711044,0.4117476344108581,1.0982674360275269,0.4187424182891845,0.3089138269424438,10000,1.0,1.6699135130249232e-10,0.9999999403953552,1.0,1.0,4.0501352271959945e-11,0.9999999403953552,1.0,0.6746569871902466,0.2830248177051544,-1.0,1.0,-0.1690930426120758,0.0241139288991689,-1.0,0.9999999403953552,34,0.8412628769874573,1
multiclass_table6_arousal_3class,Table-6 Arousal,recording_loo,GNN,GNN_v2,r_detroit_f.avi,results/quick_v1_v2_comparison/2026-06-03_09-24-45/model_runs/2026-06-03_13-48-09,results/quick_v1_v2_comparison/2026-06-03_09-24-45/model_runs/2026-06-03_13-48-09/multiclass_table6_arousal_3class_emotion-elicitation_2026-06-03_13-49-14,results/quick_v1_v2_comparison/2026-06-03_09-24-45/model_runs/2026-06-03_13-48-09/multiclass_table6_arousal_3class_emotion-elicitation_2026-06-03_13-49-14/recording_loo/r_detroit_f.avi/gnn_fold_diagnostics.csv,val,-0.0608504712581634,0.6047563552856445,-1.881463646888733,1.4238312244415283,3.305294871330261,0.9592981934547424,0.1009427905082702,0.6195943355560303,1.0958056449890137,0.4029573798179626,0.3504552841186523,121278,1.0,1.1936025778869208e-10,0.9999999403953552,1.0,1.0,0.0,1.0,1.0,0.6772128343582153,0.2818037569522857,-1.0,1.0,-0.1691560000181198,0.024530567228794,-1.0,-0.0572416596114635,34,0.8412628769874573,1
multiclass_table6_arousal_3class,Table-6 Arousal,recording_loo,GNN,GNN_v2,r_detroit_f.avi,results/quick_v1_v2_comparison/2026-06-03_09-24-45/model_runs/2026-06-03_13-48-09,results/quick_v1_v2_comparison/2026-06-03_09-24-45/model_runs/2026-06-03_13-48-09/multiclass_table6_arousal_3class_emotion-elicitation_2026-06-03_13-49-14,results/quick_v1_v2_comparison/2026-06-03_09-24-45/model_runs/2026-06-03_13-48-09/multiclass_table6_arousal_3class_emotion-elicitation_2026-06-03_13-49-14/recording_loo/r_detroit_f.avi/gnn_fold_diagnostics.csv,test,-0.0122113823890686,0.7088866829872131,-1.5405410528182983,1.9203927516937256,3.460933804512024,0.8819342851638794,0.1505480259656906,0.4628904461860657,1.0874232053756714,0.3133814632892608,0.4867684841156006,34191,1.0,2.847966029673188e-10,0.9999999403953552,1.0,1.0,0.0,1.0,1.0,0.6691464781761169,0.2843483090400696,-1.0,1.0,-0.1692041009664535,0.024270812049508,-1.0,-0.0585680045187473,34,0.8412628769874573,1
multiclass_table6_arousal_3class,Table-6 Arousal,recording_loo,GNN,GNN_v2,r_earworm_f.avi,results/quick_v1_v2_comparison/2026-06-03_09-24-45/model_runs/2026-06-03_13-48-09,results/quick_v1_v2_comparison/2026-06-03_09-24-45/model_runs/2026-06-03_13-48-09/multiclass_table6_arousal_3class_emotion-elicitation_2026-06-03_13-49-14,results/quick_v1_v2_comparison/2026-06-03_09-24-45/model_runs/2026-06-03_13-48-09/multiclass_table6_arousal_3class_emotion-elicitation_2026-06-03_13-49-14/recording_loo/r_earworm_f.avi/gnn_fold_diagnostics.csv,train,-0.137882575392723,0.402779221534729,-1.1188429594039917,0.8074787855148315,1.9263217449188232,1.0368525981903076,0.0271347369998693,0.974698841571808,1.0892701148986816,0.3617803156375885,0.4316391944885254,10000,1.0,0.0,1.0,1.0,1.0,0.0,1.0,1.0,-0.6750314831733704,0.2813824713230133,-1.0,-0.1107424721121788,0.1691231429576873,0.0243007168173789,0.0687507092952728,1.0,5,0.9288293719291688,1
multiclass_table6_arousal_3class,Table-6 Arousal,recording_loo,GNN,GNN_v2,r_earworm_f.avi,results/quick_v1_v2_comparison/2026-06-03_09-24-45/model_runs/2026-06-03_13-48-09,results/quick_v1_v2_comparison/2026-06-03_09-24-45/model_runs/2026-06-03_13-48-09/multiclass_table6_arousal_3class_emotion-elicitation_2026-06-03_13-49-14,results/quick_v1_v2_comparison/2026-06-03_09-24-45/model_runs/2026-06-03_13-48-09/multiclass_table6_arousal_3class_emotion-elicitation_2026-06-03_13-49-14/recording_loo/r_earworm_f.avi/gnn_fold_diagnostics.csv,val,-0.1381620913743972,0.3938942551612854,-1.08771812915802,0.7141156792640686,1.8018338084220888,1.0382838249206543,0.0255700871348381,0.974166214466095,1.083648443222046,0.3382850885391235,0.4619844555854797,195625,1.0,0.0,1.0,1.0,1.0,0.0,1.0,1.0,-0.6774218678474426,0.2801511585712433,-1.0,-0.1247414052486419,0.1688658744096756,0.0228000245988369,0.0835576206445694,1.0,5,0.9288293719291688,1
multiclass_table6_arousal_3class,Table-6 Arousal,recording_loo,GNN,GNN_v2,r_earworm_f.avi,results/quick_v1_v2_comparison/2026-06-03_09-24-45/model_runs/2026-06-03_13-48-09,results/quick_v1_v2_comparison/2026-06-03_09-24-45/model_runs/2026-06-03_13-48-09/multiclass_table6_arousal_3class_emotion-elicitation_2026-06-03_13-49-14,results/quick_v1_v2_comparison/2026-06-03_09-24-45/model_runs/2026-06-03_13-48-09/multiclass_table6_arousal_3class_emotion-elicitation_2026-06-03_13-49-14/recording_loo/r_earworm_f.avi/gnn_fold_diagnostics.csv,test,-0.1334853023290634,0.4090118408203125,-1.0680465698242188,0.7537657618522644,1.8218123316764832,1.0354151725769043,0.0254441536962986,0.9793316125869752,1.0805222988128662,0.3559460937976837,0.4545692801475525,18336,1.0,0.0,1.0,1.0,1.0,0.0,1.0,1.0,-0.6733143925666809,0.2824644148349762,-1.0,-0.1378645151853561,0.169557586312294,0.0264222808182239,0.0778855085372924,1.0,5,0.9288293719291688,1
multiclass_table6_arousal_3class,Table-6 Arousal,recording_loo,GNN,GNN_v2,r_funny_f.avi,results/quick_v1_v2_comparison/2026-06-03_09-24-45/model_runs/2026-06-03_13-48-09,results/quick_v1_v2_comparison/2026-06-03_09-24-45/model_runs/2026-06-03_13-48-09/multiclass_table6_arousal_3class_emotion-elicitation_2026-06-03_13-49-14,results/quick_v1_v2_comparison/2026-06-03_09-24-45/model_runs/2026-06-03_13-48-09/multiclass_table6_arousal_3class_emotion-elicitation_2026-06-03_13-49-14/recording_loo/r_funny_f.avi/gnn_fold_diagnostics.csv,train,0.1133027225732803,0.711897611618042,-2.4694502353668213,2.4704744815826416,4.939924716949463,0.9165843725204468,0.1580745428800583,0.2472578883171081,1.098500370979309,0.4222849011421203,0.296475887298584,10000,0.9967185258865356,0.080945611000061,-1.0,1.0,0.9982641339302064,0.0588962398469448,-1.0,1.0,0.6741763353347778,0.2837494909763336,-1.0,1.0,-0.1686801463365554,0.0343969948589801,-0.9999999403953552,0.9999999403953552,58,0.944143533706665,1
multiclass_table6_arousal_3class,Table-6 Arousal,recording_loo,GNN,GNN_v2,r_funny_f.avi,results/quick_v1_v2_comparison/2026-06-03_09-24-45/model_runs/2026-06-03_13-48-09,results/quick_v1_v2_comparison/2026-06-03_09-24-45/model_runs/2026-06-03_13-48-09/multiclass_table6_arousal_3class_emotion-elicitation_2026-06-03_13-49-14,results/quick_v1_v2_comparison/2026-06-03_09-24-45/model_runs/2026-06-03_13-48-09/multiclass_table6_arousal_3class_emotion-elicitation_2026-06-03_13-49-14/recording_loo/r_funny_f.avi/gnn_fold_diagnostics.csv,val,0.1240201219916343,0.6405417323112488,-2.02493667602539,1.9813650846481323,4.006301760673523,0.9539841413497924,0.0999369099736213,0.5102704763412476,1.09806489944458,0.4149178266525268,0.2978370189666748,127765,0.9975339770317078,0.0701853185892105,-1.0,1.0,0.9991018176078796,0.0423737429082393,-1.0,1.0,0.6764452457427979,0.2822624444961548,-1.0,1.0,-0.1686688512563705,0.032285064458847,-0.9999999403953552,0.9999998211860656,58,0.944143533706665,1
multiclass_table6_arousal_3class,Table-6 Arousal,recording_loo,GNN,GNN_v2,r_funny_f.avi,results/quick_v1_v2_comparison/2026-06-03_09-24-45/model_runs/2026-06-03_13-48-09,results/quick_v1_v2_comparison/2026-06-03_09-24-45/model_runs/2026-06-03_13-48-09/multiclass_table6_arousal_3class_emotion-elicitation_2026-06-03_13-49-14,results/quick_v1_v2_comparison/2026-06-03_09-24-45/model_runs/2026-06-03_13-48-09/multiclass_table6_arousal_3class_emotion-elicitation_2026-06-03_13-49-14/recording_loo/r_funny_f.avi/gnn_fold_diagnostics.csv,test,0.1883872300386428,0.6712462306022644,-2.140281438827514,2.0006327629089355,4.14091420173645,0.9226858019828796,0.1278819143772125,0.4924073815345764,1.0985724925994873,0.3868482112884521,0.3614549338817596,34980,0.9984662532806396,0.0553634241223335,-1.0,1.0,0.9991463422775269,0.041311390697956,-1.0,1.0,0.6740063428878784,0.2837243676185608,-1.0,1.0,-0.1682096123695373,0.031582836061716,-0.9999999403953552,0.9999999403953552,58,0.944143533706665,1
multiclass_table6_arousal_3class,Table-6 Arousal,recording_loo,GNN,GNN_v2,r_newyork_f.avi,results/quick_v1_v2_comparison/2026-06-03_09-24-45/model_runs/2026-06-03_13-48-09,results/quick_v1_v2_comparison/2026-06-03_09-24-45/model_runs/2026-06-03_13-48-09/multiclass_table6_arousal_3class_emotion-elicitation_2026-06-03_13-49-14,results/quick_v1_v2_comparison/2026-06-03_09-24-45/model_runs/2026-06-03_13-48-09/multiclass_table6_arousal_3class_emotion-elicitation_2026-06-03_13-49-14/recording_loo/r_newyork_f.avi/gnn_fold_diagnostics.csv,train,-0.0158776380121707,0.2392914891242981,-0.6705410480499268,0.5448582172393799,1.2153992652893066,1.0745770931243896,0.0109552713111042,1.046628475189209,1.098354697227478,0.4141957759857178,0.39643394947052,10000,-0.9999998807907104,1.7099546667509458e-08,-1.0,-0.9999998211860656,-1.0,1.1194417481874552e-07,-1.0,-0.9999998807907104,0.6753578782081604,0.2812306880950928,0.1105782911181449,1.0,0.169073224067688,0.0304536521434783,0.0158798228949308,1.0,1,1.1005128622055054,1
multiclass_table6_arousal_3class,Table-6 Arousal,recording_loo,GNN,GNN_v2,r_newyork_f.avi,results/quick_v1_v2_comparison/2026-06-03_09-24-45/model_runs/2026-06-03_13-48-09,results/quick_v1_v2_comparison/2026-06-03_09-24-45/model_runs/2026-06-03_13-48-09/multiclass_table6_arousal_3class_emotion-elicitation_2026-06-03_13-49-14,results/quick_v1_v2_comparison/2026-06-03_09-24-45/model_runs/2026-06-03_13-48-09/multiclass_table6_arousal_3class_emotion-elicitation_2026-06-03_13-49-14/recording_loo/r_newyork_f.avi/gnn_fold_diagnostics.csv,val,-0.0357854031026363,0.2480973154306411,-0.6307061314582825,0.4834080636501312,1.1141141951084137,1.0734264850616455,0.0116352457553148,1.049959421157837,1.0978373289108276,0.3843032419681549,0.428754061460495,95703,-1.0,1.1536890553998093e-07,-1.0,-0.9999998807907104,-0.9999999403953552,5.458798568724888e-08,-1.0,-0.9999998807907104,0.6773684024810791,0.2802568674087524,0.1422153413295745,1.0,0.1693083941936493,0.0317752622067928,0.0167531948536634,1.0,1,1.1005128622055054,1
multiclass_table6_arousal_3class,Table-6 Arousal,recording_loo,GNN,GNN_v2,r_newyork_f.avi,results/quick_v1_v2_comparison/2026-06-03_09-24-45/model_runs/2026-06-03_13-48-09,results/quick_v1_v2_comparison/2026-06-03_09-24-45/model_runs/2026-06-03_13-48-09/multiclass_table6_arousal_3class_emotion-elicitation_2026-06-03_13-49-14,results/quick_v1_v2_comparison/2026-06-03_09-24-45/model_runs/2026-06-03_13-48-09/multiclass_table6_arousal_3class_emotion-elicitation_2026-06-03_13-49-14/recording_loo/r_newyork_f.avi/gnn_fold_diagnostics.csv,test,-0.0236456748098135,0.25279301404953,-0.6153408885002136,0.4871290922164917,1.102469980716705,1.071903109550476,0.0100230891257524,1.047942280769348,1.0972833633422852,0.2724831402301788,0.5888449549674988,32385,-1.0,1.1480181427714343e-07,-1.0,-0.9999998807907104,-0.9999999403953552,5.456343643572836e-08,-1.0,-0.9999998807907104,0.6703964471817017,0.2827068567276001,0.1228971406817436,1.0,0.1693103164434433,0.0363046824932098,0.0180264376103878,1.0,1,1.1005128622055054,1
multiclass_table6_valence_3class,Table-6 Valence,subject_loo,GNN,GNN_v2,s_P1,results/quick_v1_v2_comparison/2026-06-03_09-24-45/model_runs/2026-06-03_13-48-09,results/quick_v1_v2_comparison/2026-06-03_09-24-45/model_runs/2026-06-03_13-48-09/multiclass_table6_valence_3class_emotion-elicitation_2026-06-03_15-04-16,results/quick_v1_v2_comparison/2026-06-03_09-24-45/model_runs/2026-06-03_13-48-09/multiclass_table6_valence_3class_emotion-elicitation_2026-06-03_15-04-16/subject_loo/s_P1/gnn_fold_diagnostics.csv,train,0.0870165079832077,0.7861892580986023,-1.8896335363388064,3.025730848312378,4.915364384651184,0.8681961894035339,0.1987127065658569,0.1556380689144134,1.0985673666000366,0.4202672243118286,0.3015204966068268,10000,-1.0,7.51887938577056e-08,-1.0,-0.9999998807907104,-1.0,6.161142351857053e-08,-1.0,-0.9999998807907104,0.6730765700340271,0.285153865814209,-1.0,1.0,-0.1691069453954696,0.0242706630378961,-1.0,-0.0983672142028808,49,1.0248937010765076,1
multiclass_table6_valence_3class,Table-6 Valence,subject_loo,GNN,GNN_v2,s_P1,results/quick_v1_v2_comparison/2026-06-03_09-24-45/model_runs/2026-06-03_13-48-09,results/quick_v1_v2_comparison/2026-06-03_09-24-45/model_runs/2026-06-03_13-48-09/multiclass_table6_valence_3class_emotion-elicitation_2026-06-03_15-04-16,results/quick_v1_v2_comparison/2026-06-03_09-24-45/model_runs/2026-06-03_13-48-09/multiclass_table6_valence_3class_emotion-elicitation_2026-06-03_15-04-16/subject_loo/s_P1/gnn_fold_diagnostics.csv,val,0.0584411956369876,0.8747957944869995,-1.6330209970474243,2.821566343307495,4.454587340354919,0.8256765007972717,0.1986058950424194,0.1936902999877929,1.09804368019104,0.4102848768234253,0.3218152225017547,114960,-0.9999999403953552,2.6741991732137652e-08,-1.0,-0.9999998807907104,-1.0,6.184536260889217e-08,-1.0,-0.9999998807907104,0.6771498322486877,0.2811671793460846,-1.0,1.0,-0.1689480245113372,0.0233171749860048,-1.0,-0.1011149361729621,49,1.0248937010765076,1
multiclass_table6_valence_3class,Table-6 Valence,subject_loo,GNN,GNN_v2,s_P1,results/quick_v1_v2_comparison/2026-06-03_09-24-45/model_runs/2026-06-03_13-48-09,results/quick_v1_v2_comparison/2026-06-03_09-24-45/model_runs/2026-06-03_13-48-09/multiclass_table6_valence_3class_emotion-elicitation_2026-06-03_15-04-16,results/quick_v1_v2_comparison/2026-06-03_09-24-45/model_runs/2026-06-03_13-48-09/multiclass_table6_valence_3class_emotion-elicitation_2026-06-03_15-04-16/subject_loo/s_P1/gnn_fold_diagnostics.csv,test,0.2027169615030288,0.7042219638824463,-1.3140558004379272,2.928332090377808,4.242387890815735,0.9138287305831908,0.2084746807813644,0.1773631572723388,1.098302125930786,0.2294640392065048,0.6737196445465088,28680,-0.9999999403953552,2.6480650561211405e-08,-0.9999999403953552,-0.9999998807907104,-1.0,6.17099686905931e-08,-1.0,-0.9999998807907104,0.6846277713775635,0.2781483829021454,-1.0,1.0,-0.1693861782550811,0.0255486089736223,-1.0,-0.1082742512226104,49,1.0248937010765076,1
multiclass_table6_valence_3class,Table-6 Valence,subject_loo,GNN,GNN_v2,s_P10,results/quick_v1_v2_comparison/2026-06-03_09-24-45/model_runs/2026-06-03_13-48-09,results/quick_v1_v2_comparison/2026-06-03_09-24-45/model_runs/2026-06-03_13-48-09/multiclass_table6_valence_3class_emotion-elicitation_2026-06-03_15-04-16,results/quick_v1_v2_comparison/2026-06-03_09-24-45/model_runs/2026-06-03_13-48-09/multiclass_table6_valence_3class_emotion-elicitation_2026-06-03_15-04-16/subject_loo/s_P10/gnn_fold_diagnostics.csv,train,-0.1548916548490524,0.7354679703712463,-2.109732389450073,2.665226697921753,4.774959087371826,0.8950541615486145,0.1670612543821334,0.2485075443983078,1.098493576049805,0.4189808964729309,0.333096444606781,10000,-1.0,0.0,-1.0,-1.0,-1.0,0.0,-1.0,-1.0,0.6764256954193115,0.2808378636837005,-1.0,1.0,-0.1690097898244857,0.0259733125567436,-1.0,0.9999999403953552,49,0.9262803792953492,1
multiclass_table6_valence_3class,Table-6 Valence,subject_loo,GNN,GNN_v2,s_P10,results/quick_v1_v2_comparison/2026-06-03_09-24-45/model_runs/2026-06-03_13-48-09,results/quick_v1_v2_comparison/2026-06-03_09-24-45/model_runs/2026-06-03_13-48-09/multiclass_table6_valence_3class_emotion-elicitation_2026-06-03_15-04-16,results/quick_v1_v2_comparison/2026-06-03_09-24-45/model_runs/2026-06-03_13-48-09/multiclass_table6_valence_3class_emotion-elicitation_2026-06-03_15-04-16/subject_loo/s_P10/gnn_fold_diagnostics.csv,val,-0.0999265164136886,0.6907306909561157,-1.92383086681366,2.640105962753296,4.563936829566956,0.9144752621650696,0.1789165139198303,0.2604667246341705,1.098451018333435,0.4121935963630676,0.3445498645305633,97461,-1.0,0.0,-1.0,-1.0,-1.0,0.0,-1.0,-1.0,0.6653198599815369,0.286572128534317,-0.9999998807907104,1.0,-0.1696031838655471,0.0290646851062774,-1.0,0.9999994039535522,49,0.9262803792953492,1
multiclass_table6_valence_3class,Table-6 Valence,subject_loo,GNN,GNN_v2,s_P10,results/quick_v1_v2_comparison/2026-06-03_09-24-45/model_runs/2026-06-03_13-48-09,results/quick_v1_v2_comparison/2026-06-03_09-24-45/model_runs/2026-06-03_13-48-09/multiclass_table6_valence_3class_emotion-elicitation_2026-06-03_15-04-16,results/quick_v1_v2_comparison/2026-06-03_09-24-45/model_runs/2026-06-03_13-48-09/multiclass_table6_valence_3class_emotion-elicitation_2026-06-03_15-04-16/subject_loo/s_P10/gnn_fold_diagnostics.csv,test,-0.2657523155212402,0.8825803399085999,-1.8817671537399288,2.4474904537200928,4.329257607460022,0.8101099133491516,0.1735881865024566,0.2934535443782806,1.0968979597091677,0.3418579697608948,0.4699700474739074,26106,-1.0,0.0,-1.0,-1.0,-1.0,0.0,-1.0,-1.0,0.6710630059242249,0.2826978266239166,0.1411022543907165,1.0,-0.1688324511051178,0.0242956150323152,-1.0,0.5566155314445496,49,0.9262803792953492,1
multiclass_table6_valence_3class,Table-6 Valence,subject_loo,GNN,GNN_v2,s_P13,results/quick_v1_v2_comparison/2026-06-03_09-24-45/model_runs/2026-06-03_13-48-09,results/quick_v1_v2_comparison/2026-06-03_09-24-45/model_runs/2026-06-03_13-48-09/multiclass_table6_valence_3class_emotion-elicitation_2026-06-03_15-04-16,results/quick_v1_v2_comparison/2026-06-03_09-24-45/model_runs/2026-06-03_13-48-09/multiclass_table6_valence_3class_emotion-elicitation_2026-06-03_15-04-16/subject_loo/s_P13/gnn_fold_diagnostics.csv,train,-0.0091893654316663,0.6715074181556702,-1.7361770868301392,2.2704098224639893,4.006586909294128,0.9114400744438172,0.158634677529335,0.2700693607330322,1.0985466241836548,0.4887906908988952,0.2569762766361236,10000,-0.999998152256012,0.0019075787859037,-1.0,0.9999997615814208,-0.9999344944953918,0.0114452913403511,-1.0,1.0,0.6757153272628784,0.2809673547744751,0.1099817752838134,1.0,-0.1648295223712921,0.0503993742167949,-0.9999998807907104,1.0,30,0.9492782950401306,1
multiclass_table6_valence_3class,Table-6 Valence,subject_loo,GNN,GNN_v2,s_P13,results/quick_v1_v2_comparison/2026-06-03_09-24-45/model_runs/2026-06-03_13-48-09,results/quick_v1_v2_comparison/2026-06-03_09-24-45/model_runs/2026-06-03_13-48-09/multiclass_table6_valence_3class_emotion-elicitation_2026-06-03_15-04-16,results/quick_v1_v2_comparison/2026-06-03_09-24-45/model_runs/2026-06-03_13-48-09/multiclass_table6_valence_3class_emotion-elicitation_2026-06-03_15-04-16/subject_loo/s_P13/gnn_fold_diagnostics.csv,val,-0.0169252604246139,0.6705971360206604,-1.6059991121292114,2.1196951866149902,3.7256942987442017,0.9103002548217772,0.1591978371143341,0.3269407749176025,1.0983651876449585,0.3572548627853393,0.4576098620891571,102831,-1.0,0.0,-1.0,-1.0,-0.9999748468399048,0.0070906234905123,-1.0,1.0,0.6642158031463623,0.2863032519817352,0.1239154860377311,1.0,-0.1652182191610336,0.0451665520668029,-0.9999998807907104,1.0,30,0.9492782950401306,1
multiclass_table6_valence_3class,Table-6 Valence,subject_loo,GNN,GNN_v2,s_P13,results/quick_v1_v2_comparison/2026-06-03_09-24-45/model_runs/2026-06-03_13-48-09,results/quick_v1_v2_comparison/2026-06-03_09-24-45/model_runs/2026-06-03_13-48-09/multiclass_table6_valence_3class_emotion-elicitation_2026-06-03_15-04-16,results/quick_v1_v2_comparison/2026-06-03_09-24-45/model_runs/2026-06-03_13-48-09/multiclass_table6_valence_3class_emotion-elicitation_2026-06-03_15-04-16/subject_loo/s_P13/gnn_fold_diagnostics.csv,test,-0.0180566757917404,0.6995006799697876,-1.7317074537277222,2.1643929481506348,3.896100401878357,0.8938246965408325,0.1889502555131912,0.318273663520813,1.0985007286071775,0.3591040670871734,0.428760826587677,27730,-1.0,1.8018879444081648e-10,-1.0,-0.9999999403953552,-0.9999451637268066,0.0104720648378133,-1.0,1.0,0.6914210915565491,0.2741375863552093,0.1246442273259162,1.0,-0.1662250757217407,0.0496966429054737,-0.9999998211860656,0.9999999403953552,30,0.9492782950401306,1
multiclass_table6_valence_3class,Table-6 Valence,subject_loo,GNN,GNN_v2,s_P14,results/quick_v1_v2_comparison/2026-06-03_09-24-45/model_runs/2026-06-03_13-48-09,results/quick_v1_v2_comparison/2026-06-03_09-24-45/model_runs/2026-06-03_13-48-09/multiclass_table6_valence_3class_emotion-elicitation_2026-06-03_15-04-16,results/quick_v1_v2_comparison/2026-06-03_09-24-45/model_runs/2026-06-03_13-48-09/multiclass_table6_valence_3class_emotion-elicitation_2026-06-03_15-04-16/subject_loo/s_P14/gnn_fold_diagnostics.csv,train,0.078558050096035,0.7797043919563293,-1.813892126083374,3.1416115760803223,4.955503702163696,0.8688957095146179,0.1991477459669113,0.1295840293169021,1.0985583066940308,0.4477196931838989,0.2454795837402343,10000,-1.0,0.0,-1.0,-1.0,-1.0,0.0,-1.0,-1.0,-0.6749687790870667,0.2814566791057586,-1.0,-0.1005938202142715,0.1690621078014373,0.0244215205311775,-0.6632457971572876,1.0,63,0.9877889752388,1
multiclass_table6_valence_3class,Table-6 Valence,subject_loo,GNN,GNN_v2,s_P14,results/quick_v1_v2_comparison/2026-06-03_09-24-45/model_runs/2026-06-03_13-48-09,results/quick_v1_v2_comparison/2026-06-03_09-24-45/model_runs/2026-06-03_13-48-09/multiclass_table6_valence_3class_emotion-elicitation_2026-06-03_15-04-16,results/quick_v1_v2_comparison/2026-06-03_09-24-45/model_runs/2026-06-03_13-48-09/multiclass_table6_valence_3class_emotion-elicitation_2026-06-03_15-04-16/subject_loo/s_P14/gnn_fold_diagnostics.csv,val,0.1295620650053024,0.8177099823951721,-1.6716458797454834,2.99977445602417,4.671420335769653,0.8474965691566467,0.1980372667312622,0.1736094802618026,1.0949757099151611,0.3924704194068908,0.3169067502021789,112575,-1.0,0.0,-1.0,-1.0,-1.0,0.0,-1.0,-1.0,-0.6797131299972534,0.2793766856193542,-1.0,-0.1240794733166694,0.1691953241825103,0.0248620044440031,0.0322400815784931,1.0,63,0.9877889752388,1
multiclass_table6_valence_3class,Table-6 Valence,subject_loo,GNN,GNN_v2,s_P14,results/quick_v1_v2_comparison/2026-06-03_09-24-45/model_runs/2026-06-03_13-48-09,results/quick_v1_v2_comparison/2026-06-03_09-24-45/model_runs/2026-06-03_13-48-09/multiclass_table6_valence_3class_emotion-elicitation_2026-06-03_15-04-16,results/quick_v1_v2_comparison/2026-06-03_09-24-45/model_runs/2026-06-03_13-48-09/multiclass_table6_valence_3class_emotion-elicitation_2026-06-03_15-04-16/subject_loo/s_P14/gnn_fold_diagnostics.csv,test,0.0906110927462577,0.8808700442314148,-1.8254737854003904,3.046445846557617,4.871919631958008,0.8089154958724976,0.225347027182579,0.141309767961502,1.0965512990951538,0.3825057446956634,0.3790032863616943,23436,-1.0,0.0,-1.0,-1.0,-1.0,0.0,-1.0,-1.0,-0.6720245480537415,0.2823871076107025,-1.0,-0.1352570950984954,0.1697468012571334,0.0263049341738224,0.0783708691596984,1.0,63,0.9877889752388,1
multiclass_table6_valence_3class,Table-6 Valence,subject_loo,GNN,GNN_v2,s_P16,results/quick_v1_v2_comparison/2026-06-03_09-24-45/model_runs/2026-06-03_13-48-09,results/quick_v1_v2_comparison/2026-06-03_09-24-45/model_runs/2026-06-03_13-48-09/multiclass_table6_valence_3class_emotion-elicitation_2026-06-03_15-04-16,results/quick_v1_v2_comparison/2026-06-03_09-24-45/model_runs/2026-06-03_13-48-09/multiclass_table6_valence_3class_emotion-elicitation_2026-06-03_15-04-16/subject_loo/s_P16/gnn_fold_diagnostics.csv,train,0.0212611556053161,0.9432738423347472,-2.550309896469116,4.515135288238525,7.065445184707642,0.8287041187286377,0.2438061982393264,0.0249965768307447,1.098379135131836,0.4510124325752258,0.2935355901718139,10000,-1.0,4.860164537490164e-08,-1.0,-0.9999998807907104,-1.0,4.7324824947736495e-08,-1.0,-0.9999999403953552,0.6753832101821899,0.2823466062545776,-1.0,0.9999999403953552,-0.1691965907812118,0.0293833091855049,-0.9999999403953552,-0.0037107798270881,87,0.9705674946308136,1
multiclass_table6_valence_3class,Table-6 Valence,subject_loo,GNN,GNN_v2,s_P16,results/quick_v1_v2_comparison/2026-06-03_09-24-45/model_runs/2026-06-03_13-48-09,results/quick_v1_v2_comparison/2026-06-03_09-24-45/model_runs/2026-06-03_13-48-09/multiclass_table6_valence_3class_emotion-elicitation_2026-06-03_15-04-16,results/quick_v1_v2_comparison/2026-06-03_09-24-45/model_runs/2026-06-03_13-48-09/multiclass_table6_valence_3class_emotion-elicitation_2026-06-03_15-04-16/subject_loo/s_P16/gnn_fold_diagnostics.csv,val,0.0249163806438446,1.021202564239502,-2.613070011138916,4.214460849761963,6.827530860900879,0.7999516129493713,0.2526072859764099,0.0353443101048469,1.0982874631881714,0.3698420524597168,0.4233574867248535,104196,-1.0,4.89558757976738e-08,-1.0,-0.9999999403953552,-1.0,4.763364458426622e-08,-1.0,-0.9999999403953552,0.668225884437561,0.2851094007492065,-1.0,0.9999999403953552,-0.1687970608472824,0.0269706565886735,-0.9999998211860656,-0.0590055137872695,87,0.9705674946308136,1
multiclass_table6_valence_3class,Table-6 Valence,subject_loo,GNN,GNN_v2,s_P16,results/quick_v1_v2_comparison/2026-06-03_09-24-45/model_runs/2026-06-03_13-48-09,results/quick_v1_v2_comparison/2026-06-03_09-24-45/model_runs/2026-06-03_13-48-09/multiclass_table6_valence_3class_emotion-elicitation_2026-06-03_15-04-16,results/quick_v1_v2_comparison/2026-06-03_09-24-45/model_runs/2026-06-03_13-48-09/multiclass_table6_valence_3class_emotion-elicitation_2026-06-03_15-04-16/subject_loo/s_P16/gnn_fold_diagnostics.csv,test,0.0065455725416541,1.1099419593811035,-2.556133270263672,4.282142162322998,6.83827543258667,0.796111524105072,0.2770781219005584,0.0315655171871185,1.0974029302597046,0.3731390535831451,0.3673384487628937,18528,-1.0,4.896006089438743e-08,-1.0,-0.9999999403953552,-1.0,4.7490889443224666e-08,-1.0,-0.9999999403953552,0.6797791719436646,0.2795984745025635,-0.9999999403953552,0.9999999403953552,-0.1679442226886749,0.0247296299785375,-0.999999701976776,-0.0436983220279216,87,0.9705674946308136,1
multiclass_table6_valence_3class,Table-6 Valence,subject_loo,GNN,GNN_v2,s_P17,results/quick_v1_v2_comparison/2026-06-03_09-24-45/model_runs/2026-06-03_13-48-09,results/quick_v1_v2_comparison/2026-06-03_09-24-45/model_runs/2026-06-03_13-48-09/multiclass_table6_valence_3class_emotion-elicitation_2026-06-03_15-04-16,results/quick_v1_v2_comparison/2026-06-03_09-24-45/model_runs/2026-06-03_13-48-09/multiclass_table6_valence_3class_emotion-elicitation_2026-06-03_15-04-16/subject_loo/s_P17/gnn_fold_diagnostics.csv,train,-0.0315671525895595,0.7058964967727661,-2.1030116081237797,2.398981809616089,4.501993417739868,0.9042572975158693,0.1829278767108917,0.1846595108509063,1.0986038446426392,0.476059228181839,0.2637680768966675,10000,-1.0,0.0,-1.0,-1.0,-1.0,0.0,-1.0,-1.0,-0.6761353015899658,0.2808432579040527,-1.0,-0.1110475435853004,0.1690284013748169,0.0252816919237375,-1.0,1.0,35,0.9970777928829192,1
multiclass_table6_valence_3class,Table-6 Valence,subject_loo,GNN,GNN_v2,s_P17,results/quick_v1_v2_comparison/2026-06-03_09-24-45/model_runs/2026-06-03_13-48-09,results/quick_v1_v2_comparison/2026-06-03_09-24-45/model_runs/2026-06-03_13-48-09/multiclass_table6_valence_3class_emotion-elicitation_2026-06-03_15-04-16,results/quick_v1_v2_comparison/2026-06-03_09-24-45/model_runs/2026-06-03_13-48-09/multiclass_table6_valence_3class_emotion-elicitation_2026-06-03_15-04-16/subject_loo/s_P17/gnn_fold_diagnostics.csv,val,-0.0177530813962221,0.7319643497467041,-2.094857692718506,2.414494514465332,4.509352207183838,0.8915969729423523,0.1857004165649414,0.1817192137241363,1.0973470211029053,0.4503751993179321,0.2798721492290497,101475,-1.0,0.0,-1.0,-1.0,-1.0,0.0,-1.0,-1.0,-0.669948399066925,0.2836051881313324,-1.0,-0.1249562054872512,0.16909159719944,0.0252196658402681,-0.1933019459247589,1.0,35,0.9970777928829192,1
multiclass_table6_valence_3class,Table-6 Valence,subject_loo,GNN,GNN_v2,s_P17,results/quick_v1_v2_comparison/2026-06-03_09-24-45/model_runs/2026-06-03_13-48-09,results/quick_v1_v2_comparison/2026-06-03_09-24-45/model_runs/2026-06-03_13-48-09/multiclass_table6_valence_3class_emotion-elicitation_2026-06-03_15-04-16,results/quick_v1_v2_comparison/2026-06-03_09-24-45/model_runs/2026-06-03_13-48-09/multiclass_table6_valence_3class_emotion-elicitation_2026-06-03_15-04-16/subject_loo/s_P17/gnn_fold_diagnostics.csv,test,-0.0137258563190698,0.6628267168998718,-1.8892663717269895,2.2071447372436523,4.096411108970642,0.9251989722251892,0.1562157720327377,0.2499033808708191,1.095898985862732,0.3313756883144378,0.4885635375976562,28441,-1.0,0.0,-1.0,-1.0,-1.0,0.0,-1.0,-1.0,-0.6700120568275452,0.283148318529129,-1.0,-0.1426837146282196,0.1685948222875595,0.0218372512608766,-0.1810543090105056,1.0,35,0.9970777928829192,1
multiclass_table6_valence_3class,Table-6 Valence,subject_loo,GNN,GNN_v2,s_P18,results/quick_v1_v2_comparison/2026-06-03_09-24-45/model_runs/2026-06-03_13-48-09,results/quick_v1_v2_comparison/2026-06-03_09-24-45/model_runs/2026-06-03_13-48-09/multiclass_table6_valence_3class_emotion-elicitation_2026-06-03_15-04-16,results/quick_v1_v2_comparison/2026-06-03_09-24-45/model_runs/2026-06-03_13-48-09/multiclass_table6_valence_3class_emotion-elicitation_2026-06-03_15-04-16/subject_loo/s_P18/gnn_fold_diagnostics.csv,train,0.0661771446466445,0.2859745323657989,-0.5519728064537048,0.824471652507782,1.3764444589614868,1.0587797164916992,0.037261813879013,0.9476521015167236,1.0985642671585083,0.4509716331958771,0.3284090757369995,10000,-0.9999498128890992,0.0100174685940146,-1.0,1.0,-1.0,4.3329933419045126e-08,-1.0,-0.9999996423721312,0.6774073839187622,0.2802541851997375,0.1109727248549461,1.0,0.1691366583108902,0.0248629376292228,-0.3501398861408233,0.9999999403953552,4,1.0528725385665894,1
multiclass_table6_valence_3class,Table-6 Valence,subject_loo,GNN,GNN_v2,s_P18,results/quick_v1_v2_comparison/2026-06-03_09-24-45/model_runs/2026-06-03_13-48-09,results/quick_v1_v2_comparison/2026-06-03_09-24-45/model_runs/2026-06-03_13-48-09/multiclass_table6_valence_3class_emotion-elicitation_2026-06-03_15-04-16,results/quick_v1_v2_comparison/2026-06-03_09-24-45/model_runs/2026-06-03_13-48-09/multiclass_table6_valence_3class_emotion-elicitation_2026-06-03_15-04-16/subject_loo/s_P18/gnn_fold_diagnostics.csv,val,0.017008589580655,0.298232764005661,-0.5543046593666077,0.766747236251831,1.3210518956184387,1.0542019605636597,0.0418704524636268,0.948209822177887,1.098458766937256,0.3067770898342132,0.5754530429840088,97903,-1.0,4.8805560481923755e-08,-1.0,-0.999999463558197,-1.0,4.362572525451469e-08,-1.0,-0.9999998807907104,0.6604156494140625,0.2874684631824493,0.111014999449253,1.0,0.1689887046813964,0.0231737829744815,-0.0748759806156158,0.9999999403953552,4,1.0528725385665894,1
multiclass_table6_valence_3class,Table-6 Valence,subject_loo,GNN,GNN_v2,s_P18,results/quick_v1_v2_comparison/2026-06-03_09-24-45/model_runs/2026-06-03_13-48-09,results/quick_v1_v2_comparison/2026-06-03_09-24-45/model_runs/2026-06-03_13-48-09/multiclass_table6_valence_3class_emotion-elicitation_2026-06-03_15-04-16,results/quick_v1_v2_comparison/2026-06-03_09-24-45/model_runs/2026-06-03_13-48-09/multiclass_table6_valence_3class_emotion-elicitation_2026-06-03_15-04-16/subject_loo/s_P18/gnn_fold_diagnostics.csv,test,0.0176051072776317,0.2617211937904358,-0.5385634303092957,0.7386786341667175,1.2772420644760132,1.0637716054916382,0.0378660596907138,0.956275224685669,1.098480224609375,0.3058342039585113,0.4893389940261841,25878,-0.9999508261680604,0.0099184652790427,-1.0,0.9999999403953552,-1.0,4.3619671430406015e-08,-1.0,-0.9999998807907104,0.6662123799324036,0.2852278053760528,0.1249488145112991,1.0,0.1687254607677459,0.0232983492314815,-0.1152102425694465,0.9999999403953552,4,1.0528725385665894,1
multiclass_table6_valence_3class,Table-6 Valence,subject_loo,GNN,GNN_v2,s_P19,results/quick_v1_v2_comparison/2026-06-03_09-24-45/model_runs/2026-06-03_13-48-09,results/quick_v1_v2_comparison/2026-06-03_09-24-45/model_runs/2026-06-03_13-48-09/multiclass_table6_valence_3class_emotion-elicitation_2026-06-03_15-04-16,results/quick_v1_v2_comparison/2026-06-03_09-24-45/model_runs/2026-06-03_13-48-09/multiclass_table6_valence_3class_emotion-elicitation_2026-06-03_15-04-16/subject_loo/s_P19/gnn_fold_diagnostics.csv,train,-0.1024681106209755,0.493263691663742,-1.2274519205093384,1.156016230583191,2.3834681510925293,0.9897350668907166,0.0947550684213638,0.6761003732681274,1.0985798835754397,0.4805985689163208,0.2589555084705353,10000,-0.9989569783210754,0.0456611961126327,-1.0,1.0,-0.9989213347434998,0.0464345850050449,-1.0,1.0,0.6737468242645264,0.2819122076034546,0.1109976395964622,1.0,-0.1691628992557525,0.0242843925952911,-1.0,-0.1307072937488556,16,1.0357229709625244,1
multiclass_table6_valence_3class,Table-6 Valence,subject_loo,GNN,GNN_v2,s_P19,results/quick_v1_v2_comparison/2026-06-03_09-24-45/model_runs/2026-06-03_13-48-09,results/quick_v1_v2_comparison/2026-06-03_09-24-45/model_runs/2026-06-03_13-48-09/multiclass_table6_valence_3class_emotion-elicitation_2026-06-03_15-04-16,results/quick_v1_v2_comparison/2026-06-03_09-24-45/model_runs/2026-06-03_13-48-09/multiclass_table6_valence_3class_emotion-elicitation_2026-06-03_15-04-16/subject_loo/s_P19/gnn_fold_diagnostics.csv,val,-0.1260162740945816,0.3363024592399597,-0.9227068424224854,0.8126236200332642,1.7353304624557495,1.0432755947113037,0.0535442233085632,0.8184810876846313,1.0984489917755127,0.3538216352462768,0.5156380534172058,108345,-0.9999412894248962,0.0108376238495111,-1.0,1.0,-0.9999831914901732,0.0057930145412683,-1.0,1.0,0.6832640767097473,0.2772931158542633,0.124773621559143,1.0,-0.1690908968448639,0.0248355213552713,-1.0,-0.142676293849945,16,1.0357229709625244,1
multiclass_table6_valence_3class,Table-6 Valence,subject_loo,GNN,GNN_v2,s_P19,results/quick_v1_v2_comparison/2026-06-03_09-24-45/model_runs/2026-06-03_13-48-09,results/quick_v1_v2_comparison/2026-06-03_09-24-45/model_runs/2026-06-03_13-48-09/multiclass_table6_valence_3class_emotion-elicitation_2026-06-03_15-04-16,results/quick_v1_v2_comparison/2026-06-03_09-24-45/model_runs/2026-06-03_13-48-09/multiclass_table6_valence_3class_emotion-elicitation_2026-06-03_15-04-16/subject_loo/s_P19/gnn_fold_diagnostics.csv,test,-0.1267718374729156,0.3940306007862091,-0.9427118301391602,0.9952324628829956,1.937944293022156,1.0238523483276367,0.0622633658349514,0.7999668121337891,1.0981640815734863,0.2902713716030121,0.499600887298584,26106,-0.9999833703041076,0.0057658441364765,-1.0,1.0,-0.9999833703041076,0.0057658441364765,-1.0,1.0,0.68779456615448,0.2754748463630676,0.1660824865102768,1.0,-0.1680891066789627,0.0192086268216371,-1.0,-0.1446500420570373,16,1.0357229709625244,1
multiclass_table6_valence_3class,Table-6 Valence,subject_loo,GNN,GNN_v2,s_P2,results/quick_v1_v2_comparison/2026-06-03_09-24-45/model_runs/2026-06-03_13-48-09,results/quick_v1_v2_comparison/2026-06-03_09-24-45/model_runs/2026-06-03_13-48-09/multiclass_table6_valence_3class_emotion-elicitation_2026-06-03_15-04-16,results/quick_v1_v2_comparison/2026-06-03_09-24-45/model_runs/2026-06-03_13-48-09/multiclass_table6_valence_3class_emotion-elicitation_2026-06-03_15-04-16/subject_loo/s_P2/gnn_fold_diagnostics.csv,train,-0.1467503011226654,0.6978569030761719,-1.8992811441421509,2.314486026763916,4.213767170906067,0.9034597873687744,0.1721431612968444,0.2294895201921463,1.098538875579834,0.4810317158699035,0.2195852100849151,10000,-0.9885491728782654,0.1508988589048385,-1.0,1.0,-0.9922383427619934,0.12435033172369,-1.0,1.0,-0.6763212084770203,0.2811473906040191,-1.0,-0.0626724734902381,-0.1690693497657776,0.024879926815629,-1.0,1.0,36,0.9527453482151031,1
multiclass_table6_valence_3class,Table-6 Valence,subject_loo,GNN,GNN_v2,s_P2,results/quick_v1_v2_comparison/2026-06-03_09-24-45/model_runs/2026-06-03_13-48-09,results/quick_v1_v2_comparison/2026-06-03_09-24-45/model_runs/2026-06-03_13-48-09/multiclass_table6_valence_3class_emotion-elicitation_2026-06-03_15-04-16,results/quick_v1_v2_comparison/2026-06-03_09-24-45/model_runs/2026-06-03_13-48-09/multiclass_table6_valence_3class_emotion-elicitation_2026-06-03_15-04-16/subject_loo/s_P2/gnn_fold_diagnostics.csv,val,-0.1572057157754898,0.7650792002677917,-1.7926849126815796,2.259307861328125,4.051992774009705,0.8632709980010986,0.1660068780183792,0.2338516563177108,1.0976359844207764,0.3840430974960327,0.418422132730484,103285,-0.9937182664871216,0.1119109019637107,-1.0,1.0,-0.9960255026817322,0.089068666100502,-1.0,1.0,-0.6666498780250549,0.2853004038333893,-1.0,-0.0926633924245834,-0.168726846575737,0.0215714927762746,-1.0,-0.1298876851797104,36,0.9527453482151031,1
multiclass_table6_valence_3class,Table-6 Valence,subject_loo,GNN,GNN_v2,s_P2,results/quick_v1_v2_comparison/2026-06-03_09-24-45/model_runs/2026-06-03_13-48-09,results/quick_v1_v2_comparison/2026-06-03_09-24-45/model_runs/2026-06-03_13-48-09/multiclass_table6_valence_3class_emotion-elicitation_2026-06-03_15-04-16,results/quick_v1_v2_comparison/2026-06-03_09-24-45/model_runs/2026-06-03_13-48-09/multiclass_table6_valence_3class_emotion-elicitation_2026-06-03_15-04-16/subject_loo/s_P2/gnn_fold_diagnostics.csv,test,-0.1279746443033218,0.6378297209739685,-1.6021732091903689,2.119114637374878,3.721287846565247,0.925491750240326,0.1595164388418197,0.2856025099754333,1.0983946323394775,0.2940908670425415,0.5039873719215393,28920,-0.9875771403312684,0.1571349501609802,-1.0,1.0,-0.9908866286277772,0.1346983760595321,-1.0,1.0,-0.673656165599823,0.2819521129131317,-1.0,-0.1260329633951187,-0.1698943078517913,0.0275243390351533,-1.0,0.5323032140731812,36,0.9527453482151031,1
multiclass_table6_valence_3class,Table-6 Valence,subject_loo,GNN,GNN_v2,s_P20,results/quick_v1_v2_comparison/2026-06-03_09-24-45/model_runs/2026-06-03_13-48-09,results/quick_v1_v2_comparison/2026-06-03_09-24-45/model_runs/2026-06-03_13-48-09/multiclass_table6_valence_3class_emotion-elicitation_2026-06-03_15-04-16,results/quick_v1_v2_comparison/2026-06-03_09-24-45/model_runs/2026-06-03_13-48-09/multiclass_table6_valence_3class_emotion-elicitation_2026-06-03_15-04-16/subject_loo/s_P20/gnn_fold_diagnostics.csv,train,-0.0352732948958873,0.5722498297691345,-1.3760720491409302,1.5357301235198977,2.911802172660828,0.9535965919494628,0.1231327950954437,0.4494140744209289,1.0985766649246216,0.48849818110466,0.2380456030368805,10000,0.9882676601409912,0.1527320146560669,-1.0,1.0,0.9832130074501038,0.1824612766504287,-1.0,1.0,0.639237105846405,0.3615611493587494,-0.9999999403953552,0.9999999403953552,0.1690602004528045,0.0239437017589807,0.1310571432113647,1.0,23,1.060604453086853,1
multiclass_table6_valence_3class,Table-6 Valence,subject_loo,GNN,GNN_v2,s_P20,results/quick_v1_v2_comparison/2026-06-03_09-24-45/model_runs/2026-06-03_13-48-09,results/quick_v1_v2_comparison/2026-06-03_09-24-45/model_runs/2026-06-03_13-48-09/multiclass_table6_valence_3class_emotion-elicitation_2026-06-03_15-04-16,results/quick_v1_v2_comparison/2026-06-03_09-24-45/model_runs/2026-06-03_13-48-09/multiclass_table6_valence_3class_emotion-elicitation_2026-06-03_15-04-16/subject_loo/s_P20/gnn_fold_diagnostics.csv,val,-0.0153142912313342,0.6359176635742188,-1.184883713722229,1.451154112815857,2.636037826538086,0.9128496646881104,0.1127684935927391,0.4921212792396545,1.0983701944351196,0.3713005185127258,0.4691486656665802,97903,0.9832105040550232,0.1824750453233719,-1.0,1.0,0.9831900000572203,0.1825853139162063,-1.0,1.0,0.6393079161643982,0.3556269407272339,-0.9999999403953552,0.9999999403953552,0.1698545962572097,0.0262032710015773,0.1430599093437194,1.0,23,1.060604453086853,1
multiclass_table6_valence_3class,Table-6 Valence,subject_loo,GNN,GNN_v2,s_P20,results/quick_v1_v2_comparison/2026-06-03_09-24-45/model_runs/2026-06-03_13-48-09,results/quick_v1_v2_comparison/2026-06-03_09-24-45/model_runs/2026-06-03_13-48-09/multiclass_table6_valence_3class_emotion-elicitation_2026-06-03_15-04-16,results/quick_v1_v2_comparison/2026-06-03_09-24-45/model_runs/2026-06-03_13-48-09/multiclass_table6_valence_3class_emotion-elicitation_2026-06-03_15-04-16/subject_loo/s_P20/gnn_fold_diagnostics.csv,test,-0.0008357024635188,0.5768510699272156,-1.1184484958648682,1.356951355934143,2.4753998517990112,0.939620852470398,0.121372252702713,0.5796875953674316,1.0978494882583618,0.3534581065177917,0.4663722813129425,25425,0.9841879606246948,0.1771273612976074,-1.0,1.0,0.9739832282066344,0.226620003581047,-1.0,1.0,0.6424117684364319,0.3646553456783294,-0.9999999403953552,0.9999999403953552,0.1687706857919693,0.0241310019046068,0.1432643234729766,1.0,23,1.060604453086853,1
multiclass_table6_valence_3class,Table-6 Valence,subject_loo,GNN,GNN_v2,s_P21,results/quick_v1_v2_comparison/2026-06-03_09-24-45/model_runs/2026-06-03_13-48-09,results/quick_v1_v2_comparison/2026-06-03_09-24-45/model_runs/2026-06-03_13-48-09/multiclass_table6_valence_3class_emotion-elicitation_2026-06-03_15-04-16,results/quick_v1_v2_comparison/2026-06-03_09-24-45/model_runs/2026-06-03_13-48-09/multiclass_table6_valence_3class_emotion-elicitation_2026-06-03_15-04-16/subject_loo/s_P21/gnn_fold_diagnostics.csv,train,-0.0851839929819107,0.5438555479049683,-1.293525457382202,1.681406021118164,2.974931478500366,0.9652059674263,0.1101768016815185,0.5251384973526001,1.0985907316207886,0.4853588342666626,0.2592105567455292,10000,-1.0,0.0,-1.0,-1.0,-0.9999963641166688,0.0026874814648181,-1.0,1.0,-0.6750309467315674,0.2814262807369232,-1.0,-0.1109793409705162,-0.1691207587718963,0.0488690435886383,-1.0,0.0069822398945689,24,0.9512895941734314,1
multiclass_table6_valence_3class,Table-6 Valence,subject_loo,GNN,GNN_v2,s_P21,results/quick_v1_v2_comparison/2026-06-03_09-24-45/model_runs/2026-06-03_13-48-09,results/quick_v1_v2_comparison/2026-06-03_09-24-45/model_runs/2026-06-03_13-48-09/multiclass_table6_valence_3class_emotion-elicitation_2026-06-03_15-04-16,results/quick_v1_v2_comparison/2026-06-03_09-24-45/model_runs/2026-06-03_13-48-09/multiclass_table6_valence_3class_emotion-elicitation_2026-06-03_15-04-16/subject_loo/s_P21/gnn_fold_diagnostics.csv,val,-0.1672864854335785,0.6176391243934631,-1.2475032806396484,1.2492704391479492,2.4967737197875977,0.9216220378875732,0.1300054192543029,0.6307516098022461,1.0984736680984497,0.4091432094573974,0.3918656706809997,97461,-1.0,0.0,-1.0,-1.0,-1.0,8.144214191929676e-10,-1.0,-0.9999996423721312,-0.6766947507858276,0.2802522480487823,-1.0,-0.124746598303318,-0.1688472777605056,0.0527215413749218,-1.0,-0.0093138804659247,24,0.9512895941734314,1
multiclass_table6_valence_3class,Table-6 Valence,subject_loo,GNN,GNN_v2,s_P21,results/quick_v1_v2_comparison/2026-06-03_09-24-45/model_runs/2026-06-03_13-48-09,results/quick_v1_v2_comparison/2026-06-03_09-24-45/model_runs/2026-06-03_13-48-09/multiclass_table6_valence_3class_emotion-elicitation_2026-06-03_15-04-16,results/quick_v1_v2_comparison/2026-06-03_09-24-45/model_runs/2026-06-03_13-48-09/multiclass_table6_valence_3class_emotion-elicitation_2026-06-03_15-04-16/subject_loo/s_P21/gnn_fold_diagnostics.csv,test,-0.2136655449867248,0.7158262729644775,-1.2321524620056152,1.325782060623169,2.557934522628784,0.8627286553382874,0.1497718691825866,0.6159964799880981,1.0971790552139282,0.3224030137062073,0.5393033623695374,23871,-1.0,0.0,-1.0,-1.0,-0.999981164932251,0.0061329212039709,-1.0,1.0,-0.6774634122848511,0.2797214388847351,-1.0,-0.1422871500253677,-0.1693282574415207,0.0522446706891059,-1.0,-0.0115577355027198,24,0.9512895941734314,1
multiclass_table6_valence_3class,Table-6 Valence,subject_loo,GNN,GNN_v2,s_P22,results/quick_v1_v2_comparison/2026-06-03_09-24-45/model_runs/2026-06-03_13-48-09,results/quick_v1_v2_comparison/2026-06-03_09-24-45/model_runs/2026-06-03_13-48-09/multiclass_table6_valence_3class_emotion-elicitation_2026-06-03_15-04-16,results/quick_v1_v2_comparison/2026-06-03_09-24-45/model_runs/2026-06-03_13-48-09/multiclass_table6_valence_3class_emotion-elicitation_2026-06-03_15-04-16/subject_loo/s_P22/gnn_fold_diagnostics.csv,train,0.0325442366302013,0.1538096517324447,-0.4077807366847992,0.3924663066864013,0.8002470433712006,1.0883111953735352,0.0073672113940119,1.0560200214385986,1.098610758781433,0.3959556519985199,0.3807533383369446,10000,0.9999963641166688,0.002687074476853,-1.0,1.0,1.0,0.0,1.0,1.0,0.6767513155937195,0.2806776463985443,0.1109718382358551,1.0,-0.1690759062767028,0.0239757224917411,-1.0,-0.0793102607131004,3,1.09263813495636,1
multiclass_table6_valence_3class,Table-6 Valence,subject_loo,GNN,GNN_v2,s_P22,results/quick_v1_v2_comparison/2026-06-03_09-24-45/model_runs/2026-06-03_13-48-09,results/quick_v1_v2_comparison/2026-06-03_09-24-45/model_runs/2026-06-03_13-48-09/multiclass_table6_valence_3class_emotion-elicitation_2026-06-03_15-04-16,results/quick_v1_v2_comparison/2026-06-03_09-24-45/model_runs/2026-06-03_13-48-09/multiclass_table6_valence_3class_emotion-elicitation_2026-06-03_15-04-16/subject_loo/s_P22/gnn_fold_diagnostics.csv,val,-0.0011587482877075,0.1730559170246124,-0.3690143823623657,0.3784258663654327,0.7474402487277985,1.0844902992248535,0.0070083797909319,1.0645751953125,1.0983513593673706,0.3087582886219024,0.5314653515815735,115921,0.9999817609786988,0.0060423645190894,-1.0,1.0,1.0,0.0,1.0,1.0,0.674197793006897,0.2802245318889618,0.1104539930820465,1.0,-0.1693988740444183,0.0253440421074628,-1.0,-0.1336771547794342,3,1.09263813495636,1
multiclass_table6_valence_3class,Table-6 Valence,subject_loo,GNN,GNN_v2,s_P22,results/quick_v1_v2_comparison/2026-06-03_09-24-45/model_runs/2026-06-03_13-48-09,results/quick_v1_v2_comparison/2026-06-03_09-24-45/model_runs/2026-06-03_13-48-09/multiclass_table6_valence_3class_emotion-elicitation_2026-06-03_15-04-16,results/quick_v1_v2_comparison/2026-06-03_09-24-45/model_runs/2026-06-03_13-48-09/multiclass_table6_valence_3class_emotion-elicitation_2026-06-03_15-04-16/subject_loo/s_P22/gnn_fold_diagnostics.csv,test,0.0563660040497779,0.1305430084466934,-0.4365735352039337,0.2800132930278778,0.7165868282318115,1.0916801691055298,0.0073568290099501,1.058586835861206,1.09847092628479,0.1824019402265548,0.7499682903289795,22791,1.0,0.0,1.0,1.0,1.0,0.0,1.0,1.0,0.6492562294006348,0.2920528650283813,0.1110480949282646,1.0,-0.1691189706325531,0.022973820567131,-1.0,-0.1457701474428177,3,1.09263813495636,1
multiclass_table6_valence_3class,Table-6 Valence,subject_loo,GNN,GNN_v2,s_P23,results/quick_v1_v2_comparison/2026-06-03_09-24-45/model_runs/2026-06-03_13-48-09,results/quick_v1_v2_comparison/2026-06-03_09-24-45/model_runs/2026-06-03_13-48-09/multiclass_table6_valence_3class_emotion-elicitation_2026-06-03_15-04-16,results/quick_v1_v2_comparison/2026-06-03_09-24-45/model_runs/2026-06-03_13-48-09/multiclass_table6_valence_3class_emotion-elicitation_2026-06-03_15-04-16/subject_loo/s_P23/gnn_fold_diagnostics.csv,train,0.0588608682155609,0.6427361965179443,-1.4489591121673584,2.46370530128479,3.912664413452149,0.9241487979888916,0.1499940156936645,0.3244811296463012,1.0985019207000732,0.4496004581451416,0.2937923967838287,10000,-0.9981092810630798,0.0614646896719932,-0.9999999403953552,1.0,-0.998211145401001,0.0597876794636249,-0.9999999403953552,1.0,0.6755149960517883,0.282837450504303,-1.0,0.9999999403953552,0.1692139506340026,0.0247022323310375,0.1045691072940826,1.0,29,0.9106058478355408,1
multiclass_table6_valence_3class,Table-6 Valence,subject_loo,GNN,GNN_v2,s_P23,results/quick_v1_v2_comparison/2026-06-03_09-24-45/model_runs/2026-06-03_13-48-09,results/quick_v1_v2_comparison/2026-06-03_09-24-45/model_runs/2026-06-03_13-48-09/multiclass_table6_valence_3class_emotion-elicitation_2026-06-03_15-04-16,results/quick_v1_v2_comparison/2026-06-03_09-24-45/model_runs/2026-06-03_13-48-09/multiclass_table6_valence_3class_emotion-elicitation_2026-06-03_15-04-16/subject_loo/s_P23/gnn_fold_diagnostics.csv,val,0.0294156894087791,0.6115587949752808,-1.1921006441116333,2.385783195495605,3.5778838396072388,0.940191388130188,0.1357196122407913,0.3331064581871032,1.0971434116363523,0.3690915703773498,0.4334961175918579,82621,-0.9997873306274414,0.0206215027719736,-0.9999999403953552,1.0,-0.9998335242271424,0.0182430632412433,-0.9999999403953552,1.0,0.6630334854125977,0.2884340286254883,-0.9999999403953552,0.9999999403953552,0.1685408800840377,0.0209353622049093,0.1268645823001861,1.0,29,0.9106058478355408,1
multiclass_table6_valence_3class,Table-6 Valence,subject_loo,GNN,GNN_v2,s_P23,results/quick_v1_v2_comparison/2026-06-03_09-24-45/model_runs/2026-06-03_13-48-09,results/quick_v1_v2_comparison/2026-06-03_09-24-45/model_runs/2026-06-03_13-48-09/multiclass_table6_valence_3class_emotion-elicitation_2026-06-03_15-04-16,results/quick_v1_v2_comparison/2026-06-03_09-24-45/model_runs/2026-06-03_13-48-09/multiclass_table6_valence_3class_emotion-elicitation_2026-06-03_15-04-16/subject_loo/s_P23/gnn_fold_diagnostics.csv,test,0.0542452856898307,0.6998661756515503,-1.358204960823059,2.393381357192993,3.751586318016052,0.912151336669922,0.1719725131988525,0.3475075364112854,1.097229242324829,0.408255010843277,0.347329705953598,28680,-0.9999388456344604,0.011045972816646,-0.9999999403953552,0.9999999403953552,-0.99993896484375,0.0110459709540009,-0.9999999403953552,1.0,0.6783071160316467,0.2820307910442352,-0.9999999403953552,0.9999999403953552,0.1682417690753936,0.0200792197138071,0.1414597928524017,1.0,29,0.9106058478355408,1
multiclass_table6_valence_3class,Table-6 Valence,subject_loo,GNN,GNN_v2,s_P24,results/quick_v1_v2_comparison/2026-06-03_09-24-45/model_runs/2026-06-03_13-48-09,results/quick_v1_v2_comparison/2026-06-03_09-24-45/model_runs/2026-06-03_13-48-09/multiclass_table6_valence_3class_emotion-elicitation_2026-06-03_15-04-16,results/quick_v1_v2_comparison/2026-06-03_09-24-45/model_runs/2026-06-03_13-48-09/multiclass_table6_valence_3class_emotion-elicitation_2026-06-03_15-04-16/subject_loo/s_P24/gnn_fold_diagnostics.csv,train,-0.0883800089359283,0.7201827764511108,-1.6346453428268433,2.591356039047241,4.2260013818740845,0.892020046710968,0.1580790281295776,0.2855624854564667,1.098551630973816,0.412122905254364,0.3289017677307129,10000,-0.9999998807907104,5.960464477539064e-08,-0.9999999403953552,-0.9999999403953552,-0.9999998807907104,5.9604630564535916e-08,-0.9999999403953552,-0.9999998807907104,0.676626443862915,0.2807885408401489,0.109938345849514,1.0,-0.1690756529569625,0.0241908840835094,-1.0,0.9999988079071044,43,0.9544894099235536,1
multiclass_table6_valence_3class,Table-6 Valence,subject_loo,GNN,GNN_v2,s_P24,results/quick_v1_v2_comparison/2026-06-03_09-24-45/model_runs/2026-06-03_13-48-09,results/quick_v1_v2_comparison/2026-06-03_09-24-45/model_runs/2026-06-03_13-48-09/multiclass_table6_valence_3class_emotion-elicitation_2026-06-03_15-04-16,results/quick_v1_v2_comparison/2026-06-03_09-24-45/model_runs/2026-06-03_13-48-09/multiclass_table6_valence_3class_emotion-elicitation_2026-06-03_15-04-16/subject_loo/s_P24/gnn_fold_diagnostics.csv,val,0.0095742950215935,0.7046118378639221,-1.4835641384124756,2.5625360012054443,4.04610013961792,0.8865577578544617,0.185514822602272,0.2999549210071563,1.0985819101333618,0.3599773347377777,0.4456592798233032,100576,-0.9999999403953552,0.0,-0.9999999403953552,-0.9999999403953552,-0.9999999403953552,0.0,-0.9999999403953552,-0.9999999403953552,0.6678266525268555,0.2848881781101227,0.1231331378221511,0.9999999403953552,-0.1690255850553512,0.0242696907371282,-1.0,-0.0793459191918373,43,0.9544894099235536,1
multiclass_table6_valence_3class,Table-6 Valence,subject_loo,GNN,GNN_v2,s_P24,results/quick_v1_v2_comparison/2026-06-03_09-24-45/model_runs/2026-06-03_13-48-09,results/quick_v1_v2_comparison/2026-06-03_09-24-45/model_runs/2026-06-03_13-48-09/multiclass_table6_valence_3class_emotion-elicitation_2026-06-03_15-04-16,results/quick_v1_v2_comparison/2026-06-03_09-24-45/model_runs/2026-06-03_13-48-09/multiclass_table6_valence_3class_emotion-elicitation_2026-06-03_15-04-16/subject_loo/s_P24/gnn_fold_diagnostics.csv,test,-0.2443749904632568,0.6773509383201599,-1.413036227226257,1.260386943817139,2.673423171043396,0.8802080750465393,0.1117656603455543,0.6435907483100891,1.0973615646362305,0.1485949605703354,0.7966773509979248,26565,-0.9999999403953552,0.0,-0.9999999403953552,-0.9999999403953552,-0.9999999403953552,0.0,-0.9999999403953552,-0.9999999403953552,0.6610026359558105,0.2848506867885589,0.1105691343545913,0.9999999403953552,-0.1699269860982895,0.0271903332322835,-1.0,-0.110167920589447,43,0.9544894099235536,1
multiclass_table6_valence_3class,Table-6 Valence,subject_loo,GNN,GNN_v2,s_P27,results/quick_v1_v2_comparison/2026-06-03_09-24-45/model_runs/2026-06-03_13-48-09,results/quick_v1_v2_comparison/2026-06-03_09-24-45/model_runs/2026-06-03_13-48-09/multiclass_table6_valence_3class_emotion-elicitation_2026-06-03_15-04-16,results/quick_v1_v2_comparison/2026-06-03_09-24-45/model_runs/2026-06-03_13-48-09/multiclass_table6_valence_3class_emotion-elicitation_2026-06-03_15-04-16/subject_loo/s_P27/gnn_fold_diagnostics.csv,train,0.0380278676748275,0.976599395275116,-3.4944727420806885,4.960673332214356,8.455146074295044,0.8297121524810791,0.2498360127210617,0.0097363088279962,1.0985629558563232,0.4580181241035461,0.2486652135848999,10000,0.9999954700469972,0.0030154073610901,-1.0,1.0,0.999998152256012,0.0019071121932938,-0.9999998211860656,1.0,0.6747943758964539,0.2814978063106537,-0.9999999403953552,0.9999999403953552,-0.1691552400588989,0.0284017324447631,-1.0,-0.046667493879795,99,0.8911187052726746,1
multiclass_table6_valence_3class,Table-6 Valence,subject_loo,GNN,GNN_v2,s_P27,results/quick_v1_v2_comparison/2026-06-03_09-24-45/model_runs/2026-06-03_13-48-09,results/quick_v1_v2_comparison/2026-06-03_09-24-45/model_runs/2026-06-03_13-48-09/multiclass_table6_valence_3class_emotion-elicitation_2026-06-03_15-04-16,results/quick_v1_v2_comparison/2026-06-03_09-24-45/model_runs/2026-06-03_13-48-09/multiclass_table6_valence_3class_emotion-elicitation_2026-06-03_15-04-16/subject_loo/s_P27/gnn_fold_diagnostics.csv,val,0.0392295978963375,0.9755173325538636,-3.1983768939971924,4.795540809631348,7.99391770362854,0.8400243520736694,0.2554317116737366,0.0101362569257617,1.0984424352645874,0.4431162178516388,0.2502840459346771,108345,1.0,0.0,1.0,1.0,1.0,0.0,1.0,1.0,0.6799169182777405,0.2794467508792877,-0.9999991059303284,0.9999999403953552,-0.1684881299734115,0.0263225119560956,-1.0,-0.0465422682464122,99,0.8911187052726746,1
multiclass_table6_valence_3class,Table-6 Valence,subject_loo,GNN,GNN_v2,s_P27,results/quick_v1_v2_comparison/2026-06-03_09-24-45/model_runs/2026-06-03_13-48-09,results/quick_v1_v2_comparison/2026-06-03_09-24-45/model_runs/2026-06-03_13-48-09/multiclass_table6_valence_3class_emotion-elicitation_2026-06-03_15-04-16,results/quick_v1_v2_comparison/2026-06-03_09-24-45/model_runs/2026-06-03_13-48-09/multiclass_table6_valence_3class_emotion-elicitation_2026-06-03_15-04-16/subject_loo/s_P27/gnn_fold_diagnostics.csv,test,-0.0533185079693794,1.2479397058486938,-3.4541563987731934,4.867669582366943,8.321825981140137,0.7168171405792236,0.2932672500610351,0.0109697030857205,1.0958280563354492,0.3042767345905304,0.5236603617668152,24753,1.0,1.87511103866278e-10,0.9999999403953552,1.0,1.0,0.0,1.0,1.0,0.674513041973114,0.2816548645496368,0.1402025669813156,0.9999999403953552,-0.1695334762334823,0.0314528904855251,-1.0,-0.0475993491709232,99,0.8911187052726746,1
multiclass_table6_valence_3class,Table-6 Valence,subject_loo,GNN,GNN_v2,s_P28,results/quick_v1_v2_comparison/2026-06-03_09-24-45/model_runs/2026-06-03_13-48-09,results/quick_v1_v2_comparison/2026-06-03_09-24-45/model_runs/2026-06-03_13-48-09/multiclass_table6_valence_3class_emotion-elicitation_2026-06-03_15-04-16,results/quick_v1_v2_comparison/2026-06-03_09-24-45/model_runs/2026-06-03_13-48-09/multiclass_table6_valence_3class_emotion-elicitation_2026-06-03_15-04-16/subject_loo/s_P28/gnn_fold_diagnostics.csv,train,0.1156688556075096,0.8627158999443054,-2.0215659141540527,4.19932222366333,6.220888137817383,0.8465262055397034,0.232208177447319,0.0386713035404682,1.098385214805603,0.4329135417938232,0.268433153629303,10000,-0.9999954700469972,0.0030137882567942,-1.0,1.0,-0.9997638463974,0.0217314772307872,-1.0,1.0,-0.6749494671821594,0.2813788652420044,-1.0,-0.1110347807407379,0.16912242770195,0.0242145713418722,0.1147140860557556,1.0,81,0.9538908898830414,1
multiclass_table6_valence_3class,Table-6 Valence,subject_loo,GNN,GNN_v2,s_P28,results/quick_v1_v2_comparison/2026-06-03_09-24-45/model_runs/2026-06-03_13-48-09,results/quick_v1_v2_comparison/2026-06-03_09-24-45/model_runs/2026-06-03_13-48-09/multiclass_table6_valence_3class_emotion-elicitation_2026-06-03_15-04-16,results/quick_v1_v2_comparison/2026-06-03_09-24-45/model_runs/2026-06-03_13-48-09/multiclass_table6_valence_3class_emotion-elicitation_2026-06-03_15-04-16/subject_loo/s_P28/gnn_fold_diagnostics.csv,val,0.1408392786979675,0.7181525826454163,-1.8428544998168943,3.3809380531311035,5.223792552947998,0.9015747904777528,0.1817594170570373,0.0964574515819549,1.098530411720276,0.3410349190235138,0.3813461661338806,107880,-1.0,0.0,-1.0,-1.0,-0.9998270869255066,0.0185971762984991,-1.0,1.0,-0.6752886176109314,0.2807465493679046,-1.0,-0.1247721090912818,0.1686801463365554,0.022878173738718,0.1194628849625587,1.0,81,0.9538908898830414,1
multiclass_table6_valence_3class,Table-6 Valence,subject_loo,GNN,GNN_v2,s_P28,results/quick_v1_v2_comparison/2026-06-03_09-24-45/model_runs/2026-06-03_13-48-09,results/quick_v1_v2_comparison/2026-06-03_09-24-45/model_runs/2026-06-03_13-48-09/multiclass_table6_valence_3class_emotion-elicitation_2026-06-03_15-04-16,results/quick_v1_v2_comparison/2026-06-03_09-24-45/model_runs/2026-06-03_13-48-09/multiclass_table6_valence_3class_emotion-elicitation_2026-06-03_15-04-16/subject_loo/s_P28/gnn_fold_diagnostics.csv,test,0.2290908545255661,1.038011074066162,-1.5135806798934937,3.50027847290039,5.013859152793884,0.7286145687103271,0.1705291867256164,0.0907801389694213,1.080351710319519,0.230950191617012,0.655877411365509,22366,-0.999980330467224,0.0062682991847395,-1.0,1.0,-0.9997445940971376,0.0225993394851684,-1.0,1.0,-0.6824591755867004,0.2786895036697387,-1.0,-0.166257843375206,0.1697869896888733,0.0251925215125083,0.1435015350580215,1.0,81,0.9538908898830414,1
multiclass_table6_valence_3class,Table-6 Valence,subject_loo,GNN,GNN_v2,s_P29,results/quick_v1_v2_comparison/2026-06-03_09-24-45/model_runs/2026-06-03_13-48-09,results/quick_v1_v2_comparison/2026-06-03_09-24-45/model_runs/2026-06-03_13-48-09/multiclass_table6_valence_3class_emotion-elicitation_2026-06-03_15-04-16,results/quick_v1_v2_comparison/2026-06-03_09-24-45/model_runs/2026-06-03_13-48-09/multiclass_table6_valence_3class_emotion-elicitation_2026-06-03_15-04-16/subject_loo/s_P29/gnn_fold_diagnostics.csv,train,-0.0938461869955062,0.8046518564224243,-2.329241991043091,3.332923889160156,5.662165880203247,0.8650368452072144,0.2086530327796936,0.0792835056781768,1.0985116958618164,0.5011837482452393,0.170776829123497,10000,1.0,5.99368377152132e-08,0.9999998807907104,1.0,1.0,5.979882189421916e-08,0.9999998807907104,1.0,0.6756122708320618,0.281229019165039,-1.0,1.0,-0.1691520810127258,0.0247242897748947,-1.0,0.9999996423721312,68,0.9989921450614928,1
multiclass_table6_valence_3class,Table-6 Valence,subject_loo,GNN,GNN_v2,s_P29,results/quick_v1_v2_comparison/2026-06-03_09-24-45/model_runs/2026-06-03_13-48-09,results/quick_v1_v2_comparison/2026-06-03_09-24-45/model_runs/2026-06-03_13-48-09/multiclass_table6_valence_3class_emotion-elicitation_2026-06-03_15-04-16,results/quick_v1_v2_comparison/2026-06-03_09-24-45/model_runs/2026-06-03_13-48-09/multiclass_table6_valence_3class_emotion-elicitation_2026-06-03_15-04-16/subject_loo/s_P29/gnn_fold_diagnostics.csv,val,-0.0944079011678695,0.7020953297615051,-2.067472219467163,2.9626495838165283,5.030121803283691,0.9060713052749634,0.1749123632907867,0.1213787943124771,1.098495602607727,0.4531553387641907,0.1725373119115829,102831,1.0,6.009266684259273e-08,0.9999998807907104,1.0,1.0,5.986168361005184e-08,0.9999998807907104,1.0,0.6733946204185486,0.281989723443985,-1.0,1.0,-0.1687479317188263,0.0238795466721057,-1.0,0.0167990438640117,68,0.9989921450614928,1
multiclass_table6_valence_3class,Table-6 Valence,subject_loo,GNN,GNN_v2,s_P29,results/quick_v1_v2_comparison/2026-06-03_09-24-45/model_runs/2026-06-03_13-48-09,results/quick_v1_v2_comparison/2026-06-03_09-24-45/model_runs/2026-06-03_13-48-09/multiclass_table6_valence_3class_emotion-elicitation_2026-06-03_15-04-16,results/quick_v1_v2_comparison/2026-06-03_09-24-45/model_runs/2026-06-03_13-48-09/multiclass_table6_valence_3class_emotion-elicitation_2026-06-03_15-04-16/subject_loo/s_P29/gnn_fold_diagnostics.csv,test,-0.0472956448793411,0.8407754898071289,-1.554613709449768,1.6444661617279053,3.1990798711776733,0.780666708946228,0.145976260304451,0.5087515115737915,1.0909559726715088,0.2336324155330658,0.632351279258728,23220,1.0,6.00036003106652e-08,0.9999998807907104,1.0,1.0,5.980701445196246e-08,0.9999998807907104,1.0,0.6719350218772888,0.2827291786670685,-0.9999999403953552,1.0,-0.1689279377460479,0.0238664560019969,-1.0,0.0056113991886377,68,0.9989921450614928,1
multiclass_table6_valence_3class,Table-6 Valence,subject_loo,GNN,GNN_v2,s_P30,results/quick_v1_v2_comparison/2026-06-03_09-24-45/model_runs/2026-06-03_13-48-09,results/quick_v1_v2_comparison/2026-06-03_09-24-45/model_runs/2026-06-03_13-48-09/multiclass_table6_valence_3class_emotion-elicitation_2026-06-03_15-04-16,results/quick_v1_v2_comparison/2026-06-03_09-24-45/model_runs/2026-06-03_13-48-09/multiclass_table6_valence_3class_emotion-elicitation_2026-06-03_15-04-16/subject_loo/s_P30/gnn_fold_diagnostics.csv,train,0.0437815822660923,0.6923115849494934,-1.6550947427749634,2.6404311656951904,4.295525908470154,0.9092755913734436,0.1630322635173797,0.2070354968309402,1.0985534191131592,0.4450223743915558,0.3027783036231994,10000,0.9999998807907104,5.9385023121194536e-08,0.9999998211860656,1.0,1.0,6.106608196887464e-08,0.9999998211860656,1.0,0.674432098865509,0.2819350361824035,-1.0,1.0,0.1690617054700851,0.0239842310547828,0.1245825588703155,1.0,38,0.9146431088447572,1
multiclass_table6_valence_3class,Table-6 Valence,subject_loo,GNN,GNN_v2,s_P30,results/quick_v1_v2_comparison/2026-06-03_09-24-45/model_runs/2026-06-03_13-48-09,results/quick_v1_v2_comparison/2026-06-03_09-24-45/model_runs/2026-06-03_13-48-09/multiclass_table6_valence_3class_emotion-elicitation_2026-06-03_15-04-16,results/quick_v1_v2_comparison/2026-06-03_09-24-45/model_runs/2026-06-03_13-48-09/multiclass_table6_valence_3class_emotion-elicitation_2026-06-03_15-04-16/subject_loo/s_P30/gnn_fold_diagnostics.csv,val,0.0508712269365787,0.7325090169906616,-1.4709794521331787,2.384389638900757,3.855369091033936,0.8909080624580383,0.1664366424083709,0.2765272855758667,1.098597764968872,0.388742983341217,0.368096113204956,115440,1.0,6.08898389486967e-08,0.9999998211860656,1.0,1.0,6.161753418609807e-08,0.9999998211860656,1.0,0.685047447681427,0.2837925851345062,-1.0,1.0,0.1697492450475692,0.0268933121114969,0.1092339009046554,1.0,38,0.9146431088447572,1
multiclass_table6_valence_3class,Table-6 Valence,subject_loo,GNN,GNN_v2,s_P30,results/quick_v1_v2_comparison/2026-06-03_09-24-45/model_runs/2026-06-03_13-48-09,results/quick_v1_v2_comparison/2026-06-03_09-24-45/model_runs/2026-06-03_13-48-09/multiclass_table6_valence_3class_emotion-elicitation_2026-06-03_15-04-16,results/quick_v1_v2_comparison/2026-06-03_09-24-45/model_runs/2026-06-03_13-48-09/multiclass_table6_valence_3class_emotion-elicitation_2026-06-03_15-04-16/subject_loo/s_P30/gnn_fold_diagnostics.csv,test,0.0195798594504594,0.7085152864456177,-1.368333339691162,2.443636417388916,3.811969757080078,0.876473069190979,0.179679125547409,0.2356130927801132,1.0981123447418213,0.3231126964092254,0.5310852527618408,25425,0.9999999403953552,3.810741056042843e-09,0.9999998211860656,1.0,0.9999999403953552,5.975844263872432e-09,0.9999998211860656,0.9999999403953552,0.662126898765564,0.2874950170516968,-0.9999998807907104,1.0,0.1685791909694671,0.0207401029765605,0.1436473876237869,1.0,38,0.9146431088447572,1
multiclass_table6_valence_3class,Table-6 Valence,subject_loo,GNN,GNN_v2,s_P4,results/quick_v1_v2_comparison/2026-06-03_09-24-45/model_runs/2026-06-03_13-48-09,results/quick_v1_v2_comparison/2026-06-03_09-24-45/model_runs/2026-06-03_13-48-09/multiclass_table6_valence_3class_emotion-elicitation_2026-06-03_15-04-16,results/quick_v1_v2_comparison/2026-06-03_09-24-45/model_runs/2026-06-03_13-48-09/multiclass_table6_valence_3class_emotion-elicitation_2026-06-03_15-04-16/subject_loo/s_P4/gnn_fold_diagnostics.csv,train,-0.1612488478422165,0.5986264944076538,-1.760491132736206,1.6136806011199951,3.374171733856201,0.9474414587020874,0.1190561577677726,0.4741230607032776,1.0985865592956543,0.4889640212059021,0.2628553211688995,10000,-1.0,0.0,-1.0,-1.0,-0.9999773502349854,0.0067298263311386,-1.0,1.0,0.6746059656143188,0.2815377712249756,0.1110297963023185,1.0,-0.1690414547920227,0.0244667083024978,-1.0,0.9999986290931702,29,0.9525420665740968,1
multiclass_table6_valence_3class,Table-6 Valence,subject_loo,GNN,GNN_v2,s_P4,results/quick_v1_v2_comparison/2026-06-03_09-24-45/model_runs/2026-06-03_13-48-09,results/quick_v1_v2_comparison/2026-06-03_09-24-45/model_runs/2026-06-03_13-48-09/multiclass_table6_valence_3class_emotion-elicitation_2026-06-03_15-04-16,results/quick_v1_v2_comparison/2026-06-03_09-24-45/model_runs/2026-06-03_13-48-09/multiclass_table6_valence_3class_emotion-elicitation_2026-06-03_15-04-16/subject_loo/s_P4/gnn_fold_diagnostics.csv,val,-0.1486598551273346,0.6515215635299683,-1.693939447402954,1.587031006813049,3.2809704542160034,0.920718789100647,0.1152490600943565,0.4885814189910888,1.0970183610916138,0.4293214976787567,0.3543716967105865,91806,-1.0,0.0,-1.0,-1.0,-0.999971866607666,0.0075042280368506,-1.0,1.0,0.6769698262214661,0.2806272506713867,0.1426776796579361,1.0,-0.1697653532028198,0.0259107518941164,-1.0,0.0271922517567873,29,0.9525420665740968,1
multiclass_table6_valence_3class,Table-6 Valence,subject_loo,GNN,GNN_v2,s_P4,results/quick_v1_v2_comparison/2026-06-03_09-24-45/model_runs/2026-06-03_13-48-09,results/quick_v1_v2_comparison/2026-06-03_09-24-45/model_runs/2026-06-03_13-48-09/multiclass_table6_valence_3class_emotion-elicitation_2026-06-03_15-04-16,results/quick_v1_v2_comparison/2026-06-03_09-24-45/model_runs/2026-06-03_13-48-09/multiclass_table6_valence_3class_emotion-elicitation_2026-06-03_15-04-16/subject_loo/s_P4/gnn_fold_diagnostics.csv,test,-0.1786271929740905,0.6503057479858398,-1.6358743906021118,1.4288785457611084,3.06475293636322,0.93168306350708,0.118921548128128,0.5403544306755066,1.0983009338378906,0.3731558918952942,0.395728588104248,31375,-1.0,0.0,-1.0,-1.0,-0.999984085559845,0.0056442702189087,-1.0,1.0,0.6843826174736023,0.2762323915958404,0.1249799355864524,1.0,-0.1690208464860916,0.024435942992568,-1.0,0.2060519009828567,29,0.9525420665740968,1
multiclass_table6_valence_3class,Table-6 Valence,subject_loo,GNN,GNN_v2,s_P5,results/quick_v1_v2_comparison/2026-06-03_09-24-45/model_runs/2026-06-03_13-48-09,results/quick_v1_v2_comparison/2026-06-03_09-24-45/model_runs/2026-06-03_13-48-09/multiclass_table6_valence_3class_emotion-elicitation_2026-06-03_15-04-16,results/quick_v1_v2_comparison/2026-06-03_09-24-45/model_runs/2026-06-03_13-48-09/multiclass_table6_valence_3class_emotion-elicitation_2026-06-03_15-04-16/subject_loo/s_P5/gnn_fold_diagnostics.csv,train,0.015446338802576,0.5494339466094971,-1.5025684833526611,1.739105224609375,3.241673707962036,0.9682417511940002,0.100899763405323,0.5049679279327393,1.0985621213912964,0.4814406633377075,0.3069327473640442,10000,0.9999935626983644,0.0035822796635329,-1.0,1.0,0.999929428100586,0.0118808895349502,-1.0,1.0,0.6741889119148254,0.2896783947944641,-0.9999999403953552,0.9999999403953552,-0.1692100018262863,0.0249525066465139,-1.0,-0.0604002065956592,21,0.9212675094604492,1
multiclass_table6_valence_3class,Table-6 Valence,subject_loo,GNN,GNN_v2,s_P5,results/quick_v1_v2_comparison/2026-06-03_09-24-45/model_runs/2026-06-03_13-48-09,results/quick_v1_v2_comparison/2026-06-03_09-24-45/model_runs/2026-06-03_13-48-09/multiclass_table6_valence_3class_emotion-elicitation_2026-06-03_15-04-16,results/quick_v1_v2_comparison/2026-06-03_09-24-45/model_runs/2026-06-03_13-48-09/multiclass_table6_valence_3class_emotion-elicitation_2026-06-03_15-04-16/subject_loo/s_P5/gnn_fold_diagnostics.csv,val,-0.0154691971838474,0.5157564878463745,-1.335212230682373,1.7024630308151243,3.0376752614974976,0.9838170409202576,0.0894282311201095,0.5546404719352722,1.0979692935943604,0.4219894111156463,0.3937010169029236,82621,0.9999907612800598,0.0043001007288694,-0.9999999403953552,1.0,0.9999722838401794,0.0074479584582149,-0.9999999403953552,1.0,0.6619459390640259,0.2946069538593292,-0.9999999403953552,0.9999999403953552,-0.1685408800840377,0.0211697667837142,-1.0,-0.1206890642642974,21,0.9212675094604492,1
multiclass_table6_valence_3class,Table-6 Valence,subject_loo,GNN,GNN_v2,s_P5,results/quick_v1_v2_comparison/2026-06-03_09-24-45/model_runs/2026-06-03_13-48-09,results/quick_v1_v2_comparison/2026-06-03_09-24-45/model_runs/2026-06-03_13-48-09/multiclass_table6_valence_3class_emotion-elicitation_2026-06-03_15-04-16,results/quick_v1_v2_comparison/2026-06-03_09-24-45/model_runs/2026-06-03_13-48-09/multiclass_table6_valence_3class_emotion-elicitation_2026-06-03_15-04-16/subject_loo/s_P5/gnn_fold_diagnostics.csv,test,0.0040032556280493,0.4713160693645477,-1.058470606803894,1.6223078966140747,2.6807785034179688,0.9989627599716188,0.0938839688897132,0.5707533955574036,1.0982719659805298,0.3605376780033111,0.4415041208267212,37675,1.0,1.5475097592254627e-10,0.9999999403953552,1.0,0.9999595284461976,0.0089937234297394,-1.0,1.0,0.681812047958374,0.2857119441032409,-0.9999997615814208,0.9999999403953552,-0.1684169918298721,0.0215192344039678,-1.0,-0.1313735693693161,21,0.9212675094604492,1
multiclass_table6_valence_3class,Table-6 Valence,subject_loo,GNN,GNN_v2,s_P7,results/quick_v1_v2_comparison/2026-06-03_09-24-45/model_runs/2026-06-03_13-48-09,results/quick_v1_v2_comparison/2026-06-03_09-24-45/model_runs/2026-06-03_13-48-09/multiclass_table6_valence_3class_emotion-elicitation_2026-06-03_15-04-16,results/quick_v1_v2_comparison/2026-06-03_09-24-45/model_runs/2026-06-03_13-48-09/multiclass_table6_valence_3class_emotion-elicitation_2026-06-03_15-04-16/subject_loo/s_P7/gnn_fold_diagnostics.csv,train,0.0828316956758499,0.1501532644033432,-0.4441499710083008,0.5081329345703125,0.9522829055786132,1.0880972146987915,0.0095144659280776,1.049521803855896,1.098609209060669,0.3308993875980377,0.4505824744701385,10000,-1.0,0.0,-1.0,-1.0,-1.0,0.0,-1.0,-1.0,-0.6742441654205322,0.281686395406723,-1.0,-0.1108074337244033,-0.1689587384462356,0.0234423819929361,-1.0,-0.1313433051109314,1,1.1185527443885803,1
multiclass_table6_valence_3class,Table-6 Valence,subject_loo,GNN,GNN_v2,s_P7,results/quick_v1_v2_comparison/2026-06-03_09-24-45/model_runs/2026-06-03_13-48-09,results/quick_v1_v2_comparison/2026-06-03_09-24-45/model_runs/2026-06-03_13-48-09/multiclass_table6_valence_3class_emotion-elicitation_2026-06-03_15-04-16,results/quick_v1_v2_comparison/2026-06-03_09-24-45/model_runs/2026-06-03_13-48-09/multiclass_table6_valence_3class_emotion-elicitation_2026-06-03_15-04-16/subject_loo/s_P7/gnn_fold_diagnostics.csv,val,0.1113073080778122,0.1750814616680145,-0.2641884684562683,0.4873709380626678,0.7515594065189362,1.083607196807861,0.011977938003838,1.0537054538726809,1.0986095666885376,0.3145887553691864,0.5473190546035767,108811,-1.0,0.0,-1.0,-1.0,-1.0,0.0,-1.0,-1.0,-0.6770576238632202,0.2796289026737213,-1.0,-0.1110030934214592,-0.1699143946170807,0.0274641402065753,-1.0,-0.1379030793905258,1,1.1185527443885803,1
multiclass_table6_valence_3class,Table-6 Valence,subject_loo,GNN,GNN_v2,s_P7,results/quick_v1_v2_comparison/2026-06-03_09-24-45/model_runs/2026-06-03_13-48-09,results/quick_v1_v2_comparison/2026-06-03_09-24-45/model_runs/2026-06-03_13-48-09/multiclass_table6_valence_3class_emotion-elicitation_2026-06-03_15-04-16,results/quick_v1_v2_comparison/2026-06-03_09-24-45/model_runs/2026-06-03_13-48-09/multiclass_table6_valence_3class_emotion-elicitation_2026-06-03_15-04-16/subject_loo/s_P7/gnn_fold_diagnostics.csv,test,0.0583498142659664,0.1466394513845443,-0.4610171914100647,0.4551377892494201,0.9161549806594848,1.088711142539978,0.009491161443293,1.051758885383606,1.0985932350158691,0.2570926249027252,0.5577315092086792,26335,-1.0,0.0,-1.0,-1.0,-1.0,0.0,-1.0,-1.0,-0.6924387812614441,0.2747725248336792,-1.0,-0.1600261032581329,-0.1705400198698043,0.0293376296758651,-1.0,-0.1326338797807693,1,1.1185527443885803,1
multiclass_table6_valence_3class,Table-6 Valence,subject_loo,GNN,GNN_v2,s_P8,results/quick_v1_v2_comparison/2026-06-03_09-24-45/model_runs/2026-06-03_13-48-09,results/quick_v1_v2_comparison/2026-06-03_09-24-45/model_runs/2026-06-03_13-48-09/multiclass_table6_valence_3class_emotion-elicitation_2026-06-03_15-04-16,results/quick_v1_v2_comparison/2026-06-03_09-24-45/model_runs/2026-06-03_13-48-09/multiclass_table6_valence_3class_emotion-elicitation_2026-06-03_15-04-16/subject_loo/s_P8/gnn_fold_diagnostics.csv,train,0.0532083883881568,0.6888198852539062,-1.5982805490493774,2.5694739818573,4.167754530906677,0.90572190284729,0.1623505651950836,0.2597019672393799,1.0985586643218994,0.4534227848052978,0.2717982828617096,10000,-0.9999998807907104,5.89277746598782e-08,-1.0,-0.9999998807907104,-0.9999998807907104,2.0289096624992453e-08,-1.0,-0.9999998807907104,0.678274393081665,0.2798173725605011,0.1110454201698303,1.0,-0.1691007763147354,0.0241055693477392,-1.0,-0.1574869751930236,36,0.9241425395011902,1
multiclass_table6_valence_3class,Table-6 Valence,subject_loo,GNN,GNN_v2,s_P8,results/quick_v1_v2_comparison/2026-06-03_09-24-45/model_runs/2026-06-03_13-48-09,results/quick_v1_v2_comparison/2026-06-03_09-24-45/model_runs/2026-06-03_13-48-09/multiclass_table6_valence_3class_emotion-elicitation_2026-06-03_15-04-16,results/quick_v1_v2_comparison/2026-06-03_09-24-45/model_runs/2026-06-03_13-48-09/multiclass_table6_valence_3class_emotion-elicitation_2026-06-03_15-04-16/subject_loo/s_P8/gnn_fold_diagnostics.csv,val,0.0965458527207374,0.6066213846206665,-1.1781339645385742,2.4664900302886963,3.6446239948272714,0.9368643760681152,0.1502862870693206,0.2829518914222717,1.0978691577911377,0.3225579857826233,0.518462598323822,96580,-0.9999999403953552,7.800744938890602e-09,-1.0,-0.9999998807907104,-0.9999999403953552,5.715055806376768e-08,-0.9999999403953552,-0.9999998807907104,0.6557819247245789,0.2898592352867126,0.0841358378529548,1.0,-0.16884346306324,0.0218296330422163,-1.0,-0.1612200140953064,36,0.9241425395011902,1
multiclass_table6_valence_3class,Table-6 Valence,subject_loo,GNN,GNN_v2,s_P8,results/quick_v1_v2_comparison/2026-06-03_09-24-45/model_runs/2026-06-03_13-48-09,results/quick_v1_v2_comparison/2026-06-03_09-24-45/model_runs/2026-06-03_13-48-09/multiclass_table6_valence_3class_emotion-elicitation_2026-06-03_15-04-16,results/quick_v1_v2_comparison/2026-06-03_09-24-45/model_runs/2026-06-03_13-48-09/multiclass_table6_valence_3class_emotion-elicitation_2026-06-03_15-04-16/subject_loo/s_P8/gnn_fold_diagnostics.csv,test,0.057244636118412,0.6579819917678833,-1.4761784076690674,2.476640224456787,3.9528186321258554,0.92681622505188,0.1793884336948394,0.2724791467189789,1.0962895154953003,0.3279910087585449,0.4624703526496887,23871,-0.9999999403953552,7.552095837581874e-09,-0.9999999403953552,-0.9999998807907104,-0.9999999403953552,5.7217601323600327e-08,-1.0,-0.9999998807907104,0.6568580269813538,0.2906279861927032,0.1109990924596786,1.0,-0.1697734892368316,0.0271010119467973,-1.0,-0.1590531170368194,36,0.9241425395011902,1
multiclass_table6_valence_3class,Table-6 Valence,recording_loo,GNN,GNN_v2,r_107.avi,results/quick_v1_v2_comparison/2026-06-03_09-24-45/model_runs/2026-06-03_13-48-09,results/quick_v1_v2_comparison/2026-06-03_09-24-45/model_runs/2026-06-03_13-48-09/multiclass_table6_valence_3class_emotion-elicitation_2026-06-03_15-04-16,results/quick_v1_v2_comparison/2026-06-03_09-24-45/model_runs/2026-06-03_13-48-09/multiclass_table6_valence_3class_emotion-elicitation_2026-06-03_15-04-16/recording_loo/r_107.avi/gnn_fold_diagnostics.csv,train,0.0221835356205701,0.2172114998102188,-0.543240487575531,0.8491553664207458,1.3923958539962769,1.0774561166763306,0.0249311495572328,0.9699832797050476,1.098607897758484,0.4309503436088562,0.3414784073829651,10000,1.0,0.0,1.0,1.0,1.0,0.0,1.0,1.0,-0.6755262613296509,0.2868098616600036,-1.0,0.99994957447052,0.1689520180225372,0.0266403090208768,-0.9999999403953552,0.9999999403953552,2,1.0701802968978882,1
multiclass_table6_valence_3class,Table-6 Valence,recording_loo,GNN,GNN_v2,r_107.avi,results/quick_v1_v2_comparison/2026-06-03_09-24-45/model_runs/2026-06-03_13-48-09,results/quick_v1_v2_comparison/2026-06-03_09-24-45/model_runs/2026-06-03_13-48-09/multiclass_table6_valence_3class_emotion-elicitation_2026-06-03_15-04-16,results/quick_v1_v2_comparison/2026-06-03_09-24-45/model_runs/2026-06-03_13-48-09/multiclass_table6_valence_3class_emotion-elicitation_2026-06-03_15-04-16/recording_loo/r_107.avi/gnn_fold_diagnostics.csv,val,0.056546926498413,0.2555467784404754,-0.5202639698982239,0.8133078217506409,1.3335717916488647,1.0674341917037964,0.0298162996768951,0.9738447070121764,1.098438024520874,0.4143579006195068,0.3938829302787781,201295,1.0,0.0,1.0,1.0,1.0,0.0,1.0,1.0,-0.6737162470817566,0.28739994764328,-1.0,-0.0060358606278896,0.1684597134590149,0.0271340236067771,-0.9999996423721312,0.9999999403953552,2,1.0701802968978882,1
multiclass_table6_valence_3class,Table-6 Valence,recording_loo,GNN,GNN_v2,r_107.avi,results/quick_v1_v2_comparison/2026-06-03_09-24-45/model_runs/2026-06-03_13-48-09,results/quick_v1_v2_comparison/2026-06-03_09-24-45/model_runs/2026-06-03_13-48-09/multiclass_table6_valence_3class_emotion-elicitation_2026-06-03_15-04-16,results/quick_v1_v2_comparison/2026-06-03_09-24-45/model_runs/2026-06-03_13-48-09/multiclass_table6_valence_3class_emotion-elicitation_2026-06-03_15-04-16/recording_loo/r_107.avi/gnn_fold_diagnostics.csv,test,0.0575094632804393,0.2451039552688598,-0.4795279800891876,0.7910839915275574,1.270611971616745,1.0703086853027344,0.0287278927862644,0.9772279262542723,1.0986000299453735,0.4170489311218261,0.3752536475658417,12403,1.0,0.0,1.0,1.0,1.0,0.0,1.0,1.0,-0.6751255989074707,0.2861049771308899,-1.0,-0.0109189441427588,0.1695409268140792,0.0317486226558685,-0.9999999403953552,0.9999999403953552,2,1.0701802968978882,1
multiclass_table6_valence_3class,Table-6 Valence,recording_loo,GNN,GNN_v2,r_111.avi,results/quick_v1_v2_comparison/2026-06-03_09-24-45/model_runs/2026-06-03_13-48-09,results/quick_v1_v2_comparison/2026-06-03_09-24-45/model_runs/2026-06-03_13-48-09/multiclass_table6_valence_3class_emotion-elicitation_2026-06-03_15-04-16,results/quick_v1_v2_comparison/2026-06-03_09-24-45/model_runs/2026-06-03_13-48-09/multiclass_table6_valence_3class_emotion-elicitation_2026-06-03_15-04-16/recording_loo/r_111.avi/gnn_fold_diagnostics.csv,train,-0.0494248904287815,0.8317643404006958,-2.590989351272583,3.0368452072143555,5.6278345584869385,0.8407071232795715,0.1912795156240463,0.0739525109529495,1.0985877513885498,0.4403055608272552,0.2705157101154327,10000,0.9999422430992126,0.0107486797496676,-0.9999998211860656,0.9999999403953552,0.9999998807907104,4.0937660372719626e-08,0.9999982118606568,0.9999999403953552,0.6743547916412354,0.2855289876461029,-1.0,1.0,0.1690255105495453,0.0269446745514869,-0.9999999403953552,0.9999999403953552,95,0.7226782639821371,1
multiclass_table6_valence_3class,Table-6 Valence,recording_loo,GNN,GNN_v2,r_111.avi,results/quick_v1_v2_comparison/2026-06-03_09-24-45/model_runs/2026-06-03_13-48-09,results/quick_v1_v2_comparison/2026-06-03_09-24-45/model_runs/2026-06-03_13-48-09/multiclass_table6_valence_3class_emotion-elicitation_2026-06-03_15-04-16,results/quick_v1_v2_comparison/2026-06-03_09-24-45/model_runs/2026-06-03_13-48-09/multiclass_table6_valence_3class_emotion-elicitation_2026-06-03_15-04-16/recording_loo/r_111.avi/gnn_fold_diagnostics.csv,val,-0.1584003716707229,1.2008308172225952,-2.497807502746582,3.007784366607666,5.505591869354248,0.685246467590332,0.3261380791664123,0.0790556818246841,1.0967806577682495,0.4040203988552093,0.3214325308799743,134421,0.999930202960968,0.011810720898211,-0.9999997615814208,0.9999999403953552,0.9999999403953552,4.264044051183191e-08,0.9999996423721312,0.9999999403953552,0.6674472689628601,0.2884767055511474,-1.0,1.0,0.169106513261795,0.0288637448102235,-0.5052244663238525,0.9999999403953552,95,0.7226782639821371,1
multiclass_table6_valence_3class,Table-6 Valence,recording_loo,GNN,GNN_v2,r_111.avi,results/quick_v1_v2_comparison/2026-06-03_09-24-45/model_runs/2026-06-03_13-48-09,results/quick_v1_v2_comparison/2026-06-03_09-24-45/model_runs/2026-06-03_13-48-09/multiclass_table6_valence_3class_emotion-elicitation_2026-06-03_15-04-16,results/quick_v1_v2_comparison/2026-06-03_09-24-45/model_runs/2026-06-03_13-48-09/multiclass_table6_valence_3class_emotion-elicitation_2026-06-03_15-04-16/recording_loo/r_111.avi/gnn_fold_diagnostics.csv,test,-0.0563805773854255,0.7691011428833008,-2.3417892456054688,1.995017409324646,4.336806654930115,0.8708204030990601,0.1587588191032409,0.3815436363220215,1.0975466966629028,0.4206335246562958,0.2679416835308075,54615,0.9999999403953552,1.3687744271351221e-08,0.9999971389770508,0.9999999403953552,0.9999999403953552,4.3024407148095634e-08,0.999999701976776,0.9999999403953552,0.6729699969291687,0.2877504825592041,-1.0,1.0,0.1684896349906921,0.0255456864833831,-0.9999999403953552,0.9999999403953552,95,0.7226782639821371,1
multiclass_table6_valence_3class,Table-6 Valence,recording_loo,GNN,GNN_v2,r_138.avi,results/quick_v1_v2_comparison/2026-06-03_09-24-45/model_runs/2026-06-03_13-48-09,results/quick_v1_v2_comparison/2026-06-03_09-24-45/model_runs/2026-06-03_13-48-09/multiclass_table6_valence_3class_emotion-elicitation_2026-06-03_15-04-16,results/quick_v1_v2_comparison/2026-06-03_09-24-45/model_runs/2026-06-03_13-48-09/multiclass_table6_valence_3class_emotion-elicitation_2026-06-03_15-04-16/recording_loo/r_138.avi/gnn_fold_diagnostics.csv,train,0.0197714231908321,0.30169677734375,-0.7949038743972778,0.8143050074577332,1.609208881855011,1.0575193166732788,0.0442925654351711,0.902106523513794,1.098601460456848,0.4043091237545013,0.3909313678741455,10000,1.0,9.874683709609755e-11,0.9999999403953552,1.0,1.0,3.3728467241367355e-10,0.9999996423721312,1.0,-0.6749423146247864,0.2812734544277191,-1.0,-0.110933594405651,-0.1690994799137115,0.0243311487138271,-1.0,0.9999995231628418,4,1.0437930822372437,1
multiclass_table6_valence_3class,Table-6 Valence,recording_loo,GNN,GNN_v2,r_138.avi,results/quick_v1_v2_comparison/2026-06-03_09-24-45/model_runs/2026-06-03_13-48-09,results/quick_v1_v2_comparison/2026-06-03_09-24-45/model_runs/2026-06-03_13-48-09/multiclass_table6_valence_3class_emotion-elicitation_2026-06-03_15-04-16,results/quick_v1_v2_comparison/2026-06-03_09-24-45/model_runs/2026-06-03_13-48-09/multiclass_table6_valence_3class_emotion-elicitation_2026-06-03_15-04-16/recording_loo/r_138.avi/gnn_fold_diagnostics.csv,val,0.0318568758666515,0.2703718245029449,-0.7821687459945679,0.7368895411491394,1.5190582871437073,1.0665817260742188,0.0346273444592952,0.9203172326087952,1.0986104011535645,0.3449508547782898,0.4713770151138305,64620,1.0,0.0,1.0,1.0,1.0,0.0,1.0,1.0,-0.6823217272758484,0.2780255973339081,-1.0,-0.142754465341568,-0.169498324394226,0.0263535398989915,-1.0,0.6509517431259155,4,1.0437930822372437,1
multiclass_table6_valence_3class,Table-6 Valence,recording_loo,GNN,GNN_v2,r_138.avi,results/quick_v1_v2_comparison/2026-06-03_09-24-45/model_runs/2026-06-03_13-48-09,results/quick_v1_v2_comparison/2026-06-03_09-24-45/model_runs/2026-06-03_13-48-09/multiclass_table6_valence_3class_emotion-elicitation_2026-06-03_15-04-16,results/quick_v1_v2_comparison/2026-06-03_09-24-45/model_runs/2026-06-03_13-48-09/multiclass_table6_valence_3class_emotion-elicitation_2026-06-03_15-04-16/recording_loo/r_138.avi/gnn_fold_diagnostics.csv,test,0.0113227432593703,0.3142432272434234,-0.7548904418945312,0.7320441603660583,1.4869346022605896,1.054181456565857,0.0442922078073024,0.9184967279434204,1.098449468612671,0.3960497379302978,0.3974581360816955,60378,1.0,0.0,1.0,1.0,1.0,0.0,1.0,1.0,-0.6723697185516357,0.2837255597114563,-1.0,-0.1248955205082893,-0.1687069237232208,0.0220129825174808,-1.0,0.3587729334831238,4,1.0437930822372437,1
multiclass_table6_valence_3class,Table-6 Valence,recording_loo,GNN,GNN_v2,r_146.avi,results/quick_v1_v2_comparison/2026-06-03_09-24-45/model_runs/2026-06-03_13-48-09,results/quick_v1_v2_comparison/2026-06-03_09-24-45/model_runs/2026-06-03_13-48-09/multiclass_table6_valence_3class_emotion-elicitation_2026-06-03_15-04-16,results/quick_v1_v2_comparison/2026-06-03_09-24-45/model_runs/2026-06-03_13-48-09/multiclass_table6_valence_3class_emotion-elicitation_2026-06-03_15-04-16/recording_loo/r_146.avi/gnn_fold_diagnostics.csv,train,0.02035310305655,0.5679444074630737,-1.3756272792816162,1.8480026721954343,3.223629951477051,0.9609423875808716,0.0945741683244705,0.5622527599334717,1.0985689163208008,0.4427913427352905,0.3537425994873047,10000,-1.0,5.520301549211126e-09,-1.0,-0.9999999403953552,-1.0,6.222274695488751e-09,-1.0,-0.9999999403953552,0.675849974155426,0.2810916304588318,0.1105873882770538,1.0,-0.1690948605537414,0.0241170953959226,-1.0,-0.0727404356002807,23,0.9794062972068788,1
multiclass_table6_valence_3class,Table-6 Valence,recording_loo,GNN,GNN_v2,r_146.avi,results/quick_v1_v2_comparison/2026-06-03_09-24-45/model_runs/2026-06-03_13-48-09,results/quick_v1_v2_comparison/2026-06-03_09-24-45/model_runs/2026-06-03_13-48-09/multiclass_table6_valence_3class_emotion-elicitation_2026-06-03_15-04-16,results/quick_v1_v2_comparison/2026-06-03_09-24-45/model_runs/2026-06-03_13-48-09/multiclass_table6_valence_3class_emotion-elicitation_2026-06-03_15-04-16/recording_loo/r_146.avi/gnn_fold_diagnostics.csv,val,0.0263144969940185,0.54078608751297,-1.329249143600464,1.706669569015503,3.035918712615967,0.966166079044342,0.1163180395960807,0.5409080982208252,1.0981459617614746,0.4388317465782165,0.3268689513206482,126253,-1.0,5.852069495659862e-09,-1.0,-0.9999999403953552,-1.0,6.635470395366383e-09,-1.0,-0.9999999403953552,0.6701046824455261,0.2827504873275757,0.1106880232691764,1.0,-0.1691742688417434,0.0246695131063461,-1.0,-0.0759261101484298,23,0.9794062972068788,1
multiclass_table6_valence_3class,Table-6 Valence,recording_loo,GNN,GNN_v2,r_146.avi,results/quick_v1_v2_comparison/2026-06-03_09-24-45/model_runs/2026-06-03_13-48-09,results/quick_v1_v2_comparison/2026-06-03_09-24-45/model_runs/2026-06-03_13-48-09/multiclass_table6_valence_3class_emotion-elicitation_2026-06-03_15-04-16,results/quick_v1_v2_comparison/2026-06-03_09-24-45/model_runs/2026-06-03_13-48-09/multiclass_table6_valence_3class_emotion-elicitation_2026-06-03_15-04-16/recording_loo/r_146.avi/gnn_fold_diagnostics.csv,test,-0.0241020862013101,0.5158599019050598,-1.2844898700714111,1.1368087530136108,2.421298623085022,0.9854139685630798,0.0785668566823005,0.7786503434181213,1.0980890989303589,0.3735568523406982,0.4440238773822784,36046,-1.0,6.292591780976409e-09,-1.0,-0.9999999403953552,-1.0,6.824461440402274e-09,-1.0,-0.9999999403953552,0.6758079528808594,0.2802581489086151,0.1426867097616195,1.0,-0.1691465973854065,0.0246266312897205,-1.0,-0.0779633820056915,23,0.9794062972068788,1
multiclass_table6_valence_3class,Table-6 Valence,recording_loo,GNN,GNN_v2,r_30.avi,results/quick_v1_v2_comparison/2026-06-03_09-24-45/model_runs/2026-06-03_13-48-09,results/quick_v1_v2_comparison/2026-06-03_09-24-45/model_runs/2026-06-03_13-48-09/multiclass_table6_valence_3class_emotion-elicitation_2026-06-03_15-04-16,results/quick_v1_v2_comparison/2026-06-03_09-24-45/model_runs/2026-06-03_13-48-09/multiclass_table6_valence_3class_emotion-elicitation_2026-06-03_15-04-16/recording_loo/r_30.avi/gnn_fold_diagnostics.csv,train,0.0045071258209645,0.1685694009065628,-0.6515704393386841,0.4058799147605896,1.0574503540992737,1.0888060331344604,0.0093441596254706,1.0397379398345947,1.0986106395721436,0.3844960033893585,0.4039545953273773,10000,1.0,0.0,1.0,1.0,1.0,0.0,1.0,1.0,0.6755706071853638,0.2812450230121612,-1.0,1.0,-0.1690866649150848,0.0244591869413852,-1.0,-0.0806249380111694,1,1.0638441443443298,1
multiclass_table6_valence_3class,Table-6 Valence,recording_loo,GNN,GNN_v2,r_30.avi,results/quick_v1_v2_comparison/2026-06-03_09-24-45/model_runs/2026-06-03_13-48-09,results/quick_v1_v2_comparison/2026-06-03_09-24-45/model_runs/2026-06-03_13-48-09/multiclass_table6_valence_3class_emotion-elicitation_2026-06-03_15-04-16,results/quick_v1_v2_comparison/2026-06-03_09-24-45/model_runs/2026-06-03_13-48-09/multiclass_table6_valence_3class_emotion-elicitation_2026-06-03_15-04-16/recording_loo/r_30.avi/gnn_fold_diagnostics.csv,val,-0.0100491717457771,0.182767853140831,-0.5297097563743591,0.4290688335895538,0.958778589963913,1.087182641029358,0.009908546693623,1.0543444156646729,1.0985759496688845,0.4080630540847778,0.3896736800670624,127765,1.0,0.0,1.0,1.0,1.0,0.0,1.0,1.0,0.6731586456298828,0.282789796590805,-1.0,1.0,-0.1690750271081924,0.0242006126791238,-1.0,-0.0908688977360725,1,1.0638441443443298,1
multiclass_table6_valence_3class,Table-6 Valence,recording_loo,GNN,GNN_v2,r_30.avi,results/quick_v1_v2_comparison/2026-06-03_09-24-45/model_runs/2026-06-03_13-48-09,results/quick_v1_v2_comparison/2026-06-03_09-24-45/model_runs/2026-06-03_13-48-09/multiclass_table6_valence_3class_emotion-elicitation_2026-06-03_15-04-16,results/quick_v1_v2_comparison/2026-06-03_09-24-45/model_runs/2026-06-03_13-48-09/multiclass_table6_valence_3class_emotion-elicitation_2026-06-03_15-04-16/recording_loo/r_30.avi/gnn_fold_diagnostics.csv,test,-0.0268553905189037,0.2180809080600738,-0.6241233348846436,0.343156486749649,0.9672798216342926,1.0789413452148438,0.0145785855129361,1.0335025787353516,1.0984114408493042,0.4103589653968811,0.4259582459926605,20910,1.0,0.0,1.0,1.0,1.0,0.0,1.0,1.0,0.6729269027709961,0.2823870480060577,-0.9999998807907104,1.0,-0.1696221083402633,0.0270396843552589,-1.0,-0.1214216202497482,1,1.0638441443443298,1
multiclass_table6_valence_3class,Table-6 Valence,recording_loo,GNN,GNN_v2,r_52.avi,results/quick_v1_v2_comparison/2026-06-03_09-24-45/model_runs/2026-06-03_13-48-09,results/quick_v1_v2_comparison/2026-06-03_09-24-45/model_runs/2026-06-03_13-48-09/multiclass_table6_valence_3class_emotion-elicitation_2026-06-03_15-04-16,results/quick_v1_v2_comparison/2026-06-03_09-24-45/model_runs/2026-06-03_13-48-09/multiclass_table6_valence_3class_emotion-elicitation_2026-06-03_15-04-16/recording_loo/r_52.avi/gnn_fold_diagnostics.csv,train,-0.0078928247094154,0.3271418809890747,-0.8232499361038208,0.9358060956001282,1.759056031703949,1.0520910024642944,0.0386268906295299,0.9167497158050536,1.0985755920410156,0.4166585803031921,0.3491215705871582,10000,1.0,0.0,1.0,1.0,1.0,0.0,1.0,1.0,-0.6749053001403809,0.281608372926712,-1.0,-0.0920343846082687,-0.1691410541534423,0.0242725778371095,-1.0,-0.1276690363883972,3,1.0552101532618203,1
multiclass_table6_valence_3class,Table-6 Valence,recording_loo,GNN,GNN_v2,r_52.avi,results/quick_v1_v2_comparison/2026-06-03_09-24-45/model_runs/2026-06-03_13-48-09,results/quick_v1_v2_comparison/2026-06-03_09-24-45/model_runs/2026-06-03_13-48-09/multiclass_table6_valence_3class_emotion-elicitation_2026-06-03_15-04-16,results/quick_v1_v2_comparison/2026-06-03_09-24-45/model_runs/2026-06-03_13-48-09/multiclass_table6_valence_3class_emotion-elicitation_2026-06-03_15-04-16/recording_loo/r_52.avi/gnn_fold_diagnostics.csv,val,0.0151010770350694,0.359785795211792,-0.7999438643455505,0.9072648882865906,1.7072087526321411,1.039595127105713,0.0441839583218097,0.9246208667755128,1.0981619358062744,0.3987005949020386,0.3941806554794311,179700,1.0,0.0,1.0,1.0,1.0,0.0,1.0,1.0,-0.6756041646003723,0.2809596359729767,-1.0,-0.1238148659467697,-0.1688915640115738,0.0229263417422771,-1.0,-0.133557453751564,3,1.0552101532618203,1
multiclass_table6_valence_3class,Table-6 Valence,recording_loo,GNN,GNN_v2,r_52.avi,results/quick_v1_v2_comparison/2026-06-03_09-24-45/model_runs/2026-06-03_13-48-09,results/quick_v1_v2_comparison/2026-06-03_09-24-45/model_runs/2026-06-03_13-48-09/multiclass_table6_valence_3class_emotion-elicitation_2026-06-03_15-04-16,results/quick_v1_v2_comparison/2026-06-03_09-24-45/model_runs/2026-06-03_13-48-09/multiclass_table6_valence_3class_emotion-elicitation_2026-06-03_15-04-16/recording_loo/r_52.avi/gnn_fold_diagnostics.csv,test,-0.0041050519794225,0.3068553507328033,-0.7721547484397888,0.9107845425605774,1.6829392910003662,1.0579047203063965,0.0333139486610889,0.9248929023742676,1.0976914167404177,0.3486322164535522,0.4209600687026977,43365,1.0,0.0,1.0,1.0,1.0,0.0,1.0,1.0,-0.6796777248382568,0.278992235660553,-1.0,-0.0998182371258735,-0.1690500825643539,0.0237712394446134,-1.0,-0.132322683930397,3,1.0552101532618203,1
multiclass_table6_valence_3class,Table-6 Valence,recording_loo,GNN,GNN_v2,r_53.avi,results/quick_v1_v2_comparison/2026-06-03_09-24-45/model_runs/2026-06-03_13-48-09,results/quick_v1_v2_comparison/2026-06-03_09-24-45/model_runs/2026-06-03_13-48-09/multiclass_table6_valence_3class_emotion-elicitation_2026-06-03_15-04-16,results/quick_v1_v2_comparison/2026-06-03_09-24-45/model_runs/2026-06-03_13-48-09/multiclass_table6_valence_3class_emotion-elicitation_2026-06-03_15-04-16/recording_loo/r_53.avi/gnn_fold_diagnostics.csv,train,-0.0507075972855091,0.931376576423645,-3.4428305625915527,3.938578605651856,7.381409168243408,0.8171866536140442,0.245730772614479,0.0321401953697204,1.098552703857422,0.4583490788936615,0.182759627699852,10000,0.9983885884284972,0.0567469298839569,-1.0,1.0,0.9962757229804992,0.0862244516611099,-1.0,1.0,-0.675891637802124,0.2811820805072784,-1.0,-0.1109233573079109,-0.1687541902065277,0.0278979372233152,-1.0,1.0,101,0.6580945948759714,1
multiclass_table6_valence_3class,Table-6 Valence,recording_loo,GNN,GNN_v2,r_53.avi,results/quick_v1_v2_comparison/2026-06-03_09-24-45/model_runs/2026-06-03_13-48-09,results/quick_v1_v2_comparison/2026-06-03_09-24-45/model_runs/2026-06-03_13-48-09/multiclass_table6_valence_3class_emotion-elicitation_2026-06-03_15-04-16,results/quick_v1_v2_comparison/2026-06-03_09-24-45/model_runs/2026-06-03_13-48-09/multiclass_table6_valence_3class_emotion-elicitation_2026-06-03_15-04-16/recording_loo/r_53.avi/gnn_fold_diagnostics.csv,val,-0.0766628161072731,1.280016541481018,-3.519930839538574,4.014291286468506,7.53422212600708,0.7060032486915588,0.3329715430736542,0.0333079770207405,1.0967893600463867,0.4401487112045288,0.1853594630956649,141778,0.998290479183197,0.0584477670490741,-1.0,1.0,0.995558261871338,0.0941473618149757,-1.0,1.0,-0.6724136471748352,0.2812928557395935,-1.0,-0.110868901014328,-0.1687228828668594,0.0288695860654115,-1.0,1.0,101,0.6580945948759714,1
multiclass_table6_valence_3class,Table-6 Valence,recording_loo,GNN,GNN_v2,r_53.avi,results/quick_v1_v2_comparison/2026-06-03_09-24-45/model_runs/2026-06-03_13-48-09,results/quick_v1_v2_comparison/2026-06-03_09-24-45/model_runs/2026-06-03_13-48-09/multiclass_table6_valence_3class_emotion-elicitation_2026-06-03_15-04-16,results/quick_v1_v2_comparison/2026-06-03_09-24-45/model_runs/2026-06-03_13-48-09/multiclass_table6_valence_3class_emotion-elicitation_2026-06-03_15-04-16/recording_loo/r_53.avi/gnn_fold_diagnostics.csv,test,-0.065915897488594,0.7978636026382446,-2.699203968048096,2.3648245334625244,5.06402850151062,0.8639527559280396,0.1985346674919128,0.2406152784824371,1.0959179401397705,0.4437580704689026,0.2242885828018188,46056,0.9966388940811156,0.081920139491558,-1.0,1.0,0.994247317314148,0.1071088314056396,-1.0,1.0,-0.6717454791069031,0.2835497856140136,-1.0,-0.1248058900237083,-0.1679846942424774,0.0310618318617343,-1.0,0.9999999403953552,101,0.6580945948759714,1
multiclass_table6_valence_3class,Table-6 Valence,recording_loo,GNN,GNN_v2,r_55.avi,results/quick_v1_v2_comparison/2026-06-03_09-24-45/model_runs/2026-06-03_13-48-09,results/quick_v1_v2_comparison/2026-06-03_09-24-45/model_runs/2026-06-03_13-48-09/multiclass_table6_valence_3class_emotion-elicitation_2026-06-03_15-04-16,results/quick_v1_v2_comparison/2026-06-03_09-24-45/model_runs/2026-06-03_13-48-09/multiclass_table6_valence_3class_emotion-elicitation_2026-06-03_15-04-16/recording_loo/r_55.avi/gnn_fold_diagnostics.csv,train,0.0875752568244934,0.1591985523700714,-0.3911980986595154,0.5328974723815918,0.9240955710411072,1.0882349014282229,0.0093435989692807,1.0423942804336548,1.0985989570617676,0.4077110588550567,0.3267825543880462,10000,0.997978687286377,0.0635495334863662,-1.0,1.0,0.9982579350471495,0.0590003132820129,-1.0,1.0,-0.675430178642273,0.2811808586120605,-1.0,-0.1106304377317428,0.169121116399765,0.0275403540581464,0.0205658059567213,1.0,1,1.1194576621055603,1
multiclass_table6_valence_3class,Table-6 Valence,recording_loo,GNN,GNN_v2,r_55.avi,results/quick_v1_v2_comparison/2026-06-03_09-24-45/model_runs/2026-06-03_13-48-09,results/quick_v1_v2_comparison/2026-06-03_09-24-45/model_runs/2026-06-03_13-48-09/multiclass_table6_valence_3class_emotion-elicitation_2026-06-03_15-04-16,results/quick_v1_v2_comparison/2026-06-03_09-24-45/model_runs/2026-06-03_13-48-09/multiclass_table6_valence_3class_emotion-elicitation_2026-06-03_15-04-16/recording_loo/r_55.avi/gnn_fold_diagnostics.csv,val,0.0875603556632995,0.1587235033512115,-0.3325018286705017,0.4943246841430664,0.8268265128135681,1.087704062461853,0.0106512438505887,1.0534398555755615,1.098578929901123,0.4038177728652954,0.3452046811580658,121771,0.9956804513931274,0.0928460136055946,-1.0,1.0,0.9958122968673706,0.0914211943745613,-1.0,1.0,-0.6762656569480896,0.2807309627532959,-1.0,-0.124413289129734,0.1689556688070297,0.0269496645778417,0.0228725858032703,0.9999999403953552,1,1.1194576621055603,1
multiclass_table6_valence_3class,Table-6 Valence,recording_loo,GNN,GNN_v2,r_55.avi,results/quick_v1_v2_comparison/2026-06-03_09-24-45/model_runs/2026-06-03_13-48-09,results/quick_v1_v2_comparison/2026-06-03_09-24-45/model_runs/2026-06-03_13-48-09/multiclass_table6_valence_3class_emotion-elicitation_2026-06-03_15-04-16,results/quick_v1_v2_comparison/2026-06-03_09-24-45/model_runs/2026-06-03_13-48-09/multiclass_table6_valence_3class_emotion-elicitation_2026-06-03_15-04-16/recording_loo/r_55.avi/gnn_fold_diagnostics.csv,test,0.0576171837747097,0.1582898646593094,-0.2487753629684448,0.5183074474334717,0.7670828104019165,1.0892136096954346,0.0092731229960918,1.050695300102234,1.0985686779022217,0.4332409501075744,0.2729355990886688,28920,0.9960273504257202,0.0890476033091545,-1.0,1.0,0.996195673942566,0.0871442630887031,-1.0,1.0,-0.6704132556915283,0.2830434441566467,-1.0,-0.1423136293888092,0.169141337275505,0.0283621829003095,0.0225074924528598,0.9999999403953552,1,1.1194576621055603,1
multiclass_table6_valence_3class,Table-6 Valence,recording_loo,GNN,GNN_v2,r_58.avi,results/quick_v1_v2_comparison/2026-06-03_09-24-45/model_runs/2026-06-03_13-48-09,results/quick_v1_v2_comparison/2026-06-03_09-24-45/model_runs/2026-06-03_13-48-09/multiclass_table6_valence_3class_emotion-elicitation_2026-06-03_15-04-16,results/quick_v1_v2_comparison/2026-06-03_09-24-45/model_runs/2026-06-03_13-48-09/multiclass_table6_valence_3class_emotion-elicitation_2026-06-03_15-04-16/recording_loo/r_58.avi/gnn_fold_diagnostics.csv,train,0.0248132273554801,0.5662546753883362,-1.2129759788513184,1.7057701349258425,2.9187461137771606,0.9553871750831604,0.1158256158232688,0.4978164732456207,1.098564863204956,0.4420516490936279,0.3257484436035156,10000,1.0,1.0535668337752213e-07,0.9999996423721312,1.0,1.0,1.1660204535246521e-07,0.9999997615814208,1.0,-0.6028924584388733,0.4467620253562927,-0.9999999403953552,1.0,-0.1690692603588104,0.0255098771303892,-0.9999999403953552,0.9999997615814208,26,0.9234033823013306,1
multiclass_table6_valence_3class,Table-6 Valence,recording_loo,GNN,GNN_v2,r_58.avi,results/quick_v1_v2_comparison/2026-06-03_09-24-45/model_runs/2026-06-03_13-48-09,results/quick_v1_v2_comparison/2026-06-03_09-24-45/model_runs/2026-06-03_13-48-09/multiclass_table6_valence_3class_emotion-elicitation_2026-06-03_15-04-16,results/quick_v1_v2_comparison/2026-06-03_09-24-45/model_runs/2026-06-03_13-48-09/multiclass_table6_valence_3class_emotion-elicitation_2026-06-03_15-04-16/recording_loo/r_58.avi/gnn_fold_diagnostics.csv,val,0.0097045181319117,0.5402872562408447,-1.0301860570907593,1.658123016357422,2.688309073448181,0.9607955813407898,0.1269118785858154,0.5306200385093689,1.0985922813415527,0.4165181815624237,0.3353720009326935,126253,0.9999999403953552,4.9961897730099736e-08,0.9999997615814208,1.0,1.0,1.1625550655480765e-07,0.9999998211860656,1.0,-0.5920085310935974,0.454821914434433,-0.9999999403953552,0.9999999403953552,-0.1691451668739318,0.0268554482609033,-0.9999999403953552,0.4617884755134582,26,0.9234033823013306,1
multiclass_table6_valence_3class,Table-6 Valence,recording_loo,GNN,GNN_v2,r_58.avi,results/quick_v1_v2_comparison/2026-06-03_09-24-45/model_runs/2026-06-03_13-48-09,results/quick_v1_v2_comparison/2026-06-03_09-24-45/model_runs/2026-06-03_13-48-09/multiclass_table6_valence_3class_emotion-elicitation_2026-06-03_15-04-16,results/quick_v1_v2_comparison/2026-06-03_09-24-45/model_runs/2026-06-03_13-48-09/multiclass_table6_valence_3class_emotion-elicitation_2026-06-03_15-04-16/recording_loo/r_58.avi/gnn_fold_diagnostics.csv,test,0.0345415286719799,0.4487296938896179,-0.9849900603294371,1.2130944728851318,2.198084533214569,1.005656599998474,0.0699154362082481,0.7988444566726685,1.0975278615951538,0.2987825572490692,0.514836311340332,19306,1.0,1.0414822781967815e-07,0.9999997615814208,1.0,1.0,1.1634689656148113e-07,0.9999998211860656,1.0,-0.6092553734779358,0.4569653272628784,-0.9999999403953552,0.9999999403953552,-0.1695059835910797,0.0264084599912166,-0.9999999403953552,-0.0244163982570171,26,0.9234033823013306,1
multiclass_table6_valence_3class,Table-6 Valence,recording_loo,GNN,GNN_v2,r_69.avi,results/quick_v1_v2_comparison/2026-06-03_09-24-45/model_runs/2026-06-03_13-48-09,results/quick_v1_v2_comparison/2026-06-03_09-24-45/model_runs/2026-06-03_13-48-09/multiclass_table6_valence_3class_emotion-elicitation_2026-06-03_15-04-16,results/quick_v1_v2_comparison/2026-06-03_09-24-45/model_runs/2026-06-03_13-48-09/multiclass_table6_valence_3class_emotion-elicitation_2026-06-03_15-04-16/recording_loo/r_69.avi/gnn_fold_diagnostics.csv,train,-0.0848592892289161,0.6763472557067871,-2.01564621925354,1.9646687507629397,3.98031497001648,0.909258246421814,0.1458382457494735,0.3152475953102112,1.0986056327819824,0.4136411547660827,0.2975631952285766,10000,0.9982874393463136,0.0584996566176414,-1.0,1.0,0.997455894947052,0.0712859705090522,-1.0,1.0,-0.6750832200050354,0.2941992580890655,-1.0,0.9999997615814208,-0.1690539270639419,0.0238845720887184,-1.0,-0.0927937626838684,51,0.8492152988910675,1
multiclass_table6_valence_3class,Table-6 Valence,recording_loo,GNN,GNN_v2,r_69.avi,results/quick_v1_v2_comparison/2026-06-03_09-24-45/model_runs/2026-06-03_13-48-09,results/quick_v1_v2_comparison/2026-06-03_09-24-45/model_runs/2026-06-03_13-48-09/multiclass_table6_valence_3class_emotion-elicitation_2026-06-03_15-04-16,results/quick_v1_v2_comparison/2026-06-03_09-24-45/model_runs/2026-06-03_13-48-09/multiclass_table6_valence_3class_emotion-elicitation_2026-06-03_15-04-16/recording_loo/r_69.avi/gnn_fold_diagnostics.csv,val,-0.1487249732017517,0.7902719974517822,-2.0022692680358887,1.9335570335388184,3.935826301574707,0.8397713899612427,0.2011406123638153,0.3228704929351806,1.0980274677276611,0.4562821388244629,0.2317812740802765,109746,0.9992719292640686,0.0381509475409984,-0.9999999403953552,1.0,0.998073399066925,0.0620438419282436,-1.0,1.0,-0.6696748733520508,0.2962585687637329,-1.0,0.9999997615814208,-0.1693688333034515,0.0252966657280921,-1.0,-0.1275310814380645,51,0.8492152988910675,1
multiclass_table6_valence_3class,Table-6 Valence,recording_loo,GNN,GNN_v2,r_69.avi,results/quick_v1_v2_comparison/2026-06-03_09-24-45/model_runs/2026-06-03_13-48-09,results/quick_v1_v2_comparison/2026-06-03_09-24-45/model_runs/2026-06-03_13-48-09/multiclass_table6_valence_3class_emotion-elicitation_2026-06-03_15-04-16,results/quick_v1_v2_comparison/2026-06-03_09-24-45/model_runs/2026-06-03_13-48-09/multiclass_table6_valence_3class_emotion-elicitation_2026-06-03_15-04-16/recording_loo/r_69.avi/gnn_fold_diagnostics.csv,test,-0.104071170091629,0.6820365190505981,-1.334306240081787,1.6857725381851196,3.0200787782669067,0.8983697891235352,0.1191839724779129,0.494613379240036,1.098219394683838,0.4125318527221679,0.3426646888256073,22791,0.9988545179367064,0.0478508546948432,-1.0,1.0,0.9974522590637208,0.0713375434279441,-1.0,1.0,-0.6723253130912781,0.2948643863201141,-1.0,0.999999701976776,-0.1696551889181137,0.0271620601415634,-0.9999999403953552,-0.1094066500663757,51,0.8492152988910675,1
multiclass_table6_valence_3class,Table-6 Valence,recording_loo,GNN,GNN_v2,r_73.avi,results/quick_v1_v2_comparison/2026-06-03_09-24-45/model_runs/2026-06-03_13-48-09,results/quick_v1_v2_comparison/2026-06-03_09-24-45/model_runs/2026-06-03_13-48-09/multiclass_table6_valence_3class_emotion-elicitation_2026-06-03_15-04-16,results/quick_v1_v2_comparison/2026-06-03_09-24-45/model_runs/2026-06-03_13-48-09/multiclass_table6_valence_3class_emotion-elicitation_2026-06-03_15-04-16/recording_loo/r_73.avi/gnn_fold_diagnostics.csv,train,0.0915209501981735,0.5279020667076111,-1.1829180717468262,1.662134885787964,2.84505295753479,0.9748030304908752,0.1036124303936958,0.5680637955665588,1.098595380783081,0.4547663629055023,0.3106290400028229,10000,0.9991390109062196,0.0414873175323009,-1.0,1.0,0.9990025758743286,0.0446532368659973,-1.0,1.0,-0.1949288696050644,0.7161493301391602,-1.0,0.9999996423721312,-0.1690724641084671,0.0254014767706394,-1.0,0.9999995827674866,30,0.8335008422533671,1
multiclass_table6_valence_3class,Table-6 Valence,recording_loo,GNN,GNN_v2,r_73.avi,results/quick_v1_v2_comparison/2026-06-03_09-24-45/model_runs/2026-06-03_13-48-09,results/quick_v1_v2_comparison/2026-06-03_09-24-45/model_runs/2026-06-03_13-48-09/multiclass_table6_valence_3class_emotion-elicitation_2026-06-03_15-04-16,results/quick_v1_v2_comparison/2026-06-03_09-24-45/model_runs/2026-06-03_13-48-09/multiclass_table6_valence_3class_emotion-elicitation_2026-06-03_15-04-16/recording_loo/r_73.avi/gnn_fold_diagnostics.csv,val,0.1263019740581512,0.5452051162719727,-1.0642151832580566,1.677451252937317,2.741666436195373,0.9630561470985411,0.1159057840704917,0.5584677457809448,1.098347783088684,0.4282532334327698,0.324639618396759,154290,0.9999008774757384,0.0140727888792753,-1.0,1.0,0.9999434351921082,0.0106381457298994,-0.9999999403953552,1.0,-0.1909471750259399,0.7172452211380005,-1.0,0.9999996423721312,-0.1688199937343597,0.0230613108724355,-1.0,0.0408266969025135,30,0.8335008422533671,1
multiclass_table6_valence_3class,Table-6 Valence,recording_loo,GNN,GNN_v2,r_73.avi,results/quick_v1_v2_comparison/2026-06-03_09-24-45/model_runs/2026-06-03_13-48-09,results/quick_v1_v2_comparison/2026-06-03_09-24-45/model_runs/2026-06-03_13-48-09/multiclass_table6_valence_3class_emotion-elicitation_2026-06-03_15-04-16,results/quick_v1_v2_comparison/2026-06-03_09-24-45/model_runs/2026-06-03_13-48-09/multiclass_table6_valence_3class_emotion-elicitation_2026-06-03_15-04-16/recording_loo/r_73.avi/gnn_fold_diagnostics.csv,test,0.0748790279030799,0.5288057923316956,-1.1438748836517334,1.203913331031799,2.3477882146835327,0.9786949157714844,0.0891856029629707,0.6814755797386169,1.097135305404663,0.4384548962116241,0.3579455614089966,29646,0.9992763996124268,0.038033839315176,-1.0,1.0,0.9992925524711608,0.03760901466012,-1.0,1.0,-0.1815003752708435,0.7302045822143555,-1.0,0.9999995827674866,-0.1696974486112594,0.0276587195694446,-1.0,1.0,30,0.8335008422533671,1
multiclass_table6_valence_3class,Table-6 Valence,recording_loo,GNN,GNN_v2,r_79.avi,results/quick_v1_v2_comparison/2026-06-03_09-24-45/model_runs/2026-06-03_13-48-09,results/quick_v1_v2_comparison/2026-06-03_09-24-45/model_runs/2026-06-03_13-48-09/multiclass_table6_valence_3class_emotion-elicitation_2026-06-03_15-04-16,results/quick_v1_v2_comparison/2026-06-03_09-24-45/model_runs/2026-06-03_13-48-09/multiclass_table6_valence_3class_emotion-elicitation_2026-06-03_15-04-16/recording_loo/r_79.avi/gnn_fold_diagnostics.csv,train,0.0304699502885341,0.1588015854358673,-0.4168048202991485,0.4517516493797302,0.8685564696788788,1.088518500328064,0.0120413545519113,1.0312714576721191,1.0986108779907229,0.3974176943302154,0.3654048442840576,10000,0.9999555945396424,0.0094231255352497,-1.0,1.0,0.9999963641166688,0.0026923490222543,-1.0,1.0,-0.6758363246917725,0.2811328768730163,-1.0,-0.1110440269112587,-0.1690739542245865,0.0298469346016645,-1.0,-0.0140743637457489,1,1.1893012523651123,1
multiclass_table6_valence_3class,Table-6 Valence,recording_loo,GNN,GNN_v2,r_79.avi,results/quick_v1_v2_comparison/2026-06-03_09-24-45/model_runs/2026-06-03_13-48-09,results/quick_v1_v2_comparison/2026-06-03_09-24-45/model_runs/2026-06-03_13-48-09/multiclass_table6_valence_3class_emotion-elicitation_2026-06-03_15-04-16,results/quick_v1_v2_comparison/2026-06-03_09-24-45/model_runs/2026-06-03_13-48-09/multiclass_table6_valence_3class_emotion-elicitation_2026-06-03_15-04-16/recording_loo/r_79.avi/gnn_fold_diagnostics.csv,val,0.068077377974987,0.116643339395523,-0.3562306761741638,0.3857021927833557,0.7419328689575195,1.0932025909423828,0.0059307920746505,1.0481945276260376,1.0985876321792605,0.2870088517665863,0.519989013671875,134421,0.9999690055847168,0.0078738927841186,-0.9999999403953552,1.0,1.0,2.623602446405471e-10,0.9999999403953552,1.0,-0.6696959137916565,0.2823205590248108,-1.0,-0.1110385134816169,-0.1692473292350769,0.0322870835661888,-1.0,-0.0269853323698043,1,1.1893012523651123,1
multiclass_table6_valence_3class,Table-6 Valence,recording_loo,GNN,GNN_v2,r_79.avi,results/quick_v1_v2_comparison/2026-06-03_09-24-45/model_runs/2026-06-03_13-48-09,results/quick_v1_v2_comparison/2026-06-03_09-24-45/model_runs/2026-06-03_13-48-09/multiclass_table6_valence_3class_emotion-elicitation_2026-06-03_15-04-16,results/quick_v1_v2_comparison/2026-06-03_09-24-45/model_runs/2026-06-03_13-48-09/multiclass_table6_valence_3class_emotion-elicitation_2026-06-03_15-04-16/recording_loo/r_79.avi/gnn_fold_diagnostics.csv,test,0.0252815820276737,0.1638042032718658,-0.3251851201057434,0.4017331302165985,0.7269182503223419,1.0872071981430054,0.0120868552476167,1.0390385389328003,1.0981847047805786,0.3632227778434753,0.3858844339847564,13203,0.9999753832817078,0.0070166802033782,-1.0,1.0,1.0,4.182292845378299e-10,0.9999998807907104,1.0,-0.6780413389205933,0.2796877026557922,-1.0,-0.1427995264530182,-0.1695085167884826,0.0317144319415092,-1.0,-0.0576800219714641,1,1.1893012523651123,1
multiclass_table6_valence_3class,Table-6 Valence,recording_loo,GNN,GNN_v2,r_80.avi,results/quick_v1_v2_comparison/2026-06-03_09-24-45/model_runs/2026-06-03_13-48-09,results/quick_v1_v2_comparison/2026-06-03_09-24-45/model_runs/2026-06-03_13-48-09/multiclass_table6_valence_3class_emotion-elicitation_2026-06-03_15-04-16,results/quick_v1_v2_comparison/2026-06-03_09-24-45/model_runs/2026-06-03_13-48-09/multiclass_table6_valence_3class_emotion-elicitation_2026-06-03_15-04-16/recording_loo/r_80.avi/gnn_fold_diagnostics.csv,train,0.1356495767831802,0.3350547850131988,-0.6545594334602356,1.2454925775527954,1.900052011013031,1.045560359954834,0.0589146874845027,0.8307105302810669,1.098606824874878,0.414753258228302,0.3571019470691681,10000,1.0,0.0,1.0,1.0,1.0,0.0,1.0,1.0,-0.6746534705162048,0.2813305556774139,-1.0,-0.1109574735164642,0.1691397726535797,0.0242536198347806,0.1589065194129943,1.0,5,0.9587050676345824,1
multiclass_table6_valence_3class,Table-6 Valence,recording_loo,GNN,GNN_v2,r_80.avi,results/quick_v1_v2_comparison/2026-06-03_09-24-45/model_runs/2026-06-03_13-48-09,results/quick_v1_v2_comparison/2026-06-03_09-24-45/model_runs/2026-06-03_13-48-09/multiclass_table6_valence_3class_emotion-elicitation_2026-06-03_15-04-16,results/quick_v1_v2_comparison/2026-06-03_09-24-45/model_runs/2026-06-03_13-48-09/multiclass_table6_valence_3class_emotion-elicitation_2026-06-03_15-04-16/recording_loo/r_80.avi/gnn_fold_diagnostics.csv,val,0.1217956990003585,0.3321221172809601,-0.6922813057899475,1.2254458665847778,1.9177271723747251,1.04783034324646,0.0583199299871921,0.8292956948280334,1.0985678434371948,0.4349895417690277,0.334035575389862,148240,1.0,0.0,1.0,1.0,1.0,0.0,1.0,1.0,-0.6771199107170105,0.2813005149364471,-1.0,-0.1249553263187408,0.1689954251050949,0.0232139695435762,0.1613288074731826,1.0,5,0.9587050676345824,1
multiclass_table6_valence_3class,Table-6 Valence,recording_loo,GNN,GNN_v2,r_80.avi,results/quick_v1_v2_comparison/2026-06-03_09-24-45/model_runs/2026-06-03_13-48-09,results/quick_v1_v2_comparison/2026-06-03_09-24-45/model_runs/2026-06-03_13-48-09/multiclass_table6_valence_3class_emotion-elicitation_2026-06-03_15-04-16,results/quick_v1_v2_comparison/2026-06-03_09-24-45/model_runs/2026-06-03_13-48-09/multiclass_table6_valence_3class_emotion-elicitation_2026-06-03_15-04-16/recording_loo/r_80.avi/gnn_fold_diagnostics.csv,test,0.1103472784161567,0.2816967964172363,-0.5681203603744507,1.0815123319625854,1.649632692337036,1.061655879020691,0.0405689217150211,0.9049164056777954,1.0985465049743652,0.3450271785259247,0.4476831257343292,38781,1.0,0.0,1.0,1.0,1.0,0.0,1.0,1.0,-0.6808200478553772,0.2794415652751922,-1.0,-0.1248742565512657,0.1688203662633896,0.0224567055702209,0.1605602204799652,1.0,5,0.9587050676345824,1
multiclass_table6_valence_3class,Table-6 Valence,recording_loo,GNN,GNN_v2,r_90.avi,results/quick_v1_v2_comparison/2026-06-03_09-24-45/model_runs/2026-06-03_13-48-09,results/quick_v1_v2_comparison/2026-06-03_09-24-45/model_runs/2026-06-03_13-48-09/multiclass_table6_valence_3class_emotion-elicitation_2026-06-03_15-04-16,results/quick_v1_v2_comparison/2026-06-03_09-24-45/model_runs/2026-06-03_13-48-09/multiclass_table6_valence_3class_emotion-elicitation_2026-06-03_15-04-16/recording_loo/r_90.avi/gnn_fold_diagnostics.csv,train,-0.0555669777095317,0.1644680351018905,-0.4951981604099273,0.5976439118385315,1.0928420722484589,1.0876953601837158,0.0105529064312577,1.0300688743591309,1.0986108779907229,0.4642879664897918,0.2539094090461731,10000,-0.999703884124756,0.0243330299854278,-0.9999999403953552,1.0,-0.9998891949653624,0.0148783521726727,-0.9999999403953552,1.0,0.6757414937019348,0.281162679195404,-1.0,0.9999999403953552,0.1691143661737442,0.0242801439017057,0.0400169417262077,1.0,1,1.1370243430137634,1
multiclass_table6_valence_3class,Table-6 Valence,recording_loo,GNN,GNN_v2,r_90.avi,results/quick_v1_v2_comparison/2026-06-03_09-24-45/model_runs/2026-06-03_13-48-09,results/quick_v1_v2_comparison/2026-06-03_09-24-45/model_runs/2026-06-03_13-48-09/multiclass_table6_valence_3class_emotion-elicitation_2026-06-03_15-04-16,results/quick_v1_v2_comparison/2026-06-03_09-24-45/model_runs/2026-06-03_13-48-09/multiclass_table6_valence_3class_emotion-elicitation_2026-06-03_15-04-16/recording_loo/r_90.avi/gnn_fold_diagnostics.csv,val,-0.040826853364706,0.1796038001775741,-0.4680529832839966,0.5356666445732117,1.0037196278572085,1.0847527980804443,0.0133428368717432,1.0480239391326904,1.0985872745513916,0.4771540760993957,0.2417114675045013,122760,-0.9995644688606262,0.029508639127016,-0.9999999403953552,1.0,-0.9996854066848756,0.0250782519578933,-0.9999999403953552,1.0,0.6721609830856323,0.2836236357688904,-1.0,0.9999999403953552,0.1692116558551788,0.0245839860290288,0.02521538361907,1.0,1,1.1370243430137634,1
multiclass_table6_valence_3class,Table-6 Valence,recording_loo,GNN,GNN_v2,r_90.avi,results/quick_v1_v2_comparison/2026-06-03_09-24-45/model_runs/2026-06-03_13-48-09,results/quick_v1_v2_comparison/2026-06-03_09-24-45/model_runs/2026-06-03_13-48-09/multiclass_table6_valence_3class_emotion-elicitation_2026-06-03_15-04-16,results/quick_v1_v2_comparison/2026-06-03_09-24-45/model_runs/2026-06-03_13-48-09/multiclass_table6_valence_3class_emotion-elicitation_2026-06-03_15-04-16/recording_loo/r_90.avi/gnn_fold_diagnostics.csv,test,-0.0795652493834495,0.153640329837799,-0.4825867116451263,0.4615779817104339,0.9441646933555604,1.0891326665878296,0.0092523479834198,1.049654841423035,1.09860098361969,0.4244053959846496,0.3126006424427032,32640,-0.999815821647644,0.0191892646253108,-0.9999999403953552,1.0,-0.9999385476112366,0.011079266667366,-0.9999999403953552,1.0,0.6722770929336548,0.2830113768577575,-1.0,0.9999999403953552,0.168754369020462,0.0227443501353263,0.0842726156115531,1.0,1,1.1370243430137634,1
multiclass_table6_valence_3class,Table-6 Valence,recording_loo,GNN,GNN_v2,r_cats_f.avi,results/quick_v1_v2_comparison/2026-06-03_09-24-45/model_runs/2026-06-03_13-48-09,results/quick_v1_v2_comparison/2026-06-03_09-24-45/model_runs/2026-06-03_13-48-09/multiclass_table6_valence_3class_emotion-elicitation_2026-06-03_15-04-16,results/quick_v1_v2_comparison/2026-06-03_09-24-45/model_runs/2026-06-03_13-48-09/multiclass_table6_valence_3class_emotion-elicitation_2026-06-03_15-04-16/recording_loo/r_cats_f.avi/gnn_fold_diagnostics.csv,train,-0.0150630306452512,0.2843871116638183,-0.7022169232368469,0.8884207606315613,1.5906376838684082,1.0590821504592896,0.0493466630578041,0.8988122344017029,1.0986104011535645,0.3527383208274841,0.4468045830726623,10000,0.9999504089355468,0.0099599864333868,-1.0,1.0,0.9999061822891236,0.0136958584189414,-1.0,1.0,-0.674371063709259,0.2844897508621216,-1.0,0.9999999403953552,-0.1619407087564468,0.0634590089321136,-0.9999998807907104,0.9999999403953552,5,1.041140913963318,1
multiclass_table6_valence_3class,Table-6 Valence,recording_loo,GNN,GNN_v2,r_cats_f.avi,results/quick_v1_v2_comparison/2026-06-03_09-24-45/model_runs/2026-06-03_13-48-09,results/quick_v1_v2_comparison/2026-06-03_09-24-45/model_runs/2026-06-03_13-48-09/multiclass_table6_valence_3class_emotion-elicitation_2026-06-03_15-04-16,results/quick_v1_v2_comparison/2026-06-03_09-24-45/model_runs/2026-06-03_13-48-09/multiclass_table6_valence_3class_emotion-elicitation_2026-06-03_15-04-16/recording_loo/r_cats_f.avi/gnn_fold_diagnostics.csv,val,-0.0339633598923683,0.3759495317935943,-0.6905180811882019,0.8764016032218933,1.5669196844100952,1.0280150175094604,0.0662110969424247,0.897706151008606,1.0986089706420898,0.3612591326236725,0.4768161177635193,67528,0.9998525381088256,0.0171712860465049,-1.0,1.0,0.9997504949569702,0.0223373379558324,-1.0,1.0,-0.6751480102539062,0.2829621434211731,-1.0,0.9999999403953552,-0.1640312522649765,0.0592209063470363,-0.9999998807907104,0.9999999403953552,5,1.041140913963318,1
multiclass_table6_valence_3class,Table-6 Valence,recording_loo,GNN,GNN_v2,r_cats_f.avi,results/quick_v1_v2_comparison/2026-06-03_09-24-45/model_runs/2026-06-03_13-48-09,results/quick_v1_v2_comparison/2026-06-03_09-24-45/model_runs/2026-06-03_13-48-09/multiclass_table6_valence_3class_emotion-elicitation_2026-06-03_15-04-16,results/quick_v1_v2_comparison/2026-06-03_09-24-45/model_runs/2026-06-03_13-48-09/multiclass_table6_valence_3class_emotion-elicitation_2026-06-03_15-04-16/recording_loo/r_cats_f.avi/gnn_fold_diagnostics.csv,test,-0.0182679966092109,0.2295509278774261,-0.6920470595359802,0.8194161057472229,1.5114631652832031,1.0727736949920654,0.0343375019729137,0.9262902736663818,1.0986021757125854,0.3074081838130951,0.5112875699996948,42486,0.9999475479125975,0.0102399960160255,-1.0,1.0,0.9998689293861388,0.0161905363202095,-1.0,1.0,-0.6797736883163452,0.2809131145477295,-1.0,0.9999998807907104,-0.1636993438005447,0.0553412996232509,-0.9999998807907104,0.9999999403953552,5,1.041140913963318,1
multiclass_table6_valence_3class,Table-6 Valence,recording_loo,GNN,GNN_v2,r_dallas_f.avi,results/quick_v1_v2_comparison/2026-06-03_09-24-45/model_runs/2026-06-03_13-48-09,results/quick_v1_v2_comparison/2026-06-03_09-24-45/model_runs/2026-06-03_13-48-09/multiclass_table6_valence_3class_emotion-elicitation_2026-06-03_15-04-16,results/quick_v1_v2_comparison/2026-06-03_09-24-45/model_runs/2026-06-03_13-48-09/multiclass_table6_valence_3class_emotion-elicitation_2026-06-03_15-04-16/recording_loo/r_dallas_f.avi/gnn_fold_diagnostics.csv,train,-0.018578004091978,0.2306825518608093,-0.8185975551605225,0.5774961113929749,1.396093666553497,1.0766465663909912,0.0210015289485454,0.9760448932647704,1.0986120700836182,0.439251035451889,0.3341815769672394,10000,1.0,0.0,1.0,1.0,1.0,0.0,1.0,1.0,-0.6750234365463257,0.2821189761161804,-1.0,1.0,-0.1690616756677627,0.0238617025315761,-1.0,-0.1432697772979736,1,0.9911475777626038,1
multiclass_table6_valence_3class,Table-6 Valence,recording_loo,GNN,GNN_v2,r_dallas_f.avi,results/quick_v1_v2_comparison/2026-06-03_09-24-45/model_runs/2026-06-03_13-48-09,results/quick_v1_v2_comparison/2026-06-03_09-24-45/model_runs/2026-06-03_13-48-09/multiclass_table6_valence_3class_emotion-elicitation_2026-06-03_15-04-16,results/quick_v1_v2_comparison/2026-06-03_09-24-45/model_runs/2026-06-03_13-48-09/multiclass_table6_valence_3class_emotion-elicitation_2026-06-03_15-04-16/recording_loo/r_dallas_f.avi/gnn_fold_diagnostics.csv,val,-0.0162926670163869,0.2355490028858184,-0.7698755264282227,0.546766459941864,1.316641986370087,1.0749858617782593,0.0208296962082386,0.9941366314888,1.09861159324646,0.4301551878452301,0.3391192853450775,117370,1.0,0.0,1.0,1.0,1.0,0.0,1.0,1.0,-0.678116500377655,0.2818620502948761,-1.0,1.0,-0.169453427195549,0.0258380156010389,-1.0,-0.1439854800701141,1,0.9911475777626038,1
multiclass_table6_valence_3class,Table-6 Valence,recording_loo,GNN,GNN_v2,r_dallas_f.avi,results/quick_v1_v2_comparison/2026-06-03_09-24-45/model_runs/2026-06-03_13-48-09,results/quick_v1_v2_comparison/2026-06-03_09-24-45/model_runs/2026-06-03_13-48-09/multiclass_table6_valence_3class_emotion-elicitation_2026-06-03_15-04-16,results/quick_v1_v2_comparison/2026-06-03_09-24-45/model_runs/2026-06-03_13-48-09/multiclass_table6_valence_3class_emotion-elicitation_2026-06-03_15-04-16/recording_loo/r_dallas_f.avi/gnn_fold_diagnostics.csv,test,0.0024122197646647,0.138923779129982,-0.4438693523406982,0.4117832779884338,0.8556526303291321,1.0901070833206177,0.0090892193838953,1.0406473875045776,1.0986106395721436,0.2889764606952667,0.5349820852279663,34716,1.0,0.0,1.0,1.0,1.0,0.0,1.0,1.0,-0.6687650084495544,0.282866358757019,-1.0,1.0,-0.1691855937242508,0.0241586565971374,-1.0,-0.1499068737030029,1,0.9911475777626038,1
multiclass_table6_valence_3class,Table-6 Valence,recording_loo,GNN,GNN_v2,r_detroit_f.avi,results/quick_v1_v2_comparison/2026-06-03_09-24-45/model_runs/2026-06-03_13-48-09,results/quick_v1_v2_comparison/2026-06-03_09-24-45/model_runs/2026-06-03_13-48-09/multiclass_table6_valence_3class_emotion-elicitation_2026-06-03_15-04-16,results/quick_v1_v2_comparison/2026-06-03_09-24-45/model_runs/2026-06-03_13-48-09/multiclass_table6_valence_3class_emotion-elicitation_2026-06-03_15-04-16/recording_loo/r_detroit_f.avi/gnn_fold_diagnostics.csv,train,-0.0667267963290214,0.6780045032501221,-2.0249059200286865,2.029280185699463,4.054186105728149,0.9142379760742188,0.1426894962787628,0.295867383480072,1.098558783531189,0.4227382838726043,0.2871105670928955,10000,1.0,0.0,1.0,1.0,1.0,0.0,1.0,1.0,-0.6753360033035278,0.2820071578025818,-1.0,-0.0466543696820735,0.1689084023237228,0.02673258818686,-1.0,1.0,41,0.7927374541759491,1
multiclass_table6_valence_3class,Table-6 Valence,recording_loo,GNN,GNN_v2,r_detroit_f.avi,results/quick_v1_v2_comparison/2026-06-03_09-24-45/model_runs/2026-06-03_13-48-09,results/quick_v1_v2_comparison/2026-06-03_09-24-45/model_runs/2026-06-03_13-48-09/multiclass_table6_valence_3class_emotion-elicitation_2026-06-03_15-04-16,results/quick_v1_v2_comparison/2026-06-03_09-24-45/model_runs/2026-06-03_13-48-09/multiclass_table6_valence_3class_emotion-elicitation_2026-06-03_15-04-16/recording_loo/r_detroit_f.avi/gnn_fold_diagnostics.csv,val,-0.0483004339039325,0.6944302320480347,-1.6730477809906006,1.6211049556732178,3.2941527366638184,0.8997273445129395,0.1261662095785141,0.504683256149292,1.0980859994888306,0.4076912999153137,0.3402909338474273,121278,1.0,0.0,1.0,1.0,1.0,0.0,1.0,1.0,-0.6776882410049438,0.2812357544898987,-1.0,-0.0753117427229881,0.1690482348203659,0.0264469198882579,-0.9999996423721312,1.0,41,0.7927374541759491,1
multiclass_table6_valence_3class,Table-6 Valence,recording_loo,GNN,GNN_v2,r_detroit_f.avi,results/quick_v1_v2_comparison/2026-06-03_09-24-45/model_runs/2026-06-03_13-48-09,results/quick_v1_v2_comparison/2026-06-03_09-24-45/model_runs/2026-06-03_13-48-09/multiclass_table6_valence_3class_emotion-elicitation_2026-06-03_15-04-16,results/quick_v1_v2_comparison/2026-06-03_09-24-45/model_runs/2026-06-03_13-48-09/multiclass_table6_valence_3class_emotion-elicitation_2026-06-03_15-04-16/recording_loo/r_detroit_f.avi/gnn_fold_diagnostics.csv,test,-0.1178335547447204,0.7532778382301331,-2.02873158454895,1.9993358850479128,4.028067469596863,0.866608202457428,0.228527083992958,0.2974078953266144,1.098230004310608,0.3444534540176391,0.4001811742782593,34191,1.0,0.0,1.0,1.0,1.0,0.0,1.0,1.0,-0.6698258519172668,0.2835830450057983,-1.0,-0.0566562488675117,0.169131651520729,0.0265776235610246,-0.517661452293396,1.0,41,0.7927374541759491,1
multiclass_table6_valence_3class,Table-6 Valence,recording_loo,GNN,GNN_v2,r_earworm_f.avi,results/quick_v1_v2_comparison/2026-06-03_09-24-45/model_runs/2026-06-03_13-48-09,results/quick_v1_v2_comparison/2026-06-03_09-24-45/model_runs/2026-06-03_13-48-09/multiclass_table6_valence_3class_emotion-elicitation_2026-06-03_15-04-16,results/quick_v1_v2_comparison/2026-06-03_09-24-45/model_runs/2026-06-03_13-48-09/multiclass_table6_valence_3class_emotion-elicitation_2026-06-03_15-04-16/recording_loo/r_earworm_f.avi/gnn_fold_diagnostics.csv,train,-0.0428908877074718,0.2047620862722396,-0.4727172255516052,0.6274593472480774,1.1001765727996826,1.0777838230133057,0.0250513590872287,0.9949781894683838,1.0986119508743286,0.3921742737293243,0.2956289947032928,10000,1.0,0.0,1.0,1.0,1.0,0.0,1.0,1.0,0.6750314831733704,0.2814021110534668,0.1107275933027267,1.0,-0.169106975197792,0.0248694997280836,-1.0,0.8120930194854736,1,1.0240620573361714,1
multiclass_table6_valence_3class,Table-6 Valence,recording_loo,GNN,GNN_v2,r_earworm_f.avi,results/quick_v1_v2_comparison/2026-06-03_09-24-45/model_runs/2026-06-03_13-48-09,results/quick_v1_v2_comparison/2026-06-03_09-24-45/model_runs/2026-06-03_13-48-09/multiclass_table6_valence_3class_emotion-elicitation_2026-06-03_15-04-16,results/quick_v1_v2_comparison/2026-06-03_09-24-45/model_runs/2026-06-03_13-48-09/multiclass_table6_valence_3class_emotion-elicitation_2026-06-03_15-04-16/recording_loo/r_earworm_f.avi/gnn_fold_diagnostics.csv,val,-0.0419874750077724,0.219841182231903,-0.4252904057502746,0.5958156585693359,1.0211060643196106,1.0741994380950928,0.0264085214585065,0.9992268085479736,1.0985994338989258,0.3632692098617553,0.3519829511642456,195625,1.0,0.0,1.0,1.0,1.0,1.0346484780043852e-10,0.9999999403953552,1.0,0.6774218678474426,0.2801738083362579,0.1237972453236579,1.0,-0.1688458323478698,0.0235484596341848,-1.0,0.7809967398643494,1,1.0240620573361714,1
multiclass_table6_valence_3class,Table-6 Valence,recording_loo,GNN,GNN_v2,r_earworm_f.avi,results/quick_v1_v2_comparison/2026-06-03_09-24-45/model_runs/2026-06-03_13-48-09,results/quick_v1_v2_comparison/2026-06-03_09-24-45/model_runs/2026-06-03_13-48-09/multiclass_table6_valence_3class_emotion-elicitation_2026-06-03_15-04-16,results/quick_v1_v2_comparison/2026-06-03_09-24-45/model_runs/2026-06-03_13-48-09/multiclass_table6_valence_3class_emotion-elicitation_2026-06-03_15-04-16/recording_loo/r_earworm_f.avi/gnn_fold_diagnostics.csv,test,-0.0435717552900314,0.1993011087179184,-0.3856679797172546,0.5527363419532776,0.9384043216705322,1.079243779182434,0.0211156364530324,1.0160633325576782,1.0985698699951172,0.4166167676448822,0.3000476956367492,18336,1.0,0.0,1.0,1.0,1.0,0.0,1.0,1.0,0.6733143329620361,0.282497376203537,0.1410684585571289,1.0,-0.169471874833107,0.0276711639016866,-1.0,0.5495448112487793,1,1.0240620573361714,1
multiclass_table6_valence_3class,Table-6 Valence,recording_loo,GNN,GNN_v2,r_funny_f.avi,results/quick_v1_v2_comparison/2026-06-03_09-24-45/model_runs/2026-06-03_13-48-09,results/quick_v1_v2_comparison/2026-06-03_09-24-45/model_runs/2026-06-03_13-48-09/multiclass_table6_valence_3class_emotion-elicitation_2026-06-03_15-04-16,results/quick_v1_v2_comparison/2026-06-03_09-24-45/model_runs/2026-06-03_13-48-09/multiclass_table6_valence_3class_emotion-elicitation_2026-06-03_15-04-16/recording_loo/r_funny_f.avi/gnn_fold_diagnostics.csv,train,0.0964767709374427,0.6379160284996033,-1.4623198509216309,2.1702260971069336,3.632545948028565,0.9291955828666688,0.1276049315929412,0.4075297713279724,1.0986095666885376,0.4479915499687195,0.357795238494873,10000,1.0,7.9790943630087e-08,0.9999997615814208,1.0,1.0,7.157233028465272e-08,0.9999998211860656,1.0,-0.6750885844230652,0.2812929451465606,-1.0,-0.1109752357006073,-0.1689201444387436,0.0285376831889152,-1.0,0.9999999403953552,33,0.9040617346763612,1
multiclass_table6_valence_3class,Table-6 Valence,recording_loo,GNN,GNN_v2,r_funny_f.avi,results/quick_v1_v2_comparison/2026-06-03_09-24-45/model_runs/2026-06-03_13-48-09,results/quick_v1_v2_comparison/2026-06-03_09-24-45/model_runs/2026-06-03_13-48-09/multiclass_table6_valence_3class_emotion-elicitation_2026-06-03_15-04-16,results/quick_v1_v2_comparison/2026-06-03_09-24-45/model_runs/2026-06-03_13-48-09/multiclass_table6_valence_3class_emotion-elicitation_2026-06-03_15-04-16/recording_loo/r_funny_f.avi/gnn_fold_diagnostics.csv,val,0.064422383904457,0.6536722779273987,-1.422542929649353,1.5312033891677856,2.9537463188171387,0.9277607202529908,0.1105490997433662,0.5795717239379883,1.0979973077774048,0.4097615778446197,0.4254248142242431,127765,1.0,7.98011328129178e-08,0.9999998211860656,1.0,1.0,7.143329838754654e-08,0.9999998211860656,1.0,-0.6772127151489258,0.2802060842514038,-1.0,-0.1425725072622299,-0.1688085943460464,0.0265849456191062,-1.0,0.9999999403953552,33,0.9040617346763612,1
multiclass_table6_valence_3class,Table-6 Valence,recording_loo,GNN,GNN_v2,r_funny_f.avi,results/quick_v1_v2_comparison/2026-06-03_09-24-45/model_runs/2026-06-03_13-48-09,results/quick_v1_v2_comparison/2026-06-03_09-24-45/model_runs/2026-06-03_13-48-09/multiclass_table6_valence_3class_emotion-elicitation_2026-06-03_15-04-16,results/quick_v1_v2_comparison/2026-06-03_09-24-45/model_runs/2026-06-03_13-48-09/multiclass_table6_valence_3class_emotion-elicitation_2026-06-03_15-04-16/recording_loo/r_funny_f.avi/gnn_fold_diagnostics.csv,test,0.0598797537386417,0.60854572057724,-1.3766558170318604,1.3418898582458496,2.71854567527771,0.9559741616249084,0.0882136672735214,0.6759631633758545,1.0972630977630615,0.370808482170105,0.4826184213161468,34980,1.0,7.997477524668285e-08,0.9999998211860656,1.0,1.0,7.186953610016644e-08,0.9999998211860656,1.0,-0.6747052669525146,0.2818641662597656,-1.0,-0.111073113977909,-0.1683116853237152,0.0267360433936119,-1.0,0.9999996423721312,33,0.9040617346763612,1
multiclass_table6_valence_3class,Table-6 Valence,recording_loo,GNN,GNN_v2,r_newyork_f.avi,results/quick_v1_v2_comparison/2026-06-03_09-24-45/model_runs/2026-06-03_13-48-09,results/quick_v1_v2_comparison/2026-06-03_09-24-45/model_runs/2026-06-03_13-48-09/multiclass_table6_valence_3class_emotion-elicitation_2026-06-03_15-04-16,results/quick_v1_v2_comparison/2026-06-03_09-24-45/model_runs/2026-06-03_13-48-09/multiclass_table6_valence_3class_emotion-elicitation_2026-06-03_15-04-16/recording_loo/r_newyork_f.avi/gnn_fold_diagnostics.csv,train,0.0428346768021583,0.3383873999118805,-0.6160634756088257,1.0144023895263672,1.6304658651351929,1.0409218072891235,0.0582338869571685,0.8359965682029724,1.0985960960388184,0.3793024122714996,0.4464753866195678,10000,-0.996745765209198,0.0806094333529472,-1.0,1.0,-0.995902180671692,0.0904366672039032,-1.0,1.0,-0.6706783175468445,0.2931946516036987,-1.0,1.0,-0.169073224067688,0.0239656716585159,-1.0,-0.0161784999072551,8,0.9778130054473876,1
multiclass_table6_valence_3class,Table-6 Valence,recording_loo,GNN,GNN_v2,r_newyork_f.avi,results/quick_v1_v2_comparison/2026-06-03_09-24-45/model_runs/2026-06-03_13-48-09,results/quick_v1_v2_comparison/2026-06-03_09-24-45/model_runs/2026-06-03_13-48-09/multiclass_table6_valence_3class_emotion-elicitation_2026-06-03_15-04-16,results/quick_v1_v2_comparison/2026-06-03_09-24-45/model_runs/2026-06-03_13-48-09/multiclass_table6_valence_3class_emotion-elicitation_2026-06-03_15-04-16/recording_loo/r_newyork_f.avi/gnn_fold_diagnostics.csv,val,0.0439832918345928,0.3065002560615539,-0.5680164098739624,0.9832236170768738,1.5512400269508362,1.0516117811203003,0.0423395782709121,0.8627623319625854,1.0985705852508545,0.3533720970153808,0.4742051064968109,95703,-0.9959904551506042,0.0894596651196479,-1.0,1.0,-0.995386242866516,0.0959488451480865,-1.0,1.0,-0.672297477722168,0.293220967054367,-1.0,1.0,-0.1693083941936493,0.0253573916852474,-1.0,-0.0094165867194533,8,0.9778130054473876,1
multiclass_table6_valence_3class,Table-6 Valence,recording_loo,GNN,GNN_v2,r_newyork_f.avi,results/quick_v1_v2_comparison/2026-06-03_09-24-45/model_runs/2026-06-03_13-48-09,results/quick_v1_v2_comparison/2026-06-03_09-24-45/model_runs/2026-06-03_13-48-09/multiclass_table6_valence_3class_emotion-elicitation_2026-06-03_15-04-16,results/quick_v1_v2_comparison/2026-06-03_09-24-45/model_runs/2026-06-03_13-48-09/multiclass_table6_valence_3class_emotion-elicitation_2026-06-03_15-04-16/recording_loo/r_newyork_f.avi/gnn_fold_diagnostics.csv,test,0.0170968957245349,0.2090297639369964,-0.4647583663463592,0.6498427391052246,1.114601105451584,1.0778993368148804,0.016506552696228,1.0130409002304075,1.0985612869262695,0.2768927812576294,0.5694776177406311,32385,-0.9967005252838136,0.0811666026711463,-1.0,1.0,-0.9956215620040894,0.0934754982590675,-1.0,1.0,-0.6642747521400452,0.2979523539543152,-1.0,1.0,-0.1693103313446045,0.0253390371799469,-1.0,-0.0775027573108673,8,0.9778130054473876,1
