signal_set,signal_set_description,experiment_id,experiment_display_name,cv_strategy,model,model_display,summary_model_name,suite_run_dir,trainer_run_dir,fold_metrics_path,metric_source_model,fold_id,metric_type,accuracy,balanced_accuracy,macro_precision,macro_recall,macro_f1,macro_auc_ovr,weighted_precision,weighted_recall,weighted_f1,weighted_auc_ovr,loss
all_signals,"Gaze, pupil, screen distance, and fixation-duration nodes with all graph relations.",multiclass_table6_valence_3class,Table-6 Valence,subject_kfold,Random,Naključni,Random,results/quick_v1_v2_comparison/2026-06-12_16-29-08/model_runs/all_signals/2026-06-12_18-09-29,results/quick_v1_v2_comparison/2026-06-12_16-29-08/model_runs/all_signals/2026-06-12_18-09-29/multiclass_table6_valence_3class_emotion-elicitation_2026-06-12_18-10-59,results/quick_v1_v2_comparison/2026-06-12_16-29-08/model_runs/all_signals/2026-06-12_18-09-29/multiclass_table6_valence_3class_emotion-elicitation_2026-06-12_18-10-59/subject_kfold/fold_metrics.csv,Random,skf_0_P1_P14_P2_P27,aggregated,0.5289139633286318,0.5291238140795662,0.529069582378406,0.5291238140795662,0.5287555322061961,0.5291238140795662,0.530034420487005,0.5289139633286318,0.5291333294981584,0.5291238140795662,16.979661822235723
all_signals,"Gaze, pupil, screen distance, and fixation-duration nodes with all graph relations.",multiclass_table6_valence_3class,Table-6 Valence,subject_kfold,Random,Naključni,Random,results/quick_v1_v2_comparison/2026-06-12_16-29-08/model_runs/all_signals/2026-06-12_18-09-29,results/quick_v1_v2_comparison/2026-06-12_16-29-08/model_runs/all_signals/2026-06-12_18-09-29/multiclass_table6_valence_3class_emotion-elicitation_2026-06-12_18-10-59,results/quick_v1_v2_comparison/2026-06-12_16-29-08/model_runs/all_signals/2026-06-12_18-09-29/multiclass_table6_valence_3class_emotion-elicitation_2026-06-12_18-10-59/subject_kfold/fold_metrics.csv,Random,skf_1_P17_P20_P8,aggregated,0.484375,0.4838926584754569,0.4839083969465648,0.4838926584754569,0.4838709677419355,0.483892658475457,0.4846860687022901,0.484375,0.4845010080645161,0.4838926584754569,18.58500877876353
all_signals,"Gaze, pupil, screen distance, and fixation-duration nodes with all graph relations.",multiclass_table6_valence_3class,Table-6 Valence,subject_kfold,Random,Naključni,Random,results/quick_v1_v2_comparison/2026-06-12_16-29-08/model_runs/all_signals/2026-06-12_18-09-29,results/quick_v1_v2_comparison/2026-06-12_16-29-08/model_runs/all_signals/2026-06-12_18-09-29/multiclass_table6_valence_3class_emotion-elicitation_2026-06-12_18-10-59,results/quick_v1_v2_comparison/2026-06-12_16-29-08/model_runs/all_signals/2026-06-12_18-09-29/multiclass_table6_valence_3class_emotion-elicitation_2026-06-12_18-10-59/subject_kfold/fold_metrics.csv,Random,skf_2_P13_P28_P30,aggregated,0.5041152263374485,0.5041152263374485,0.5041186440677966,0.5041152263374485,0.5040123313021128,0.5041152263374487,0.5041186440677966,0.5041152263374485,0.5040123313021128,0.5041152263374487,17.87349890283381
all_signals,"Gaze, pupil, screen distance, and fixation-duration nodes with all graph relations.",multiclass_table6_valence_3class,Table-6 Valence,subject_kfold,Random,Naključni,Random,results/quick_v1_v2_comparison/2026-06-12_16-29-08/model_runs/all_signals/2026-06-12_18-09-29,results/quick_v1_v2_comparison/2026-06-12_16-29-08/model_runs/all_signals/2026-06-12_18-09-29/multiclass_table6_valence_3class_emotion-elicitation_2026-06-12_18-10-59,results/quick_v1_v2_comparison/2026-06-12_16-29-08/model_runs/all_signals/2026-06-12_18-09-29/multiclass_table6_valence_3class_emotion-elicitation_2026-06-12_18-10-59/subject_kfold/fold_metrics.csv,Random,skf_3_P19_P22_P4,aggregated,0.4914529914529914,0.4918931763759665,0.4918931763759665,0.4918931763759665,0.4914529914529914,0.4918931763759665,0.4923333612989415,0.4914529914529914,0.4914529914529914,0.4918931763759665,18.32989210814077
all_signals,"Gaze, pupil, screen distance, and fixation-duration nodes with all graph relations.",multiclass_table6_valence_3class,Table-6 Valence,subject_kfold,Random,Naključni,Random,results/quick_v1_v2_comparison/2026-06-12_16-29-08/model_runs/all_signals/2026-06-12_18-09-29,results/quick_v1_v2_comparison/2026-06-12_16-29-08/model_runs/all_signals/2026-06-12_18-09-29/multiclass_table6_valence_3class_emotion-elicitation_2026-06-12_18-10-59,results/quick_v1_v2_comparison/2026-06-12_16-29-08/model_runs/all_signals/2026-06-12_18-09-29/multiclass_table6_valence_3class_emotion-elicitation_2026-06-12_18-10-59/subject_kfold/fold_metrics.csv,Random,skf_4_P10_P16_P5,aggregated,0.4950690335305719,0.4950046685340803,0.4950024909702329,0.4950046685340803,0.4949727626459144,0.4950046685340802,0.4950206389412345,0.4950690335305719,0.4950140215964819,0.4950046685340802,18.199556740856
all_signals,"Gaze, pupil, screen distance, and fixation-duration nodes with all graph relations.",multiclass_table6_valence_3class,Table-6 Valence,subject_kfold,Random,Naključni,Random,results/quick_v1_v2_comparison/2026-06-12_16-29-08/model_runs/all_signals/2026-06-12_18-09-29,results/quick_v1_v2_comparison/2026-06-12_16-29-08/model_runs/all_signals/2026-06-12_18-09-29/multiclass_table6_valence_3class_emotion-elicitation_2026-06-12_18-10-59,results/quick_v1_v2_comparison/2026-06-12_16-29-08/model_runs/all_signals/2026-06-12_18-09-29/multiclass_table6_valence_3class_emotion-elicitation_2026-06-12_18-10-59/subject_kfold/fold_metrics.csv,Random,skf_5_P21_P23_P24,aggregated,0.5254901960784314,0.5256552233296419,0.5256710169908889,0.5256552233296419,0.5254610049061073,0.5256552233296419,0.5257485116676563,0.5254901960784314,0.5254172181476211,0.5256552233296419,17.103066902286958
all_signals,"Gaze, pupil, screen distance, and fixation-duration nodes with all graph relations.",multiclass_table6_valence_3class,Table-6 Valence,subject_kfold,Random,Naključni,Random,results/quick_v1_v2_comparison/2026-06-12_16-29-08/model_runs/all_signals/2026-06-12_18-09-29,results/quick_v1_v2_comparison/2026-06-12_16-29-08/model_runs/all_signals/2026-06-12_18-09-29/multiclass_table6_valence_3class_emotion-elicitation_2026-06-12_18-10-59,results/quick_v1_v2_comparison/2026-06-12_16-29-08/model_runs/all_signals/2026-06-12_18-09-29/multiclass_table6_valence_3class_emotion-elicitation_2026-06-12_18-10-59/subject_kfold/fold_metrics.csv,Random,skf_6_P18_P29_P7,aggregated,0.53125,0.5300116928673508,0.5280904732124244,0.5300116928673508,0.521935629517819,0.530011692867351,0.5602123288861094,0.5312499999999999,0.538896125022686,0.530011692867351,16.895462526148663
all_signals,"Gaze, pupil, screen distance, and fixation-duration nodes with all graph relations.",multiclass_table6_valence_3class,Table-6 Valence,subject_kfold,Majority,Večinski,Majority,results/quick_v1_v2_comparison/2026-06-12_16-29-08/model_runs/all_signals/2026-06-12_18-09-29,results/quick_v1_v2_comparison/2026-06-12_16-29-08/model_runs/all_signals/2026-06-12_18-09-29/multiclass_table6_valence_3class_emotion-elicitation_2026-06-12_18-10-59,results/quick_v1_v2_comparison/2026-06-12_16-29-08/model_runs/all_signals/2026-06-12_18-09-29/multiclass_table6_valence_3class_emotion-elicitation_2026-06-12_18-10-59/subject_kfold/fold_metrics.csv,Majority,skf_0_P1_P14_P2_P27,aggregated,0.5218617771509168,0.5,0.2609308885754584,0.5,0.3429101019462465,0.5,0.2723397144511131,0.5218617771509168,0.3579033504093405,0.5,17.23384837646081
all_signals,"Gaze, pupil, screen distance, and fixation-duration nodes with all graph relations.",multiclass_table6_valence_3class,Table-6 Valence,subject_kfold,Majority,Večinski,Majority,results/quick_v1_v2_comparison/2026-06-12_16-29-08/model_runs/all_signals/2026-06-12_18-09-29,results/quick_v1_v2_comparison/2026-06-12_16-29-08/model_runs/all_signals/2026-06-12_18-09-29/multiclass_table6_valence_3class_emotion-elicitation_2026-06-12_18-10-59,results/quick_v1_v2_comparison/2026-06-12_16-29-08/model_runs/all_signals/2026-06-12_18-09-29/multiclass_table6_valence_3class_emotion-elicitation_2026-06-12_18-10-59/subject_kfold/fold_metrics.csv,Majority,skf_1_P17_P20_P8,aggregated,0.51953125,0.5,0.259765625,0.5,0.3419023136246786,0.5,0.2699127197265625,0.51953125,0.3552578727506427,0.5,17.317849089302378
all_signals,"Gaze, pupil, screen distance, and fixation-duration nodes with all graph relations.",multiclass_table6_valence_3class,Table-6 Valence,subject_kfold,Majority,Večinski,Majority,results/quick_v1_v2_comparison/2026-06-12_16-29-08/model_runs/all_signals/2026-06-12_18-09-29,results/quick_v1_v2_comparison/2026-06-12_16-29-08/model_runs/all_signals/2026-06-12_18-09-29/multiclass_table6_valence_3class_emotion-elicitation_2026-06-12_18-10-59,results/quick_v1_v2_comparison/2026-06-12_16-29-08/model_runs/all_signals/2026-06-12_18-09-29/multiclass_table6_valence_3class_emotion-elicitation_2026-06-12_18-10-59/subject_kfold/fold_metrics.csv,Majority,skf_2_P13_P28_P30,aggregated,0.5,0.5,0.25,0.5,0.3333333333333333,0.5,0.25,0.5,0.3333333333333333,0.5,18.02182669455857
all_signals,"Gaze, pupil, screen distance, and fixation-duration nodes with all graph relations.",multiclass_table6_valence_3class,Table-6 Valence,subject_kfold,Majority,Večinski,Majority,results/quick_v1_v2_comparison/2026-06-12_16-29-08/model_runs/all_signals/2026-06-12_18-09-29,results/quick_v1_v2_comparison/2026-06-12_16-29-08/model_runs/all_signals/2026-06-12_18-09-29/multiclass_table6_valence_3class_emotion-elicitation_2026-06-12_18-10-59,results/quick_v1_v2_comparison/2026-06-12_16-29-08/model_runs/all_signals/2026-06-12_18-09-29/multiclass_table6_valence_3class_emotion-elicitation_2026-06-12_18-10-59/subject_kfold/fold_metrics.csv,Majority,skf_3_P19_P22_P4,aggregated,0.485042735042735,0.5,0.2425213675213675,0.5,0.3266187050359712,0.5,0.2352664548177368,0.485042735042735,0.3168480600135276,0.5,18.56094116832741
all_signals,"Gaze, pupil, screen distance, and fixation-duration nodes with all graph relations.",multiclass_table6_valence_3class,Table-6 Valence,subject_kfold,Majority,Večinski,Majority,results/quick_v1_v2_comparison/2026-06-12_16-29-08/model_runs/all_signals/2026-06-12_18-09-29,results/quick_v1_v2_comparison/2026-06-12_16-29-08/model_runs/all_signals/2026-06-12_18-09-29/multiclass_table6_valence_3class_emotion-elicitation_2026-06-12_18-10-59,results/quick_v1_v2_comparison/2026-06-12_16-29-08/model_runs/all_signals/2026-06-12_18-09-29/multiclass_table6_valence_3class_emotion-elicitation_2026-06-12_18-10-59/subject_kfold/fold_metrics.csv,Majority,skf_4_P10_P16_P5,aggregated,0.5029585798816568,0.5,0.2514792899408284,0.5,0.3346456692913386,0.5,0.2529673330765729,0.5029585798816568,0.3366258211806365,0.5,17.91518866678012
all_signals,"Gaze, pupil, screen distance, and fixation-duration nodes with all graph relations.",multiclass_table6_valence_3class,Table-6 Valence,subject_kfold,Majority,Večinski,Majority,results/quick_v1_v2_comparison/2026-06-12_16-29-08/model_runs/all_signals/2026-06-12_18-09-29,results/quick_v1_v2_comparison/2026-06-12_16-29-08/model_runs/all_signals/2026-06-12_18-09-29/multiclass_table6_valence_3class_emotion-elicitation_2026-06-12_18-10-59,results/quick_v1_v2_comparison/2026-06-12_16-29-08/model_runs/all_signals/2026-06-12_18-09-29/multiclass_table6_valence_3class_emotion-elicitation_2026-06-12_18-10-59/subject_kfold/fold_metrics.csv,Majority,skf_5_P21_P23_P24,aggregated,0.4941176470588235,0.5,0.2470588235294117,0.5,0.3307086614173228,0.5,0.2441522491349481,0.4941176470588235,0.3268179712830014,0.5,18.233848185082795
all_signals,"Gaze, pupil, screen distance, and fixation-duration nodes with all graph relations.",multiclass_table6_valence_3class,Table-6 Valence,subject_kfold,Majority,Večinski,Majority,results/quick_v1_v2_comparison/2026-06-12_16-29-08/model_runs/all_signals/2026-06-12_18-09-29,results/quick_v1_v2_comparison/2026-06-12_16-29-08/model_runs/all_signals/2026-06-12_18-09-29/multiclass_table6_valence_3class_emotion-elicitation_2026-06-12_18-10-59,results/quick_v1_v2_comparison/2026-06-12_16-29-08/model_runs/all_signals/2026-06-12_18-09-29/multiclass_table6_valence_3class_emotion-elicitation_2026-06-12_18-10-59/subject_kfold/fold_metrics.csv,Majority,skf_6_P18_P29_P7,aggregated,0.6270833333333333,0.5,0.3135416666666666,0.5,0.3854033290653009,0.5,0.3932335069444444,0.6270833333333333,0.4833600085360648,0.5,13.441279076358269
all_signals,"Gaze, pupil, screen distance, and fixation-duration nodes with all graph relations.",multiclass_table6_valence_3class,Table-6 Valence,subject_kfold,SVM,SVM,SVM,results/quick_v1_v2_comparison/2026-06-12_16-29-08/model_runs/all_signals/2026-06-12_18-09-29,results/quick_v1_v2_comparison/2026-06-12_16-29-08/model_runs/all_signals/2026-06-12_18-09-29/multiclass_table6_valence_3class_emotion-elicitation_2026-06-12_18-10-59,results/quick_v1_v2_comparison/2026-06-12_16-29-08/model_runs/all_signals/2026-06-12_18-09-29/multiclass_table6_valence_3class_emotion-elicitation_2026-06-12_18-10-59/subject_kfold/fold_metrics.csv,SVM,skf_0_P1_P14_P2_P27,aggregated,0.6375176304654443,0.6471418320975844,0.6796763955684495,0.6471418320975844,0.6236707043795243,0.7763692896436258,0.6839896685657868,0.6375176304654443,0.6205144197569985,0.776369289643626,0.6319123681626608
all_signals,"Gaze, pupil, screen distance, and fixation-duration nodes with all graph relations.",multiclass_table6_valence_3class,Table-6 Valence,subject_kfold,SVM,SVM,SVM,results/quick_v1_v2_comparison/2026-06-12_16-29-08/model_runs/all_signals/2026-06-12_18-09-29,results/quick_v1_v2_comparison/2026-06-12_16-29-08/model_runs/all_signals/2026-06-12_18-09-29/multiclass_table6_valence_3class_emotion-elicitation_2026-06-12_18-10-59,results/quick_v1_v2_comparison/2026-06-12_16-29-08/model_runs/all_signals/2026-06-12_18-09-29/multiclass_table6_valence_3class_emotion-elicitation_2026-06-12_18-10-59/subject_kfold/fold_metrics.csv,SVM,skf_1_P17_P20_P8,aggregated,0.71484375,0.709976159911975,0.725571315996848,0.709976159911975,0.7080684214637194,0.8019133198850785,0.7239937327620174,0.71484375,0.7098056851909709,0.8019133198850785,0.5480347762709032
all_signals,"Gaze, pupil, screen distance, and fixation-duration nodes with all graph relations.",multiclass_table6_valence_3class,Table-6 Valence,subject_kfold,SVM,SVM,SVM,results/quick_v1_v2_comparison/2026-06-12_16-29-08/model_runs/all_signals/2026-06-12_18-09-29,results/quick_v1_v2_comparison/2026-06-12_16-29-08/model_runs/all_signals/2026-06-12_18-09-29/multiclass_table6_valence_3class_emotion-elicitation_2026-06-12_18-10-59,results/quick_v1_v2_comparison/2026-06-12_16-29-08/model_runs/all_signals/2026-06-12_18-09-29/multiclass_table6_valence_3class_emotion-elicitation_2026-06-12_18-10-59/subject_kfold/fold_metrics.csv,SVM,skf_2_P13_P28_P30,aggregated,0.6851851851851852,0.6851851851851851,0.6871662330549089,0.6851851851851851,0.684349941206685,0.7476587241104845,0.687166233054909,0.6851851851851852,0.684349941206685,0.7476587241104845,0.6002676112478532
all_signals,"Gaze, pupil, screen distance, and fixation-duration nodes with all graph relations.",multiclass_table6_valence_3class,Table-6 Valence,subject_kfold,SVM,SVM,SVM,results/quick_v1_v2_comparison/2026-06-12_16-29-08/model_runs/all_signals/2026-06-12_18-09-29,results/quick_v1_v2_comparison/2026-06-12_16-29-08/model_runs/all_signals/2026-06-12_18-09-29/multiclass_table6_valence_3class_emotion-elicitation_2026-06-12_18-10-59,results/quick_v1_v2_comparison/2026-06-12_16-29-08/model_runs/all_signals/2026-06-12_18-09-29/multiclass_table6_valence_3class_emotion-elicitation_2026-06-12_18-10-59/subject_kfold/fold_metrics.csv,SVM,skf_3_P19_P22_P4,aggregated,0.6944444444444444,0.696282011442777,0.6985576923076924,0.696282011442777,0.6939399898473908,0.7614930447657522,0.6996651051939514,0.6944444444444444,0.6935682864600881,0.7614930447657522,0.5873677247927879
all_signals,"Gaze, pupil, screen distance, and fixation-duration nodes with all graph relations.",multiclass_table6_valence_3class,Table-6 Valence,subject_kfold,SVM,SVM,SVM,results/quick_v1_v2_comparison/2026-06-12_16-29-08/model_runs/all_signals/2026-06-12_18-09-29,results/quick_v1_v2_comparison/2026-06-12_16-29-08/model_runs/all_signals/2026-06-12_18-09-29/multiclass_table6_valence_3class_emotion-elicitation_2026-06-12_18-10-59,results/quick_v1_v2_comparison/2026-06-12_16-29-08/model_runs/all_signals/2026-06-12_18-09-29/multiclass_table6_valence_3class_emotion-elicitation_2026-06-12_18-10-59/subject_kfold/fold_metrics.csv,SVM,skf_4_P10_P16_P5,aggregated,0.6686390532544378,0.6684640522875817,0.6690903127050076,0.6684640522875817,0.6682660850599782,0.738787737317149,0.6690466424355977,0.6686390532544378,0.6683319029766476,0.738787737317149,0.6052618827552716
all_signals,"Gaze, pupil, screen distance, and fixation-duration nodes with all graph relations.",multiclass_table6_valence_3class,Table-6 Valence,subject_kfold,SVM,SVM,SVM,results/quick_v1_v2_comparison/2026-06-12_16-29-08/model_runs/all_signals/2026-06-12_18-09-29,results/quick_v1_v2_comparison/2026-06-12_16-29-08/model_runs/all_signals/2026-06-12_18-09-29/multiclass_table6_valence_3class_emotion-elicitation_2026-06-12_18-10-59,results/quick_v1_v2_comparison/2026-06-12_16-29-08/model_runs/all_signals/2026-06-12_18-09-29/multiclass_table6_valence_3class_emotion-elicitation_2026-06-12_18-10-59/subject_kfold/fold_metrics.csv,SVM,skf_5_P21_P23_P24,aggregated,0.6627450980392157,0.6655592469545958,0.7136392505557321,0.6655592469545958,0.6436695697387235,0.7252214839424143,0.7149010890478771,0.6627450980392157,0.6426996276217493,0.7252214839424143,0.6758878864504582
all_signals,"Gaze, pupil, screen distance, and fixation-duration nodes with all graph relations.",multiclass_table6_valence_3class,Table-6 Valence,subject_kfold,SVM,SVM,SVM,results/quick_v1_v2_comparison/2026-06-12_16-29-08/model_runs/all_signals/2026-06-12_18-09-29,results/quick_v1_v2_comparison/2026-06-12_16-29-08/model_runs/all_signals/2026-06-12_18-09-29/multiclass_table6_valence_3class_emotion-elicitation_2026-06-12_18-10-59,results/quick_v1_v2_comparison/2026-06-12_16-29-08/model_runs/all_signals/2026-06-12_18-09-29/multiclass_table6_valence_3class_emotion-elicitation_2026-06-12_18-10-59/subject_kfold/fold_metrics.csv,SVM,skf_6_P18_P29_P7,aggregated,0.7354166666666667,0.7063883887971195,0.7171875,0.7063883887971195,0.710429937440326,0.7791718480298446,0.7310872395833333,0.7354166666666667,0.732049660600706,0.7791718480298447,0.5520658621357557
all_signals,"Gaze, pupil, screen distance, and fixation-duration nodes with all graph relations.",multiclass_table6_valence_3class,Table-6 Valence,subject_kfold,LightGBM,LightGBM,LightGBM,results/quick_v1_v2_comparison/2026-06-12_16-29-08/model_runs/all_signals/2026-06-12_18-09-29,results/quick_v1_v2_comparison/2026-06-12_16-29-08/model_runs/all_signals/2026-06-12_18-09-29/multiclass_table6_valence_3class_emotion-elicitation_2026-06-12_18-10-59,results/quick_v1_v2_comparison/2026-06-12_16-29-08/model_runs/all_signals/2026-06-12_18-09-29/multiclass_table6_valence_3class_emotion-elicitation_2026-06-12_18-10-59/subject_kfold/fold_metrics.csv,LightGBM,skf_0_P1_P14_P2_P27,aggregated,0.6614950634696756,0.6725863031172765,0.7273419449695442,0.6725863031172765,0.6435693338919145,0.8178824842541657,0.7331908083692461,0.6614950634696756,0.6400743803264392,0.8178824842541658,0.5952046361279173
all_signals,"Gaze, pupil, screen distance, and fixation-duration nodes with all graph relations.",multiclass_table6_valence_3class,Table-6 Valence,subject_kfold,LightGBM,LightGBM,LightGBM,results/quick_v1_v2_comparison/2026-06-12_16-29-08/model_runs/all_signals/2026-06-12_18-09-29,results/quick_v1_v2_comparison/2026-06-12_16-29-08/model_runs/all_signals/2026-06-12_18-09-29/multiclass_table6_valence_3class_emotion-elicitation_2026-06-12_18-10-59,results/quick_v1_v2_comparison/2026-06-12_16-29-08/model_runs/all_signals/2026-06-12_18-09-29/multiclass_table6_valence_3class_emotion-elicitation_2026-06-12_18-10-59/subject_kfold/fold_metrics.csv,LightGBM,skf_1_P17_P20_P8,aggregated,0.705078125,0.7014945901338713,0.7095018670056408,0.7014945901338713,0.7008315823281983,0.788113576624488,0.7086344666123778,0.705078125,0.7022238914009202,0.788113576624488,0.5608789984780913
all_signals,"Gaze, pupil, screen distance, and fixation-duration nodes with all graph relations.",multiclass_table6_valence_3class,Table-6 Valence,subject_kfold,LightGBM,LightGBM,LightGBM,results/quick_v1_v2_comparison/2026-06-12_16-29-08/model_runs/all_signals/2026-06-12_18-09-29,results/quick_v1_v2_comparison/2026-06-12_16-29-08/model_runs/all_signals/2026-06-12_18-09-29/multiclass_table6_valence_3class_emotion-elicitation_2026-06-12_18-10-59,results/quick_v1_v2_comparison/2026-06-12_16-29-08/model_runs/all_signals/2026-06-12_18-09-29/multiclass_table6_valence_3class_emotion-elicitation_2026-06-12_18-10-59/subject_kfold/fold_metrics.csv,LightGBM,skf_2_P13_P28_P30,aggregated,0.6604938271604939,0.6604938271604939,0.6667311752287122,0.6604938271604939,0.6572886527884028,0.7568290741587496,0.6667311752287122,0.6604938271604939,0.6572886527884028,0.7568290741587496,0.5850705497270403
all_signals,"Gaze, pupil, screen distance, and fixation-duration nodes with all graph relations.",multiclass_table6_valence_3class,Table-6 Valence,subject_kfold,LightGBM,LightGBM,LightGBM,results/quick_v1_v2_comparison/2026-06-12_16-29-08/model_runs/all_signals/2026-06-12_18-09-29,results/quick_v1_v2_comparison/2026-06-12_16-29-08/model_runs/all_signals/2026-06-12_18-09-29/multiclass_table6_valence_3class_emotion-elicitation_2026-06-12_18-10-59,results/quick_v1_v2_comparison/2026-06-12_16-29-08/model_runs/all_signals/2026-06-12_18-09-29/multiclass_table6_valence_3class_emotion-elicitation_2026-06-12_18-10-59/subject_kfold/fold_metrics.csv,LightGBM,skf_3_P19_P22_P4,aggregated,0.7158119658119658,0.7180525344105873,0.7220092309982877,0.7180525344105873,0.71499869504897,0.7822947703218966,0.7233648827577959,0.7158119658119658,0.7145432634216924,0.7822947703218968,0.5694664050020753
all_signals,"Gaze, pupil, screen distance, and fixation-duration nodes with all graph relations.",multiclass_table6_valence_3class,Table-6 Valence,subject_kfold,LightGBM,LightGBM,LightGBM,results/quick_v1_v2_comparison/2026-06-12_16-29-08/model_runs/all_signals/2026-06-12_18-09-29,results/quick_v1_v2_comparison/2026-06-12_16-29-08/model_runs/all_signals/2026-06-12_18-09-29/multiclass_table6_valence_3class_emotion-elicitation_2026-06-12_18-10-59,results/quick_v1_v2_comparison/2026-06-12_16-29-08/model_runs/all_signals/2026-06-12_18-09-29/multiclass_table6_valence_3class_emotion-elicitation_2026-06-12_18-10-59/subject_kfold/fold_metrics.csv,LightGBM,skf_4_P10_P16_P5,aggregated,0.6923076923076923,0.69234360410831,0.692355577689243,0.69234360410831,0.6923064952849274,0.7530812324929972,0.6923843089181735,0.6923076923076923,0.6923029042166324,0.7530812324929973,0.5912016923668152
all_signals,"Gaze, pupil, screen distance, and fixation-duration nodes with all graph relations.",multiclass_table6_valence_3class,Table-6 Valence,subject_kfold,LightGBM,LightGBM,LightGBM,results/quick_v1_v2_comparison/2026-06-12_16-29-08/model_runs/all_signals/2026-06-12_18-09-29,results/quick_v1_v2_comparison/2026-06-12_16-29-08/model_runs/all_signals/2026-06-12_18-09-29/multiclass_table6_valence_3class_emotion-elicitation_2026-06-12_18-10-59,results/quick_v1_v2_comparison/2026-06-12_16-29-08/model_runs/all_signals/2026-06-12_18-09-29/multiclass_table6_valence_3class_emotion-elicitation_2026-06-12_18-10-59/subject_kfold/fold_metrics.csv,LightGBM,skf_5_P21_P23_P24,aggregated,0.6607843137254902,0.6630214101144334,0.6899156050099446,0.6630214101144334,0.6491165276733837,0.7396794635166728,0.6908259578625838,0.6607843137254902,0.6483637672829251,0.7396794635166727,0.6560915532574334
all_signals,"Gaze, pupil, screen distance, and fixation-duration nodes with all graph relations.",multiclass_table6_valence_3class,Table-6 Valence,subject_kfold,LightGBM,LightGBM,LightGBM,results/quick_v1_v2_comparison/2026-06-12_16-29-08/model_runs/all_signals/2026-06-12_18-09-29,results/quick_v1_v2_comparison/2026-06-12_16-29-08/model_runs/all_signals/2026-06-12_18-09-29/multiclass_table6_valence_3class_emotion-elicitation_2026-06-12_18-10-59,results/quick_v1_v2_comparison/2026-06-12_16-29-08/model_runs/all_signals/2026-06-12_18-09-29/multiclass_table6_valence_3class_emotion-elicitation_2026-06-12_18-10-59/subject_kfold/fold_metrics.csv,LightGBM,skf_6_P18_P29_P7,aggregated,0.7354166666666667,0.7222387200950278,0.7181215389099388,0.7222387200950278,0.7198928461478373,0.7913101579465098,0.7384100541630235,0.7354166666666667,0.7366530771504672,0.7913101579465099,0.5427574881078354
all_signals,"Gaze, pupil, screen distance, and fixation-duration nodes with all graph relations.",multiclass_table6_valence_3class,Table-6 Valence,subject_kfold,MLP,MLP,MLP,results/quick_v1_v2_comparison/2026-06-12_16-29-08/model_runs/all_signals/2026-06-12_18-09-29,results/quick_v1_v2_comparison/2026-06-12_16-29-08/model_runs/all_signals/2026-06-12_18-09-29/multiclass_table6_valence_3class_emotion-elicitation_2026-06-12_18-10-59,results/quick_v1_v2_comparison/2026-06-12_16-29-08/model_runs/all_signals/2026-06-12_18-09-29/multiclass_table6_valence_3class_emotion-elicitation_2026-06-12_18-10-59/subject_kfold/fold_metrics.csv,MLP,skf_0_P1_P14_P2_P27,aggregated,0.6473906911142454,0.6583313401897473,0.7070552786871573,0.6583313401897473,0.6292089232519998,0.7940365143904966,0.7124164445270421,0.6473906911142454,0.6256188926549959,0.7940365143904966,0.7719080410002732
all_signals,"Gaze, pupil, screen distance, and fixation-duration nodes with all graph relations.",multiclass_table6_valence_3class,Table-6 Valence,subject_kfold,MLP,MLP,MLP,results/quick_v1_v2_comparison/2026-06-12_16-29-08/model_runs/all_signals/2026-06-12_18-09-29,results/quick_v1_v2_comparison/2026-06-12_16-29-08/model_runs/all_signals/2026-06-12_18-09-29/multiclass_table6_valence_3class_emotion-elicitation_2026-06-12_18-10-59,results/quick_v1_v2_comparison/2026-06-12_16-29-08/model_runs/all_signals/2026-06-12_18-09-29/multiclass_table6_valence_3class_emotion-elicitation_2026-06-12_18-10-59/subject_kfold/fold_metrics.csv,MLP,skf_1_P17_P20_P8,aggregated,0.69140625,0.6845161684699554,0.7129453262786596,0.6845161684699554,0.6781257957728546,0.7795708784155511,0.7106539351851852,0.69140625,0.6806797292780749,0.7795708784155511,0.5867301220990544
all_signals,"Gaze, pupil, screen distance, and fixation-duration nodes with all graph relations.",multiclass_table6_valence_3class,Table-6 Valence,subject_kfold,MLP,MLP,MLP,results/quick_v1_v2_comparison/2026-06-12_16-29-08/model_runs/all_signals/2026-06-12_18-09-29,results/quick_v1_v2_comparison/2026-06-12_16-29-08/model_runs/all_signals/2026-06-12_18-09-29/multiclass_table6_valence_3class_emotion-elicitation_2026-06-12_18-10-59,results/quick_v1_v2_comparison/2026-06-12_16-29-08/model_runs/all_signals/2026-06-12_18-09-29/multiclass_table6_valence_3class_emotion-elicitation_2026-06-12_18-10-59/subject_kfold/fold_metrics.csv,MLP,skf_2_P13_P28_P30,aggregated,0.6358024691358025,0.6358024691358024,0.635989010989011,0.6358024691358024,0.6356775300171527,0.7155582651696049,0.635989010989011,0.6358024691358025,0.6356775300171527,0.7155582651696049,0.7781462975983365
all_signals,"Gaze, pupil, screen distance, and fixation-duration nodes with all graph relations.",multiclass_table6_valence_3class,Table-6 Valence,subject_kfold,MLP,MLP,MLP,results/quick_v1_v2_comparison/2026-06-12_16-29-08/model_runs/all_signals/2026-06-12_18-09-29,results/quick_v1_v2_comparison/2026-06-12_16-29-08/model_runs/all_signals/2026-06-12_18-09-29/multiclass_table6_valence_3class_emotion-elicitation_2026-06-12_18-10-59,results/quick_v1_v2_comparison/2026-06-12_16-29-08/model_runs/all_signals/2026-06-12_18-09-29/multiclass_table6_valence_3class_emotion-elicitation_2026-06-12_18-10-59/subject_kfold/fold_metrics.csv,MLP,skf_3_P19_P22_P4,aggregated,0.6623931623931624,0.6669530407443289,0.6826882688268827,0.6669530407443289,0.6563621154382377,0.7480761145740034,0.6847471926679847,0.6623931623931624,0.6550002661258354,0.7480761145740034,0.6444005696557861
all_signals,"Gaze, pupil, screen distance, and fixation-duration nodes with all graph relations.",multiclass_table6_valence_3class,Table-6 Valence,subject_kfold,MLP,MLP,MLP,results/quick_v1_v2_comparison/2026-06-12_16-29-08/model_runs/all_signals/2026-06-12_18-09-29,results/quick_v1_v2_comparison/2026-06-12_16-29-08/model_runs/all_signals/2026-06-12_18-09-29/multiclass_table6_valence_3class_emotion-elicitation_2026-06-12_18-10-59,results/quick_v1_v2_comparison/2026-06-12_16-29-08/model_runs/all_signals/2026-06-12_18-09-29/multiclass_table6_valence_3class_emotion-elicitation_2026-06-12_18-10-59/subject_kfold/fold_metrics.csv,MLP,skf_4_P10_P16_P5,aggregated,0.6824457593688363,0.6819094304388422,0.6882367149758454,0.6819094304388422,0.6795736913383972,0.7512916277622161,0.6880499099562644,0.6824457593688363,0.6797531955902996,0.751291627762216,0.6369799021809981
all_signals,"Gaze, pupil, screen distance, and fixation-duration nodes with all graph relations.",multiclass_table6_valence_3class,Table-6 Valence,subject_kfold,MLP,MLP,MLP,results/quick_v1_v2_comparison/2026-06-12_16-29-08/model_runs/all_signals/2026-06-12_18-09-29,results/quick_v1_v2_comparison/2026-06-12_16-29-08/model_runs/all_signals/2026-06-12_18-09-29/multiclass_table6_valence_3class_emotion-elicitation_2026-06-12_18-10-59,results/quick_v1_v2_comparison/2026-06-12_16-29-08/model_runs/all_signals/2026-06-12_18-09-29/multiclass_table6_valence_3class_emotion-elicitation_2026-06-12_18-10-59/subject_kfold/fold_metrics.csv,MLP,skf_5_P21_P23_P24,aggregated,0.6627450980392157,0.6650055370985604,0.6928941311852704,0.6650055370985604,0.6508851248089659,0.7007198228128461,0.6938265755093752,0.6627450980392157,0.6501281052410776,0.7007198228128462,0.8568924783474173
all_signals,"Gaze, pupil, screen distance, and fixation-duration nodes with all graph relations.",multiclass_table6_valence_3class,Table-6 Valence,subject_kfold,MLP,MLP,MLP,results/quick_v1_v2_comparison/2026-06-12_16-29-08/model_runs/all_signals/2026-06-12_18-09-29,results/quick_v1_v2_comparison/2026-06-12_16-29-08/model_runs/all_signals/2026-06-12_18-09-29/multiclass_table6_valence_3class_emotion-elicitation_2026-06-12_18-10-59,results/quick_v1_v2_comparison/2026-06-12_16-29-08/model_runs/all_signals/2026-06-12_18-09-29/multiclass_table6_valence_3class_emotion-elicitation_2026-06-12_18-10-59/subject_kfold/fold_metrics.csv,MLP,skf_6_P18_P29_P7,aggregated,0.725,0.7048757400842629,0.7058231246853499,0.7048757400842629,0.7053352183942257,0.7863546094025502,0.7243912103074714,0.725,0.7246828261031326,0.7863546094025502,0.5553637420512546
all_signals,"Gaze, pupil, screen distance, and fixation-duration nodes with all graph relations.",multiclass_table6_valence_3class,Table-6 Valence,subject_kfold,MOMENT_GazeMAE_all_signals,MOMENTxGazeMAE,MOMENT_GazeMAE_all_signals,results/quick_v1_v2_comparison/2026-06-12_16-29-08/model_runs/all_signals/2026-06-12_18-09-29,results/quick_v1_v2_comparison/2026-06-12_16-29-08/model_runs/all_signals/2026-06-12_18-09-29/multiclass_table6_valence_3class_emotion-elicitation_2026-06-12_18-10-59,results/quick_v1_v2_comparison/2026-06-12_16-29-08/model_runs/all_signals/2026-06-12_18-09-29/multiclass_table6_valence_3class_emotion-elicitation_2026-06-12_18-10-59/subject_kfold/fold_metrics.csv,MOMENT_GazeMAE_all_signals,skf_0_P1_P14_P2_P27,aggregated,0.6586741889985895,0.6583911344973292,0.6582019429845517,0.6583911344973292,0.6582492789648964,0.7185760982221159,0.6589724496390346,0.6586741889985895,0.6587761674066759,0.7185760982221159,0.6183985356268059
all_signals,"Gaze, pupil, screen distance, and fixation-duration nodes with all graph relations.",multiclass_table6_valence_3class,Table-6 Valence,subject_kfold,MOMENT_GazeMAE_all_signals,MOMENTxGazeMAE,MOMENT_GazeMAE_all_signals,results/quick_v1_v2_comparison/2026-06-12_16-29-08/model_runs/all_signals/2026-06-12_18-09-29,results/quick_v1_v2_comparison/2026-06-12_16-29-08/model_runs/all_signals/2026-06-12_18-09-29/multiclass_table6_valence_3class_emotion-elicitation_2026-06-12_18-10-59,results/quick_v1_v2_comparison/2026-06-12_16-29-08/model_runs/all_signals/2026-06-12_18-09-29/multiclass_table6_valence_3class_emotion-elicitation_2026-06-12_18-10-59/subject_kfold/fold_metrics.csv,MOMENT_GazeMAE_all_signals,skf_1_P17_P20_P8,aggregated,0.68359375,0.67730301363164,0.6995528035775713,0.67730301363164,0.6720647773279352,0.7710281802066141,0.6976970996732026,0.68359375,0.6744666466346154,0.7710281802066141,0.5975054078458484
all_signals,"Gaze, pupil, screen distance, and fixation-duration nodes with all graph relations.",multiclass_table6_valence_3class,Table-6 Valence,subject_kfold,MOMENT_GazeMAE_all_signals,MOMENTxGazeMAE,MOMENT_GazeMAE_all_signals,results/quick_v1_v2_comparison/2026-06-12_16-29-08/model_runs/all_signals/2026-06-12_18-09-29,results/quick_v1_v2_comparison/2026-06-12_16-29-08/model_runs/all_signals/2026-06-12_18-09-29/multiclass_table6_valence_3class_emotion-elicitation_2026-06-12_18-10-59,results/quick_v1_v2_comparison/2026-06-12_16-29-08/model_runs/all_signals/2026-06-12_18-09-29/multiclass_table6_valence_3class_emotion-elicitation_2026-06-12_18-10-59/subject_kfold/fold_metrics.csv,MOMENT_GazeMAE_all_signals,skf_2_P13_P28_P30,aggregated,0.6934156378600823,0.6934156378600823,0.6934451219512194,0.6934156378600823,0.6934039553404717,0.7634168233162288,0.6934451219512197,0.6934156378600823,0.6934039553404717,0.7634168233162288,0.8021006006740329
all_signals,"Gaze, pupil, screen distance, and fixation-duration nodes with all graph relations.",multiclass_table6_valence_3class,Table-6 Valence,subject_kfold,MOMENT_GazeMAE_all_signals,MOMENTxGazeMAE,MOMENT_GazeMAE_all_signals,results/quick_v1_v2_comparison/2026-06-12_16-29-08/model_runs/all_signals/2026-06-12_18-09-29,results/quick_v1_v2_comparison/2026-06-12_16-29-08/model_runs/all_signals/2026-06-12_18-09-29/multiclass_table6_valence_3class_emotion-elicitation_2026-06-12_18-10-59,results/quick_v1_v2_comparison/2026-06-12_16-29-08/model_runs/all_signals/2026-06-12_18-09-29/multiclass_table6_valence_3class_emotion-elicitation_2026-06-12_18-10-59/subject_kfold/fold_metrics.csv,MOMENT_GazeMAE_all_signals,skf_3_P19_P22_P4,aggregated,0.6047008547008547,0.6102966713583271,0.6274070945945946,0.6102966713583271,0.5931065921619678,0.6464803407242218,0.6292552769115269,0.6047008547008547,0.5910519127246968,0.6464803407242217,0.6837211413623868
all_signals,"Gaze, pupil, screen distance, and fixation-duration nodes with all graph relations.",multiclass_table6_valence_3class,Table-6 Valence,subject_kfold,MOMENT_GazeMAE_all_signals,MOMENTxGazeMAE,MOMENT_GazeMAE_all_signals,results/quick_v1_v2_comparison/2026-06-12_16-29-08/model_runs/all_signals/2026-06-12_18-09-29,results/quick_v1_v2_comparison/2026-06-12_16-29-08/model_runs/all_signals/2026-06-12_18-09-29/multiclass_table6_valence_3class_emotion-elicitation_2026-06-12_18-10-59,results/quick_v1_v2_comparison/2026-06-12_16-29-08/model_runs/all_signals/2026-06-12_18-09-29/multiclass_table6_valence_3class_emotion-elicitation_2026-06-12_18-10-59/subject_kfold/fold_metrics.csv,MOMENT_GazeMAE_all_signals,skf_4_P10_P16_P5,aggregated,0.6370808678500987,0.6377450980392156,0.6449402325200589,0.6377450980392156,0.6327591093754921,0.7275132275132274,0.6451488882192614,0.6370808678500987,0.632523377095059,0.7275132275132276,0.6732666386678066
all_signals,"Gaze, pupil, screen distance, and fixation-duration nodes with all graph relations.",multiclass_table6_valence_3class,Table-6 Valence,subject_kfold,MOMENT_GazeMAE_all_signals,MOMENTxGazeMAE,MOMENT_GazeMAE_all_signals,results/quick_v1_v2_comparison/2026-06-12_16-29-08/model_runs/all_signals/2026-06-12_18-09-29,results/quick_v1_v2_comparison/2026-06-12_16-29-08/model_runs/all_signals/2026-06-12_18-09-29/multiclass_table6_valence_3class_emotion-elicitation_2026-06-12_18-10-59,results/quick_v1_v2_comparison/2026-06-12_16-29-08/model_runs/all_signals/2026-06-12_18-09-29/multiclass_table6_valence_3class_emotion-elicitation_2026-06-12_18-10-59/subject_kfold/fold_metrics.csv,MOMENT_GazeMAE_all_signals,skf_5_P21_P23_P24,aggregated,0.6803921568627451,0.6806478405315615,0.6809010396611475,0.6806478405315615,0.6803319348896947,0.730343300110742,0.6810537045006682,0.6803921568627451,0.6802803160556514,0.730343300110742,0.6321506588802455
all_signals,"Gaze, pupil, screen distance, and fixation-duration nodes with all graph relations.",multiclass_table6_valence_3class,Table-6 Valence,subject_kfold,MOMENT_GazeMAE_all_signals,MOMENTxGazeMAE,MOMENT_GazeMAE_all_signals,results/quick_v1_v2_comparison/2026-06-12_16-29-08/model_runs/all_signals/2026-06-12_18-09-29,results/quick_v1_v2_comparison/2026-06-12_16-29-08/model_runs/all_signals/2026-06-12_18-09-29/multiclass_table6_valence_3class_emotion-elicitation_2026-06-12_18-10-59,results/quick_v1_v2_comparison/2026-06-12_16-29-08/model_runs/all_signals/2026-06-12_18-09-29/multiclass_table6_valence_3class_emotion-elicitation_2026-06-12_18-10-59/subject_kfold/fold_metrics.csv,MOMENT_GazeMAE_all_signals,skf_6_P18_P29_P7,aggregated,0.6708333333333333,0.6820653686965237,0.6703067761593082,0.6820653686965237,0.6652483271244196,0.694816162141094,0.702426763774834,0.6708333333333333,0.676238178051637,0.694816162141094,1.187233631850466
all_signals,"Gaze, pupil, screen distance, and fixation-duration nodes with all graph relations.",multiclass_table6_valence_3class,Table-6 Valence,subject_kfold,BasicGCN,GCN,BasicGCN,results/quick_v1_v2_comparison/2026-06-12_16-29-08/model_runs/all_signals/2026-06-12_18-09-29,results/quick_v1_v2_comparison/2026-06-12_16-29-08/model_runs/all_signals/2026-06-12_18-09-29/multiclass_table6_valence_3class_emotion-elicitation_2026-06-12_18-10-59,results/quick_v1_v2_comparison/2026-06-12_16-29-08/model_runs/all_signals/2026-06-12_18-09-29/multiclass_table6_valence_3class_emotion-elicitation_2026-06-12_18-10-59/subject_kfold/fold_metrics.csv,BasicGCN,skf_0_P1_P14_P2_P27,aggregated,0.5853314527503526,0.6004783544606553,0.6884870782483847,0.6004783544606553,0.5379694648366847,0.6965159850115602,0.6950805305998053,0.5853314527503526,0.53150152816125,0.6965159850115602,0.6957170565923055
all_signals,"Gaze, pupil, screen distance, and fixation-duration nodes with all graph relations.",multiclass_table6_valence_3class,Table-6 Valence,subject_kfold,BasicGCN,GCN,BasicGCN,results/quick_v1_v2_comparison/2026-06-12_16-29-08/model_runs/all_signals/2026-06-12_18-09-29,results/quick_v1_v2_comparison/2026-06-12_16-29-08/model_runs/all_signals/2026-06-12_18-09-29/multiclass_table6_valence_3class_emotion-elicitation_2026-06-12_18-10-59,results/quick_v1_v2_comparison/2026-06-12_16-29-08/model_runs/all_signals/2026-06-12_18-09-29/multiclass_table6_valence_3class_emotion-elicitation_2026-06-12_18-10-59/subject_kfold/fold_metrics.csv,BasicGCN,skf_1_P17_P20_P8,aggregated,0.42578125,0.4224585854881105,0.4204353007589537,0.4224585854881105,0.4197964847363552,0.3854453206186197,0.4217081458163457,0.42578125,0.4220983175300647,0.3854453206186197,0.7034530341625214
all_signals,"Gaze, pupil, screen distance, and fixation-duration nodes with all graph relations.",multiclass_table6_valence_3class,Table-6 Valence,subject_kfold,BasicGCN,GCN,BasicGCN,results/quick_v1_v2_comparison/2026-06-12_16-29-08/model_runs/all_signals/2026-06-12_18-09-29,results/quick_v1_v2_comparison/2026-06-12_16-29-08/model_runs/all_signals/2026-06-12_18-09-29/multiclass_table6_valence_3class_emotion-elicitation_2026-06-12_18-10-59,results/quick_v1_v2_comparison/2026-06-12_16-29-08/model_runs/all_signals/2026-06-12_18-09-29/multiclass_table6_valence_3class_emotion-elicitation_2026-06-12_18-10-59/subject_kfold/fold_metrics.csv,BasicGCN,skf_2_P13_P28_P30,aggregated,0.6213991769547325,0.6213991769547325,0.632384716245914,0.6213991769547325,0.6133785279468733,0.6776744737421463,0.6323847162459141,0.6213991769547325,0.6133785279468733,0.6776744737421463,0.6676631271839142
all_signals,"Gaze, pupil, screen distance, and fixation-duration nodes with all graph relations.",multiclass_table6_valence_3class,Table-6 Valence,subject_kfold,BasicGCN,GCN,BasicGCN,results/quick_v1_v2_comparison/2026-06-12_16-29-08/model_runs/all_signals/2026-06-12_18-09-29,results/quick_v1_v2_comparison/2026-06-12_16-29-08/model_runs/all_signals/2026-06-12_18-09-29/multiclass_table6_valence_3class_emotion-elicitation_2026-06-12_18-10-59,results/quick_v1_v2_comparison/2026-06-12_16-29-08/model_runs/all_signals/2026-06-12_18-09-29/multiclass_table6_valence_3class_emotion-elicitation_2026-06-12_18-10-59/subject_kfold/fold_metrics.csv,BasicGCN,skf_3_P19_P22_P4,aggregated,0.6388888888888888,0.6409326046027016,0.6431595365418895,0.6409326046027016,0.6380145998764274,0.7343301588462171,0.6441560209942564,0.6388888888888888,0.6374824239557986,0.7343301588462171,0.6103011071681976
all_signals,"Gaze, pupil, screen distance, and fixation-duration nodes with all graph relations.",multiclass_table6_valence_3class,Table-6 Valence,subject_kfold,BasicGCN,GCN,BasicGCN,results/quick_v1_v2_comparison/2026-06-12_16-29-08/model_runs/all_signals/2026-06-12_18-09-29,results/quick_v1_v2_comparison/2026-06-12_16-29-08/model_runs/all_signals/2026-06-12_18-09-29/multiclass_table6_valence_3class_emotion-elicitation_2026-06-12_18-10-59,results/quick_v1_v2_comparison/2026-06-12_16-29-08/model_runs/all_signals/2026-06-12_18-09-29/multiclass_table6_valence_3class_emotion-elicitation_2026-06-12_18-10-59/subject_kfold/fold_metrics.csv,BasicGCN,skf_4_P10_P16_P5,aggregated,0.6351084812623274,0.6351307189542483,0.6351307189542483,0.6351307189542483,0.6351084812623274,0.6773887332710862,0.6351529566461692,0.6351084812623274,0.6351084812623274,0.6773887332710862,0.7109470367431641
all_signals,"Gaze, pupil, screen distance, and fixation-duration nodes with all graph relations.",multiclass_table6_valence_3class,Table-6 Valence,subject_kfold,BasicGCN,GCN,BasicGCN,results/quick_v1_v2_comparison/2026-06-12_16-29-08/model_runs/all_signals/2026-06-12_18-09-29,results/quick_v1_v2_comparison/2026-06-12_16-29-08/model_runs/all_signals/2026-06-12_18-09-29/multiclass_table6_valence_3class_emotion-elicitation_2026-06-12_18-10-59,results/quick_v1_v2_comparison/2026-06-12_16-29-08/model_runs/all_signals/2026-06-12_18-09-29/multiclass_table6_valence_3class_emotion-elicitation_2026-06-12_18-10-59/subject_kfold/fold_metrics.csv,BasicGCN,skf_5_P21_P23_P24,aggregated,0.5725490196078431,0.5760889627168697,0.6188725490196079,0.5760889627168697,0.532070707070707,0.6766642057339731,0.6197808535178778,0.5725490196078431,0.5304515745692215,0.6766642057339731,0.7276013493537903
all_signals,"Gaze, pupil, screen distance, and fixation-duration nodes with all graph relations.",multiclass_table6_valence_3class,Table-6 Valence,subject_kfold,BasicGCN,GCN,BasicGCN,results/quick_v1_v2_comparison/2026-06-12_16-29-08/model_runs/all_signals/2026-06-12_18-09-29,results/quick_v1_v2_comparison/2026-06-12_16-29-08/model_runs/all_signals/2026-06-12_18-09-29/multiclass_table6_valence_3class_emotion-elicitation_2026-06-12_18-10-59,results/quick_v1_v2_comparison/2026-06-12_16-29-08/model_runs/all_signals/2026-06-12_18-09-29/multiclass_table6_valence_3class_emotion-elicitation_2026-06-12_18-10-59/subject_kfold/fold_metrics.csv,BasicGCN,skf_6_P18_P29_P7,aggregated,0.6916666666666667,0.6545221700476995,0.66758590148755,0.6545221700476995,0.6582972582972583,0.748324950351714,0.6840906955990794,0.6916666666666667,0.6854377104377104,0.7483249503517141,0.5946440696716309
all_signals,"Gaze, pupil, screen distance, and fixation-duration nodes with all graph relations.",multiclass_table6_valence_3class,Table-6 Valence,subject_kfold,HeteroGCNMean,HeteroGCN-mean,HeteroGCNMean,results/quick_v1_v2_comparison/2026-06-12_16-29-08/model_runs/all_signals/2026-06-12_18-09-29,results/quick_v1_v2_comparison/2026-06-12_16-29-08/model_runs/all_signals/2026-06-12_18-09-29/multiclass_table6_valence_3class_emotion-elicitation_2026-06-12_18-10-59,results/quick_v1_v2_comparison/2026-06-12_16-29-08/model_runs/all_signals/2026-06-12_18-09-29/multiclass_table6_valence_3class_emotion-elicitation_2026-06-12_18-10-59/subject_kfold/fold_metrics.csv,HeteroGCNMean,skf_0_P1_P14_P2_P27,aggregated,0.5994358251057827,0.6139918679741689,0.6996536989974027,0.6139918679741689,0.5580343816397128,0.6924101092242685,0.7063348905901774,0.5994358251057827,0.5521198897159885,0.6924101092242685,0.7177318533261617
all_signals,"Gaze, pupil, screen distance, and fixation-duration nodes with all graph relations.",multiclass_table6_valence_3class,Table-6 Valence,subject_kfold,HeteroGCNMean,HeteroGCN-mean,HeteroGCNMean,results/quick_v1_v2_comparison/2026-06-12_16-29-08/model_runs/all_signals/2026-06-12_18-09-29,results/quick_v1_v2_comparison/2026-06-12_16-29-08/model_runs/all_signals/2026-06-12_18-09-29/multiclass_table6_valence_3class_emotion-elicitation_2026-06-12_18-10-59,results/quick_v1_v2_comparison/2026-06-12_16-29-08/model_runs/all_signals/2026-06-12_18-09-29/multiclass_table6_valence_3class_emotion-elicitation_2026-06-12_18-10-59/subject_kfold/fold_metrics.csv,HeteroGCNMean,skf_1_P17_P20_P8,aggregated,0.61328125,0.60397946084724,0.635645933014354,0.60397946084724,0.5848444641014301,0.6699064735008252,0.6338423295454545,0.61328125,0.5890887605042017,0.6699064735008252,0.6771889925003052
all_signals,"Gaze, pupil, screen distance, and fixation-duration nodes with all graph relations.",multiclass_table6_valence_3class,Table-6 Valence,subject_kfold,HeteroGCNMean,HeteroGCN-mean,HeteroGCNMean,results/quick_v1_v2_comparison/2026-06-12_16-29-08/model_runs/all_signals/2026-06-12_18-09-29,results/quick_v1_v2_comparison/2026-06-12_16-29-08/model_runs/all_signals/2026-06-12_18-09-29/multiclass_table6_valence_3class_emotion-elicitation_2026-06-12_18-10-59,results/quick_v1_v2_comparison/2026-06-12_16-29-08/model_runs/all_signals/2026-06-12_18-09-29/multiclass_table6_valence_3class_emotion-elicitation_2026-06-12_18-10-59/subject_kfold/fold_metrics.csv,HeteroGCNMean,skf_2_P13_P28_P30,aggregated,0.5864197530864198,0.5864197530864197,0.5887046307884856,0.5864197530864197,0.5837392138063279,0.6611458280411183,0.5887046307884857,0.5864197530864198,0.5837392138063279,0.6611458280411183,0.7168598175048828
all_signals,"Gaze, pupil, screen distance, and fixation-duration nodes with all graph relations.",multiclass_table6_valence_3class,Table-6 Valence,subject_kfold,HeteroGCNMean,HeteroGCN-mean,HeteroGCNMean,results/quick_v1_v2_comparison/2026-06-12_16-29-08/model_runs/all_signals/2026-06-12_18-09-29,results/quick_v1_v2_comparison/2026-06-12_16-29-08/model_runs/all_signals/2026-06-12_18-09-29/multiclass_table6_valence_3class_emotion-elicitation_2026-06-12_18-10-59,results/quick_v1_v2_comparison/2026-06-12_16-29-08/model_runs/all_signals/2026-06-12_18-09-29/multiclass_table6_valence_3class_emotion-elicitation_2026-06-12_18-10-59/subject_kfold/fold_metrics.csv,HeteroGCNMean,skf_3_P19_P22_P4,aggregated,0.6196581196581197,0.6211088160564462,0.6219828776581056,0.6211088160564462,0.6193174548046867,0.7079532783738827,0.6227577969914341,0.6196581196581197,0.6189767899512539,0.7079532783738827,0.6295152902603149
all_signals,"Gaze, pupil, screen distance, and fixation-duration nodes with all graph relations.",multiclass_table6_valence_3class,Table-6 Valence,subject_kfold,HeteroGCNMean,HeteroGCN-mean,HeteroGCNMean,results/quick_v1_v2_comparison/2026-06-12_16-29-08/model_runs/all_signals/2026-06-12_18-09-29,results/quick_v1_v2_comparison/2026-06-12_16-29-08/model_runs/all_signals/2026-06-12_18-09-29/multiclass_table6_valence_3class_emotion-elicitation_2026-06-12_18-10-59,results/quick_v1_v2_comparison/2026-06-12_16-29-08/model_runs/all_signals/2026-06-12_18-09-29/multiclass_table6_valence_3class_emotion-elicitation_2026-06-12_18-10-59/subject_kfold/fold_metrics.csv,HeteroGCNMean,skf_4_P10_P16_P5,aggregated,0.6370808678500987,0.6372315592903828,0.637561226718248,0.6372315592903828,0.6369099514260805,0.70359477124183,0.6376188697824258,0.6370808678500987,0.6368633378558937,0.7035947712418301,0.6507033109664917
all_signals,"Gaze, pupil, screen distance, and fixation-duration nodes with all graph relations.",multiclass_table6_valence_3class,Table-6 Valence,subject_kfold,HeteroGCNMean,HeteroGCN-mean,HeteroGCNMean,results/quick_v1_v2_comparison/2026-06-12_16-29-08/model_runs/all_signals/2026-06-12_18-09-29,results/quick_v1_v2_comparison/2026-06-12_16-29-08/model_runs/all_signals/2026-06-12_18-09-29/multiclass_table6_valence_3class_emotion-elicitation_2026-06-12_18-10-59,results/quick_v1_v2_comparison/2026-06-12_16-29-08/model_runs/all_signals/2026-06-12_18-09-29/multiclass_table6_valence_3class_emotion-elicitation_2026-06-12_18-10-59/subject_kfold/fold_metrics.csv,HeteroGCNMean,skf_5_P21_P23_P24,aggregated,0.5764705882352941,0.5796880767811,0.613359880973219,0.5796880767811,0.5440472839853645,0.6811246462409254,0.6141560527589297,0.5764705882352941,0.5426168440919852,0.6811246462409254,0.7254965603351593
all_signals,"Gaze, pupil, screen distance, and fixation-duration nodes with all graph relations.",multiclass_table6_valence_3class,Table-6 Valence,subject_kfold,HeteroGCNMean,HeteroGCN-mean,HeteroGCNMean,results/quick_v1_v2_comparison/2026-06-12_16-29-08/model_runs/all_signals/2026-06-12_18-09-29,results/quick_v1_v2_comparison/2026-06-12_16-29-08/model_runs/all_signals/2026-06-12_18-09-29/multiclass_table6_valence_3class_emotion-elicitation_2026-06-12_18-10-59,results/quick_v1_v2_comparison/2026-06-12_16-29-08/model_runs/all_signals/2026-06-12_18-09-29/multiclass_table6_valence_3class_emotion-elicitation_2026-06-12_18-10-59/subject_kfold/fold_metrics.csv,HeteroGCNMean,skf_6_P18_P29_P7,aggregated,0.69375,0.6471259674455725,0.6709731688378915,0.6471259674455725,0.651574482373797,0.7555262718313258,0.684080590544388,0.69375,0.6823853395618016,0.7555262718313258,0.608025074005127
all_signals,"Gaze, pupil, screen distance, and fixation-duration nodes with all graph relations.",multiclass_table6_valence_3class,Table-6 Valence,subject_kfold,HeteroGCNMLP,HeteroGCN-MLP,HeteroGCNMLP,results/quick_v1_v2_comparison/2026-06-12_16-29-08/model_runs/all_signals/2026-06-12_18-09-29,results/quick_v1_v2_comparison/2026-06-12_16-29-08/model_runs/all_signals/2026-06-12_18-09-29/multiclass_table6_valence_3class_emotion-elicitation_2026-06-12_18-10-59,results/quick_v1_v2_comparison/2026-06-12_16-29-08/model_runs/all_signals/2026-06-12_18-09-29/multiclass_table6_valence_3class_emotion-elicitation_2026-06-12_18-10-59/subject_kfold/fold_metrics.csv,HeteroGCNMLP,skf_0_P1_P14_P2_P27,aggregated,0.5825105782792666,0.5982699513672964,0.6990825984430016,0.5982699513672964,0.5299924750062708,0.7386032049748863,0.7062385046312705,0.5825105782792666,0.5231230184600141,0.7386032049748863,0.7068839073181152
all_signals,"Gaze, pupil, screen distance, and fixation-duration nodes with all graph relations.",multiclass_table6_valence_3class,Table-6 Valence,subject_kfold,HeteroGCNMLP,HeteroGCN-MLP,HeteroGCNMLP,results/quick_v1_v2_comparison/2026-06-12_16-29-08/model_runs/all_signals/2026-06-12_18-09-29,results/quick_v1_v2_comparison/2026-06-12_16-29-08/model_runs/all_signals/2026-06-12_18-09-29/multiclass_table6_valence_3class_emotion-elicitation_2026-06-12_18-10-59,results/quick_v1_v2_comparison/2026-06-12_16-29-08/model_runs/all_signals/2026-06-12_18-09-29/multiclass_table6_valence_3class_emotion-elicitation_2026-06-12_18-10-59/subject_kfold/fold_metrics.csv,HeteroGCNMLP,skf_1_P17_P20_P8,aggregated,0.501953125,0.4844580964606638,0.4223367697594501,0.4844580964606638,0.3631933978139038,0.573063756953359,0.4258134664948453,0.501953125,0.3748050904654599,0.573063756953359,0.6896319091320038
all_signals,"Gaze, pupil, screen distance, and fixation-duration nodes with all graph relations.",multiclass_table6_valence_3class,Table-6 Valence,subject_kfold,HeteroGCNMLP,HeteroGCN-MLP,HeteroGCNMLP,results/quick_v1_v2_comparison/2026-06-12_16-29-08/model_runs/all_signals/2026-06-12_18-09-29,results/quick_v1_v2_comparison/2026-06-12_16-29-08/model_runs/all_signals/2026-06-12_18-09-29/multiclass_table6_valence_3class_emotion-elicitation_2026-06-12_18-10-59,results/quick_v1_v2_comparison/2026-06-12_16-29-08/model_runs/all_signals/2026-06-12_18-09-29/multiclass_table6_valence_3class_emotion-elicitation_2026-06-12_18-10-59/subject_kfold/fold_metrics.csv,HeteroGCNMLP,skf_2_P13_P28_P30,aggregated,0.5925925925925926,0.5925925925925926,0.5938384965245,0.5925925925925926,0.5912357908687748,0.6625514403292181,0.5938384965245002,0.5925925925925926,0.5912357908687749,0.6625514403292181,0.8236750960350037
all_signals,"Gaze, pupil, screen distance, and fixation-duration nodes with all graph relations.",multiclass_table6_valence_3class,Table-6 Valence,subject_kfold,HeteroGCNMLP,HeteroGCN-MLP,HeteroGCNMLP,results/quick_v1_v2_comparison/2026-06-12_16-29-08/model_runs/all_signals/2026-06-12_18-09-29,results/quick_v1_v2_comparison/2026-06-12_16-29-08/model_runs/all_signals/2026-06-12_18-09-29/multiclass_table6_valence_3class_emotion-elicitation_2026-06-12_18-10-59,results/quick_v1_v2_comparison/2026-06-12_16-29-08/model_runs/all_signals/2026-06-12_18-09-29/multiclass_table6_valence_3class_emotion-elicitation_2026-06-12_18-10-59/subject_kfold/fold_metrics.csv,HeteroGCNMLP,skf_3_P19_P22_P4,aggregated,0.6260683760683761,0.6273328824464877,0.6279761904761905,0.6273328824464877,0.625861683028556,0.7095801268576234,0.6287181183014517,0.6260683760683761,0.6255986191596942,0.7095801268576233,0.6271758079528809
all_signals,"Gaze, pupil, screen distance, and fixation-duration nodes with all graph relations.",multiclass_table6_valence_3class,Table-6 Valence,subject_kfold,HeteroGCNMLP,HeteroGCN-MLP,HeteroGCNMLP,results/quick_v1_v2_comparison/2026-06-12_16-29-08/model_runs/all_signals/2026-06-12_18-09-29,results/quick_v1_v2_comparison/2026-06-12_16-29-08/model_runs/all_signals/2026-06-12_18-09-29/multiclass_table6_valence_3class_emotion-elicitation_2026-06-12_18-10-59,results/quick_v1_v2_comparison/2026-06-12_16-29-08/model_runs/all_signals/2026-06-12_18-09-29/multiclass_table6_valence_3class_emotion-elicitation_2026-06-12_18-10-59/subject_kfold/fold_metrics.csv,HeteroGCNMLP,skf_4_P10_P16_P5,aggregated,0.6844181459566075,0.68468720821662,0.6861471861471862,0.68468720821662,0.6838757949869061,0.7481637099284157,0.6862624554932247,0.6844181459566075,0.6837983162769488,0.7481637099284159,0.610340029001236
all_signals,"Gaze, pupil, screen distance, and fixation-duration nodes with all graph relations.",multiclass_table6_valence_3class,Table-6 Valence,subject_kfold,HeteroGCNMLP,HeteroGCN-MLP,HeteroGCNMLP,results/quick_v1_v2_comparison/2026-06-12_16-29-08/model_runs/all_signals/2026-06-12_18-09-29,results/quick_v1_v2_comparison/2026-06-12_16-29-08/model_runs/all_signals/2026-06-12_18-09-29/multiclass_table6_valence_3class_emotion-elicitation_2026-06-12_18-10-59,results/quick_v1_v2_comparison/2026-06-12_16-29-08/model_runs/all_signals/2026-06-12_18-09-29/multiclass_table6_valence_3class_emotion-elicitation_2026-06-12_18-10-59/subject_kfold/fold_metrics.csv,HeteroGCNMLP,skf_5_P21_P23_P24,aggregated,0.5627450980392157,0.5662144702842378,0.6012345679012345,0.5662144702842378,0.5231266588676302,0.6649286329518889,0.602004357298475,0.5627450980392157,0.5215095797177696,0.6649286329518889,0.7655064761638641
all_signals,"Gaze, pupil, screen distance, and fixation-duration nodes with all graph relations.",multiclass_table6_valence_3class,Table-6 Valence,subject_kfold,HeteroGCNMLP,HeteroGCN-MLP,HeteroGCNMLP,results/quick_v1_v2_comparison/2026-06-12_16-29-08/model_runs/all_signals/2026-06-12_18-09-29,results/quick_v1_v2_comparison/2026-06-12_16-29-08/model_runs/all_signals/2026-06-12_18-09-29/multiclass_table6_valence_3class_emotion-elicitation_2026-06-12_18-10-59,results/quick_v1_v2_comparison/2026-06-12_16-29-08/model_runs/all_signals/2026-06-12_18-09-29/multiclass_table6_valence_3class_emotion-elicitation_2026-06-12_18-10-59/subject_kfold/fold_metrics.csv,HeteroGCNMLP,skf_6_P18_P29_P7,aggregated,0.6875,0.6376139126561369,0.6637514079374545,0.6376139126561369,0.6414628316468807,0.7342007089960838,0.6768024360078625,0.6875,0.6741171022229305,0.7342007089960838,0.619462251663208
all_signals,"Gaze, pupil, screen distance, and fixation-duration nodes with all graph relations.",multiclass_table6_valence_3class,Table-6 Valence,subject_kfold,HeteroGCNMLPWeights,HeteroGCN-MLP-w,HeteroGCNMLPWeights,results/quick_v1_v2_comparison/2026-06-12_16-29-08/model_runs/all_signals/2026-06-12_18-09-29,results/quick_v1_v2_comparison/2026-06-12_16-29-08/model_runs/all_signals/2026-06-12_18-09-29/multiclass_table6_valence_3class_emotion-elicitation_2026-06-12_18-10-59,results/quick_v1_v2_comparison/2026-06-12_16-29-08/model_runs/all_signals/2026-06-12_18-09-29/multiclass_table6_valence_3class_emotion-elicitation_2026-06-12_18-10-59/subject_kfold/fold_metrics.csv,HeteroGCNMLPWeights,skf_0_P1_P14_P2_P27,aggregated,0.5839210155148096,0.5986327034999601,0.6762070930066941,0.5986327034999601,0.5395911341218321,0.7230088495575222,0.6822811235847164,0.5839210155148096,0.5333446508346398,0.7230088495575222,0.7448922793070475
all_signals,"Gaze, pupil, screen distance, and fixation-duration nodes with all graph relations.",multiclass_table6_valence_3class,Table-6 Valence,subject_kfold,HeteroGCNMLPWeights,HeteroGCN-MLP-w,HeteroGCNMLPWeights,results/quick_v1_v2_comparison/2026-06-12_16-29-08/model_runs/all_signals/2026-06-12_18-09-29,results/quick_v1_v2_comparison/2026-06-12_16-29-08/model_runs/all_signals/2026-06-12_18-09-29/multiclass_table6_valence_3class_emotion-elicitation_2026-06-12_18-10-59,results/quick_v1_v2_comparison/2026-06-12_16-29-08/model_runs/all_signals/2026-06-12_18-09-29/multiclass_table6_valence_3class_emotion-elicitation_2026-06-12_18-10-59/subject_kfold/fold_metrics.csv,HeteroGCNMLPWeights,skf_1_P17_P20_P8,aggregated,0.626953125,0.6227917354361514,0.6289996307415673,0.6227917354361514,0.6204537074770526,0.6850968885628705,0.6286405946465554,0.626953125,0.6223938321107683,0.6850968885628705,0.653738409280777
all_signals,"Gaze, pupil, screen distance, and fixation-duration nodes with all graph relations.",multiclass_table6_valence_3class,Table-6 Valence,subject_kfold,HeteroGCNMLPWeights,HeteroGCN-MLP-w,HeteroGCNMLPWeights,results/quick_v1_v2_comparison/2026-06-12_16-29-08/model_runs/all_signals/2026-06-12_18-09-29,results/quick_v1_v2_comparison/2026-06-12_16-29-08/model_runs/all_signals/2026-06-12_18-09-29/multiclass_table6_valence_3class_emotion-elicitation_2026-06-12_18-10-59,results/quick_v1_v2_comparison/2026-06-12_16-29-08/model_runs/all_signals/2026-06-12_18-09-29/multiclass_table6_valence_3class_emotion-elicitation_2026-06-12_18-10-59/subject_kfold/fold_metrics.csv,HeteroGCNMLPWeights,skf_2_P13_P28_P30,aggregated,0.602880658436214,0.6028806584362141,0.6072412088688038,0.6028806584362141,0.5988023695972968,0.6642957543734864,0.6072412088688038,0.602880658436214,0.5988023695972968,0.6642957543734864,0.7604227960109711
all_signals,"Gaze, pupil, screen distance, and fixation-duration nodes with all graph relations.",multiclass_table6_valence_3class,Table-6 Valence,subject_kfold,HeteroGCNMLPWeights,HeteroGCN-MLP-w,HeteroGCNMLPWeights,results/quick_v1_v2_comparison/2026-06-12_16-29-08/model_runs/all_signals/2026-06-12_18-09-29,results/quick_v1_v2_comparison/2026-06-12_16-29-08/model_runs/all_signals/2026-06-12_18-09-29/multiclass_table6_valence_3class_emotion-elicitation_2026-06-12_18-10-59,results/quick_v1_v2_comparison/2026-06-12_16-29-08/model_runs/all_signals/2026-06-12_18-09-29/multiclass_table6_valence_3class_emotion-elicitation_2026-06-12_18-10-59/subject_kfold/fold_metrics.csv,HeteroGCNMLPWeights,skf_3_P19_P22_P4,aggregated,0.6388888888888888,0.6420841939788327,0.6481926332646992,0.6420841939788327,0.6360959405179831,0.7166358966859816,0.6495494293195049,0.6388888888888888,0.6351422508303568,0.7166358966859816,0.633641928434372
all_signals,"Gaze, pupil, screen distance, and fixation-duration nodes with all graph relations.",multiclass_table6_valence_3class,Table-6 Valence,subject_kfold,HeteroGCNMLPWeights,HeteroGCN-MLP-w,HeteroGCNMLPWeights,results/quick_v1_v2_comparison/2026-06-12_16-29-08/model_runs/all_signals/2026-06-12_18-09-29,results/quick_v1_v2_comparison/2026-06-12_16-29-08/model_runs/all_signals/2026-06-12_18-09-29/multiclass_table6_valence_3class_emotion-elicitation_2026-06-12_18-10-59,results/quick_v1_v2_comparison/2026-06-12_16-29-08/model_runs/all_signals/2026-06-12_18-09-29/multiclass_table6_valence_3class_emotion-elicitation_2026-06-12_18-10-59/subject_kfold/fold_metrics.csv,HeteroGCNMLPWeights,skf_4_P10_P16_P5,aggregated,0.6587771203155819,0.6590802987861811,0.6607008111677042,0.6590802987861811,0.6580107847609691,0.7109243697478991,0.6608139694531232,0.6587771203155819,0.6579149928166425,0.7109243697478992,0.6449005305767059
all_signals,"Gaze, pupil, screen distance, and fixation-duration nodes with all graph relations.",multiclass_table6_valence_3class,Table-6 Valence,subject_kfold,HeteroGCNMLPWeights,HeteroGCN-MLP-w,HeteroGCNMLPWeights,results/quick_v1_v2_comparison/2026-06-12_16-29-08/model_runs/all_signals/2026-06-12_18-09-29,results/quick_v1_v2_comparison/2026-06-12_16-29-08/model_runs/all_signals/2026-06-12_18-09-29/multiclass_table6_valence_3class_emotion-elicitation_2026-06-12_18-10-59,results/quick_v1_v2_comparison/2026-06-12_16-29-08/model_runs/all_signals/2026-06-12_18-09-29/multiclass_table6_valence_3class_emotion-elicitation_2026-06-12_18-10-59/subject_kfold/fold_metrics.csv,HeteroGCNMLPWeights,skf_5_P21_P23_P24,aggregated,0.5764705882352941,0.579780361757106,0.6163630653266332,0.579780361757106,0.541954261954262,0.6613295188876585,0.6171999704404374,0.5764705882352941,0.540474990827932,0.6613295188876585,0.7623803317546844
all_signals,"Gaze, pupil, screen distance, and fixation-duration nodes with all graph relations.",multiclass_table6_valence_3class,Table-6 Valence,subject_kfold,HeteroGCNMLPWeights,HeteroGCN-MLP-w,HeteroGCNMLPWeights,results/quick_v1_v2_comparison/2026-06-12_16-29-08/model_runs/all_signals/2026-06-12_18-09-29,results/quick_v1_v2_comparison/2026-06-12_16-29-08/model_runs/all_signals/2026-06-12_18-09-29/multiclass_table6_valence_3class_emotion-elicitation_2026-06-12_18-10-59,results/quick_v1_v2_comparison/2026-06-12_16-29-08/model_runs/all_signals/2026-06-12_18-09-29/multiclass_table6_valence_3class_emotion-elicitation_2026-06-12_18-10-59/subject_kfold/fold_metrics.csv,HeteroGCNMLPWeights,skf_6_P18_P29_P7,aggregated,0.7041666666666667,0.6588281148499415,0.6837359098228664,0.6588281148499415,0.6639782295754373,0.7546725069136397,0.6956052066559314,0.7041666666666667,0.6935143098473046,0.7546725069136397,0.59064981341362
gaze_only,Gaze x/y nodes with temporal and spatial graph relations.,multiclass_table6_valence_3class,Table-6 Valence,subject_kfold,Random,Naključni,Random,results/quick_v1_v2_comparison/2026-06-12_16-29-08/model_runs/gaze_only/2026-06-12_16-29-11,results/quick_v1_v2_comparison/2026-06-12_16-29-08/model_runs/gaze_only/2026-06-12_16-29-11/multiclass_table6_valence_3class_emotion-elicitation_2026-06-12_16-30-20,results/quick_v1_v2_comparison/2026-06-12_16-29-08/model_runs/gaze_only/2026-06-12_16-29-11/multiclass_table6_valence_3class_emotion-elicitation_2026-06-12_16-30-20/subject_kfold/fold_metrics.csv,Random,skf_0_P1_P14_P2_P27,aggregated,0.5280898876404494,0.5283176956944455,0.5282694295611827,0.5283176956944455,0.5279558011049723,0.5283176956944455,0.529167139164849,0.5280898876404494,0.528291017443665,0.5283176956944454,17.00936452070697
gaze_only,Gaze x/y nodes with temporal and spatial graph relations.,multiclass_table6_valence_3class,Table-6 Valence,subject_kfold,Random,Naključni,Random,results/quick_v1_v2_comparison/2026-06-12_16-29-08/model_runs/gaze_only/2026-06-12_16-29-11,results/quick_v1_v2_comparison/2026-06-12_16-29-08/model_runs/gaze_only/2026-06-12_16-29-11/multiclass_table6_valence_3class_emotion-elicitation_2026-06-12_16-30-20,results/quick_v1_v2_comparison/2026-06-12_16-29-08/model_runs/gaze_only/2026-06-12_16-29-11/multiclass_table6_valence_3class_emotion-elicitation_2026-06-12_16-30-20/subject_kfold/fold_metrics.csv,Random,skf_1_P17_P20_P8,aggregated,0.4787644787644787,0.4783154121863799,0.4783464566929134,0.4783154121863799,0.4782667084471104,0.4783154121863799,0.4792661052503572,0.4787644787644787,0.4789511426334919,0.4783154121863799,18.78723246150894
gaze_only,Gaze x/y nodes with temporal and spatial graph relations.,multiclass_table6_valence_3class,Table-6 Valence,subject_kfold,Random,Naključni,Random,results/quick_v1_v2_comparison/2026-06-12_16-29-08/model_runs/gaze_only/2026-06-12_16-29-11,results/quick_v1_v2_comparison/2026-06-12_16-29-08/model_runs/gaze_only/2026-06-12_16-29-11/multiclass_table6_valence_3class_emotion-elicitation_2026-06-12_16-30-20,results/quick_v1_v2_comparison/2026-06-12_16-29-08/model_runs/gaze_only/2026-06-12_16-29-11/multiclass_table6_valence_3class_emotion-elicitation_2026-06-12_16-30-20/subject_kfold/fold_metrics.csv,Random,skf_2_P13_P28_P30,aggregated,0.5020491803278688,0.5020491803278688,0.50205086825693,0.5020491803278688,0.5019467019467019,0.5020491803278688,0.5020508682569301,0.5020491803278688,0.501946701946702,0.5020491803278688,17.94796674908907
gaze_only,Gaze x/y nodes with temporal and spatial graph relations.,multiclass_table6_valence_3class,Table-6 Valence,subject_kfold,Random,Naključni,Random,results/quick_v1_v2_comparison/2026-06-12_16-29-08/model_runs/gaze_only/2026-06-12_16-29-11,results/quick_v1_v2_comparison/2026-06-12_16-29-08/model_runs/gaze_only/2026-06-12_16-29-11/multiclass_table6_valence_3class_emotion-elicitation_2026-06-12_16-30-20,results/quick_v1_v2_comparison/2026-06-12_16-29-08/model_runs/gaze_only/2026-06-12_16-29-11/multiclass_table6_valence_3class_emotion-elicitation_2026-06-12_16-30-20/subject_kfold/fold_metrics.csv,Random,skf_3_P19_P22_P4,aggregated,0.4947145877378435,0.494974245242524,0.4949722669529433,0.494974245242524,0.49470555369315,0.4949742452425239,0.4951506602557047,0.4947145877378435,0.4946649004920294,0.4949742452425239,18.21233226215433
gaze_only,Gaze x/y nodes with temporal and spatial graph relations.,multiclass_table6_valence_3class,Table-6 Valence,subject_kfold,Random,Naključni,Random,results/quick_v1_v2_comparison/2026-06-12_16-29-08/model_runs/gaze_only/2026-06-12_16-29-11,results/quick_v1_v2_comparison/2026-06-12_16-29-08/model_runs/gaze_only/2026-06-12_16-29-11/multiclass_table6_valence_3class_emotion-elicitation_2026-06-12_16-30-20,results/quick_v1_v2_comparison/2026-06-12_16-29-08/model_runs/gaze_only/2026-06-12_16-29-11/multiclass_table6_valence_3class_emotion-elicitation_2026-06-12_16-30-20/subject_kfold/fold_metrics.csv,Random,skf_4_P10_P16_P5,aggregated,0.4950690335305719,0.4950046685340803,0.4950024909702329,0.4950046685340803,0.4949727626459144,0.4950046685340802,0.4950206389412345,0.4950690335305719,0.4950140215964819,0.4950046685340802,18.199556740856
gaze_only,Gaze x/y nodes with temporal and spatial graph relations.,multiclass_table6_valence_3class,Table-6 Valence,subject_kfold,Random,Naključni,Random,results/quick_v1_v2_comparison/2026-06-12_16-29-08/model_runs/gaze_only/2026-06-12_16-29-11,results/quick_v1_v2_comparison/2026-06-12_16-29-08/model_runs/gaze_only/2026-06-12_16-29-11/multiclass_table6_valence_3class_emotion-elicitation_2026-06-12_16-30-20,results/quick_v1_v2_comparison/2026-06-12_16-29-08/model_runs/gaze_only/2026-06-12_16-29-11/multiclass_table6_valence_3class_emotion-elicitation_2026-06-12_16-30-20/subject_kfold/fold_metrics.csv,Random,skf_5_P21_P23_P24,aggregated,0.4925093632958801,0.4923112539110182,0.4923076923076923,0.4923112539110182,0.4922939288157595,0.4923112539110182,0.492422932872371,0.4925093632958801,0.4924506084376654,0.4923112539110181,18.29181660758567
gaze_only,Gaze x/y nodes with temporal and spatial graph relations.,multiclass_table6_valence_3class,Table-6 Valence,subject_kfold,Random,Naključni,Random,results/quick_v1_v2_comparison/2026-06-12_16-29-08/model_runs/gaze_only/2026-06-12_16-29-11,results/quick_v1_v2_comparison/2026-06-12_16-29-08/model_runs/gaze_only/2026-06-12_16-29-11/multiclass_table6_valence_3class_emotion-elicitation_2026-06-12_16-30-20,results/quick_v1_v2_comparison/2026-06-12_16-29-08/model_runs/gaze_only/2026-06-12_16-29-11/multiclass_table6_valence_3class_emotion-elicitation_2026-06-12_16-30-20/subject_kfold/fold_metrics.csv,Random,skf_6_P18_P29_P7,aggregated,0.5238095238095238,0.5217858718024111,0.5203414550446122,0.5217858718024111,0.5138888888888888,0.5217858718024111,0.5536882700918391,0.5238095238095238,0.5318610536001841,0.5217858718024111,17.16364447100817
gaze_only,Gaze x/y nodes with temporal and spatial graph relations.,multiclass_table6_valence_3class,Table-6 Valence,subject_kfold,Majority,Večinski,Majority,results/quick_v1_v2_comparison/2026-06-12_16-29-08/model_runs/gaze_only/2026-06-12_16-29-11,results/quick_v1_v2_comparison/2026-06-12_16-29-08/model_runs/gaze_only/2026-06-12_16-29-11/multiclass_table6_valence_3class_emotion-elicitation_2026-06-12_16-30-20,results/quick_v1_v2_comparison/2026-06-12_16-29-08/model_runs/gaze_only/2026-06-12_16-29-11/multiclass_table6_valence_3class_emotion-elicitation_2026-06-12_16-30-20/subject_kfold/fold_metrics.csv,Majority,skf_0_P1_P14_P2_P27,aggregated,0.5210674157303371,0.5,0.2605337078651685,0.5,0.3425669436749769,0.5,0.2715112517358919,0.5210674157303371,0.3570009441107203,0.5,17.26248006416987
gaze_only,Gaze x/y nodes with temporal and spatial graph relations.,multiclass_table6_valence_3class,Table-6 Valence,subject_kfold,Majority,Večinski,Majority,results/quick_v1_v2_comparison/2026-06-12_16-29-08/model_runs/gaze_only/2026-06-12_16-29-11,results/quick_v1_v2_comparison/2026-06-12_16-29-08/model_runs/gaze_only/2026-06-12_16-29-11/multiclass_table6_valence_3class_emotion-elicitation_2026-06-12_16-30-20,results/quick_v1_v2_comparison/2026-06-12_16-29-08/model_runs/gaze_only/2026-06-12_16-29-11/multiclass_table6_valence_3class_emotion-elicitation_2026-06-12_16-30-20/subject_kfold/fold_metrics.csv,Majority,skf_1_P17_P20_P8,aggregated,0.5212355212355212,0.5,0.2606177606177606,0.5,0.3426395939086294,0.5,0.2716864685976655,0.5212355212355212,0.3571918546537835,0.5,17.25642092760821
gaze_only,Gaze x/y nodes with temporal and spatial graph relations.,multiclass_table6_valence_3class,Table-6 Valence,subject_kfold,Majority,Večinski,Majority,results/quick_v1_v2_comparison/2026-06-12_16-29-08/model_runs/gaze_only/2026-06-12_16-29-11,results/quick_v1_v2_comparison/2026-06-12_16-29-08/model_runs/gaze_only/2026-06-12_16-29-11/multiclass_table6_valence_3class_emotion-elicitation_2026-06-12_16-30-20,results/quick_v1_v2_comparison/2026-06-12_16-29-08/model_runs/gaze_only/2026-06-12_16-29-11/multiclass_table6_valence_3class_emotion-elicitation_2026-06-12_16-30-20/subject_kfold/fold_metrics.csv,Majority,skf_2_P13_P28_P30,aggregated,0.5,0.5,0.25,0.5,0.3333333333333333,0.5,0.25,0.5,0.3333333333333333,0.5,18.021826694558573
gaze_only,Gaze x/y nodes with temporal and spatial graph relations.,multiclass_table6_valence_3class,Table-6 Valence,subject_kfold,Majority,Večinski,Majority,results/quick_v1_v2_comparison/2026-06-12_16-29-08/model_runs/gaze_only/2026-06-12_16-29-11,results/quick_v1_v2_comparison/2026-06-12_16-29-08/model_runs/gaze_only/2026-06-12_16-29-11/multiclass_table6_valence_3class_emotion-elicitation_2026-06-12_16-30-20,results/quick_v1_v2_comparison/2026-06-12_16-29-08/model_runs/gaze_only/2026-06-12_16-29-11/multiclass_table6_valence_3class_emotion-elicitation_2026-06-12_16-30-20/subject_kfold/fold_metrics.csv,Majority,skf_3_P19_P22_P4,aggregated,0.4904862579281184,0.5,0.2452431289640592,0.5,0.3290780141843971,0.5,0.2405767692163286,0.4904862579281184,0.3228164874874424,0.5,18.36473671623094
gaze_only,Gaze x/y nodes with temporal and spatial graph relations.,multiclass_table6_valence_3class,Table-6 Valence,subject_kfold,Majority,Večinski,Majority,results/quick_v1_v2_comparison/2026-06-12_16-29-08/model_runs/gaze_only/2026-06-12_16-29-11,results/quick_v1_v2_comparison/2026-06-12_16-29-08/model_runs/gaze_only/2026-06-12_16-29-11/multiclass_table6_valence_3class_emotion-elicitation_2026-06-12_16-30-20,results/quick_v1_v2_comparison/2026-06-12_16-29-08/model_runs/gaze_only/2026-06-12_16-29-11/multiclass_table6_valence_3class_emotion-elicitation_2026-06-12_16-30-20/subject_kfold/fold_metrics.csv,Majority,skf_4_P10_P16_P5,aggregated,0.5029585798816568,0.5,0.2514792899408284,0.5,0.3346456692913386,0.5,0.2529673330765729,0.5029585798816568,0.3366258211806365,0.5,17.91518866678012
gaze_only,Gaze x/y nodes with temporal and spatial graph relations.,multiclass_table6_valence_3class,Table-6 Valence,subject_kfold,Majority,Večinski,Majority,results/quick_v1_v2_comparison/2026-06-12_16-29-08/model_runs/gaze_only/2026-06-12_16-29-11,results/quick_v1_v2_comparison/2026-06-12_16-29-08/model_runs/gaze_only/2026-06-12_16-29-11/multiclass_table6_valence_3class_emotion-elicitation_2026-06-12_16-30-20,results/quick_v1_v2_comparison/2026-06-12_16-29-08/model_runs/gaze_only/2026-06-12_16-29-11/multiclass_table6_valence_3class_emotion-elicitation_2026-06-12_16-30-20/subject_kfold/fold_metrics.csv,Majority,skf_5_P21_P23_P24,aggregated,0.5074906367041199,0.5,0.2537453183520599,0.5,0.3366459627329192,0.5,0.257546746342353,0.5074906367041199,0.3416893479424012,0.5,17.75183678153148
gaze_only,Gaze x/y nodes with temporal and spatial graph relations.,multiclass_table6_valence_3class,Table-6 Valence,subject_kfold,Majority,Večinski,Majority,results/quick_v1_v2_comparison/2026-06-12_16-29-08/model_runs/gaze_only/2026-06-12_16-29-11,results/quick_v1_v2_comparison/2026-06-12_16-29-08/model_runs/gaze_only/2026-06-12_16-29-11/multiclass_table6_valence_3class_emotion-elicitation_2026-06-12_16-30-20,results/quick_v1_v2_comparison/2026-06-12_16-29-08/model_runs/gaze_only/2026-06-12_16-29-11/multiclass_table6_valence_3class_emotion-elicitation_2026-06-12_16-30-20/subject_kfold/fold_metrics.csv,Majority,skf_6_P18_P29_P7,aggregated,0.629399585921325,0.5,0.3146997929606625,0.5,0.386277001270648,0.5,0.3961438387579354,0.629399585921325,0.486245169301354,0.5,13.35779287091505
gaze_only,Gaze x/y nodes with temporal and spatial graph relations.,multiclass_table6_valence_3class,Table-6 Valence,subject_kfold,SVM,SVM,SVM,results/quick_v1_v2_comparison/2026-06-12_16-29-08/model_runs/gaze_only/2026-06-12_16-29-11,results/quick_v1_v2_comparison/2026-06-12_16-29-08/model_runs/gaze_only/2026-06-12_16-29-11/multiclass_table6_valence_3class_emotion-elicitation_2026-06-12_16-30-20,results/quick_v1_v2_comparison/2026-06-12_16-29-08/model_runs/gaze_only/2026-06-12_16-29-11/multiclass_table6_valence_3class_emotion-elicitation_2026-06-12_16-30-20/subject_kfold/fold_metrics.csv,SVM,skf_0_P1_P14_P2_P27,aggregated,0.6910112359550562,0.6878532301538997,0.6928157072735386,0.6878532301538997,0.6876370974817935,0.7564717692532665,0.6923569433790091,0.6910112359550562,0.6890049914574405,0.7564717692532664,0.5955083647238548
gaze_only,Gaze x/y nodes with temporal and spatial graph relations.,multiclass_table6_valence_3class,Table-6 Valence,subject_kfold,SVM,SVM,SVM,results/quick_v1_v2_comparison/2026-06-12_16-29-08/model_runs/gaze_only/2026-06-12_16-29-11,results/quick_v1_v2_comparison/2026-06-12_16-29-08/model_runs/gaze_only/2026-06-12_16-29-11/multiclass_table6_valence_3class_emotion-elicitation_2026-06-12_16-30-20,results/quick_v1_v2_comparison/2026-06-12_16-29-08/model_runs/gaze_only/2026-06-12_16-29-11/multiclass_table6_valence_3class_emotion-elicitation_2026-06-12_16-30-20/subject_kfold/fold_metrics.csv,SVM,skf_1_P17_P20_P8,aggregated,0.6756756756756757,0.6734468339307049,0.6756503327283727,0.6734468339307049,0.6735294117647059,0.7142174432497014,0.6756593253870931,0.6756756756756757,0.6746536452418805,0.7142174432497014,0.6205815973505556
gaze_only,Gaze x/y nodes with temporal and spatial graph relations.,multiclass_table6_valence_3class,Table-6 Valence,subject_kfold,SVM,SVM,SVM,results/quick_v1_v2_comparison/2026-06-12_16-29-08/model_runs/gaze_only/2026-06-12_16-29-11,results/quick_v1_v2_comparison/2026-06-12_16-29-08/model_runs/gaze_only/2026-06-12_16-29-11/multiclass_table6_valence_3class_emotion-elicitation_2026-06-12_16-30-20,results/quick_v1_v2_comparison/2026-06-12_16-29-08/model_runs/gaze_only/2026-06-12_16-29-11/multiclass_table6_valence_3class_emotion-elicitation_2026-06-12_16-30-20/subject_kfold/fold_metrics.csv,SVM,skf_2_P13_P28_P30,aggregated,0.6721311475409836,0.6721311475409837,0.6724207550979204,0.6721311475409837,0.6719934129824738,0.7428950550927169,0.6724207550979204,0.6721311475409836,0.6719934129824738,0.7428950550927169,0.5996446742266017
gaze_only,Gaze x/y nodes with temporal and spatial graph relations.,multiclass_table6_valence_3class,Table-6 Valence,subject_kfold,SVM,SVM,SVM,results/quick_v1_v2_comparison/2026-06-12_16-29-08/model_runs/gaze_only/2026-06-12_16-29-11,results/quick_v1_v2_comparison/2026-06-12_16-29-08/model_runs/gaze_only/2026-06-12_16-29-11/multiclass_table6_valence_3class_emotion-elicitation_2026-06-12_16-30-20,results/quick_v1_v2_comparison/2026-06-12_16-29-08/model_runs/gaze_only/2026-06-12_16-29-11/multiclass_table6_valence_3class_emotion-elicitation_2026-06-12_16-30-20/subject_kfold/fold_metrics.csv,SVM,skf_3_P19_P22_P4,aggregated,0.642706131078224,0.6435022893117757,0.6443335132218024,0.6435022893117757,0.6423928457990543,0.6801223350980112,0.6447293629324027,0.642706131078224,0.6421914481195881,0.6801223350980111,0.6516457566426921
gaze_only,Gaze x/y nodes with temporal and spatial graph relations.,multiclass_table6_valence_3class,Table-6 Valence,subject_kfold,SVM,SVM,SVM,results/quick_v1_v2_comparison/2026-06-12_16-29-08/model_runs/gaze_only/2026-06-12_16-29-11,results/quick_v1_v2_comparison/2026-06-12_16-29-08/model_runs/gaze_only/2026-06-12_16-29-11/multiclass_table6_valence_3class_emotion-elicitation_2026-06-12_16-30-20,results/quick_v1_v2_comparison/2026-06-12_16-29-08/model_runs/gaze_only/2026-06-12_16-29-11/multiclass_table6_valence_3class_emotion-elicitation_2026-06-12_16-30-20/subject_kfold/fold_metrics.csv,SVM,skf_4_P10_P16_P5,aggregated,0.6942800788954635,0.6939775910364145,0.6961139081183134,0.6939775910364145,0.6933447798177668,0.7305555555555556,0.6960101064641898,0.6942800788954635,0.6934449904332344,0.7305555555555555,0.6096142322396298
gaze_only,Gaze x/y nodes with temporal and spatial graph relations.,multiclass_table6_valence_3class,Table-6 Valence,subject_kfold,SVM,SVM,SVM,results/quick_v1_v2_comparison/2026-06-12_16-29-08/model_runs/gaze_only/2026-06-12_16-29-11,results/quick_v1_v2_comparison/2026-06-12_16-29-08/model_runs/gaze_only/2026-06-12_16-29-11/multiclass_table6_valence_3class_emotion-elicitation_2026-06-12_16-30-20,results/quick_v1_v2_comparison/2026-06-12_16-29-08/model_runs/gaze_only/2026-06-12_16-29-11/multiclass_table6_valence_3class_emotion-elicitation_2026-06-12_16-30-20/subject_kfold/fold_metrics.csv,SVM,skf_5_P21_P23_P24,aggregated,0.6647940074906367,0.6633998849494198,0.6695492662473794,0.6633998849494198,0.6611999390354126,0.7186592398243374,0.6691763047762624,0.6647940074906367,0.6617227126288998,0.7186592398243375,0.6181864919863548
gaze_only,Gaze x/y nodes with temporal and spatial graph relations.,multiclass_table6_valence_3class,Table-6 Valence,subject_kfold,SVM,SVM,SVM,results/quick_v1_v2_comparison/2026-06-12_16-29-08/model_runs/gaze_only/2026-06-12_16-29-11,results/quick_v1_v2_comparison/2026-06-12_16-29-08/model_runs/gaze_only/2026-06-12_16-29-11/multiclass_table6_valence_3class_emotion-elicitation_2026-06-12_16-30-20,results/quick_v1_v2_comparison/2026-06-12_16-29-08/model_runs/gaze_only/2026-06-12_16-29-11/multiclass_table6_valence_3class_emotion-elicitation_2026-06-12_16-30-20/subject_kfold/fold_metrics.csv,SVM,skf_6_P18_P29_P7,aggregated,0.6832298136645962,0.6851845045574831,0.6739152946049498,0.6851845045574831,0.6738287025798336,0.7422908703322552,0.7037695223602269,0.6832298136645963,0.688159664599289,0.7422908703322552,0.6005178123434155
gaze_only,Gaze x/y nodes with temporal and spatial graph relations.,multiclass_table6_valence_3class,Table-6 Valence,subject_kfold,LightGBM,LightGBM,LightGBM,results/quick_v1_v2_comparison/2026-06-12_16-29-08/model_runs/gaze_only/2026-06-12_16-29-11,results/quick_v1_v2_comparison/2026-06-12_16-29-08/model_runs/gaze_only/2026-06-12_16-29-11/multiclass_table6_valence_3class_emotion-elicitation_2026-06-12_16-30-20,results/quick_v1_v2_comparison/2026-06-12_16-29-08/model_runs/gaze_only/2026-06-12_16-29-11/multiclass_table6_valence_3class_emotion-elicitation_2026-06-12_16-30-20/subject_kfold/fold_metrics.csv,LightGBM,skf_0_P1_P14_P2_P27,aggregated,0.6952247191011236,0.6934377247828252,0.6950892857142856,0.6934377247828252,0.6936529306444226,0.7676960896680922,0.6951457162921348,0.6952247191011236,0.6945775120895409,0.7676960896680923,0.5777102397594528
gaze_only,Gaze x/y nodes with temporal and spatial graph relations.,multiclass_table6_valence_3class,Table-6 Valence,subject_kfold,LightGBM,LightGBM,LightGBM,results/quick_v1_v2_comparison/2026-06-12_16-29-08/model_runs/gaze_only/2026-06-12_16-29-11,results/quick_v1_v2_comparison/2026-06-12_16-29-08/model_runs/gaze_only/2026-06-12_16-29-11/multiclass_table6_valence_3class_emotion-elicitation_2026-06-12_16-30-20,results/quick_v1_v2_comparison/2026-06-12_16-29-08/model_runs/gaze_only/2026-06-12_16-29-11/multiclass_table6_valence_3class_emotion-elicitation_2026-06-12_16-30-20/subject_kfold/fold_metrics.csv,LightGBM,skf_1_P17_P20_P8,aggregated,0.7200772200772201,0.7178464755077658,0.7208244394992204,0.7178464755077658,0.7181349094661789,0.7798387096774193,0.7205675828229078,0.7200772200772201,0.7191286497788046,0.7798387096774192,0.5684981783853932
gaze_only,Gaze x/y nodes with temporal and spatial graph relations.,multiclass_table6_valence_3class,Table-6 Valence,subject_kfold,LightGBM,LightGBM,LightGBM,results/quick_v1_v2_comparison/2026-06-12_16-29-08/model_runs/gaze_only/2026-06-12_16-29-11,results/quick_v1_v2_comparison/2026-06-12_16-29-08/model_runs/gaze_only/2026-06-12_16-29-11/multiclass_table6_valence_3class_emotion-elicitation_2026-06-12_16-30-20,results/quick_v1_v2_comparison/2026-06-12_16-29-08/model_runs/gaze_only/2026-06-12_16-29-11/multiclass_table6_valence_3class_emotion-elicitation_2026-06-12_16-30-20/subject_kfold/fold_metrics.csv,LightGBM,skf_2_P13_P28_P30,aggregated,0.7151639344262295,0.7151639344262295,0.715341166977659,0.7151639344262295,0.715105315105315,0.7954346949744691,0.7153411669776589,0.7151639344262295,0.715105315105315,0.7954346949744691,0.5542605816282615
gaze_only,Gaze x/y nodes with temporal and spatial graph relations.,multiclass_table6_valence_3class,Table-6 Valence,subject_kfold,LightGBM,LightGBM,LightGBM,results/quick_v1_v2_comparison/2026-06-12_16-29-08/model_runs/gaze_only/2026-06-12_16-29-11,results/quick_v1_v2_comparison/2026-06-12_16-29-08/model_runs/gaze_only/2026-06-12_16-29-11/multiclass_table6_valence_3class_emotion-elicitation_2026-06-12_16-30-20,results/quick_v1_v2_comparison/2026-06-12_16-29-08/model_runs/gaze_only/2026-06-12_16-29-11/multiclass_table6_valence_3class_emotion-elicitation_2026-06-12_16-30-20/subject_kfold/fold_metrics.csv,LightGBM,skf_3_P19_P22_P4,aggregated,0.6765327695560254,0.6770997281442266,0.6775315547905909,0.6770997281442266,0.6764402119240829,0.7347796537415939,0.6778911174750345,0.6765327695560254,0.6763360845881476,0.7347796537415939,0.6050224494358208
gaze_only,Gaze x/y nodes with temporal and spatial graph relations.,multiclass_table6_valence_3class,Table-6 Valence,subject_kfold,LightGBM,LightGBM,LightGBM,results/quick_v1_v2_comparison/2026-06-12_16-29-08/model_runs/gaze_only/2026-06-12_16-29-11,results/quick_v1_v2_comparison/2026-06-12_16-29-08/model_runs/gaze_only/2026-06-12_16-29-11/multiclass_table6_valence_3class_emotion-elicitation_2026-06-12_16-30-20,results/quick_v1_v2_comparison/2026-06-12_16-29-08/model_runs/gaze_only/2026-06-12_16-29-11/multiclass_table6_valence_3class_emotion-elicitation_2026-06-12_16-30-20/subject_kfold/fold_metrics.csv,LightGBM,skf_4_P10_P16_P5,aggregated,0.6785009861932939,0.6784313725490196,0.6785425101214575,0.6784313725490196,0.6784209195089208,0.7547152194211019,0.6785329276764966,0.6785009861932939,0.6784509445155605,0.7547152194211019,0.58492183094503
gaze_only,Gaze x/y nodes with temporal and spatial graph relations.,multiclass_table6_valence_3class,Table-6 Valence,subject_kfold,LightGBM,LightGBM,LightGBM,results/quick_v1_v2_comparison/2026-06-12_16-29-08/model_runs/gaze_only/2026-06-12_16-29-11,results/quick_v1_v2_comparison/2026-06-12_16-29-08/model_runs/gaze_only/2026-06-12_16-29-11/multiclass_table6_valence_3class_emotion-elicitation_2026-06-12_16-30-20,results/quick_v1_v2_comparison/2026-06-12_16-29-08/model_runs/gaze_only/2026-06-12_16-29-11/multiclass_table6_valence_3class_emotion-elicitation_2026-06-12_16-30-20/subject_kfold/fold_metrics.csv,LightGBM,skf_5_P21_P23_P24,aggregated,0.7209737827715356,0.7197045164367993,0.7266792125072379,0.7197045164367993,0.7184052662313531,0.7770824856537539,0.726193644019093,0.7209737827715356,0.718808170786676,0.777082485653754,0.5706549088239675
gaze_only,Gaze x/y nodes with temporal and spatial graph relations.,multiclass_table6_valence_3class,Table-6 Valence,subject_kfold,LightGBM,LightGBM,LightGBM,results/quick_v1_v2_comparison/2026-06-12_16-29-08/model_runs/gaze_only/2026-06-12_16-29-11,results/quick_v1_v2_comparison/2026-06-12_16-29-08/model_runs/gaze_only/2026-06-12_16-29-11/multiclass_table6_valence_3class_emotion-elicitation_2026-06-12_16-30-20,results/quick_v1_v2_comparison/2026-06-12_16-29-08/model_runs/gaze_only/2026-06-12_16-29-11/multiclass_table6_valence_3class_emotion-elicitation_2026-06-12_16-30-20/subject_kfold/fold_metrics.csv,LightGBM,skf_6_P18_P29_P7,aggregated,0.6708074534161491,0.6707218465157306,0.6605599723470446,0.6707218465157306,0.6605402394876079,0.752168479858865,0.690349161501418,0.6708074534161491,0.675818831643175,0.752168479858865,0.5825685483515654
gaze_only,Gaze x/y nodes with temporal and spatial graph relations.,multiclass_table6_valence_3class,Table-6 Valence,subject_kfold,MLP,MLP,MLP,results/quick_v1_v2_comparison/2026-06-12_16-29-08/model_runs/gaze_only/2026-06-12_16-29-11,results/quick_v1_v2_comparison/2026-06-12_16-29-08/model_runs/gaze_only/2026-06-12_16-29-11/multiclass_table6_valence_3class_emotion-elicitation_2026-06-12_16-30-20,results/quick_v1_v2_comparison/2026-06-12_16-29-08/model_runs/gaze_only/2026-06-12_16-29-11/multiclass_table6_valence_3class_emotion-elicitation_2026-06-12_16-30-20/subject_kfold/fold_metrics.csv,MLP,skf_0_P1_P14_P2_P27,aggregated,0.699438202247191,0.6989036526468053,0.6989036526468053,0.6989036526468053,0.6989036526468053,0.7542585229742869,0.699438202247191,0.699438202247191,0.699438202247191,0.7542585229742867,0.5900297012641411
gaze_only,Gaze x/y nodes with temporal and spatial graph relations.,multiclass_table6_valence_3class,Table-6 Valence,subject_kfold,MLP,MLP,MLP,results/quick_v1_v2_comparison/2026-06-12_16-29-08/model_runs/gaze_only/2026-06-12_16-29-11,results/quick_v1_v2_comparison/2026-06-12_16-29-08/model_runs/gaze_only/2026-06-12_16-29-11/multiclass_table6_valence_3class_emotion-elicitation_2026-06-12_16-30-20,results/quick_v1_v2_comparison/2026-06-12_16-29-08/model_runs/gaze_only/2026-06-12_16-29-11/multiclass_table6_valence_3class_emotion-elicitation_2026-06-12_16-30-20/subject_kfold/fold_metrics.csv,MLP,skf_1_P17_P20_P8,aggregated,0.6640926640926641,0.660200119474313,0.6663616625310174,0.660200119474313,0.6592105263157895,0.7115591397849461,0.6658722707109803,0.6640926640926641,0.660942897785003,0.7115591397849461,0.6247633917686011
gaze_only,Gaze x/y nodes with temporal and spatial graph relations.,multiclass_table6_valence_3class,Table-6 Valence,subject_kfold,MLP,MLP,MLP,results/quick_v1_v2_comparison/2026-06-12_16-29-08/model_runs/gaze_only/2026-06-12_16-29-11,results/quick_v1_v2_comparison/2026-06-12_16-29-08/model_runs/gaze_only/2026-06-12_16-29-11/multiclass_table6_valence_3class_emotion-elicitation_2026-06-12_16-30-20,results/quick_v1_v2_comparison/2026-06-12_16-29-08/model_runs/gaze_only/2026-06-12_16-29-11/multiclass_table6_valence_3class_emotion-elicitation_2026-06-12_16-30-20/subject_kfold/fold_metrics.csv,MLP,skf_2_P13_P28_P30,aggregated,0.6721311475409836,0.6721311475409836,0.6723163841807909,0.6721311475409836,0.6720430107526881,0.7382088148347218,0.672316384180791,0.6721311475409836,0.6720430107526881,0.7382088148347218,0.6118367376611852
gaze_only,Gaze x/y nodes with temporal and spatial graph relations.,multiclass_table6_valence_3class,Table-6 Valence,subject_kfold,MLP,MLP,MLP,results/quick_v1_v2_comparison/2026-06-12_16-29-08/model_runs/gaze_only/2026-06-12_16-29-11,results/quick_v1_v2_comparison/2026-06-12_16-29-08/model_runs/gaze_only/2026-06-12_16-29-11/multiclass_table6_valence_3class_emotion-elicitation_2026-06-12_16-30-20,results/quick_v1_v2_comparison/2026-06-12_16-29-08/model_runs/gaze_only/2026-06-12_16-29-11/multiclass_table6_valence_3class_emotion-elicitation_2026-06-12_16-30-20/subject_kfold/fold_metrics.csv,MLP,skf_3_P19_P22_P4,aggregated,0.6363636363636364,0.6384854771784232,0.6453265765765765,0.6384854771784232,0.632737450343084,0.6761875804836172,0.6461097461097461,0.6363636363636364,0.6320430742965955,0.6761875804836172,0.6659532344409728
gaze_only,Gaze x/y nodes with temporal and spatial graph relations.,multiclass_table6_valence_3class,Table-6 Valence,subject_kfold,MLP,MLP,MLP,results/quick_v1_v2_comparison/2026-06-12_16-29-08/model_runs/gaze_only/2026-06-12_16-29-11,results/quick_v1_v2_comparison/2026-06-12_16-29-08/model_runs/gaze_only/2026-06-12_16-29-11/multiclass_table6_valence_3class_emotion-elicitation_2026-06-12_16-30-20,results/quick_v1_v2_comparison/2026-06-12_16-29-08/model_runs/gaze_only/2026-06-12_16-29-11/multiclass_table6_valence_3class_emotion-elicitation_2026-06-12_16-30-20/subject_kfold/fold_metrics.csv,MLP,skf_4_P10_P16_P5,aggregated,0.6923076923076923,0.6920868347338935,0.6932234432234432,0.6920868347338935,0.6917789001122334,0.7545751633986928,0.6931530008453086,0.6923076923076923,0.6918544418544419,0.7545751633986929,0.5835610554661201
gaze_only,Gaze x/y nodes with temporal and spatial graph relations.,multiclass_table6_valence_3class,Table-6 Valence,subject_kfold,MLP,MLP,MLP,results/quick_v1_v2_comparison/2026-06-12_16-29-08/model_runs/gaze_only/2026-06-12_16-29-11,results/quick_v1_v2_comparison/2026-06-12_16-29-08/model_runs/gaze_only/2026-06-12_16-29-11/multiclass_table6_valence_3class_emotion-elicitation_2026-06-12_16-30-20,results/quick_v1_v2_comparison/2026-06-12_16-29-08/model_runs/gaze_only/2026-06-12_16-29-11/multiclass_table6_valence_3class_emotion-elicitation_2026-06-12_16-30-20/subject_kfold/fold_metrics.csv,MLP,skf_5_P21_P23_P24,aggregated,0.6647940074906367,0.6638488628232291,0.6666761817766613,0.6638488628232291,0.6629964567137342,0.7192204621665989,0.6664610761439729,0.6647940074906367,0.663365185078227,0.7192204621665989,0.631527924510504
gaze_only,Gaze x/y nodes with temporal and spatial graph relations.,multiclass_table6_valence_3class,Table-6 Valence,subject_kfold,MLP,MLP,MLP,results/quick_v1_v2_comparison/2026-06-12_16-29-08/model_runs/gaze_only/2026-06-12_16-29-11,results/quick_v1_v2_comparison/2026-06-12_16-29-08/model_runs/gaze_only/2026-06-12_16-29-11/multiclass_table6_valence_3class_emotion-elicitation_2026-06-12_16-30-20,results/quick_v1_v2_comparison/2026-06-12_16-29-08/model_runs/gaze_only/2026-06-12_16-29-11/multiclass_table6_valence_3class_emotion-elicitation_2026-06-12_16-30-20/subject_kfold/fold_metrics.csv,MLP,skf_6_P18_P29_P7,aggregated,0.6625258799171843,0.6561029844163482,0.6481684981684981,0.6561029844163482,0.6492405982544229,0.7255402822699206,0.6766553667174784,0.6625258799171843,0.6669071962102225,0.7255402822699206,0.6083932476525857
gaze_only,Gaze x/y nodes with temporal and spatial graph relations.,multiclass_table6_valence_3class,Table-6 Valence,subject_kfold,GazeMAE_MLP,GazeMAE,GazeMAE_MLP,results/quick_v1_v2_comparison/2026-06-12_16-29-08/model_runs/gaze_only/2026-06-12_16-29-11,results/quick_v1_v2_comparison/2026-06-12_16-29-08/model_runs/gaze_only/2026-06-12_16-29-11/multiclass_table6_valence_3class_emotion-elicitation_2026-06-12_16-30-20,results/quick_v1_v2_comparison/2026-06-12_16-29-08/model_runs/gaze_only/2026-06-12_16-29-11/multiclass_table6_valence_3class_emotion-elicitation_2026-06-12_16-30-20/subject_kfold/fold_metrics.csv,GazeMAE_MLP,skf_0_P1_P14_P2_P27,aggregated,0.6811797752808989,0.6813834370133822,0.6810671337941483,0.6813834370133822,0.6809979177152106,0.7367580684683546,0.6819119449447777,0.6811797752808989,0.6813188428311311,0.7367580684683545,0.6957795012746849
gaze_only,Gaze x/y nodes with temporal and spatial graph relations.,multiclass_table6_valence_3class,Table-6 Valence,subject_kfold,GazeMAE_MLP,GazeMAE,GazeMAE_MLP,results/quick_v1_v2_comparison/2026-06-12_16-29-08/model_runs/gaze_only/2026-06-12_16-29-11,results/quick_v1_v2_comparison/2026-06-12_16-29-08/model_runs/gaze_only/2026-06-12_16-29-11/multiclass_table6_valence_3class_emotion-elicitation_2026-06-12_16-30-20,results/quick_v1_v2_comparison/2026-06-12_16-29-08/model_runs/gaze_only/2026-06-12_16-29-11/multiclass_table6_valence_3class_emotion-elicitation_2026-06-12_16-30-20/subject_kfold/fold_metrics.csv,GazeMAE_MLP,skf_1_P17_P20_P8,aggregated,0.693050193050193,0.6883064516129033,0.6993927605673893,0.6883064516129033,0.6868305481092796,0.7621266427718041,0.6982674663304674,0.693050193050193,0.6887049616531166,0.7621266427718041,0.5842668917068914
gaze_only,Gaze x/y nodes with temporal and spatial graph relations.,multiclass_table6_valence_3class,Table-6 Valence,subject_kfold,GazeMAE_MLP,GazeMAE,GazeMAE_MLP,results/quick_v1_v2_comparison/2026-06-12_16-29-08/model_runs/gaze_only/2026-06-12_16-29-11,results/quick_v1_v2_comparison/2026-06-12_16-29-08/model_runs/gaze_only/2026-06-12_16-29-11/multiclass_table6_valence_3class_emotion-elicitation_2026-06-12_16-30-20,results/quick_v1_v2_comparison/2026-06-12_16-29-08/model_runs/gaze_only/2026-06-12_16-29-11/multiclass_table6_valence_3class_emotion-elicitation_2026-06-12_16-30-20/subject_kfold/fold_metrics.csv,GazeMAE_MLP,skf_2_P13_P28_P30,aggregated,0.6782786885245902,0.6782786885245902,0.6928170472505314,0.6782786885245902,0.6720977509576085,0.7623622682074711,0.6928170472505314,0.6782786885245902,0.6720977509576085,0.7623622682074711,0.5857364248778351
gaze_only,Gaze x/y nodes with temporal and spatial graph relations.,multiclass_table6_valence_3class,Table-6 Valence,subject_kfold,GazeMAE_MLP,GazeMAE,GazeMAE_MLP,results/quick_v1_v2_comparison/2026-06-12_16-29-08/model_runs/gaze_only/2026-06-12_16-29-11,results/quick_v1_v2_comparison/2026-06-12_16-29-08/model_runs/gaze_only/2026-06-12_16-29-11/multiclass_table6_valence_3class_emotion-elicitation_2026-06-12_16-30-20,results/quick_v1_v2_comparison/2026-06-12_16-29-08/model_runs/gaze_only/2026-06-12_16-29-11/multiclass_table6_valence_3class_emotion-elicitation_2026-06-12_16-30-20/subject_kfold/fold_metrics.csv,GazeMAE_MLP,skf_3_P19_P22_P4,aggregated,0.6109936575052854,0.6147964658749464,0.636013986013986,0.6147964658749464,0.5967155990510083,0.6400593790241809,0.6372181729475599,0.6109936575052854,0.5952717504432725,0.6400593790241809,0.6935836759103042
gaze_only,Gaze x/y nodes with temporal and spatial graph relations.,multiclass_table6_valence_3class,Table-6 Valence,subject_kfold,GazeMAE_MLP,GazeMAE,GazeMAE_MLP,results/quick_v1_v2_comparison/2026-06-12_16-29-08/model_runs/gaze_only/2026-06-12_16-29-11,results/quick_v1_v2_comparison/2026-06-12_16-29-08/model_runs/gaze_only/2026-06-12_16-29-11/multiclass_table6_valence_3class_emotion-elicitation_2026-06-12_16-30-20,results/quick_v1_v2_comparison/2026-06-12_16-29-08/model_runs/gaze_only/2026-06-12_16-29-11/multiclass_table6_valence_3class_emotion-elicitation_2026-06-12_16-30-20/subject_kfold/fold_metrics.csv,GazeMAE_MLP,skf_4_P10_P16_P5,aggregated,0.6568047337278107,0.6570961718020542,0.6585718324903396,0.6570961718020542,0.6560969904880711,0.7392779333955806,0.6586800222104944,0.6568047337278107,0.6560046761524528,0.7392779333955806,0.6210592836123345
gaze_only,Gaze x/y nodes with temporal and spatial graph relations.,multiclass_table6_valence_3class,Table-6 Valence,subject_kfold,GazeMAE_MLP,GazeMAE,GazeMAE_MLP,results/quick_v1_v2_comparison/2026-06-12_16-29-08/model_runs/gaze_only/2026-06-12_16-29-11,results/quick_v1_v2_comparison/2026-06-12_16-29-08/model_runs/gaze_only/2026-06-12_16-29-11/multiclass_table6_valence_3class_emotion-elicitation_2026-06-12_16-30-20,results/quick_v1_v2_comparison/2026-06-12_16-29-08/model_runs/gaze_only/2026-06-12_16-29-11/multiclass_table6_valence_3class_emotion-elicitation_2026-06-12_16-30-20/subject_kfold/fold_metrics.csv,GazeMAE_MLP,skf_5_P21_P23_P24,aggregated,0.6629213483146067,0.6612181330938784,0.6703684483653347,0.6612181330938784,0.6576923076923077,0.7335596930113788,0.6698879902975459,0.6629213483146067,0.6583261307980409,0.7335596930113788,0.7943314480513626
gaze_only,Gaze x/y nodes with temporal and spatial graph relations.,multiclass_table6_valence_3class,Table-6 Valence,subject_kfold,GazeMAE_MLP,GazeMAE,GazeMAE_MLP,results/quick_v1_v2_comparison/2026-06-12_16-29-08/model_runs/gaze_only/2026-06-12_16-29-11,results/quick_v1_v2_comparison/2026-06-12_16-29-08/model_runs/gaze_only/2026-06-12_16-29-11/multiclass_table6_valence_3class_emotion-elicitation_2026-06-12_16-30-20,results/quick_v1_v2_comparison/2026-06-12_16-29-08/model_runs/gaze_only/2026-06-12_16-29-11/multiclass_table6_valence_3class_emotion-elicitation_2026-06-12_16-30-20/subject_kfold/fold_metrics.csv,GazeMAE_MLP,skf_6_P18_P29_P7,aggregated,0.6169772256728778,0.6256615701264334,0.6172456362950516,0.6256615701264334,0.6105602649872519,0.6586114378124082,0.650796964066772,0.6169772256728778,0.623497685724401,0.6585924140567597,1.0610393394676985
gaze_only,Gaze x/y nodes with temporal and spatial graph relations.,multiclass_table6_valence_3class,Table-6 Valence,subject_kfold,BasicGCN,GCN,BasicGCN,results/quick_v1_v2_comparison/2026-06-12_16-29-08/model_runs/gaze_only/2026-06-12_16-29-11,results/quick_v1_v2_comparison/2026-06-12_16-29-08/model_runs/gaze_only/2026-06-12_16-29-11/multiclass_table6_valence_3class_emotion-elicitation_2026-06-12_16-30-20,results/quick_v1_v2_comparison/2026-06-12_16-29-08/model_runs/gaze_only/2026-06-12_16-29-11/multiclass_table6_valence_3class_emotion-elicitation_2026-06-12_16-30-20/subject_kfold/fold_metrics.csv,BasicGCN,skf_0_P1_P14_P2_P27,aggregated,0.6558988764044944,0.6579546442601829,0.6588019326742744,0.6579546442601829,0.6557460841215743,0.7323869070673696,0.6602534608091645,0.6558988764044944,0.655440499555734,0.7323869070673696,0.5989406903584799
gaze_only,Gaze x/y nodes with temporal and spatial graph relations.,multiclass_table6_valence_3class,Table-6 Valence,subject_kfold,BasicGCN,GCN,BasicGCN,results/quick_v1_v2_comparison/2026-06-12_16-29-08/model_runs/gaze_only/2026-06-12_16-29-11,results/quick_v1_v2_comparison/2026-06-12_16-29-08/model_runs/gaze_only/2026-06-12_16-29-11/multiclass_table6_valence_3class_emotion-elicitation_2026-06-12_16-30-20,results/quick_v1_v2_comparison/2026-06-12_16-29-08/model_runs/gaze_only/2026-06-12_16-29-11/multiclass_table6_valence_3class_emotion-elicitation_2026-06-12_16-30-20/subject_kfold/fold_metrics.csv,BasicGCN,skf_1_P17_P20_P8,aggregated,0.6138996138996139,0.6117234169653525,0.6129378019323671,0.6117234169653525,0.6115835095454477,0.6512096774193548,0.6133026271613228,0.6138996138996139,0.6128573669402391,0.6512096774193548,0.6169587771097819
gaze_only,Gaze x/y nodes with temporal and spatial graph relations.,multiclass_table6_valence_3class,Table-6 Valence,subject_kfold,BasicGCN,GCN,BasicGCN,results/quick_v1_v2_comparison/2026-06-12_16-29-08/model_runs/gaze_only/2026-06-12_16-29-11,results/quick_v1_v2_comparison/2026-06-12_16-29-08/model_runs/gaze_only/2026-06-12_16-29-11/multiclass_table6_valence_3class_emotion-elicitation_2026-06-12_16-30-20,results/quick_v1_v2_comparison/2026-06-12_16-29-08/model_runs/gaze_only/2026-06-12_16-29-11/multiclass_table6_valence_3class_emotion-elicitation_2026-06-12_16-30-20/subject_kfold/fold_metrics.csv,BasicGCN,skf_2_P13_P28_P30,aggregated,0.7110655737704918,0.7110655737704918,0.7110691190056269,0.7110655737704918,0.7110643604892859,0.7852391830153185,0.7110691190056269,0.7110655737704918,0.7110643604892859,0.7852391830153186,0.5566805601119995
gaze_only,Gaze x/y nodes with temporal and spatial graph relations.,multiclass_table6_valence_3class,Table-6 Valence,subject_kfold,BasicGCN,GCN,BasicGCN,results/quick_v1_v2_comparison/2026-06-12_16-29-08/model_runs/gaze_only/2026-06-12_16-29-11,results/quick_v1_v2_comparison/2026-06-12_16-29-08/model_runs/gaze_only/2026-06-12_16-29-11/multiclass_table6_valence_3class_emotion-elicitation_2026-06-12_16-30-20,results/quick_v1_v2_comparison/2026-06-12_16-29-08/model_runs/gaze_only/2026-06-12_16-29-11/multiclass_table6_valence_3class_emotion-elicitation_2026-06-12_16-30-20/subject_kfold/fold_metrics.csv,BasicGCN,skf_3_P19_P22_P4,aggregated,0.5644820295983086,0.5677850908570611,0.5768918644755529,0.5677850908570611,0.5526262626262626,0.6009264558592073,0.5775770700822719,0.5644820295983086,0.5512405236295299,0.6009264558592073,0.681609570980072
gaze_only,Gaze x/y nodes with temporal and spatial graph relations.,multiclass_table6_valence_3class,Table-6 Valence,subject_kfold,BasicGCN,GCN,BasicGCN,results/quick_v1_v2_comparison/2026-06-12_16-29-08/model_runs/gaze_only/2026-06-12_16-29-11,results/quick_v1_v2_comparison/2026-06-12_16-29-08/model_runs/gaze_only/2026-06-12_16-29-11/multiclass_table6_valence_3class_emotion-elicitation_2026-06-12_16-30-20,results/quick_v1_v2_comparison/2026-06-12_16-29-08/model_runs/gaze_only/2026-06-12_16-29-11/multiclass_table6_valence_3class_emotion-elicitation_2026-06-12_16-30-20/subject_kfold/fold_metrics.csv,BasicGCN,skf_4_P10_P16_P5,aggregated,0.6410256410256411,0.6407563025210083,0.6419714330560351,0.6407563025210083,0.6401506879231273,0.7181917211328976,0.6419110633519676,0.6410256410256411,0.640255682295429,0.7181917211328975,0.6189335584640503
gaze_only,Gaze x/y nodes with temporal and spatial graph relations.,multiclass_table6_valence_3class,Table-6 Valence,subject_kfold,BasicGCN,GCN,BasicGCN,results/quick_v1_v2_comparison/2026-06-12_16-29-08/model_runs/gaze_only/2026-06-12_16-29-11,results/quick_v1_v2_comparison/2026-06-12_16-29-08/model_runs/gaze_only/2026-06-12_16-29-11/multiclass_table6_valence_3class_emotion-elicitation_2026-06-12_16-30-20,results/quick_v1_v2_comparison/2026-06-12_16-29-08/model_runs/gaze_only/2026-06-12_16-29-11/multiclass_table6_valence_3class_emotion-elicitation_2026-06-12_16-30-20/subject_kfold/fold_metrics.csv,BasicGCN,skf_5_P21_P23_P24,aggregated,0.6872659176029963,0.6872237733784181,0.6872053872053872,0.6872237733784181,0.6872121694662003,0.756752206305333,0.6872860944021992,0.6872659176029963,0.6872735959082528,0.756752206305333,0.6198723912239075
gaze_only,Gaze x/y nodes with temporal and spatial graph relations.,multiclass_table6_valence_3class,Table-6 Valence,subject_kfold,BasicGCN,GCN,BasicGCN,results/quick_v1_v2_comparison/2026-06-12_16-29-08/model_runs/gaze_only/2026-06-12_16-29-11,results/quick_v1_v2_comparison/2026-06-12_16-29-08/model_runs/gaze_only/2026-06-12_16-29-11/multiclass_table6_valence_3class_emotion-elicitation_2026-06-12_16-30-20,results/quick_v1_v2_comparison/2026-06-12_16-29-08/model_runs/gaze_only/2026-06-12_16-29-11/multiclass_table6_valence_3class_emotion-elicitation_2026-06-12_16-30-20/subject_kfold/fold_metrics.csv,BasicGCN,skf_6_P18_P29_P7,aggregated,0.6314699792960663,0.6452146427521317,0.6356194006796416,0.6452146427521317,0.6266285654726749,0.702477212584534,0.6701979122094366,0.6314699792960663,0.6376317787076553,0.7024772125845341,0.6357128322124481
gaze_only,Gaze x/y nodes with temporal and spatial graph relations.,multiclass_table6_valence_3class,Table-6 Valence,subject_kfold,HeteroGCNMean,HeteroGCN-mean,HeteroGCNMean,results/quick_v1_v2_comparison/2026-06-12_16-29-08/model_runs/gaze_only/2026-06-12_16-29-11,results/quick_v1_v2_comparison/2026-06-12_16-29-08/model_runs/gaze_only/2026-06-12_16-29-11/multiclass_table6_valence_3class_emotion-elicitation_2026-06-12_16-30-20,results/quick_v1_v2_comparison/2026-06-12_16-29-08/model_runs/gaze_only/2026-06-12_16-29-11/multiclass_table6_valence_3class_emotion-elicitation_2026-06-12_16-30-20/subject_kfold/fold_metrics.csv,HeteroGCNMean,skf_0_P1_P14_P2_P27,aggregated,0.6544943820224719,0.6560141015405776,0.6562809295696583,0.6560141015405776,0.6544698446266384,0.7098513172767585,0.6575570349605058,0.6544943820224719,0.6543471576474705,0.7098513172767585,0.6157940824826559
gaze_only,Gaze x/y nodes with temporal and spatial graph relations.,multiclass_table6_valence_3class,Table-6 Valence,subject_kfold,HeteroGCNMean,HeteroGCN-mean,HeteroGCNMean,results/quick_v1_v2_comparison/2026-06-12_16-29-08/model_runs/gaze_only/2026-06-12_16-29-11,results/quick_v1_v2_comparison/2026-06-12_16-29-08/model_runs/gaze_only/2026-06-12_16-29-11/multiclass_table6_valence_3class_emotion-elicitation_2026-06-12_16-30-20,results/quick_v1_v2_comparison/2026-06-12_16-29-08/model_runs/gaze_only/2026-06-12_16-29-11/multiclass_table6_valence_3class_emotion-elicitation_2026-06-12_16-30-20/subject_kfold/fold_metrics.csv,HeteroGCNMean,skf_1_P17_P20_P8,aggregated,0.4980694980694981,0.4789277180406212,0.3896966854283927,0.4789277180406212,0.354943770714792,0.4116786140979689,0.394812998471535,0.4980694980694981,0.3678485494107081,0.4116786140979689,0.674836794535319
gaze_only,Gaze x/y nodes with temporal and spatial graph relations.,multiclass_table6_valence_3class,Table-6 Valence,subject_kfold,HeteroGCNMean,HeteroGCN-mean,HeteroGCNMean,results/quick_v1_v2_comparison/2026-06-12_16-29-08/model_runs/gaze_only/2026-06-12_16-29-11,results/quick_v1_v2_comparison/2026-06-12_16-29-08/model_runs/gaze_only/2026-06-12_16-29-11/multiclass_table6_valence_3class_emotion-elicitation_2026-06-12_16-30-20,results/quick_v1_v2_comparison/2026-06-12_16-29-08/model_runs/gaze_only/2026-06-12_16-29-11/multiclass_table6_valence_3class_emotion-elicitation_2026-06-12_16-30-20/subject_kfold/fold_metrics.csv,HeteroGCNMean,skf_2_P13_P28_P30,aggregated,0.6209016393442623,0.6209016393442623,0.6231543107430664,0.6209016393442623,0.6191601105228745,0.667528890083311,0.6231543107430664,0.6209016393442623,0.6191601105228745,0.667528890083311,0.6549263298511505
gaze_only,Gaze x/y nodes with temporal and spatial graph relations.,multiclass_table6_valence_3class,Table-6 Valence,subject_kfold,HeteroGCNMean,HeteroGCN-mean,HeteroGCNMean,results/quick_v1_v2_comparison/2026-06-12_16-29-08/model_runs/gaze_only/2026-06-12_16-29-11,results/quick_v1_v2_comparison/2026-06-12_16-29-08/model_runs/gaze_only/2026-06-12_16-29-11/multiclass_table6_valence_3class_emotion-elicitation_2026-06-12_16-30-20,results/quick_v1_v2_comparison/2026-06-12_16-29-08/model_runs/gaze_only/2026-06-12_16-29-11/multiclass_table6_valence_3class_emotion-elicitation_2026-06-12_16-30-20/subject_kfold/fold_metrics.csv,HeteroGCNMean,skf_3_P19_P22_P4,aggregated,0.572938689217759,0.5760838460437832,0.5852061050354525,0.5760838460437832,0.5625183150183151,0.6179710974388324,0.5859184065990605,0.572938689217759,0.5612336113498905,0.6179710974388325,0.6855162978172302
gaze_only,Gaze x/y nodes with temporal and spatial graph relations.,multiclass_table6_valence_3class,Table-6 Valence,subject_kfold,HeteroGCNMean,HeteroGCN-mean,HeteroGCNMean,results/quick_v1_v2_comparison/2026-06-12_16-29-08/model_runs/gaze_only/2026-06-12_16-29-11,results/quick_v1_v2_comparison/2026-06-12_16-29-08/model_runs/gaze_only/2026-06-12_16-29-11/multiclass_table6_valence_3class_emotion-elicitation_2026-06-12_16-30-20,results/quick_v1_v2_comparison/2026-06-12_16-29-08/model_runs/gaze_only/2026-06-12_16-29-11/multiclass_table6_valence_3class_emotion-elicitation_2026-06-12_16-30-20/subject_kfold/fold_metrics.csv,HeteroGCNMean,skf_4_P10_P16_P5,aggregated,0.6429980276134122,0.6429971988795519,0.6429927484360898,0.6429971988795519,0.6429924721352293,0.6936819172113291,0.6430085859680572,0.6429980276134122,0.6430008053525037,0.693681917211329,0.6353683173656464
gaze_only,Gaze x/y nodes with temporal and spatial graph relations.,multiclass_table6_valence_3class,Table-6 Valence,subject_kfold,HeteroGCNMean,HeteroGCN-mean,HeteroGCNMean,results/quick_v1_v2_comparison/2026-06-12_16-29-08/model_runs/gaze_only/2026-06-12_16-29-11,results/quick_v1_v2_comparison/2026-06-12_16-29-08/model_runs/gaze_only/2026-06-12_16-29-11/multiclass_table6_valence_3class_emotion-elicitation_2026-06-12_16-30-20,results/quick_v1_v2_comparison/2026-06-12_16-29-08/model_runs/gaze_only/2026-06-12_16-29-11/multiclass_table6_valence_3class_emotion-elicitation_2026-06-12_16-30-20/subject_kfold/fold_metrics.csv,HeteroGCNMean,skf_5_P21_P23_P24,aggregated,0.6910112359550562,0.6905209546392042,0.6914476652379878,0.6905209546392042,0.6904369578430718,0.7553491504496795,0.6913557853889496,0.6910112359550562,0.6906367067515881,0.7553491504496795,0.6414936582247416
gaze_only,Gaze x/y nodes with temporal and spatial graph relations.,multiclass_table6_valence_3class,Table-6 Valence,subject_kfold,HeteroGCNMean,HeteroGCN-mean,HeteroGCNMean,results/quick_v1_v2_comparison/2026-06-12_16-29-08/model_runs/gaze_only/2026-06-12_16-29-11,results/quick_v1_v2_comparison/2026-06-12_16-29-08/model_runs/gaze_only/2026-06-12_16-29-11/multiclass_table6_valence_3class_emotion-elicitation_2026-06-12_16-30-20,results/quick_v1_v2_comparison/2026-06-12_16-29-08/model_runs/gaze_only/2026-06-12_16-29-11/multiclass_table6_valence_3class_emotion-elicitation_2026-06-12_16-30-20/subject_kfold/fold_metrics.csv,HeteroGCNMean,skf_6_P18_P29_P7,aggregated,0.6376811594202898,0.6248805498382828,0.6197191783235263,0.6248805498382828,0.6207685577764317,0.671916348132902,0.6481400344892915,0.6376811594202898,0.6414947852811598,0.671916348132902,0.6517637968063354
gaze_only,Gaze x/y nodes with temporal and spatial graph relations.,multiclass_table6_valence_3class,Table-6 Valence,subject_kfold,HeteroGCNMLP,HeteroGCN-MLP,HeteroGCNMLP,results/quick_v1_v2_comparison/2026-06-12_16-29-08/model_runs/gaze_only/2026-06-12_16-29-11,results/quick_v1_v2_comparison/2026-06-12_16-29-08/model_runs/gaze_only/2026-06-12_16-29-11/multiclass_table6_valence_3class_emotion-elicitation_2026-06-12_16-30-20,results/quick_v1_v2_comparison/2026-06-12_16-29-08/model_runs/gaze_only/2026-06-12_16-29-11/multiclass_table6_valence_3class_emotion-elicitation_2026-06-12_16-30-20/subject_kfold/fold_metrics.csv,HeteroGCNMLP,skf_0_P1_P14_P2_P27,aggregated,0.6769662921348315,0.6790002450379808,0.6798760872155367,0.6790002450379808,0.6768413491518467,0.7642892712886626,0.6813811536365912,0.6769662921348315,0.6765736141883079,0.7642892712886628,0.5777848958969116
gaze_only,Gaze x/y nodes with temporal and spatial graph relations.,multiclass_table6_valence_3class,Table-6 Valence,subject_kfold,HeteroGCNMLP,HeteroGCN-MLP,HeteroGCNMLP,results/quick_v1_v2_comparison/2026-06-12_16-29-08/model_runs/gaze_only/2026-06-12_16-29-11,results/quick_v1_v2_comparison/2026-06-12_16-29-08/model_runs/gaze_only/2026-06-12_16-29-11/multiclass_table6_valence_3class_emotion-elicitation_2026-06-12_16-30-20,results/quick_v1_v2_comparison/2026-06-12_16-29-08/model_runs/gaze_only/2026-06-12_16-29-11/multiclass_table6_valence_3class_emotion-elicitation_2026-06-12_16-30-20/subject_kfold/fold_metrics.csv,HeteroGCNMLP,skf_1_P17_P20_P8,aggregated,0.6081081081081081,0.6071535244922341,0.6072736787022501,0.6071535244922341,0.6071931535044957,0.6621117084826762,0.6079293018068529,0.6081081081081081,0.6079983135556746,0.6621117084826762,0.602517286936442
gaze_only,Gaze x/y nodes with temporal and spatial graph relations.,multiclass_table6_valence_3class,Table-6 Valence,subject_kfold,HeteroGCNMLP,HeteroGCN-MLP,HeteroGCNMLP,results/quick_v1_v2_comparison/2026-06-12_16-29-08/model_runs/gaze_only/2026-06-12_16-29-11,results/quick_v1_v2_comparison/2026-06-12_16-29-08/model_runs/gaze_only/2026-06-12_16-29-11/multiclass_table6_valence_3class_emotion-elicitation_2026-06-12_16-30-20,results/quick_v1_v2_comparison/2026-06-12_16-29-08/model_runs/gaze_only/2026-06-12_16-29-11/multiclass_table6_valence_3class_emotion-elicitation_2026-06-12_16-30-20/subject_kfold/fold_metrics.csv,HeteroGCNMLP,skf_2_P13_P28_P30,aggregated,0.680327868852459,0.680327868852459,0.682089552238806,0.680327868852459,0.6795528017241379,0.7617911851652781,0.682089552238806,0.680327868852459,0.6795528017241379,0.7617911851652781,0.5772592127323151
gaze_only,Gaze x/y nodes with temporal and spatial graph relations.,multiclass_table6_valence_3class,Table-6 Valence,subject_kfold,HeteroGCNMLP,HeteroGCN-MLP,HeteroGCNMLP,results/quick_v1_v2_comparison/2026-06-12_16-29-08/model_runs/gaze_only/2026-06-12_16-29-11,results/quick_v1_v2_comparison/2026-06-12_16-29-08/model_runs/gaze_only/2026-06-12_16-29-11/multiclass_table6_valence_3class_emotion-elicitation_2026-06-12_16-30-20,results/quick_v1_v2_comparison/2026-06-12_16-29-08/model_runs/gaze_only/2026-06-12_16-29-11/multiclass_table6_valence_3class_emotion-elicitation_2026-06-12_16-30-20/subject_kfold/fold_metrics.csv,HeteroGCNMLP,skf_3_P19_P22_P4,aggregated,0.6300211416490487,0.6304102875947919,0.630531686358754,0.6304102875947919,0.6299946806846273,0.6651881528115611,0.6308019747344803,0.6300211416490487,0.629935143514679,0.6651881528115611,0.6795410215854645
gaze_only,Gaze x/y nodes with temporal and spatial graph relations.,multiclass_table6_valence_3class,Table-6 Valence,subject_kfold,HeteroGCNMLP,HeteroGCN-MLP,HeteroGCNMLP,results/quick_v1_v2_comparison/2026-06-12_16-29-08/model_runs/gaze_only/2026-06-12_16-29-11,results/quick_v1_v2_comparison/2026-06-12_16-29-08/model_runs/gaze_only/2026-06-12_16-29-11/multiclass_table6_valence_3class_emotion-elicitation_2026-06-12_16-30-20,results/quick_v1_v2_comparison/2026-06-12_16-29-08/model_runs/gaze_only/2026-06-12_16-29-11/multiclass_table6_valence_3class_emotion-elicitation_2026-06-12_16-30-20/subject_kfold/fold_metrics.csv,HeteroGCNMLP,skf_4_P10_P16_P5,aggregated,0.7021696252465484,0.7021942110177404,0.7021942110177404,0.7021942110177404,0.7021696252465484,0.7329442888266418,0.7022187967889325,0.7021696252465484,0.7021696252465484,0.7329442888266418,0.6194885671138763
gaze_only,Gaze x/y nodes with temporal and spatial graph relations.,multiclass_table6_valence_3class,Table-6 Valence,subject_kfold,HeteroGCNMLP,HeteroGCN-MLP,HeteroGCNMLP,results/quick_v1_v2_comparison/2026-06-12_16-29-08/model_runs/gaze_only/2026-06-12_16-29-11,results/quick_v1_v2_comparison/2026-06-12_16-29-08/model_runs/gaze_only/2026-06-12_16-29-11/multiclass_table6_valence_3class_emotion-elicitation_2026-06-12_16-30-20,results/quick_v1_v2_comparison/2026-06-12_16-29-08/model_runs/gaze_only/2026-06-12_16-29-11/multiclass_table6_valence_3class_emotion-elicitation_2026-06-12_16-30-20/subject_kfold/fold_metrics.csv,HeteroGCNMLP,skf_5_P21_P23_P24,aggregated,0.6966292134831461,0.6967294768004715,0.6966963596829627,0.6967294768004715,0.696624957917181,0.7694218006818851,0.6968306520825962,0.6966292134831461,0.6966419801810413,0.7694218006818851,0.6177374919255575
gaze_only,Gaze x/y nodes with temporal and spatial graph relations.,multiclass_table6_valence_3class,Table-6 Valence,subject_kfold,HeteroGCNMLP,HeteroGCN-MLP,HeteroGCNMLP,results/quick_v1_v2_comparison/2026-06-12_16-29-08/model_runs/gaze_only/2026-06-12_16-29-11,results/quick_v1_v2_comparison/2026-06-12_16-29-08/model_runs/gaze_only/2026-06-12_16-29-11/multiclass_table6_valence_3class_emotion-elicitation_2026-06-12_16-30-20,results/quick_v1_v2_comparison/2026-06-12_16-29-08/model_runs/gaze_only/2026-06-12_16-29-11/multiclass_table6_valence_3class_emotion-elicitation_2026-06-12_16-30-20/subject_kfold/fold_metrics.csv,HeteroGCNMLP,skf_6_P18_P29_P7,aggregated,0.6190476190476191,0.6387918994413408,0.6303458631044838,0.6387918994413408,0.6160041479433114,0.6961004116436342,0.6665581837995632,0.6190476190476191,0.6248514476651358,0.6961004116436342,0.6408281624317169
gaze_only,Gaze x/y nodes with temporal and spatial graph relations.,multiclass_table6_valence_3class,Table-6 Valence,subject_kfold,HeteroGCNMLPWeights,HeteroGCN-MLP-w,HeteroGCNMLPWeights,results/quick_v1_v2_comparison/2026-06-12_16-29-08/model_runs/gaze_only/2026-06-12_16-29-11,results/quick_v1_v2_comparison/2026-06-12_16-29-08/model_runs/gaze_only/2026-06-12_16-29-11/multiclass_table6_valence_3class_emotion-elicitation_2026-06-12_16-30-20,results/quick_v1_v2_comparison/2026-06-12_16-29-08/model_runs/gaze_only/2026-06-12_16-29-11/multiclass_table6_valence_3class_emotion-elicitation_2026-06-12_16-30-20/subject_kfold/fold_metrics.csv,HeteroGCNMLPWeights,skf_0_P1_P14_P2_P27,aggregated,0.6573033707865169,0.6620293887488045,0.6692538250035092,0.6620293887488045,0.6548523474999206,0.7409000007904452,0.6716439158469076,0.6573033707865169,0.6536268358566224,0.7409000007904452,0.6132473746935526
gaze_only,Gaze x/y nodes with temporal and spatial graph relations.,multiclass_table6_valence_3class,Table-6 Valence,subject_kfold,HeteroGCNMLPWeights,HeteroGCN-MLP-w,HeteroGCNMLPWeights,results/quick_v1_v2_comparison/2026-06-12_16-29-08/model_runs/gaze_only/2026-06-12_16-29-11,results/quick_v1_v2_comparison/2026-06-12_16-29-08/model_runs/gaze_only/2026-06-12_16-29-11/multiclass_table6_valence_3class_emotion-elicitation_2026-06-12_16-30-20,results/quick_v1_v2_comparison/2026-06-12_16-29-08/model_runs/gaze_only/2026-06-12_16-29-11/multiclass_table6_valence_3class_emotion-elicitation_2026-06-12_16-30-20/subject_kfold/fold_metrics.csv,HeteroGCNMLPWeights,skf_1_P17_P20_P8,aggregated,0.6138996138996139,0.6107377538829152,0.6133792048929664,0.6107377538829152,0.6099691288306603,0.6484617682198328,0.6135188268215792,0.6138996138996139,0.6116320263598329,0.6484617682198328,0.6078752477963766
gaze_only,Gaze x/y nodes with temporal and spatial graph relations.,multiclass_table6_valence_3class,Table-6 Valence,subject_kfold,HeteroGCNMLPWeights,HeteroGCN-MLP-w,HeteroGCNMLPWeights,results/quick_v1_v2_comparison/2026-06-12_16-29-08/model_runs/gaze_only/2026-06-12_16-29-11,results/quick_v1_v2_comparison/2026-06-12_16-29-08/model_runs/gaze_only/2026-06-12_16-29-11/multiclass_table6_valence_3class_emotion-elicitation_2026-06-12_16-30-20,results/quick_v1_v2_comparison/2026-06-12_16-29-08/model_runs/gaze_only/2026-06-12_16-29-11/multiclass_table6_valence_3class_emotion-elicitation_2026-06-12_16-30-20/subject_kfold/fold_metrics.csv,HeteroGCNMLPWeights,skf_2_P13_P28_P30,aggregated,0.694672131147541,0.694672131147541,0.6970853809920587,0.694672131147541,0.69373459975149,0.7455657081429723,0.6970853809920587,0.694672131147541,0.6937345997514899,0.7455657081429723,0.599907785654068
gaze_only,Gaze x/y nodes with temporal and spatial graph relations.,multiclass_table6_valence_3class,Table-6 Valence,subject_kfold,HeteroGCNMLPWeights,HeteroGCN-MLP-w,HeteroGCNMLPWeights,results/quick_v1_v2_comparison/2026-06-12_16-29-08/model_runs/gaze_only/2026-06-12_16-29-11,results/quick_v1_v2_comparison/2026-06-12_16-29-08/model_runs/gaze_only/2026-06-12_16-29-11/multiclass_table6_valence_3class_emotion-elicitation_2026-06-12_16-30-20,results/quick_v1_v2_comparison/2026-06-12_16-29-08/model_runs/gaze_only/2026-06-12_16-29-11/multiclass_table6_valence_3class_emotion-elicitation_2026-06-12_16-30-20/subject_kfold/fold_metrics.csv,HeteroGCNMLPWeights,skf_3_P19_P22_P4,aggregated,0.5665961945031712,0.569376877951066,0.5757025761124122,0.569376877951066,0.5585135202815606,0.6130347689225927,0.5763008055611943,0.5665961945031712,0.5573768942191466,0.6130347689225927,0.6793739199638367
gaze_only,Gaze x/y nodes with temporal and spatial graph relations.,multiclass_table6_valence_3class,Table-6 Valence,subject_kfold,HeteroGCNMLPWeights,HeteroGCN-MLP-w,HeteroGCNMLPWeights,results/quick_v1_v2_comparison/2026-06-12_16-29-08/model_runs/gaze_only/2026-06-12_16-29-11,results/quick_v1_v2_comparison/2026-06-12_16-29-08/model_runs/gaze_only/2026-06-12_16-29-11/multiclass_table6_valence_3class_emotion-elicitation_2026-06-12_16-30-20,results/quick_v1_v2_comparison/2026-06-12_16-29-08/model_runs/gaze_only/2026-06-12_16-29-11/multiclass_table6_valence_3class_emotion-elicitation_2026-06-12_16-30-20/subject_kfold/fold_metrics.csv,HeteroGCNMLPWeights,skf_4_P10_P16_P5,aggregated,0.6607495069033531,0.661297852474323,0.6669082125603865,0.661297852474323,0.6580557124035384,0.732103952692188,0.6671068804848069,0.6607495069033531,0.6578761261035507,0.7321039526921881,0.6299770176410675
gaze_only,Gaze x/y nodes with temporal and spatial graph relations.,multiclass_table6_valence_3class,Table-6 Valence,subject_kfold,HeteroGCNMLPWeights,HeteroGCN-MLP-w,HeteroGCNMLPWeights,results/quick_v1_v2_comparison/2026-06-12_16-29-08/model_runs/gaze_only/2026-06-12_16-29-11,results/quick_v1_v2_comparison/2026-06-12_16-29-08/model_runs/gaze_only/2026-06-12_16-29-11/multiclass_table6_valence_3class_emotion-elicitation_2026-06-12_16-30-20,results/quick_v1_v2_comparison/2026-06-12_16-29-08/model_runs/gaze_only/2026-06-12_16-29-11/multiclass_table6_valence_3class_emotion-elicitation_2026-06-12_16-30-20/subject_kfold/fold_metrics.csv,HeteroGCNMLPWeights,skf_5_P21_P23_P24,aggregated,0.702247191011236,0.7023767766194773,0.7023569023569023,0.7023767766194773,0.7022461468324245,0.769576136826007,0.7025031841511241,0.702247191011236,0.7022545002629164,0.7695761368260071,0.639317532380422
gaze_only,Gaze x/y nodes with temporal and spatial graph relations.,multiclass_table6_valence_3class,Table-6 Valence,subject_kfold,HeteroGCNMLPWeights,HeteroGCN-MLP-w,HeteroGCNMLPWeights,results/quick_v1_v2_comparison/2026-06-12_16-29-08/model_runs/gaze_only/2026-06-12_16-29-11,results/quick_v1_v2_comparison/2026-06-12_16-29-08/model_runs/gaze_only/2026-06-12_16-29-11/multiclass_table6_valence_3class_emotion-elicitation_2026-06-12_16-30-20,results/quick_v1_v2_comparison/2026-06-12_16-29-08/model_runs/gaze_only/2026-06-12_16-29-11/multiclass_table6_valence_3class_emotion-elicitation_2026-06-12_16-30-20/subject_kfold/fold_metrics.csv,HeteroGCNMLPWeights,skf_6_P18_P29_P7,aggregated,0.6066252587991718,0.6185864451631873,0.6107506950880445,0.6185864451631873,0.6014574575270124,0.6729087033225523,0.6451293308286499,0.6066252587991718,0.6132024604182839,0.6729087033225521,0.6554751694202423
gaze_pupil,Gaze x/y plus pupil nodes with temporal and spatial graph relations.,multiclass_table6_valence_3class,Table-6 Valence,subject_kfold,Random,Naključni,Random,results/quick_v1_v2_comparison/2026-06-12_16-29-08/model_runs/gaze_pupil/2026-06-12_17-31-09,results/quick_v1_v2_comparison/2026-06-12_16-29-08/model_runs/gaze_pupil/2026-06-12_17-31-09/multiclass_table6_valence_3class_emotion-elicitation_2026-06-12_17-32-28,results/quick_v1_v2_comparison/2026-06-12_16-29-08/model_runs/gaze_pupil/2026-06-12_17-31-09/multiclass_table6_valence_3class_emotion-elicitation_2026-06-12_17-32-28/subject_kfold/fold_metrics.csv,Random,skf_0_P1_P14_P2_P27,aggregated,0.5280898876404494,0.5283176956944455,0.5282694295611827,0.5283176956944455,0.5279558011049723,0.5283176956944455,0.529167139164849,0.5280898876404494,0.528291017443665,0.5283176956944454,17.00936452070697
gaze_pupil,Gaze x/y plus pupil nodes with temporal and spatial graph relations.,multiclass_table6_valence_3class,Table-6 Valence,subject_kfold,Random,Naključni,Random,results/quick_v1_v2_comparison/2026-06-12_16-29-08/model_runs/gaze_pupil/2026-06-12_17-31-09,results/quick_v1_v2_comparison/2026-06-12_16-29-08/model_runs/gaze_pupil/2026-06-12_17-31-09/multiclass_table6_valence_3class_emotion-elicitation_2026-06-12_17-32-28,results/quick_v1_v2_comparison/2026-06-12_16-29-08/model_runs/gaze_pupil/2026-06-12_17-31-09/multiclass_table6_valence_3class_emotion-elicitation_2026-06-12_17-32-28/subject_kfold/fold_metrics.csv,Random,skf_1_P17_P20_P8,aggregated,0.4824902723735408,0.482127698277953,0.4821428571428571,0.482127698277953,0.4821060606060606,0.4821276982779529,0.4827682045580879,0.4824902723735408,0.4826000471642495,0.4821276982779529,18.652941248064515
gaze_pupil,Gaze x/y plus pupil nodes with temporal and spatial graph relations.,multiclass_table6_valence_3class,Table-6 Valence,subject_kfold,Random,Naključni,Random,results/quick_v1_v2_comparison/2026-06-12_16-29-08/model_runs/gaze_pupil/2026-06-12_17-31-09,results/quick_v1_v2_comparison/2026-06-12_16-29-08/model_runs/gaze_pupil/2026-06-12_17-31-09/multiclass_table6_valence_3class_emotion-elicitation_2026-06-12_17-32-28,results/quick_v1_v2_comparison/2026-06-12_16-29-08/model_runs/gaze_pupil/2026-06-12_17-31-09/multiclass_table6_valence_3class_emotion-elicitation_2026-06-12_17-32-28/subject_kfold/fold_metrics.csv,Random,skf_2_P13_P28_P30,aggregated,0.4969199178644763,0.4968882817243473,0.4968853399959484,0.4968882817243473,0.4967841251766095,0.4968882817243473,0.4968876451871836,0.4969199178644763,0.4968010992625928,0.4968882817243472,18.1328441074614
gaze_pupil,Gaze x/y plus pupil nodes with temporal and spatial graph relations.,multiclass_table6_valence_3class,Table-6 Valence,subject_kfold,Random,Naključni,Random,results/quick_v1_v2_comparison/2026-06-12_16-29-08/model_runs/gaze_pupil/2026-06-12_17-31-09,results/quick_v1_v2_comparison/2026-06-12_16-29-08/model_runs/gaze_pupil/2026-06-12_17-31-09/multiclass_table6_valence_3class_emotion-elicitation_2026-06-12_17-32-28,results/quick_v1_v2_comparison/2026-06-12_16-29-08/model_runs/gaze_pupil/2026-06-12_17-31-09/multiclass_table6_valence_3class_emotion-elicitation_2026-06-12_17-32-28/subject_kfold/fold_metrics.csv,Random,skf_3_P19_P22_P4,aggregated,0.488272921108742,0.4887075052777171,0.488704627371027,0.4887075052777171,0.4882705946535733,0.4887075052777171,0.4890787727983408,0.488272921108742,0.4882403507363812,0.488707505277717,18.44451346138191
gaze_pupil,Gaze x/y plus pupil nodes with temporal and spatial graph relations.,multiclass_table6_valence_3class,Table-6 Valence,subject_kfold,Random,Naključni,Random,results/quick_v1_v2_comparison/2026-06-12_16-29-08/model_runs/gaze_pupil/2026-06-12_17-31-09,results/quick_v1_v2_comparison/2026-06-12_16-29-08/model_runs/gaze_pupil/2026-06-12_17-31-09/multiclass_table6_valence_3class_emotion-elicitation_2026-06-12_17-32-28,results/quick_v1_v2_comparison/2026-06-12_16-29-08/model_runs/gaze_pupil/2026-06-12_17-31-09/multiclass_table6_valence_3class_emotion-elicitation_2026-06-12_17-32-28/subject_kfold/fold_metrics.csv,Random,skf_4_P10_P16_P5,aggregated,0.4950690335305719,0.4950046685340803,0.4950024909702329,0.4950046685340803,0.4949727626459144,0.4950046685340802,0.4950206389412345,0.4950690335305719,0.4950140215964819,0.4950046685340802,18.199556740856
gaze_pupil,Gaze x/y plus pupil nodes with temporal and spatial graph relations.,multiclass_table6_valence_3class,Table-6 Valence,subject_kfold,Random,Naključni,Random,results/quick_v1_v2_comparison/2026-06-12_16-29-08/model_runs/gaze_pupil/2026-06-12_17-31-09,results/quick_v1_v2_comparison/2026-06-12_16-29-08/model_runs/gaze_pupil/2026-06-12_17-31-09/multiclass_table6_valence_3class_emotion-elicitation_2026-06-12_17-32-28,results/quick_v1_v2_comparison/2026-06-12_16-29-08/model_runs/gaze_pupil/2026-06-12_17-31-09/multiclass_table6_valence_3class_emotion-elicitation_2026-06-12_17-32-28/subject_kfold/fold_metrics.csv,Random,skf_5_P21_P23_P24,aggregated,0.5300970873786408,0.5302975436055284,0.5302929728751169,0.5302975436055284,0.5300953156577082,0.5302975436055284,0.5305323884819211,0.5300970873786408,0.5301148045879667,0.5302975436055284,16.93701770906087
gaze_pupil,Gaze x/y plus pupil nodes with temporal and spatial graph relations.,multiclass_table6_valence_3class,Table-6 Valence,subject_kfold,Random,Naključni,Random,results/quick_v1_v2_comparison/2026-06-12_16-29-08/model_runs/gaze_pupil/2026-06-12_17-31-09,results/quick_v1_v2_comparison/2026-06-12_16-29-08/model_runs/gaze_pupil/2026-06-12_17-31-09/multiclass_table6_valence_3class_emotion-elicitation_2026-06-12_17-32-28,results/quick_v1_v2_comparison/2026-06-12_16-29-08/model_runs/gaze_pupil/2026-06-12_17-31-09/multiclass_table6_valence_3class_emotion-elicitation_2026-06-12_17-32-28/subject_kfold/fold_metrics.csv,Random,skf_6_P18_P29_P7,aggregated,0.5322245322245323,0.530781752932036,0.5287899235267657,0.530781752932036,0.5226848727821221,0.530781752932036,0.5612866058210187,0.5322245322245323,0.5399404332441287,0.5307817529320359,16.860336824431098
gaze_pupil,Gaze x/y plus pupil nodes with temporal and spatial graph relations.,multiclass_table6_valence_3class,Table-6 Valence,subject_kfold,Majority,Večinski,Majority,results/quick_v1_v2_comparison/2026-06-12_16-29-08/model_runs/gaze_pupil/2026-06-12_17-31-09,results/quick_v1_v2_comparison/2026-06-12_16-29-08/model_runs/gaze_pupil/2026-06-12_17-31-09/multiclass_table6_valence_3class_emotion-elicitation_2026-06-12_17-32-28,results/quick_v1_v2_comparison/2026-06-12_16-29-08/model_runs/gaze_pupil/2026-06-12_17-31-09/multiclass_table6_valence_3class_emotion-elicitation_2026-06-12_17-32-28/subject_kfold/fold_metrics.csv,Majority,skf_0_P1_P14_P2_P27,aggregated,0.5210674157303371,0.5,0.2605337078651685,0.5,0.3425669436749769,0.5,0.2715112517358919,0.5210674157303371,0.3570009441107203,0.5,17.26248006416987
gaze_pupil,Gaze x/y plus pupil nodes with temporal and spatial graph relations.,multiclass_table6_valence_3class,Table-6 Valence,subject_kfold,Majority,Večinski,Majority,results/quick_v1_v2_comparison/2026-06-12_16-29-08/model_runs/gaze_pupil/2026-06-12_17-31-09,results/quick_v1_v2_comparison/2026-06-12_16-29-08/model_runs/gaze_pupil/2026-06-12_17-31-09/multiclass_table6_valence_3class_emotion-elicitation_2026-06-12_17-32-28,results/quick_v1_v2_comparison/2026-06-12_16-29-08/model_runs/gaze_pupil/2026-06-12_17-31-09/multiclass_table6_valence_3class_emotion-elicitation_2026-06-12_17-32-28/subject_kfold/fold_metrics.csv,Majority,skf_1_P17_P20_P8,aggregated,0.5175097276264592,0.5,0.2587548638132296,0.5,0.341025641025641,0.5,0.2678163181880119,0.5175097276264592,0.3529681732016362,0.5,17.390712141052628
gaze_pupil,Gaze x/y plus pupil nodes with temporal and spatial graph relations.,multiclass_table6_valence_3class,Table-6 Valence,subject_kfold,Majority,Večinski,Majority,results/quick_v1_v2_comparison/2026-06-12_16-29-08/model_runs/gaze_pupil/2026-06-12_17-31-09,results/quick_v1_v2_comparison/2026-06-12_16-29-08/model_runs/gaze_pupil/2026-06-12_17-31-09/multiclass_table6_valence_3class_emotion-elicitation_2026-06-12_17-32-28,results/quick_v1_v2_comparison/2026-06-12_16-29-08/model_runs/gaze_pupil/2026-06-12_17-31-09/multiclass_table6_valence_3class_emotion-elicitation_2026-06-12_17-32-28/subject_kfold/fold_metrics.csv,Majority,skf_2_P13_P28_P30,aggregated,0.5010266940451745,0.5,0.2505133470225872,0.5,0.3337893296853625,0.5,0.2510277481458369,0.5010266940451745,0.334474728719624,0.5,17.984820890257627
gaze_pupil,Gaze x/y plus pupil nodes with temporal and spatial graph relations.,multiclass_table6_valence_3class,Table-6 Valence,subject_kfold,Majority,Večinski,Majority,results/quick_v1_v2_comparison/2026-06-12_16-29-08/model_runs/gaze_pupil/2026-06-12_17-31-09,results/quick_v1_v2_comparison/2026-06-12_16-29-08/model_runs/gaze_pupil/2026-06-12_17-31-09/multiclass_table6_valence_3class_emotion-elicitation_2026-06-12_17-32-28,results/quick_v1_v2_comparison/2026-06-12_16-29-08/model_runs/gaze_pupil/2026-06-12_17-31-09/multiclass_table6_valence_3class_emotion-elicitation_2026-06-12_17-32-28/subject_kfold/fold_metrics.csv,Majority,skf_3_P19_P22_P4,aggregated,0.4861407249466951,0.5,0.2430703624733475,0.5,0.3271162123385939,0.5,0.2363328044516982,0.4861407249466951,0.3180490252162022,0.5,18.52136560080433
gaze_pupil,Gaze x/y plus pupil nodes with temporal and spatial graph relations.,multiclass_table6_valence_3class,Table-6 Valence,subject_kfold,Majority,Večinski,Majority,results/quick_v1_v2_comparison/2026-06-12_16-29-08/model_runs/gaze_pupil/2026-06-12_17-31-09,results/quick_v1_v2_comparison/2026-06-12_16-29-08/model_runs/gaze_pupil/2026-06-12_17-31-09/multiclass_table6_valence_3class_emotion-elicitation_2026-06-12_17-32-28,results/quick_v1_v2_comparison/2026-06-12_16-29-08/model_runs/gaze_pupil/2026-06-12_17-31-09/multiclass_table6_valence_3class_emotion-elicitation_2026-06-12_17-32-28/subject_kfold/fold_metrics.csv,Majority,skf_4_P10_P16_P5,aggregated,0.5029585798816568,0.5,0.2514792899408284,0.5,0.3346456692913386,0.5,0.2529673330765729,0.5029585798816568,0.3366258211806365,0.5,17.91518866678012
gaze_pupil,Gaze x/y plus pupil nodes with temporal and spatial graph relations.,multiclass_table6_valence_3class,Table-6 Valence,subject_kfold,Majority,Večinski,Majority,results/quick_v1_v2_comparison/2026-06-12_16-29-08/model_runs/gaze_pupil/2026-06-12_17-31-09,results/quick_v1_v2_comparison/2026-06-12_16-29-08/model_runs/gaze_pupil/2026-06-12_17-31-09/multiclass_table6_valence_3class_emotion-elicitation_2026-06-12_17-32-28,results/quick_v1_v2_comparison/2026-06-12_16-29-08/model_runs/gaze_pupil/2026-06-12_17-31-09/multiclass_table6_valence_3class_emotion-elicitation_2026-06-12_17-32-28/subject_kfold/fold_metrics.csv,Majority,skf_5_P21_P23_P24,aggregated,0.4893203883495146,0.5,0.2446601941747573,0.5,0.3285528031290743,0.5,0.2394344424545197,0.4893203883495146,0.3215351704408805,0.5,18.406758915219047
gaze_pupil,Gaze x/y plus pupil nodes with temporal and spatial graph relations.,multiclass_table6_valence_3class,Table-6 Valence,subject_kfold,Majority,Večinski,Majority,results/quick_v1_v2_comparison/2026-06-12_16-29-08/model_runs/gaze_pupil/2026-06-12_17-31-09,results/quick_v1_v2_comparison/2026-06-12_16-29-08/model_runs/gaze_pupil/2026-06-12_17-31-09/multiclass_table6_valence_3class_emotion-elicitation_2026-06-12_17-32-28,results/quick_v1_v2_comparison/2026-06-12_16-29-08/model_runs/gaze_pupil/2026-06-12_17-31-09/multiclass_table6_valence_3class_emotion-elicitation_2026-06-12_17-32-28/subject_kfold/fold_metrics.csv,Majority,skf_6_P18_P29_P7,aggregated,0.6278586278586279,0.5,0.3139293139293139,0.5,0.3856960408684546,0.5,0.3942064565765189,0.6278586278586279,0.4843251739803464,0.5,13.413334629214074
gaze_pupil,Gaze x/y plus pupil nodes with temporal and spatial graph relations.,multiclass_table6_valence_3class,Table-6 Valence,subject_kfold,SVM,SVM,SVM,results/quick_v1_v2_comparison/2026-06-12_16-29-08/model_runs/gaze_pupil/2026-06-12_17-31-09,results/quick_v1_v2_comparison/2026-06-12_16-29-08/model_runs/gaze_pupil/2026-06-12_17-31-09/multiclass_table6_valence_3class_emotion-elicitation_2026-06-12_17-32-28,results/quick_v1_v2_comparison/2026-06-12_16-29-08/model_runs/gaze_pupil/2026-06-12_17-31-09/multiclass_table6_valence_3class_emotion-elicitation_2026-06-12_17-32-28/subject_kfold/fold_metrics.csv,SVM,skf_0_P1_P14_P2_P27,aggregated,0.6952247191011236,0.7025673656836164,0.7271655497642094,0.7025673656836164,0.6887102461039418,0.793954675877987,0.7312258248485,0.6952247191011236,0.6868128267843744,0.793954675877987,0.5878291360340099
gaze_pupil,Gaze x/y plus pupil nodes with temporal and spatial graph relations.,multiclass_table6_valence_3class,Table-6 Valence,subject_kfold,SVM,SVM,SVM,results/quick_v1_v2_comparison/2026-06-12_16-29-08/model_runs/gaze_pupil/2026-06-12_17-31-09,results/quick_v1_v2_comparison/2026-06-12_16-29-08/model_runs/gaze_pupil/2026-06-12_17-31-09/multiclass_table6_valence_3class_emotion-elicitation_2026-06-12_17-32-28,results/quick_v1_v2_comparison/2026-06-12_16-29-08/model_runs/gaze_pupil/2026-06-12_17-31-09/multiclass_table6_valence_3class_emotion-elicitation_2026-06-12_17-32-28/subject_kfold/fold_metrics.csv,SVM,skf_1_P17_P20_P8,aggregated,0.7431906614785992,0.7382367208343439,0.7614105123087158,0.7382367208343439,0.7357943925233645,0.797962648556876,0.7592809193545463,0.7431906614785992,0.7373424488163206,0.7979626485568762,0.5562347890860584
gaze_pupil,Gaze x/y plus pupil nodes with temporal and spatial graph relations.,multiclass_table6_valence_3class,Table-6 Valence,subject_kfold,SVM,SVM,SVM,results/quick_v1_v2_comparison/2026-06-12_16-29-08/model_runs/gaze_pupil/2026-06-12_17-31-09,results/quick_v1_v2_comparison/2026-06-12_16-29-08/model_runs/gaze_pupil/2026-06-12_17-31-09/multiclass_table6_valence_3class_emotion-elicitation_2026-06-12_17-32-28,results/quick_v1_v2_comparison/2026-06-12_16-29-08/model_runs/gaze_pupil/2026-06-12_17-31-09/multiclass_table6_valence_3class_emotion-elicitation_2026-06-12_17-32-28/subject_kfold/fold_metrics.csv,SVM,skf_2_P13_P28_P30,aggregated,0.704312114989733,0.7045554206301019,0.7166345157718002,0.7045554206301019,0.7002051983584132,0.7834277811509143,0.7167416670829486,0.704312114989733,0.7001331471894426,0.7834277811509142,0.5799700969613251
gaze_pupil,Gaze x/y plus pupil nodes with temporal and spatial graph relations.,multiclass_table6_valence_3class,Table-6 Valence,subject_kfold,SVM,SVM,SVM,results/quick_v1_v2_comparison/2026-06-12_16-29-08/model_runs/gaze_pupil/2026-06-12_17-31-09,results/quick_v1_v2_comparison/2026-06-12_16-29-08/model_runs/gaze_pupil/2026-06-12_17-31-09/multiclass_table6_valence_3class_emotion-elicitation_2026-06-12_17-32-28,results/quick_v1_v2_comparison/2026-06-12_16-29-08/model_runs/gaze_pupil/2026-06-12_17-31-09/multiclass_table6_valence_3class_emotion-elicitation_2026-06-12_17-32-28/subject_kfold/fold_metrics.csv,SVM,skf_3_P19_P22_P4,aggregated,0.7121535181236673,0.7134108611778409,0.7145824183867662,0.7134108611778409,0.7119649526651715,0.7712109630923782,0.7154358157765037,0.7121535181236673,0.7117606734184677,0.7712109630923781,0.5817812066152248
gaze_pupil,Gaze x/y plus pupil nodes with temporal and spatial graph relations.,multiclass_table6_valence_3class,Table-6 Valence,subject_kfold,SVM,SVM,SVM,results/quick_v1_v2_comparison/2026-06-12_16-29-08/model_runs/gaze_pupil/2026-06-12_17-31-09,results/quick_v1_v2_comparison/2026-06-12_16-29-08/model_runs/gaze_pupil/2026-06-12_17-31-09/multiclass_table6_valence_3class_emotion-elicitation_2026-06-12_17-32-28,results/quick_v1_v2_comparison/2026-06-12_16-29-08/model_runs/gaze_pupil/2026-06-12_17-31-09/multiclass_table6_valence_3class_emotion-elicitation_2026-06-12_17-32-28/subject_kfold/fold_metrics.csv,SVM,skf_4_P10_P16_P5,aggregated,0.7159763313609467,0.7158029878618114,0.7166052294523757,0.7158029878618114,0.7156566443371242,0.7915499533146592,0.7165443683467535,0.7159763313609467,0.7157130596942693,0.7915499533146592,0.554191642777783
gaze_pupil,Gaze x/y plus pupil nodes with temporal and spatial graph relations.,multiclass_table6_valence_3class,Table-6 Valence,subject_kfold,SVM,SVM,SVM,results/quick_v1_v2_comparison/2026-06-12_16-29-08/model_runs/gaze_pupil/2026-06-12_17-31-09,results/quick_v1_v2_comparison/2026-06-12_16-29-08/model_runs/gaze_pupil/2026-06-12_17-31-09/multiclass_table6_valence_3class_emotion-elicitation_2026-06-12_17-32-28,results/quick_v1_v2_comparison/2026-06-12_16-29-08/model_runs/gaze_pupil/2026-06-12_17-31-09/multiclass_table6_valence_3class_emotion-elicitation_2026-06-12_17-32-28/subject_kfold/fold_metrics.csv,SVM,skf_5_P21_P23_P24,aggregated,0.6485436893203883,0.6537358923290483,0.699573001136052,0.6537358923290483,0.6290703180647909,0.7436326875490373,0.701845561581284,0.6485436893203883,0.6272550037952013,0.7436326875490374,0.660439788471005
gaze_pupil,Gaze x/y plus pupil nodes with temporal and spatial graph relations.,multiclass_table6_valence_3class,Table-6 Valence,subject_kfold,SVM,SVM,SVM,results/quick_v1_v2_comparison/2026-06-12_16-29-08/model_runs/gaze_pupil/2026-06-12_17-31-09,results/quick_v1_v2_comparison/2026-06-12_16-29-08/model_runs/gaze_pupil/2026-06-12_17-31-09/multiclass_table6_valence_3class_emotion-elicitation_2026-06-12_17-32-28,results/quick_v1_v2_comparison/2026-06-12_16-29-08/model_runs/gaze_pupil/2026-06-12_17-31-09/multiclass_table6_valence_3class_emotion-elicitation_2026-06-12_17-32-28/subject_kfold/fold_metrics.csv,SVM,skf_6_P18_P29_P7,aggregated,0.7172557172557172,0.6929224166635836,0.6967364648179588,0.6929224166635836,0.6946031746031747,0.7832143253542492,0.714893788917558,0.7172557172557172,0.7158723558723559,0.7832143253542491,0.5480878546208882
gaze_pupil,Gaze x/y plus pupil nodes with temporal and spatial graph relations.,multiclass_table6_valence_3class,Table-6 Valence,subject_kfold,LightGBM,LightGBM,LightGBM,results/quick_v1_v2_comparison/2026-06-12_16-29-08/model_runs/gaze_pupil/2026-06-12_17-31-09,results/quick_v1_v2_comparison/2026-06-12_16-29-08/model_runs/gaze_pupil/2026-06-12_17-31-09/multiclass_table6_valence_3class_emotion-elicitation_2026-06-12_17-32-28,results/quick_v1_v2_comparison/2026-06-12_16-29-08/model_runs/gaze_pupil/2026-06-12_17-31-09/multiclass_table6_valence_3class_emotion-elicitation_2026-06-12_17-32-28/subject_kfold/fold_metrics.csv,LightGBM,skf_0_P1_P14_P2_P27,aggregated,0.6811797752808989,0.6899202440894467,0.7254532147280712,0.6899202440894467,0.6707028106312969,0.8060010591964335,0.7301299865006599,0.6811797752808989,0.6682279370920209,0.8060010591964335,0.585972243095969
gaze_pupil,Gaze x/y plus pupil nodes with temporal and spatial graph relations.,multiclass_table6_valence_3class,Table-6 Valence,subject_kfold,LightGBM,LightGBM,LightGBM,results/quick_v1_v2_comparison/2026-06-12_16-29-08/model_runs/gaze_pupil/2026-06-12_17-31-09,results/quick_v1_v2_comparison/2026-06-12_16-29-08/model_runs/gaze_pupil/2026-06-12_17-31-09/multiclass_table6_valence_3class_emotion-elicitation_2026-06-12_17-32-28,results/quick_v1_v2_comparison/2026-06-12_16-29-08/model_runs/gaze_pupil/2026-06-12_17-31-09/multiclass_table6_valence_3class_emotion-elicitation_2026-06-12_17-32-28/subject_kfold/fold_metrics.csv,LightGBM,skf_1_P17_P20_P8,aggregated,0.72568093385214,0.7205008488964346,0.7438599138292343,0.7205008488964346,0.7172022241732514,0.8082555178268251,0.7418147785818113,0.72568093385214,0.7189170193892064,0.808255517826825,0.5561082498891152
gaze_pupil,Gaze x/y plus pupil nodes with temporal and spatial graph relations.,multiclass_table6_valence_3class,Table-6 Valence,subject_kfold,LightGBM,LightGBM,LightGBM,results/quick_v1_v2_comparison/2026-06-12_16-29-08/model_runs/gaze_pupil/2026-06-12_17-31-09,results/quick_v1_v2_comparison/2026-06-12_16-29-08/model_runs/gaze_pupil/2026-06-12_17-31-09/multiclass_table6_valence_3class_emotion-elicitation_2026-06-12_17-32-28,results/quick_v1_v2_comparison/2026-06-12_16-29-08/model_runs/gaze_pupil/2026-06-12_17-31-09/multiclass_table6_valence_3class_emotion-elicitation_2026-06-12_17-32-28/subject_kfold/fold_metrics.csv,LightGBM,skf_2_P13_P28_P30,aggregated,0.6878850102669405,0.6880692167577414,0.6942682926829269,0.6880692167577414,0.6854326024137345,0.783427781150914,0.6943416637451795,0.6878850102669405,0.6853755696729623,0.7834277811509142,0.5661110225978541
gaze_pupil,Gaze x/y plus pupil nodes with temporal and spatial graph relations.,multiclass_table6_valence_3class,Table-6 Valence,subject_kfold,LightGBM,LightGBM,LightGBM,results/quick_v1_v2_comparison/2026-06-12_16-29-08/model_runs/gaze_pupil/2026-06-12_17-31-09,results/quick_v1_v2_comparison/2026-06-12_16-29-08/model_runs/gaze_pupil/2026-06-12_17-31-09/multiclass_table6_valence_3class_emotion-elicitation_2026-06-12_17-32-28,results/quick_v1_v2_comparison/2026-06-12_16-29-08/model_runs/gaze_pupil/2026-06-12_17-31-09/multiclass_table6_valence_3class_emotion-elicitation_2026-06-12_17-32-28/subject_kfold/fold_metrics.csv,LightGBM,skf_3_P19_P22_P4,aggregated,0.7036247334754797,0.7045206376938196,0.7049458365247838,0.7045206376938196,0.7035762191656246,0.7740955084807454,0.705632810110422,0.7036247334754797,0.7034711048276052,0.7740955084807454,0.5782841101091699
gaze_pupil,Gaze x/y plus pupil nodes with temporal and spatial graph relations.,multiclass_table6_valence_3class,Table-6 Valence,subject_kfold,LightGBM,LightGBM,LightGBM,results/quick_v1_v2_comparison/2026-06-12_16-29-08/model_runs/gaze_pupil/2026-06-12_17-31-09,results/quick_v1_v2_comparison/2026-06-12_16-29-08/model_runs/gaze_pupil/2026-06-12_17-31-09/multiclass_table6_valence_3class_emotion-elicitation_2026-06-12_17-32-28,results/quick_v1_v2_comparison/2026-06-12_16-29-08/model_runs/gaze_pupil/2026-06-12_17-31-09/multiclass_table6_valence_3class_emotion-elicitation_2026-06-12_17-32-28/subject_kfold/fold_metrics.csv,LightGBM,skf_4_P10_P16_P5,aggregated,0.717948717948718,0.7178804855275444,0.7180161943319838,0.7178804855275444,0.7178784753973968,0.7780112044817926,0.7180006228589225,0.717948717948718,0.7179048163541422,0.7780112044817926,0.5704561955088024
gaze_pupil,Gaze x/y plus pupil nodes with temporal and spatial graph relations.,multiclass_table6_valence_3class,Table-6 Valence,subject_kfold,LightGBM,LightGBM,LightGBM,results/quick_v1_v2_comparison/2026-06-12_16-29-08/model_runs/gaze_pupil/2026-06-12_17-31-09,results/quick_v1_v2_comparison/2026-06-12_16-29-08/model_runs/gaze_pupil/2026-06-12_17-31-09/multiclass_table6_valence_3class_emotion-elicitation_2026-06-12_17-32-28,results/quick_v1_v2_comparison/2026-06-12_16-29-08/model_runs/gaze_pupil/2026-06-12_17-31-09/multiclass_table6_valence_3class_emotion-elicitation_2026-06-12_17-32-28/subject_kfold/fold_metrics.csv,LightGBM,skf_5_P21_P23_P24,aggregated,0.6466019417475728,0.6515028064457722,0.6904084651268632,0.6515028064457722,0.6293850631069497,0.7410978333031565,0.6924765842563575,0.6466019417475728,0.6276788859443655,0.7410978333031565,0.6715076816686065
gaze_pupil,Gaze x/y plus pupil nodes with temporal and spatial graph relations.,multiclass_table6_valence_3class,Table-6 Valence,subject_kfold,LightGBM,LightGBM,LightGBM,results/quick_v1_v2_comparison/2026-06-12_16-29-08/model_runs/gaze_pupil/2026-06-12_17-31-09,results/quick_v1_v2_comparison/2026-06-12_16-29-08/model_runs/gaze_pupil/2026-06-12_17-31-09/multiclass_table6_valence_3class_emotion-elicitation_2026-06-12_17-32-28,results/quick_v1_v2_comparison/2026-06-12_16-29-08/model_runs/gaze_pupil/2026-06-12_17-31-09/multiclass_table6_valence_3class_emotion-elicitation_2026-06-12_17-32-28/subject_kfold/fold_metrics.csv,LightGBM,skf_6_P18_P29_P7,aggregated,0.7068607068607069,0.6960209404713456,0.6896974579305406,0.6960209404713456,0.6918977853492334,0.7851011876133043,0.7134174536430176,0.7068607068607069,0.7092604206880186,0.7851011876133042,0.5428622964004438
gaze_pupil,Gaze x/y plus pupil nodes with temporal and spatial graph relations.,multiclass_table6_valence_3class,Table-6 Valence,subject_kfold,MLP,MLP,MLP,results/quick_v1_v2_comparison/2026-06-12_16-29-08/model_runs/gaze_pupil/2026-06-12_17-31-09,results/quick_v1_v2_comparison/2026-06-12_16-29-08/model_runs/gaze_pupil/2026-06-12_17-31-09/multiclass_table6_valence_3class_emotion-elicitation_2026-06-12_17-32-28,results/quick_v1_v2_comparison/2026-06-12_16-29-08/model_runs/gaze_pupil/2026-06-12_17-31-09/multiclass_table6_valence_3class_emotion-elicitation_2026-06-12_17-32-28/subject_kfold/fold_metrics.csv,MLP,skf_0_P1_P14_P2_P27,aggregated,0.6601123595505618,0.6713645453755009,0.7343451049064436,0.6713645453755009,0.6395645589108953,0.8189564543794611,0.7403639761515151,0.6601123595505618,0.6359384764450716,0.8189564543794611,0.6238816891206506
gaze_pupil,Gaze x/y plus pupil nodes with temporal and spatial graph relations.,multiclass_table6_valence_3class,Table-6 Valence,subject_kfold,MLP,MLP,MLP,results/quick_v1_v2_comparison/2026-06-12_16-29-08/model_runs/gaze_pupil/2026-06-12_17-31-09,results/quick_v1_v2_comparison/2026-06-12_16-29-08/model_runs/gaze_pupil/2026-06-12_17-31-09/multiclass_table6_valence_3class_emotion-elicitation_2026-06-12_17-32-28,results/quick_v1_v2_comparison/2026-06-12_16-29-08/model_runs/gaze_pupil/2026-06-12_17-31-09/multiclass_table6_valence_3class_emotion-elicitation_2026-06-12_17-32-28/subject_kfold/fold_metrics.csv,MLP,skf_1_P17_P20_P8,aggregated,0.6731517509727627,0.664837496968227,0.7156512771696018,0.664837496968227,0.649317738791423,0.7641583798205192,0.7125913112834293,0.6731517509727627,0.6525193225172746,0.7641583798205192,0.6041051330672815
gaze_pupil,Gaze x/y plus pupil nodes with temporal and spatial graph relations.,multiclass_table6_valence_3class,Table-6 Valence,subject_kfold,MLP,MLP,MLP,results/quick_v1_v2_comparison/2026-06-12_16-29-08/model_runs/gaze_pupil/2026-06-12_17-31-09,results/quick_v1_v2_comparison/2026-06-12_16-29-08/model_runs/gaze_pupil/2026-06-12_17-31-09/multiclass_table6_valence_3class_emotion-elicitation_2026-06-12_17-32-28,results/quick_v1_v2_comparison/2026-06-12_16-29-08/model_runs/gaze_pupil/2026-06-12_17-31-09/multiclass_table6_valence_3class_emotion-elicitation_2026-06-12_17-32-28/subject_kfold/fold_metrics.csv,MLP,skf_2_P13_P28_P30,aggregated,0.6919917864476386,0.6921001146866357,0.6942293919034139,0.6921001146866357,0.6911779626623377,0.7687377723807597,0.6942732665201938,0.6919917864476386,0.6911454097109256,0.7687377723807597,0.5772126883071973
gaze_pupil,Gaze x/y plus pupil nodes with temporal and spatial graph relations.,multiclass_table6_valence_3class,Table-6 Valence,subject_kfold,MLP,MLP,MLP,results/quick_v1_v2_comparison/2026-06-12_16-29-08/model_runs/gaze_pupil/2026-06-12_17-31-09,results/quick_v1_v2_comparison/2026-06-12_16-29-08/model_runs/gaze_pupil/2026-06-12_17-31-09/multiclass_table6_valence_3class_emotion-elicitation_2026-06-12_17-32-28,results/quick_v1_v2_comparison/2026-06-12_16-29-08/model_runs/gaze_pupil/2026-06-12_17-31-09/multiclass_table6_valence_3class_emotion-elicitation_2026-06-12_17-32-28/subject_kfold/fold_metrics.csv,MLP,skf_3_P19_P22_P4,aggregated,0.6780383795309168,0.6808073087282522,0.6874174684021883,0.6808073087282522,0.6759107987021604,0.7601004586154182,0.6887874476755201,0.6780383795309168,0.6751829421028491,0.7601004586154183,0.6064802772342726
gaze_pupil,Gaze x/y plus pupil nodes with temporal and spatial graph relations.,multiclass_table6_valence_3class,Table-6 Valence,subject_kfold,MLP,MLP,MLP,results/quick_v1_v2_comparison/2026-06-12_16-29-08/model_runs/gaze_pupil/2026-06-12_17-31-09,results/quick_v1_v2_comparison/2026-06-12_16-29-08/model_runs/gaze_pupil/2026-06-12_17-31-09/multiclass_table6_valence_3class_emotion-elicitation_2026-06-12_17-32-28,results/quick_v1_v2_comparison/2026-06-12_16-29-08/model_runs/gaze_pupil/2026-06-12_17-31-09/multiclass_table6_valence_3class_emotion-elicitation_2026-06-12_17-32-28/subject_kfold/fold_metrics.csv,MLP,skf_4_P10_P16_P5,aggregated,0.7140039447731755,0.7137955182072829,0.7149327284105131,0.7137955182072829,0.7135582059544359,0.786896981014628,0.7148574216291075,0.7140039447731755,0.7136250667772468,0.786896981014628,0.555304146699709
gaze_pupil,Gaze x/y plus pupil nodes with temporal and spatial graph relations.,multiclass_table6_valence_3class,Table-6 Valence,subject_kfold,MLP,MLP,MLP,results/quick_v1_v2_comparison/2026-06-12_16-29-08/model_runs/gaze_pupil/2026-06-12_17-31-09,results/quick_v1_v2_comparison/2026-06-12_16-29-08/model_runs/gaze_pupil/2026-06-12_17-31-09/multiclass_table6_valence_3class_emotion-elicitation_2026-06-12_17-32-28,results/quick_v1_v2_comparison/2026-06-12_16-29-08/model_runs/gaze_pupil/2026-06-12_17-31-09/multiclass_table6_valence_3class_emotion-elicitation_2026-06-12_17-32-28/subject_kfold/fold_metrics.csv,MLP,skf_5_P21_P23_P24,aggregated,0.6854368932038835,0.6888617297362545,0.7092234145689165,0.6888617297362545,0.6786209553158706,0.7512221618685497,0.7108485806249125,0.6854368932038835,0.6776212844256287,0.7512221618685497,0.6597195333295198
gaze_pupil,Gaze x/y plus pupil nodes with temporal and spatial graph relations.,multiclass_table6_valence_3class,Table-6 Valence,subject_kfold,MLP,MLP,MLP,results/quick_v1_v2_comparison/2026-06-12_16-29-08/model_runs/gaze_pupil/2026-06-12_17-31-09,results/quick_v1_v2_comparison/2026-06-12_16-29-08/model_runs/gaze_pupil/2026-06-12_17-31-09/multiclass_table6_valence_3class_emotion-elicitation_2026-06-12_17-32-28,results/quick_v1_v2_comparison/2026-06-12_16-29-08/model_runs/gaze_pupil/2026-06-12_17-31-09/multiclass_table6_valence_3class_emotion-elicitation_2026-06-12_17-32-28/subject_kfold/fold_metrics.csv,MLP,skf_6_P18_P29_P7,aggregated,0.7068607068607069,0.6800936031669689,0.685141868248897,0.6800936031669689,0.6821958248400928,0.7974027895963594,0.7035654347954667,0.7068607068607069,0.7048359777396117,0.7974027895963592,0.5208562238374299
gaze_pupil,Gaze x/y plus pupil nodes with temporal and spatial graph relations.,multiclass_table6_valence_3class,Table-6 Valence,subject_kfold,MOMENT_GazeMAE_gaze_pupil,MOMENTxGazeMAE,MOMENT_GazeMAE_gaze_pupil,results/quick_v1_v2_comparison/2026-06-12_16-29-08/model_runs/gaze_pupil/2026-06-12_17-31-09,results/quick_v1_v2_comparison/2026-06-12_16-29-08/model_runs/gaze_pupil/2026-06-12_17-31-09/multiclass_table6_valence_3class_emotion-elicitation_2026-06-12_17-32-28,results/quick_v1_v2_comparison/2026-06-12_16-29-08/model_runs/gaze_pupil/2026-06-12_17-31-09/multiclass_table6_valence_3class_emotion-elicitation_2026-06-12_17-32-28/subject_kfold/fold_metrics.csv,MOMENT_GazeMAE_gaze_pupil,skf_0_P1_P14_P2_P27,aggregated,0.6966292134831461,0.6981053030961735,0.6983184965380811,0.6981053030961735,0.6966196382918284,0.7591434736900349,0.6996521410551351,0.6966292134831461,0.6965478243569462,0.7591434736900348,0.6794016863283696
gaze_pupil,Gaze x/y plus pupil nodes with temporal and spatial graph relations.,multiclass_table6_valence_3class,Table-6 Valence,subject_kfold,MOMENT_GazeMAE_gaze_pupil,MOMENTxGazeMAE,MOMENT_GazeMAE_gaze_pupil,results/quick_v1_v2_comparison/2026-06-12_16-29-08/model_runs/gaze_pupil/2026-06-12_17-31-09,results/quick_v1_v2_comparison/2026-06-12_16-29-08/model_runs/gaze_pupil/2026-06-12_17-31-09/multiclass_table6_valence_3class_emotion-elicitation_2026-06-12_17-32-28,results/quick_v1_v2_comparison/2026-06-12_16-29-08/model_runs/gaze_pupil/2026-06-12_17-31-09/multiclass_table6_valence_3class_emotion-elicitation_2026-06-12_17-32-28/subject_kfold/fold_metrics.csv,MOMENT_GazeMAE_gaze_pupil,skf_1_P17_P20_P8,aggregated,0.6809338521400778,0.6768584768372544,0.6879349226804123,0.6768584768372544,0.6745478973947153,0.7664473684210527,0.6869347697460789,0.6809338521400778,0.676144386081056,0.7664473684210527,0.58250854603624
gaze_pupil,Gaze x/y plus pupil nodes with temporal and spatial graph relations.,multiclass_table6_valence_3class,Table-6 Valence,subject_kfold,MOMENT_GazeMAE_gaze_pupil,MOMENTxGazeMAE,MOMENT_GazeMAE_gaze_pupil,results/quick_v1_v2_comparison/2026-06-12_16-29-08/model_runs/gaze_pupil/2026-06-12_17-31-09,results/quick_v1_v2_comparison/2026-06-12_16-29-08/model_runs/gaze_pupil/2026-06-12_17-31-09/multiclass_table6_valence_3class_emotion-elicitation_2026-06-12_17-32-28,results/quick_v1_v2_comparison/2026-06-12_16-29-08/model_runs/gaze_pupil/2026-06-12_17-31-09/multiclass_table6_valence_3class_emotion-elicitation_2026-06-12_17-32-28/subject_kfold/fold_metrics.csv,MOMENT_GazeMAE_gaze_pupil,skf_2_P13_P28_P30,aggregated,0.6858316221765913,0.6856658571139446,0.6906828102265641,0.6856658571139446,0.6836977700801039,0.7862949470417593,0.6906214027828936,0.6858316221765913,0.6837511163825162,0.7862949470417593,0.5788015434295517
gaze_pupil,Gaze x/y plus pupil nodes with temporal and spatial graph relations.,multiclass_table6_valence_3class,Table-6 Valence,subject_kfold,MOMENT_GazeMAE_gaze_pupil,MOMENTxGazeMAE,MOMENT_GazeMAE_gaze_pupil,results/quick_v1_v2_comparison/2026-06-12_16-29-08/model_runs/gaze_pupil/2026-06-12_17-31-09,results/quick_v1_v2_comparison/2026-06-12_16-29-08/model_runs/gaze_pupil/2026-06-12_17-31-09/multiclass_table6_valence_3class_emotion-elicitation_2026-06-12_17-32-28,results/quick_v1_v2_comparison/2026-06-12_16-29-08/model_runs/gaze_pupil/2026-06-12_17-31-09/multiclass_table6_valence_3class_emotion-elicitation_2026-06-12_17-32-28/subject_kfold/fold_metrics.csv,MOMENT_GazeMAE_gaze_pupil,skf_3_P19_P22_P4,aggregated,0.6545842217484008,0.6578674383053068,0.6664076887661142,0.6578674383053068,0.6510801278518682,0.7050302103807237,0.6678441847589205,0.6545842217484008,0.650110910391125,0.7050302103807237,0.6625771891494151
gaze_pupil,Gaze x/y plus pupil nodes with temporal and spatial graph relations.,multiclass_table6_valence_3class,Table-6 Valence,subject_kfold,MOMENT_GazeMAE_gaze_pupil,MOMENTxGazeMAE,MOMENT_GazeMAE_gaze_pupil,results/quick_v1_v2_comparison/2026-06-12_16-29-08/model_runs/gaze_pupil/2026-06-12_17-31-09,results/quick_v1_v2_comparison/2026-06-12_16-29-08/model_runs/gaze_pupil/2026-06-12_17-31-09/multiclass_table6_valence_3class_emotion-elicitation_2026-06-12_17-32-28,results/quick_v1_v2_comparison/2026-06-12_16-29-08/model_runs/gaze_pupil/2026-06-12_17-31-09/multiclass_table6_valence_3class_emotion-elicitation_2026-06-12_17-32-28/subject_kfold/fold_metrics.csv,MOMENT_GazeMAE_gaze_pupil,skf_4_P10_P16_P5,aggregated,0.6587771203155819,0.6597105508870215,0.6771254012633323,0.6597105508870215,0.6505050505050505,0.764254590725179,0.6774715952434786,0.6587771203155819,0.6501868939738763,0.764254590725179,0.6654481996178211
gaze_pupil,Gaze x/y plus pupil nodes with temporal and spatial graph relations.,multiclass_table6_valence_3class,Table-6 Valence,subject_kfold,MOMENT_GazeMAE_gaze_pupil,MOMENTxGazeMAE,MOMENT_GazeMAE_gaze_pupil,results/quick_v1_v2_comparison/2026-06-12_16-29-08/model_runs/gaze_pupil/2026-06-12_17-31-09,results/quick_v1_v2_comparison/2026-06-12_16-29-08/model_runs/gaze_pupil/2026-06-12_17-31-09/multiclass_table6_valence_3class_emotion-elicitation_2026-06-12_17-32-28,results/quick_v1_v2_comparison/2026-06-12_16-29-08/model_runs/gaze_pupil/2026-06-12_17-31-09/multiclass_table6_valence_3class_emotion-elicitation_2026-06-12_17-32-28/subject_kfold/fold_metrics.csv,MOMENT_GazeMAE_gaze_pupil,skf_5_P21_P23_P24,aggregated,0.658252427184466,0.6594242259641498,0.6610572526065484,0.6594242259641498,0.6576832437005258,0.746529663830044,0.6616393861847165,0.658252427184466,0.6573850999708427,0.746529663830044,0.6149420415917993
gaze_pupil,Gaze x/y plus pupil nodes with temporal and spatial graph relations.,multiclass_table6_valence_3class,Table-6 Valence,subject_kfold,MOMENT_GazeMAE_gaze_pupil,MOMENTxGazeMAE,MOMENT_GazeMAE_gaze_pupil,results/quick_v1_v2_comparison/2026-06-12_16-29-08/model_runs/gaze_pupil/2026-06-12_17-31-09,results/quick_v1_v2_comparison/2026-06-12_16-29-08/model_runs/gaze_pupil/2026-06-12_17-31-09/multiclass_table6_valence_3class_emotion-elicitation_2026-06-12_17-32-28,results/quick_v1_v2_comparison/2026-06-12_16-29-08/model_runs/gaze_pupil/2026-06-12_17-31-09/multiclass_table6_valence_3class_emotion-elicitation_2026-06-12_17-32-28/subject_kfold/fold_metrics.csv,MOMENT_GazeMAE_gaze_pupil,skf_6_P18_P29_P7,aggregated,0.5550935550935551,0.5762976802693404,0.572474081883676,0.5762976802693404,0.5532378472222222,0.5850752895038662,0.6075200621326082,0.5550935550935551,0.5606008171633172,0.5850752895038662,1.3608023451093338
gaze_pupil,Gaze x/y plus pupil nodes with temporal and spatial graph relations.,multiclass_table6_valence_3class,Table-6 Valence,subject_kfold,BasicGCN,GCN,BasicGCN,results/quick_v1_v2_comparison/2026-06-12_16-29-08/model_runs/gaze_pupil/2026-06-12_17-31-09,results/quick_v1_v2_comparison/2026-06-12_16-29-08/model_runs/gaze_pupil/2026-06-12_17-31-09/multiclass_table6_valence_3class_emotion-elicitation_2026-06-12_17-32-28,results/quick_v1_v2_comparison/2026-06-12_16-29-08/model_runs/gaze_pupil/2026-06-12_17-31-09/multiclass_table6_valence_3class_emotion-elicitation_2026-06-12_17-32-28/subject_kfold/fold_metrics.csv,BasicGCN,skf_0_P1_P14_P2_P27,aggregated,0.6334269662921348,0.6448095422532427,0.7004551820728291,0.6448095422532427,0.6104273450520423,0.7623605852455517,0.7058031780127781,0.6334269662921348,0.6064389714265928,0.7623605852455517,0.6616595188776652
gaze_pupil,Gaze x/y plus pupil nodes with temporal and spatial graph relations.,multiclass_table6_valence_3class,Table-6 Valence,subject_kfold,BasicGCN,GCN,BasicGCN,results/quick_v1_v2_comparison/2026-06-12_16-29-08/model_runs/gaze_pupil/2026-06-12_17-31-09,results/quick_v1_v2_comparison/2026-06-12_16-29-08/model_runs/gaze_pupil/2026-06-12_17-31-09/multiclass_table6_valence_3class_emotion-elicitation_2026-06-12_17-32-28,results/quick_v1_v2_comparison/2026-06-12_16-29-08/model_runs/gaze_pupil/2026-06-12_17-31-09/multiclass_table6_valence_3class_emotion-elicitation_2026-06-12_17-32-28/subject_kfold/fold_metrics.csv,BasicGCN,skf_1_P17_P20_P8,aggregated,0.6575875486381323,0.6517099199611933,0.6721717588769611,0.6517099199611933,0.6446706887883358,0.7270494785350473,0.6706969511000009,0.6575875486381323,0.6470431732505433,0.7270494785350474,0.6338757276535034
gaze_pupil,Gaze x/y plus pupil nodes with temporal and spatial graph relations.,multiclass_table6_valence_3class,Table-6 Valence,subject_kfold,BasicGCN,GCN,BasicGCN,results/quick_v1_v2_comparison/2026-06-12_16-29-08/model_runs/gaze_pupil/2026-06-12_17-31-09,results/quick_v1_v2_comparison/2026-06-12_16-29-08/model_runs/gaze_pupil/2026-06-12_17-31-09/multiclass_table6_valence_3class_emotion-elicitation_2026-06-12_17-32-28,results/quick_v1_v2_comparison/2026-06-12_16-29-08/model_runs/gaze_pupil/2026-06-12_17-31-09/multiclass_table6_valence_3class_emotion-elicitation_2026-06-12_17-32-28/subject_kfold/fold_metrics.csv,BasicGCN,skf_2_P13_P28_P30,aggregated,0.6570841889117043,0.6572640491128652,0.6622047107121734,0.6572640491128652,0.6545145600135935,0.7109222154759496,0.66226495214512,0.6570841889117043,0.6544533783731624,0.7109222154759496,0.6389106214046478
gaze_pupil,Gaze x/y plus pupil nodes with temporal and spatial graph relations.,multiclass_table6_valence_3class,Table-6 Valence,subject_kfold,BasicGCN,GCN,BasicGCN,results/quick_v1_v2_comparison/2026-06-12_16-29-08/model_runs/gaze_pupil/2026-06-12_17-31-09,results/quick_v1_v2_comparison/2026-06-12_16-29-08/model_runs/gaze_pupil/2026-06-12_17-31-09/multiclass_table6_valence_3class_emotion-elicitation_2026-06-12_17-32-28,results/quick_v1_v2_comparison/2026-06-12_16-29-08/model_runs/gaze_pupil/2026-06-12_17-31-09/multiclass_table6_valence_3class_emotion-elicitation_2026-06-12_17-32-28/subject_kfold/fold_metrics.csv,BasicGCN,skf_3_P19_P22_P4,aggregated,0.6567164179104478,0.660178714420907,0.6699196880188425,0.660178714420907,0.6527699219630186,0.7263958651816264,0.6714386482967992,0.6567164179104478,0.651743833016687,0.7263958651816264,0.6247273683547974
gaze_pupil,Gaze x/y plus pupil nodes with temporal and spatial graph relations.,multiclass_table6_valence_3class,Table-6 Valence,subject_kfold,BasicGCN,GCN,BasicGCN,results/quick_v1_v2_comparison/2026-06-12_16-29-08/model_runs/gaze_pupil/2026-06-12_17-31-09,results/quick_v1_v2_comparison/2026-06-12_16-29-08/model_runs/gaze_pupil/2026-06-12_17-31-09/multiclass_table6_valence_3class_emotion-elicitation_2026-06-12_17-32-28,results/quick_v1_v2_comparison/2026-06-12_16-29-08/model_runs/gaze_pupil/2026-06-12_17-31-09/multiclass_table6_valence_3class_emotion-elicitation_2026-06-12_17-32-28/subject_kfold/fold_metrics.csv,BasicGCN,skf_4_P10_P16_P5,aggregated,0.6686390532544378,0.6686041083099907,0.6686303501945525,0.6686041083099907,0.6686068227091633,0.7302676626206037,0.6686340800773605,0.6686390532544378,0.6686261610363281,0.7302676626206037,0.610383003950119
gaze_pupil,Gaze x/y plus pupil nodes with temporal and spatial graph relations.,multiclass_table6_valence_3class,Table-6 Valence,subject_kfold,BasicGCN,GCN,BasicGCN,results/quick_v1_v2_comparison/2026-06-12_16-29-08/model_runs/gaze_pupil/2026-06-12_17-31-09,results/quick_v1_v2_comparison/2026-06-12_16-29-08/model_runs/gaze_pupil/2026-06-12_17-31-09/multiclass_table6_valence_3class_emotion-elicitation_2026-06-12_17-32-28,results/quick_v1_v2_comparison/2026-06-12_16-29-08/model_runs/gaze_pupil/2026-06-12_17-31-09/multiclass_table6_valence_3class_emotion-elicitation_2026-06-12_17-32-28/subject_kfold/fold_metrics.csv,BasicGCN,skf_5_P21_P23_P24,aggregated,0.6077669902912621,0.6134799927575593,0.6577589461761129,0.6134799927575593,0.5806324174406605,0.7041010320478002,0.659773274068909,0.6077669902912621,0.5783539418577855,0.7041010320478002,1.1470431486765544
gaze_pupil,Gaze x/y plus pupil nodes with temporal and spatial graph relations.,multiclass_table6_valence_3class,Table-6 Valence,subject_kfold,BasicGCN,GCN,BasicGCN,results/quick_v1_v2_comparison/2026-06-12_16-29-08/model_runs/gaze_pupil/2026-06-12_17-31-09,results/quick_v1_v2_comparison/2026-06-12_16-29-08/model_runs/gaze_pupil/2026-06-12_17-31-09/multiclass_table6_valence_3class_emotion-elicitation_2026-06-12_17-32-28,results/quick_v1_v2_comparison/2026-06-12_16-29-08/model_runs/gaze_pupil/2026-06-12_17-31-09/multiclass_table6_valence_3class_emotion-elicitation_2026-06-12_17-32-28/subject_kfold/fold_metrics.csv,BasicGCN,skf_6_P18_P29_P7,aggregated,0.6985446985446986,0.6586814162566133,0.6753833571866694,0.6586814162566133,0.6631083202511774,0.75846313219135,0.6904566110863393,0.6985446985446986,0.6910485415979921,0.75846313219135,0.5741097927093506
gaze_pupil,Gaze x/y plus pupil nodes with temporal and spatial graph relations.,multiclass_table6_valence_3class,Table-6 Valence,subject_kfold,HeteroGCNMean,HeteroGCN-mean,HeteroGCNMean,results/quick_v1_v2_comparison/2026-06-12_16-29-08/model_runs/gaze_pupil/2026-06-12_17-31-09,results/quick_v1_v2_comparison/2026-06-12_16-29-08/model_runs/gaze_pupil/2026-06-12_17-31-09/multiclass_table6_valence_3class_emotion-elicitation_2026-06-12_17-32-28,results/quick_v1_v2_comparison/2026-06-12_16-29-08/model_runs/gaze_pupil/2026-06-12_17-31-09/multiclass_table6_valence_3class_emotion-elicitation_2026-06-12_17-32-28/subject_kfold/fold_metrics.csv,HeteroGCNMean,skf_0_P1_P14_P2_P27,aggregated,0.6137640449438202,0.6268901518445037,0.702658688077564,0.6268901518445037,0.5795892513983274,0.7639889021508011,0.7087752919629133,0.6137640449438202,0.5745387892980082,0.7639889021508012,0.6511712869008383
gaze_pupil,Gaze x/y plus pupil nodes with temporal and spatial graph relations.,multiclass_table6_valence_3class,Table-6 Valence,subject_kfold,HeteroGCNMean,HeteroGCN-mean,HeteroGCNMean,results/quick_v1_v2_comparison/2026-06-12_16-29-08/model_runs/gaze_pupil/2026-06-12_17-31-09,results/quick_v1_v2_comparison/2026-06-12_16-29-08/model_runs/gaze_pupil/2026-06-12_17-31-09/multiclass_table6_valence_3class_emotion-elicitation_2026-06-12_17-32-28,results/quick_v1_v2_comparison/2026-06-12_16-29-08/model_runs/gaze_pupil/2026-06-12_17-31-09/multiclass_table6_valence_3class_emotion-elicitation_2026-06-12_17-32-28/subject_kfold/fold_metrics.csv,HeteroGCNMean,skf_1_P17_P20_P8,aggregated,0.566147859922179,0.5519039534319671,0.6559979953528634,0.5519039534319671,0.4699193007607464,0.6940637885035168,0.652147275262977,0.566147859922179,0.4778284974041518,0.6940637885035168,0.6504282752672831
gaze_pupil,Gaze x/y plus pupil nodes with temporal and spatial graph relations.,multiclass_table6_valence_3class,Table-6 Valence,subject_kfold,HeteroGCNMean,HeteroGCN-mean,HeteroGCNMean,results/quick_v1_v2_comparison/2026-06-12_16-29-08/model_runs/gaze_pupil/2026-06-12_17-31-09,results/quick_v1_v2_comparison/2026-06-12_16-29-08/model_runs/gaze_pupil/2026-06-12_17-31-09/multiclass_table6_valence_3class_emotion-elicitation_2026-06-12_17-32-28,results/quick_v1_v2_comparison/2026-06-12_16-29-08/model_runs/gaze_pupil/2026-06-12_17-31-09/multiclass_table6_valence_3class_emotion-elicitation_2026-06-12_17-32-28/subject_kfold/fold_metrics.csv,HeteroGCNMean,skf_2_P13_P28_P30,aggregated,0.6386036960985626,0.638753963435202,0.6417666115246761,0.638753963435202,0.6367273590343472,0.6886595156176213,0.6418111596292692,0.6386036960985626,0.6366737494039411,0.6886595156176213,0.6974333226680756
gaze_pupil,Gaze x/y plus pupil nodes with temporal and spatial graph relations.,multiclass_table6_valence_3class,Table-6 Valence,subject_kfold,HeteroGCNMean,HeteroGCN-mean,HeteroGCNMean,results/quick_v1_v2_comparison/2026-06-12_16-29-08/model_runs/gaze_pupil/2026-06-12_17-31-09,results/quick_v1_v2_comparison/2026-06-12_16-29-08/model_runs/gaze_pupil/2026-06-12_17-31-09/multiclass_table6_valence_3class_emotion-elicitation_2026-06-12_17-32-28,results/quick_v1_v2_comparison/2026-06-12_16-29-08/model_runs/gaze_pupil/2026-06-12_17-31-09/multiclass_table6_valence_3class_emotion-elicitation_2026-06-12_17-32-28/subject_kfold/fold_metrics.csv,HeteroGCNMean,skf_3_P19_P22_P4,aggregated,0.6545842217484008,0.6575125573269274,0.6641256115599043,0.6575125573269274,0.6519241341396371,0.7345126301230254,0.665431275428847,0.6545842217484008,0.6510806917271025,0.7345126301230254,0.6135221421718597
gaze_pupil,Gaze x/y plus pupil nodes with temporal and spatial graph relations.,multiclass_table6_valence_3class,Table-6 Valence,subject_kfold,HeteroGCNMean,HeteroGCN-mean,HeteroGCNMean,results/quick_v1_v2_comparison/2026-06-12_16-29-08/model_runs/gaze_pupil/2026-06-12_17-31-09,results/quick_v1_v2_comparison/2026-06-12_16-29-08/model_runs/gaze_pupil/2026-06-12_17-31-09/multiclass_table6_valence_3class_emotion-elicitation_2026-06-12_17-32-28,results/quick_v1_v2_comparison/2026-06-12_16-29-08/model_runs/gaze_pupil/2026-06-12_17-31-09/multiclass_table6_valence_3class_emotion-elicitation_2026-06-12_17-32-28/subject_kfold/fold_metrics.csv,HeteroGCNMean,skf_4_P10_P16_P5,aggregated,0.6804733727810651,0.6802987861811391,0.6809690418918497,0.6802987861811391,0.6801137248792647,0.7325396825396824,0.6809210739133866,0.6804733727810651,0.680177192156053,0.7325396825396825,0.6015866100788116
gaze_pupil,Gaze x/y plus pupil nodes with temporal and spatial graph relations.,multiclass_table6_valence_3class,Table-6 Valence,subject_kfold,HeteroGCNMean,HeteroGCN-mean,HeteroGCNMean,results/quick_v1_v2_comparison/2026-06-12_16-29-08/model_runs/gaze_pupil/2026-06-12_17-31-09,results/quick_v1_v2_comparison/2026-06-12_16-29-08/model_runs/gaze_pupil/2026-06-12_17-31-09/multiclass_table6_valence_3class_emotion-elicitation_2026-06-12_17-32-28,results/quick_v1_v2_comparison/2026-06-12_16-29-08/model_runs/gaze_pupil/2026-06-12_17-31-09/multiclass_table6_valence_3class_emotion-elicitation_2026-06-12_17-32-28/subject_kfold/fold_metrics.csv,HeteroGCNMean,skf_5_P21_P23_P24,aggregated,0.6368932038834951,0.6410842537268393,0.6657713718398752,0.6410842537268393,0.6243793610490309,0.7427122940430925,0.6673676524806801,0.6368932038834951,0.6229149751854235,0.7427122940430925,1.130437433719635
gaze_pupil,Gaze x/y plus pupil nodes with temporal and spatial graph relations.,multiclass_table6_valence_3class,Table-6 Valence,subject_kfold,HeteroGCNMean,HeteroGCN-mean,HeteroGCNMean,results/quick_v1_v2_comparison/2026-06-12_16-29-08/model_runs/gaze_pupil/2026-06-12_17-31-09,results/quick_v1_v2_comparison/2026-06-12_16-29-08/model_runs/gaze_pupil/2026-06-12_17-31-09/multiclass_table6_valence_3class_emotion-elicitation_2026-06-12_17-32-28,results/quick_v1_v2_comparison/2026-06-12_16-29-08/model_runs/gaze_pupil/2026-06-12_17-31-09/multiclass_table6_valence_3class_emotion-elicitation_2026-06-12_17-32-28/subject_kfold/fold_metrics.csv,HeteroGCNMean,skf_6_P18_P29_P7,aggregated,0.6777546777546778,0.6318861223130712,0.6506211180124224,0.6318861223130712,0.6353654659721713,0.7384290946760886,0.6669012538577757,0.6777546777546778,0.6671573748090511,0.7384290946760886,0.5872081816196442
gaze_pupil,Gaze x/y plus pupil nodes with temporal and spatial graph relations.,multiclass_table6_valence_3class,Table-6 Valence,subject_kfold,HeteroGCNMLP,HeteroGCN-MLP,HeteroGCNMLP,results/quick_v1_v2_comparison/2026-06-12_16-29-08/model_runs/gaze_pupil/2026-06-12_17-31-09,results/quick_v1_v2_comparison/2026-06-12_16-29-08/model_runs/gaze_pupil/2026-06-12_17-31-09/multiclass_table6_valence_3class_emotion-elicitation_2026-06-12_17-32-28,results/quick_v1_v2_comparison/2026-06-12_16-29-08/model_runs/gaze_pupil/2026-06-12_17-31-09/multiclass_table6_valence_3class_emotion-elicitation_2026-06-12_17-32-28/subject_kfold/fold_metrics.csv,HeteroGCNMLP,skf_0_P1_P14_P2_P27,aggregated,0.6390449438202247,0.6491332769482495,0.6902298850574713,0.6491332769482495,0.6220455526569629,0.7559105532325252,0.6948550303499935,0.6390449438202247,0.6186681901741957,0.7559105532325254,0.6632997989654541
gaze_pupil,Gaze x/y plus pupil nodes with temporal and spatial graph relations.,multiclass_table6_valence_3class,Table-6 Valence,subject_kfold,HeteroGCNMLP,HeteroGCN-MLP,HeteroGCNMLP,results/quick_v1_v2_comparison/2026-06-12_16-29-08/model_runs/gaze_pupil/2026-06-12_17-31-09,results/quick_v1_v2_comparison/2026-06-12_16-29-08/model_runs/gaze_pupil/2026-06-12_17-31-09/multiclass_table6_valence_3class_emotion-elicitation_2026-06-12_17-32-28,results/quick_v1_v2_comparison/2026-06-12_16-29-08/model_runs/gaze_pupil/2026-06-12_17-31-09/multiclass_table6_valence_3class_emotion-elicitation_2026-06-12_17-32-28/subject_kfold/fold_metrics.csv,HeteroGCNMLP,skf_1_P17_P20_P8,aggregated,0.6478599221789884,0.6425842832888673,0.6576891481835403,0.6425842832888673,0.6369759047897766,0.721380063060878,0.6565833602580282,0.6478599221789884,0.6391771667336621,0.721380063060878,0.6417078177134196
gaze_pupil,Gaze x/y plus pupil nodes with temporal and spatial graph relations.,multiclass_table6_valence_3class,Table-6 Valence,subject_kfold,HeteroGCNMLP,HeteroGCN-MLP,HeteroGCNMLP,results/quick_v1_v2_comparison/2026-06-12_16-29-08/model_runs/gaze_pupil/2026-06-12_17-31-09,results/quick_v1_v2_comparison/2026-06-12_16-29-08/model_runs/gaze_pupil/2026-06-12_17-31-09/multiclass_table6_valence_3class_emotion-elicitation_2026-06-12_17-32-28,results/quick_v1_v2_comparison/2026-06-12_16-29-08/model_runs/gaze_pupil/2026-06-12_17-31-09/multiclass_table6_valence_3class_emotion-elicitation_2026-06-12_17-32-28/subject_kfold/fold_metrics.csv,HeteroGCNMLP,skf_2_P13_P28_P30,aggregated,0.6036960985626283,0.6037745395668892,0.6043765903307887,0.6037745395668892,0.6031539614515822,0.6631080078256764,0.6043949820001986,0.6036960985626283,0.6031238427231909,0.6631080078256764,0.7620002627372742
gaze_pupil,Gaze x/y plus pupil nodes with temporal and spatial graph relations.,multiclass_table6_valence_3class,Table-6 Valence,subject_kfold,HeteroGCNMLP,HeteroGCN-MLP,HeteroGCNMLP,results/quick_v1_v2_comparison/2026-06-12_16-29-08/model_runs/gaze_pupil/2026-06-12_17-31-09,results/quick_v1_v2_comparison/2026-06-12_16-29-08/model_runs/gaze_pupil/2026-06-12_17-31-09/multiclass_table6_valence_3class_emotion-elicitation_2026-06-12_17-32-28,results/quick_v1_v2_comparison/2026-06-12_16-29-08/model_runs/gaze_pupil/2026-06-12_17-31-09/multiclass_table6_valence_3class_emotion-elicitation_2026-06-12_17-32-28/subject_kfold/fold_metrics.csv,HeteroGCNMLP,skf_3_P19_P22_P4,aggregated,0.6631130063965884,0.6664027808109485,0.6754047728667895,0.6664027808109485,0.6596954333370073,0.7529846400232947,0.6768981650547579,0.6631130063965884,0.6587501471715912,0.7529846400232948,0.603363424539566
gaze_pupil,Gaze x/y plus pupil nodes with temporal and spatial graph relations.,multiclass_table6_valence_3class,Table-6 Valence,subject_kfold,HeteroGCNMLP,HeteroGCN-MLP,HeteroGCNMLP,results/quick_v1_v2_comparison/2026-06-12_16-29-08/model_runs/gaze_pupil/2026-06-12_17-31-09,results/quick_v1_v2_comparison/2026-06-12_16-29-08/model_runs/gaze_pupil/2026-06-12_17-31-09/multiclass_table6_valence_3class_emotion-elicitation_2026-06-12_17-32-28,results/quick_v1_v2_comparison/2026-06-12_16-29-08/model_runs/gaze_pupil/2026-06-12_17-31-09/multiclass_table6_valence_3class_emotion-elicitation_2026-06-12_17-32-28/subject_kfold/fold_metrics.csv,HeteroGCNMLP,skf_4_P10_P16_P5,aggregated,0.6568047337278107,0.6565126050420168,0.6581069609507639,0.6565126050420168,0.6558286516853933,0.7246965452847804,0.6580303593494138,0.6568047337278107,0.6559371052456618,0.7246965452847806,0.608958512544632
gaze_pupil,Gaze x/y plus pupil nodes with temporal and spatial graph relations.,multiclass_table6_valence_3class,Table-6 Valence,subject_kfold,HeteroGCNMLP,HeteroGCN-MLP,HeteroGCNMLP,results/quick_v1_v2_comparison/2026-06-12_16-29-08/model_runs/gaze_pupil/2026-06-12_17-31-09,results/quick_v1_v2_comparison/2026-06-12_16-29-08/model_runs/gaze_pupil/2026-06-12_17-31-09/multiclass_table6_valence_3class_emotion-elicitation_2026-06-12_17-32-28,results/quick_v1_v2_comparison/2026-06-12_16-29-08/model_runs/gaze_pupil/2026-06-12_17-31-09/multiclass_table6_valence_3class_emotion-elicitation_2026-06-12_17-32-28/subject_kfold/fold_metrics.csv,HeteroGCNMLP,skf_5_P21_P23_P24,aggregated,0.5883495145631068,0.5937217092160058,0.624743945053621,0.5937217092160058,0.5634476361077346,0.6850443599493028,0.6263016833236429,0.5883495145631068,0.5612206388474981,0.6850443599493028,0.9755451679229736
gaze_pupil,Gaze x/y plus pupil nodes with temporal and spatial graph relations.,multiclass_table6_valence_3class,Table-6 Valence,subject_kfold,HeteroGCNMLP,HeteroGCN-MLP,HeteroGCNMLP,results/quick_v1_v2_comparison/2026-06-12_16-29-08/model_runs/gaze_pupil/2026-06-12_17-31-09,results/quick_v1_v2_comparison/2026-06-12_16-29-08/model_runs/gaze_pupil/2026-06-12_17-31-09/multiclass_table6_valence_3class_emotion-elicitation_2026-06-12_17-32-28,results/quick_v1_v2_comparison/2026-06-12_16-29-08/model_runs/gaze_pupil/2026-06-12_17-31-09/multiclass_table6_valence_3class_emotion-elicitation_2026-06-12_17-32-28/subject_kfold/fold_metrics.csv,HeteroGCNMLP,skf_6_P18_P29_P7,aggregated,0.6985446985446986,0.6529930815050502,0.676268115942029,0.6529930815050502,0.6577856284193224,0.7561138036923305,0.6893782578565187,0.6985446985446986,0.687986626162824,0.7561138036923305,0.5701583623886108
gaze_pupil,Gaze x/y plus pupil nodes with temporal and spatial graph relations.,multiclass_table6_valence_3class,Table-6 Valence,subject_kfold,HeteroGCNMLPWeights,HeteroGCN-MLP-w,HeteroGCNMLPWeights,results/quick_v1_v2_comparison/2026-06-12_16-29-08/model_runs/gaze_pupil/2026-06-12_17-31-09,results/quick_v1_v2_comparison/2026-06-12_16-29-08/model_runs/gaze_pupil/2026-06-12_17-31-09/multiclass_table6_valence_3class_emotion-elicitation_2026-06-12_17-32-28,results/quick_v1_v2_comparison/2026-06-12_16-29-08/model_runs/gaze_pupil/2026-06-12_17-31-09/multiclass_table6_valence_3class_emotion-elicitation_2026-06-12_17-32-28/subject_kfold/fold_metrics.csv,HeteroGCNMLPWeights,skf_0_P1_P14_P2_P27,aggregated,0.6137640449438202,0.6253487839002142,0.6764509524657291,0.6253487839002142,0.5883224877264174,0.7372007177241504,0.6813483671158782,0.6137640449438202,0.5840103593844846,0.7372007177241504,0.6747567454973856
gaze_pupil,Gaze x/y plus pupil nodes with temporal and spatial graph relations.,multiclass_table6_valence_3class,Table-6 Valence,subject_kfold,HeteroGCNMLPWeights,HeteroGCN-MLP-w,HeteroGCNMLPWeights,results/quick_v1_v2_comparison/2026-06-12_16-29-08/model_runs/gaze_pupil/2026-06-12_17-31-09,results/quick_v1_v2_comparison/2026-06-12_16-29-08/model_runs/gaze_pupil/2026-06-12_17-31-09/multiclass_table6_valence_3class_emotion-elicitation_2026-06-12_17-32-28,results/quick_v1_v2_comparison/2026-06-12_16-29-08/model_runs/gaze_pupil/2026-06-12_17-31-09/multiclass_table6_valence_3class_emotion-elicitation_2026-06-12_17-32-28/subject_kfold/fold_metrics.csv,HeteroGCNMLPWeights,skf_1_P17_P20_P8,aggregated,0.6614785992217899,0.6562878971622605,0.6723849652220438,0.6562878971622605,0.6512563754620748,0.7277316274557362,0.6711424678296098,0.6614785992217899,0.6533472848674711,0.7277316274557362,0.6764166951179504
gaze_pupil,Gaze x/y plus pupil nodes with temporal and spatial graph relations.,multiclass_table6_valence_3class,Table-6 Valence,subject_kfold,HeteroGCNMLPWeights,HeteroGCN-MLP-w,HeteroGCNMLPWeights,results/quick_v1_v2_comparison/2026-06-12_16-29-08/model_runs/gaze_pupil/2026-06-12_17-31-09,results/quick_v1_v2_comparison/2026-06-12_16-29-08/model_runs/gaze_pupil/2026-06-12_17-31-09/multiclass_table6_valence_3class_emotion-elicitation_2026-06-12_17-32-28,results/quick_v1_v2_comparison/2026-06-12_16-29-08/model_runs/gaze_pupil/2026-06-12_17-31-09/multiclass_table6_valence_3class_emotion-elicitation_2026-06-12_17-32-28/subject_kfold/fold_metrics.csv,HeteroGCNMLPWeights,skf_2_P13_P28_P30,aggregated,0.6427104722792608,0.6429450853403494,0.6507774140752864,0.6429450853403494,0.6380945059450595,0.6993860891857249,0.6508500892266019,0.6427104722792608,0.6380105792844376,0.699386089185725,0.6320957243442535
gaze_pupil,Gaze x/y plus pupil nodes with temporal and spatial graph relations.,multiclass_table6_valence_3class,Table-6 Valence,subject_kfold,HeteroGCNMLPWeights,HeteroGCN-MLP-w,HeteroGCNMLPWeights,results/quick_v1_v2_comparison/2026-06-12_16-29-08/model_runs/gaze_pupil/2026-06-12_17-31-09,results/quick_v1_v2_comparison/2026-06-12_16-29-08/model_runs/gaze_pupil/2026-06-12_17-31-09/multiclass_table6_valence_3class_emotion-elicitation_2026-06-12_17-32-28,results/quick_v1_v2_comparison/2026-06-12_16-29-08/model_runs/gaze_pupil/2026-06-12_17-31-09/multiclass_table6_valence_3class_emotion-elicitation_2026-06-12_17-32-28/subject_kfold/fold_metrics.csv,HeteroGCNMLPWeights,skf_3_P19_P22_P4,aggregated,0.6460554371002132,0.6475576909077674,0.6489400786215511,0.6475576909077674,0.645589788411814,0.7382798282012084,0.6497379581912829,0.6460554371002132,0.6452337041206851,0.7382798282012084,0.6119236946105957
gaze_pupil,Gaze x/y plus pupil nodes with temporal and spatial graph relations.,multiclass_table6_valence_3class,Table-6 Valence,subject_kfold,HeteroGCNMLPWeights,HeteroGCN-MLP-w,HeteroGCNMLPWeights,results/quick_v1_v2_comparison/2026-06-12_16-29-08/model_runs/gaze_pupil/2026-06-12_17-31-09,results/quick_v1_v2_comparison/2026-06-12_16-29-08/model_runs/gaze_pupil/2026-06-12_17-31-09/multiclass_table6_valence_3class_emotion-elicitation_2026-06-12_17-32-28,results/quick_v1_v2_comparison/2026-06-12_16-29-08/model_runs/gaze_pupil/2026-06-12_17-31-09/multiclass_table6_valence_3class_emotion-elicitation_2026-06-12_17-32-28/subject_kfold/fold_metrics.csv,HeteroGCNMLPWeights,skf_4_P10_P16_P5,aggregated,0.6666666666666666,0.6667133520074697,0.666739299610895,0.6667133520074697,0.6666614795074792,0.7340491752256458,0.6667704280155642,0.6666666666666666,0.6666536987686981,0.7340491752256458,0.6045490205287933
gaze_pupil,Gaze x/y plus pupil nodes with temporal and spatial graph relations.,multiclass_table6_valence_3class,Table-6 Valence,subject_kfold,HeteroGCNMLPWeights,HeteroGCN-MLP-w,HeteroGCNMLPWeights,results/quick_v1_v2_comparison/2026-06-12_16-29-08/model_runs/gaze_pupil/2026-06-12_17-31-09,results/quick_v1_v2_comparison/2026-06-12_16-29-08/model_runs/gaze_pupil/2026-06-12_17-31-09/multiclass_table6_valence_3class_emotion-elicitation_2026-06-12_17-32-28,results/quick_v1_v2_comparison/2026-06-12_16-29-08/model_runs/gaze_pupil/2026-06-12_17-31-09/multiclass_table6_valence_3class_emotion-elicitation_2026-06-12_17-32-28/subject_kfold/fold_metrics.csv,HeteroGCNMLPWeights,skf_5_P21_P23_P24,aggregated,0.6679611650485436,0.6709216005793952,0.684267031036502,0.6709216005793952,0.6627528922486587,0.7412939827388496,0.6855574233089304,0.6679611650485436,0.6618577203611784,0.7412939827388496,0.984338879585266
gaze_pupil,Gaze x/y plus pupil nodes with temporal and spatial graph relations.,multiclass_table6_valence_3class,Table-6 Valence,subject_kfold,HeteroGCNMLPWeights,HeteroGCN-MLP-w,HeteroGCNMLPWeights,results/quick_v1_v2_comparison/2026-06-12_16-29-08/model_runs/gaze_pupil/2026-06-12_17-31-09,results/quick_v1_v2_comparison/2026-06-12_16-29-08/model_runs/gaze_pupil/2026-06-12_17-31-09/multiclass_table6_valence_3class_emotion-elicitation_2026-06-12_17-32-28,results/quick_v1_v2_comparison/2026-06-12_16-29-08/model_runs/gaze_pupil/2026-06-12_17-31-09/multiclass_table6_valence_3class_emotion-elicitation_2026-06-12_17-32-28/subject_kfold/fold_metrics.csv,HeteroGCNMLPWeights,skf_6_P18_P29_P7,aggregated,0.6860706860706861,0.6510229753228014,0.661025641025641,0.6510229753228014,0.6542121926253899,0.7481963816641386,0.6792536915613839,0.6860706860706861,0.6810518823087559,0.7481963816641386,0.5767699182033539
pupil_only,Pupil left/right nodes with temporal graph relations only.,multiclass_table6_valence_3class,Table-6 Valence,subject_kfold,Random,Naključni,Random,results/quick_v1_v2_comparison/2026-06-12_16-29-08/model_runs/pupil_only/2026-06-12_17-16-23,results/quick_v1_v2_comparison/2026-06-12_16-29-08/model_runs/pupil_only/2026-06-12_17-16-23/multiclass_table6_valence_3class_emotion-elicitation_2026-06-12_17-17-35,results/quick_v1_v2_comparison/2026-06-12_16-29-08/model_runs/pupil_only/2026-06-12_17-16-23/multiclass_table6_valence_3class_emotion-elicitation_2026-06-12_17-17-35/subject_kfold/fold_metrics.csv,Random,skf_0_P1_P14_P2_P27,aggregated,0.5280898876404494,0.5283176956944455,0.5282694295611827,0.5283176956944455,0.5279558011049723,0.5283176956944455,0.529167139164849,0.5280898876404494,0.528291017443665,0.5283176956944454,17.00936452070697
pupil_only,Pupil left/right nodes with temporal graph relations only.,multiclass_table6_valence_3class,Table-6 Valence,subject_kfold,Random,Naključni,Random,results/quick_v1_v2_comparison/2026-06-12_16-29-08/model_runs/pupil_only/2026-06-12_17-16-23,results/quick_v1_v2_comparison/2026-06-12_16-29-08/model_runs/pupil_only/2026-06-12_17-16-23/multiclass_table6_valence_3class_emotion-elicitation_2026-06-12_17-17-35,results/quick_v1_v2_comparison/2026-06-12_16-29-08/model_runs/pupil_only/2026-06-12_17-16-23/multiclass_table6_valence_3class_emotion-elicitation_2026-06-12_17-17-35/subject_kfold/fold_metrics.csv,Random,skf_1_P17_P20_P8,aggregated,0.4824902723735408,0.482127698277953,0.4821428571428571,0.482127698277953,0.4821060606060606,0.4821276982779529,0.4827682045580879,0.4824902723735408,0.4826000471642495,0.4821276982779529,18.652941248064515
pupil_only,Pupil left/right nodes with temporal graph relations only.,multiclass_table6_valence_3class,Table-6 Valence,subject_kfold,Random,Naključni,Random,results/quick_v1_v2_comparison/2026-06-12_16-29-08/model_runs/pupil_only/2026-06-12_17-16-23,results/quick_v1_v2_comparison/2026-06-12_16-29-08/model_runs/pupil_only/2026-06-12_17-16-23/multiclass_table6_valence_3class_emotion-elicitation_2026-06-12_17-17-35,results/quick_v1_v2_comparison/2026-06-12_16-29-08/model_runs/pupil_only/2026-06-12_17-16-23/multiclass_table6_valence_3class_emotion-elicitation_2026-06-12_17-17-35/subject_kfold/fold_metrics.csv,Random,skf_2_P13_P28_P30,aggregated,0.4969199178644763,0.4968882817243473,0.4968853399959484,0.4968882817243473,0.4967841251766095,0.4968882817243473,0.4968876451871836,0.4969199178644763,0.4968010992625928,0.4968882817243472,18.1328441074614
pupil_only,Pupil left/right nodes with temporal graph relations only.,multiclass_table6_valence_3class,Table-6 Valence,subject_kfold,Random,Naključni,Random,results/quick_v1_v2_comparison/2026-06-12_16-29-08/model_runs/pupil_only/2026-06-12_17-16-23,results/quick_v1_v2_comparison/2026-06-12_16-29-08/model_runs/pupil_only/2026-06-12_17-16-23/multiclass_table6_valence_3class_emotion-elicitation_2026-06-12_17-17-35,results/quick_v1_v2_comparison/2026-06-12_16-29-08/model_runs/pupil_only/2026-06-12_17-16-23/multiclass_table6_valence_3class_emotion-elicitation_2026-06-12_17-17-35/subject_kfold/fold_metrics.csv,Random,skf_3_P19_P22_P4,aggregated,0.4936708860759494,0.4939797663151895,0.4939771917320028,0.4939797663151895,0.4936618715282723,0.4939797663151895,0.4941959814863267,0.4936708860759494,0.4936167987898871,0.4939797663151895,18.24995108309729
pupil_only,Pupil left/right nodes with temporal graph relations only.,multiclass_table6_valence_3class,Table-6 Valence,subject_kfold,Random,Naključni,Random,results/quick_v1_v2_comparison/2026-06-12_16-29-08/model_runs/pupil_only/2026-06-12_17-16-23,results/quick_v1_v2_comparison/2026-06-12_16-29-08/model_runs/pupil_only/2026-06-12_17-16-23/multiclass_table6_valence_3class_emotion-elicitation_2026-06-12_17-17-35,results/quick_v1_v2_comparison/2026-06-12_16-29-08/model_runs/pupil_only/2026-06-12_17-16-23/multiclass_table6_valence_3class_emotion-elicitation_2026-06-12_17-17-35/subject_kfold/fold_metrics.csv,Random,skf_4_P10_P16_P5,aggregated,0.4921259842519685,0.4920324900793651,0.4920285359801489,0.4920324900793651,0.492,0.492032490079365,0.4920610187374221,0.4921259842519685,0.4920629921259842,0.4920324900793651,18.30563498896107
pupil_only,Pupil left/right nodes with temporal graph relations only.,multiclass_table6_valence_3class,Table-6 Valence,subject_kfold,Random,Naključni,Random,results/quick_v1_v2_comparison/2026-06-12_16-29-08/model_runs/pupil_only/2026-06-12_17-16-23,results/quick_v1_v2_comparison/2026-06-12_16-29-08/model_runs/pupil_only/2026-06-12_17-16-23/multiclass_table6_valence_3class_emotion-elicitation_2026-06-12_17-17-35,results/quick_v1_v2_comparison/2026-06-12_16-29-08/model_runs/pupil_only/2026-06-12_17-16-23/multiclass_table6_valence_3class_emotion-elicitation_2026-06-12_17-17-35/subject_kfold/fold_metrics.csv,Random,skf_5_P21_P23_P24,aggregated,0.5300970873786408,0.5302975436055284,0.5302929728751169,0.5302975436055284,0.5300953156577082,0.5302975436055284,0.5305323884819211,0.5300970873786408,0.5301148045879667,0.5302975436055284,16.93701770906087
pupil_only,Pupil left/right nodes with temporal graph relations only.,multiclass_table6_valence_3class,Table-6 Valence,subject_kfold,Random,Naključni,Random,results/quick_v1_v2_comparison/2026-06-12_16-29-08/model_runs/pupil_only/2026-06-12_17-16-23,results/quick_v1_v2_comparison/2026-06-12_16-29-08/model_runs/pupil_only/2026-06-12_17-16-23/multiclass_table6_valence_3class_emotion-elicitation_2026-06-12_17-17-35,results/quick_v1_v2_comparison/2026-06-12_16-29-08/model_runs/pupil_only/2026-06-12_17-16-23/multiclass_table6_valence_3class_emotion-elicitation_2026-06-12_17-17-35/subject_kfold/fold_metrics.csv,Random,skf_6_P18_P29_P7,aggregated,0.5269709543568465,0.5254531039696149,0.523783271599621,0.5254531039696149,0.517364953886693,0.5254531039696149,0.5567226600909511,0.5269709543568465,0.5348817782734435,0.5254531039696149,17.0496949641467
pupil_only,Pupil left/right nodes with temporal graph relations only.,multiclass_table6_valence_3class,Table-6 Valence,subject_kfold,Majority,Večinski,Majority,results/quick_v1_v2_comparison/2026-06-12_16-29-08/model_runs/pupil_only/2026-06-12_17-16-23,results/quick_v1_v2_comparison/2026-06-12_16-29-08/model_runs/pupil_only/2026-06-12_17-16-23/multiclass_table6_valence_3class_emotion-elicitation_2026-06-12_17-17-35,results/quick_v1_v2_comparison/2026-06-12_16-29-08/model_runs/pupil_only/2026-06-12_17-16-23/multiclass_table6_valence_3class_emotion-elicitation_2026-06-12_17-17-35/subject_kfold/fold_metrics.csv,Majority,skf_0_P1_P14_P2_P27,aggregated,0.5210674157303371,0.5,0.2605337078651685,0.5,0.3425669436749769,0.5,0.2715112517358919,0.5210674157303371,0.3570009441107203,0.5,17.26248006416987
pupil_only,Pupil left/right nodes with temporal graph relations only.,multiclass_table6_valence_3class,Table-6 Valence,subject_kfold,Majority,Večinski,Majority,results/quick_v1_v2_comparison/2026-06-12_16-29-08/model_runs/pupil_only/2026-06-12_17-16-23,results/quick_v1_v2_comparison/2026-06-12_16-29-08/model_runs/pupil_only/2026-06-12_17-16-23/multiclass_table6_valence_3class_emotion-elicitation_2026-06-12_17-17-35,results/quick_v1_v2_comparison/2026-06-12_16-29-08/model_runs/pupil_only/2026-06-12_17-16-23/multiclass_table6_valence_3class_emotion-elicitation_2026-06-12_17-17-35/subject_kfold/fold_metrics.csv,Majority,skf_1_P17_P20_P8,aggregated,0.5175097276264592,0.5,0.2587548638132296,0.5,0.341025641025641,0.5,0.2678163181880119,0.5175097276264592,0.3529681732016362,0.5,17.390712141052628
pupil_only,Pupil left/right nodes with temporal graph relations only.,multiclass_table6_valence_3class,Table-6 Valence,subject_kfold,Majority,Večinski,Majority,results/quick_v1_v2_comparison/2026-06-12_16-29-08/model_runs/pupil_only/2026-06-12_17-16-23,results/quick_v1_v2_comparison/2026-06-12_16-29-08/model_runs/pupil_only/2026-06-12_17-16-23/multiclass_table6_valence_3class_emotion-elicitation_2026-06-12_17-17-35,results/quick_v1_v2_comparison/2026-06-12_16-29-08/model_runs/pupil_only/2026-06-12_17-16-23/multiclass_table6_valence_3class_emotion-elicitation_2026-06-12_17-17-35/subject_kfold/fold_metrics.csv,Majority,skf_2_P13_P28_P30,aggregated,0.5010266940451745,0.5,0.2505133470225872,0.5,0.3337893296853625,0.5,0.2510277481458369,0.5010266940451745,0.334474728719624,0.5,17.984820890257627
pupil_only,Pupil left/right nodes with temporal graph relations only.,multiclass_table6_valence_3class,Table-6 Valence,subject_kfold,Majority,Večinski,Majority,results/quick_v1_v2_comparison/2026-06-12_16-29-08/model_runs/pupil_only/2026-06-12_17-16-23,results/quick_v1_v2_comparison/2026-06-12_16-29-08/model_runs/pupil_only/2026-06-12_17-16-23/multiclass_table6_valence_3class_emotion-elicitation_2026-06-12_17-17-35,results/quick_v1_v2_comparison/2026-06-12_16-29-08/model_runs/pupil_only/2026-06-12_17-16-23/multiclass_table6_valence_3class_emotion-elicitation_2026-06-12_17-17-35/subject_kfold/fold_metrics.csv,Majority,skf_3_P19_P22_P4,aggregated,0.4894514767932489,0.5,0.2447257383966244,0.5,0.3286118980169972,0.5,0.2395627481350923,0.4894514767932489,0.3216791575525036,0.5,18.40203400878977
pupil_only,Pupil left/right nodes with temporal graph relations only.,multiclass_table6_valence_3class,Table-6 Valence,subject_kfold,Majority,Večinski,Majority,results/quick_v1_v2_comparison/2026-06-12_16-29-08/model_runs/pupil_only/2026-06-12_17-16-23,results/quick_v1_v2_comparison/2026-06-12_16-29-08/model_runs/pupil_only/2026-06-12_17-16-23/multiclass_table6_valence_3class_emotion-elicitation_2026-06-12_17-17-35,results/quick_v1_v2_comparison/2026-06-12_16-29-08/model_runs/pupil_only/2026-06-12_17-16-23/multiclass_table6_valence_3class_emotion-elicitation_2026-06-12_17-17-35/subject_kfold/fold_metrics.csv,Majority,skf_4_P10_P16_P5,aggregated,0.5039370078740157,0.5,0.2519685039370078,0.5,0.3350785340314136,0.5,0.2539525079050158,0.5039370078740157,0.3377169476852042,0.5,17.87992254735732
pupil_only,Pupil left/right nodes with temporal graph relations only.,multiclass_table6_valence_3class,Table-6 Valence,subject_kfold,Majority,Večinski,Majority,results/quick_v1_v2_comparison/2026-06-12_16-29-08/model_runs/pupil_only/2026-06-12_17-16-23,results/quick_v1_v2_comparison/2026-06-12_16-29-08/model_runs/pupil_only/2026-06-12_17-16-23/multiclass_table6_valence_3class_emotion-elicitation_2026-06-12_17-17-35,results/quick_v1_v2_comparison/2026-06-12_16-29-08/model_runs/pupil_only/2026-06-12_17-16-23/multiclass_table6_valence_3class_emotion-elicitation_2026-06-12_17-17-35/subject_kfold/fold_metrics.csv,Majority,skf_5_P21_P23_P24,aggregated,0.4893203883495146,0.5,0.2446601941747573,0.5,0.3285528031290743,0.5,0.2394344424545197,0.4893203883495146,0.3215351704408805,0.5,18.406758915219047
pupil_only,Pupil left/right nodes with temporal graph relations only.,multiclass_table6_valence_3class,Table-6 Valence,subject_kfold,Majority,Večinski,Majority,results/quick_v1_v2_comparison/2026-06-12_16-29-08/model_runs/pupil_only/2026-06-12_17-16-23,results/quick_v1_v2_comparison/2026-06-12_16-29-08/model_runs/pupil_only/2026-06-12_17-16-23/multiclass_table6_valence_3class_emotion-elicitation_2026-06-12_17-17-35,results/quick_v1_v2_comparison/2026-06-12_16-29-08/model_runs/pupil_only/2026-06-12_17-16-23/multiclass_table6_valence_3class_emotion-elicitation_2026-06-12_17-17-35/subject_kfold/fold_metrics.csv,Majority,skf_6_P18_P29_P7,aggregated,0.6286307053941909,0.5,0.3143153526970954,0.5,0.3859872611464968,0.5,0.395176563764398,0.6286307053941909,0.4852868884953881,0.5,13.385506134132717
pupil_only,Pupil left/right nodes with temporal graph relations only.,multiclass_table6_valence_3class,Table-6 Valence,subject_kfold,SVM,SVM,SVM,results/quick_v1_v2_comparison/2026-06-12_16-29-08/model_runs/pupil_only/2026-06-12_17-16-23,results/quick_v1_v2_comparison/2026-06-12_16-29-08/model_runs/pupil_only/2026-06-12_17-16-23/multiclass_table6_valence_3class_emotion-elicitation_2026-06-12_17-17-35,results/quick_v1_v2_comparison/2026-06-12_16-29-08/model_runs/pupil_only/2026-06-12_17-16-23/multiclass_table6_valence_3class_emotion-elicitation_2026-06-12_17-17-35/subject_kfold/fold_metrics.csv,SVM,skf_0_P1_P14_P2_P27,aggregated,0.6123595505617978,0.6231711076507181,0.664554622736153,0.6231711076507181,0.5906409359064093,0.6544094979883173,0.6689285114658474,0.6123595505617978,0.5866680185913993,0.6544094979883173,0.6669598538172031
pupil_only,Pupil left/right nodes with temporal graph relations only.,multiclass_table6_valence_3class,Table-6 Valence,subject_kfold,SVM,SVM,SVM,results/quick_v1_v2_comparison/2026-06-12_16-29-08/model_runs/pupil_only/2026-06-12_17-16-23,results/quick_v1_v2_comparison/2026-06-12_16-29-08/model_runs/pupil_only/2026-06-12_17-16-23/multiclass_table6_valence_3class_emotion-elicitation_2026-06-12_17-17-35,results/quick_v1_v2_comparison/2026-06-12_16-29-08/model_runs/pupil_only/2026-06-12_17-16-23/multiclass_table6_valence_3class_emotion-elicitation_2026-06-12_17-17-35/subject_kfold/fold_metrics.csv,SVM,skf_1_P17_P20_P8,aggregated,0.6264591439688716,0.6202704341498908,0.6382229965156795,0.6202704341498908,0.6111461354179801,0.7026209677419355,0.63708455917244,0.6264591439688716,0.6138484310446081,0.7026209677419356,0.6429298780758615
pupil_only,Pupil left/right nodes with temporal graph relations only.,multiclass_table6_valence_3class,Table-6 Valence,subject_kfold,SVM,SVM,SVM,results/quick_v1_v2_comparison/2026-06-12_16-29-08/model_runs/pupil_only/2026-06-12_17-16-23,results/quick_v1_v2_comparison/2026-06-12_16-29-08/model_runs/pupil_only/2026-06-12_17-16-23/multiclass_table6_valence_3class_emotion-elicitation_2026-06-12_17-17-35,results/quick_v1_v2_comparison/2026-06-12_16-29-08/model_runs/pupil_only/2026-06-12_17-16-23/multiclass_table6_valence_3class_emotion-elicitation_2026-06-12_17-17-35/subject_kfold/fold_metrics.csv,SVM,skf_2_P13_P28_P30,aggregated,0.6386036960985626,0.6387792619577684,0.6429303456661456,0.6387792619577684,0.6360239162929746,0.672434729811779,0.6429824739741887,0.6386036960985626,0.6359609948343017,0.672434729811779,0.6412988725695397
pupil_only,Pupil left/right nodes with temporal graph relations only.,multiclass_table6_valence_3class,Table-6 Valence,subject_kfold,SVM,SVM,SVM,results/quick_v1_v2_comparison/2026-06-12_16-29-08/model_runs/pupil_only/2026-06-12_17-16-23,results/quick_v1_v2_comparison/2026-06-12_16-29-08/model_runs/pupil_only/2026-06-12_17-16-23/multiclass_table6_valence_3class_emotion-elicitation_2026-06-12_17-17-35,results/quick_v1_v2_comparison/2026-06-12_16-29-08/model_runs/pupil_only/2026-06-12_17-16-23/multiclass_table6_valence_3class_emotion-elicitation_2026-06-12_17-17-35/subject_kfold/fold_metrics.csv,SVM,skf_3_P19_P22_P4,aggregated,0.6518987341772152,0.6521444856084355,0.6521201004398696,0.6521444856084355,0.6518971848225215,0.6928434026788259,0.6523968082681877,0.6518987341772152,0.6519126783694591,0.6928434026788258,0.637608634251025
pupil_only,Pupil left/right nodes with temporal graph relations only.,multiclass_table6_valence_3class,Table-6 Valence,subject_kfold,SVM,SVM,SVM,results/quick_v1_v2_comparison/2026-06-12_16-29-08/model_runs/pupil_only/2026-06-12_17-16-23,results/quick_v1_v2_comparison/2026-06-12_16-29-08/model_runs/pupil_only/2026-06-12_17-16-23/multiclass_table6_valence_3class_emotion-elicitation_2026-06-12_17-17-35,results/quick_v1_v2_comparison/2026-06-12_16-29-08/model_runs/pupil_only/2026-06-12_17-16-23/multiclass_table6_valence_3class_emotion-elicitation_2026-06-12_17-17-35/subject_kfold/fold_metrics.csv,SVM,skf_4_P10_P16_P5,aggregated,0.5984251968503937,0.5981522817460317,0.5986415752741774,0.5981522817460317,0.5978017883755589,0.6583581349206349,0.5986175332270903,0.5984251968503937,0.5979264700705259,0.6583581349206349,0.6556531316023114
pupil_only,Pupil left/right nodes with temporal graph relations only.,multiclass_table6_valence_3class,Table-6 Valence,subject_kfold,SVM,SVM,SVM,results/quick_v1_v2_comparison/2026-06-12_16-29-08/model_runs/pupil_only/2026-06-12_17-16-23,results/quick_v1_v2_comparison/2026-06-12_16-29-08/model_runs/pupil_only/2026-06-12_17-16-23/multiclass_table6_valence_3class_emotion-elicitation_2026-06-12_17-17-35,results/quick_v1_v2_comparison/2026-06-12_16-29-08/model_runs/pupil_only/2026-06-12_17-16-23/multiclass_table6_valence_3class_emotion-elicitation_2026-06-12_17-17-35/subject_kfold/fold_metrics.csv,SVM,skf_5_P21_P23_P24,aggregated,0.5611650485436893,0.5657779588387953,0.5805882135462881,0.5657779588387953,0.54213217938631,0.5981501599372322,0.5815549774151957,0.5611650485436893,0.5401382597602988,0.5981501599372322,0.721082387414878
pupil_only,Pupil left/right nodes with temporal graph relations only.,multiclass_table6_valence_3class,Table-6 Valence,subject_kfold,SVM,SVM,SVM,results/quick_v1_v2_comparison/2026-06-12_16-29-08/model_runs/pupil_only/2026-06-12_17-16-23,results/quick_v1_v2_comparison/2026-06-12_16-29-08/model_runs/pupil_only/2026-06-12_17-16-23/multiclass_table6_valence_3class_emotion-elicitation_2026-06-12_17-17-35,results/quick_v1_v2_comparison/2026-06-12_16-29-08/model_runs/pupil_only/2026-06-12_17-16-23/multiclass_table6_valence_3class_emotion-elicitation_2026-06-12_17-17-35/subject_kfold/fold_metrics.csv,SVM,skf_6_P18_P29_P7,aggregated,0.6556016597510373,0.6186182864096466,0.6260852523272906,0.6186182864096466,0.620810585380649,0.6764939063738776,0.6478711720924369,0.6556016597510373,0.6503591690924856,0.6764939063738776,0.6219063208810469
pupil_only,Pupil left/right nodes with temporal graph relations only.,multiclass_table6_valence_3class,Table-6 Valence,subject_kfold,LightGBM,LightGBM,LightGBM,results/quick_v1_v2_comparison/2026-06-12_16-29-08/model_runs/pupil_only/2026-06-12_17-16-23,results/quick_v1_v2_comparison/2026-06-12_16-29-08/model_runs/pupil_only/2026-06-12_17-16-23/multiclass_table6_valence_3class_emotion-elicitation_2026-06-12_17-17-35,results/quick_v1_v2_comparison/2026-06-12_16-29-08/model_runs/pupil_only/2026-06-12_17-16-23/multiclass_table6_valence_3class_emotion-elicitation_2026-06-12_17-17-35/subject_kfold/fold_metrics.csv,LightGBM,skf_0_P1_P14_P2_P27,aggregated,0.5800561797752809,0.5905138683592731,0.6187124196558158,0.5905138683592731,0.5580146284850611,0.6327987289642798,0.6220448541282757,0.5800561797752809,0.5538558452227555,0.6327987289642799,0.6975080857582792
pupil_only,Pupil left/right nodes with temporal graph relations only.,multiclass_table6_valence_3class,Table-6 Valence,subject_kfold,LightGBM,LightGBM,LightGBM,results/quick_v1_v2_comparison/2026-06-12_16-29-08/model_runs/pupil_only/2026-06-12_17-16-23,results/quick_v1_v2_comparison/2026-06-12_16-29-08/model_runs/pupil_only/2026-06-12_17-16-23/multiclass_table6_valence_3class_emotion-elicitation_2026-06-12_17-17-35,results/quick_v1_v2_comparison/2026-06-12_16-29-08/model_runs/pupil_only/2026-06-12_17-16-23/multiclass_table6_valence_3class_emotion-elicitation_2026-06-12_17-17-35/subject_kfold/fold_metrics.csv,LightGBM,skf_1_P17_P20_P8,aggregated,0.6478599221789884,0.6443578704826582,0.6508402895474632,0.6443578704826582,0.6424890576304534,0.7213421658986174,0.6503435616527175,0.6478599221789884,0.6440235903586061,0.7213421658986173,0.6261302956080055
pupil_only,Pupil left/right nodes with temporal graph relations only.,multiclass_table6_valence_3class,Table-6 Valence,subject_kfold,LightGBM,LightGBM,LightGBM,results/quick_v1_v2_comparison/2026-06-12_16-29-08/model_runs/pupil_only/2026-06-12_17-16-23,results/quick_v1_v2_comparison/2026-06-12_16-29-08/model_runs/pupil_only/2026-06-12_17-16-23/multiclass_table6_valence_3class_emotion-elicitation_2026-06-12_17-17-35,results/quick_v1_v2_comparison/2026-06-12_16-29-08/model_runs/pupil_only/2026-06-12_17-16-23/multiclass_table6_valence_3class_emotion-elicitation_2026-06-12_17-17-35/subject_kfold/fold_metrics.csv,LightGBM,skf_2_P13_P28_P30,aggregated,0.6550308008213552,0.6553160628752615,0.6682439345220696,0.6553160628752615,0.6483754512635379,0.7038723605208121,0.6683418095865193,0.6550308008213552,0.6482761176880482,0.7038723605208121,0.6260614930385433
pupil_only,Pupil left/right nodes with temporal graph relations only.,multiclass_table6_valence_3class,Table-6 Valence,subject_kfold,LightGBM,LightGBM,LightGBM,results/quick_v1_v2_comparison/2026-06-12_16-29-08/model_runs/pupil_only/2026-06-12_17-16-23,results/quick_v1_v2_comparison/2026-06-12_16-29-08/model_runs/pupil_only/2026-06-12_17-16-23/multiclass_table6_valence_3class_emotion-elicitation_2026-06-12_17-17-35,results/quick_v1_v2_comparison/2026-06-12_16-29-08/model_runs/pupil_only/2026-06-12_17-16-23/multiclass_table6_valence_3class_emotion-elicitation_2026-06-12_17-17-35/subject_kfold/fold_metrics.csv,LightGBM,skf_3_P19_P22_P4,aggregated,0.6350210970464135,0.6361499002564833,0.6374993254546435,0.6361499002564833,0.6344337204377772,0.7100491593046452,0.6380156230396915,0.6350210970464135,0.6341245748542844,0.7100491593046452,0.618792104449618
pupil_only,Pupil left/right nodes with temporal graph relations only.,multiclass_table6_valence_3class,Table-6 Valence,subject_kfold,LightGBM,LightGBM,LightGBM,results/quick_v1_v2_comparison/2026-06-12_16-29-08/model_runs/pupil_only/2026-06-12_17-16-23,results/quick_v1_v2_comparison/2026-06-12_16-29-08/model_runs/pupil_only/2026-06-12_17-16-23/multiclass_table6_valence_3class_emotion-elicitation_2026-06-12_17-17-35,results/quick_v1_v2_comparison/2026-06-12_16-29-08/model_runs/pupil_only/2026-06-12_17-16-23/multiclass_table6_valence_3class_emotion-elicitation_2026-06-12_17-17-35/subject_kfold/fold_metrics.csv,LightGBM,skf_4_P10_P16_P5,aggregated,0.65748031496063,0.6574280753968254,0.6574573643410853,0.6574280753968254,0.6574325267025284,0.7073955233134921,0.6574688396508576,0.65748031496063,0.6574643855412627,0.7073955233134921,0.6315474527289913
pupil_only,Pupil left/right nodes with temporal graph relations only.,multiclass_table6_valence_3class,Table-6 Valence,subject_kfold,LightGBM,LightGBM,LightGBM,results/quick_v1_v2_comparison/2026-06-12_16-29-08/model_runs/pupil_only/2026-06-12_17-16-23,results/quick_v1_v2_comparison/2026-06-12_16-29-08/model_runs/pupil_only/2026-06-12_17-16-23/multiclass_table6_valence_3class_emotion-elicitation_2026-06-12_17-17-35,results/quick_v1_v2_comparison/2026-06-12_16-29-08/model_runs/pupil_only/2026-06-12_17-16-23/multiclass_table6_valence_3class_emotion-elicitation_2026-06-12_17-17-35/subject_kfold/fold_metrics.csv,LightGBM,skf_5_P21_P23_P24,aggregated,0.570873786407767,0.5749517170619832,0.587455985915493,0.5749517170619832,0.5567278519712885,0.646086064337015,0.5883913920415698,0.570873786407767,0.5550364902451879,0.646086064337015,0.729271223468889
pupil_only,Pupil left/right nodes with temporal graph relations only.,multiclass_table6_valence_3class,Table-6 Valence,subject_kfold,LightGBM,LightGBM,LightGBM,results/quick_v1_v2_comparison/2026-06-12_16-29-08/model_runs/pupil_only/2026-06-12_17-16-23,results/quick_v1_v2_comparison/2026-06-12_16-29-08/model_runs/pupil_only/2026-06-12_17-16-23/multiclass_table6_valence_3class_emotion-elicitation_2026-06-12_17-17-35,results/quick_v1_v2_comparison/2026-06-12_16-29-08/model_runs/pupil_only/2026-06-12_17-16-23/multiclass_table6_valence_3class_emotion-elicitation_2026-06-12_17-17-35/subject_kfold/fold_metrics.csv,LightGBM,skf_6_P18_P29_P7,aggregated,0.6680497925311203,0.6330918008001918,0.6405553283875616,0.6330918008001918,0.6355180823109061,0.6902667920423328,0.6613438256668377,0.6680497925311203,0.6635314994449796,0.6902667920423328,0.6156383199428435
pupil_only,Pupil left/right nodes with temporal graph relations only.,multiclass_table6_valence_3class,Table-6 Valence,subject_kfold,MLP,MLP,MLP,results/quick_v1_v2_comparison/2026-06-12_16-29-08/model_runs/pupil_only/2026-06-12_17-16-23,results/quick_v1_v2_comparison/2026-06-12_16-29-08/model_runs/pupil_only/2026-06-12_17-16-23/multiclass_table6_valence_3class_emotion-elicitation_2026-06-12_17-17-35,results/quick_v1_v2_comparison/2026-06-12_16-29-08/model_runs/pupil_only/2026-06-12_17-16-23/multiclass_table6_valence_3class_emotion-elicitation_2026-06-12_17-17-35/subject_kfold/fold_metrics.csv,MLP,skf_0_P1_P14_P2_P27,aggregated,0.5786516853932584,0.5940273968271534,0.6960139733386063,0.5940273968271534,0.5236183594272715,0.7018203950644608,0.7028639123237432,0.5786516853932584,0.5167960462909922,0.7018203950644608,0.6951854412040229
pupil_only,Pupil left/right nodes with temporal graph relations only.,multiclass_table6_valence_3class,Table-6 Valence,subject_kfold,MLP,MLP,MLP,results/quick_v1_v2_comparison/2026-06-12_16-29-08/model_runs/pupil_only/2026-06-12_17-16-23,results/quick_v1_v2_comparison/2026-06-12_16-29-08/model_runs/pupil_only/2026-06-12_17-16-23/multiclass_table6_valence_3class_emotion-elicitation_2026-06-12_17-17-35,results/quick_v1_v2_comparison/2026-06-12_16-29-08/model_runs/pupil_only/2026-06-12_17-16-23/multiclass_table6_valence_3class_emotion-elicitation_2026-06-12_17-17-35/subject_kfold/fold_metrics.csv,MLP,skf_1_P17_P20_P8,aggregated,0.6400778210116731,0.6349290565122483,0.6484365880096723,0.6349290565122483,0.6294622155891625,0.7096471016250303,0.6474721148945185,0.6400778210116731,0.6316585477455441,0.7096471016250303,0.6322586295416421
pupil_only,Pupil left/right nodes with temporal graph relations only.,multiclass_table6_valence_3class,Table-6 Valence,subject_kfold,MLP,MLP,MLP,results/quick_v1_v2_comparison/2026-06-12_16-29-08/model_runs/pupil_only/2026-06-12_17-16-23,results/quick_v1_v2_comparison/2026-06-12_16-29-08/model_runs/pupil_only/2026-06-12_17-16-23/multiclass_table6_valence_3class_emotion-elicitation_2026-06-12_17-17-35,results/quick_v1_v2_comparison/2026-06-12_16-29-08/model_runs/pupil_only/2026-06-12_17-16-23/multiclass_table6_valence_3class_emotion-elicitation_2026-06-12_17-17-35/subject_kfold/fold_metrics.csv,MLP,skf_2_P13_P28_P30,aggregated,0.6119096509240246,0.612055589286919,0.6143506247633472,0.612055589286919,0.6100087707033087,0.6489071038251366,0.6143860011958011,0.6119096509240246,0.6099528624615229,0.6489071038251366,0.7107309722000258
pupil_only,Pupil left/right nodes with temporal graph relations only.,multiclass_table6_valence_3class,Table-6 Valence,subject_kfold,MLP,MLP,MLP,results/quick_v1_v2_comparison/2026-06-12_16-29-08/model_runs/pupil_only/2026-06-12_17-16-23,results/quick_v1_v2_comparison/2026-06-12_16-29-08/model_runs/pupil_only/2026-06-12_17-16-23/multiclass_table6_valence_3class_emotion-elicitation_2026-06-12_17-17-35,results/quick_v1_v2_comparison/2026-06-12_16-29-08/model_runs/pupil_only/2026-06-12_17-16-23/multiclass_table6_valence_3class_emotion-elicitation_2026-06-12_17-17-35/subject_kfold/fold_metrics.csv,MLP,skf_3_P19_P22_P4,aggregated,0.6392405063291139,0.6393915645483044,0.6393394462743702,0.6393915645483044,0.6392260545607499,0.6956754060986036,0.6395867961375108,0.6392405063291139,0.6392742271219632,0.6956754060986036,0.6290573002681225
pupil_only,Pupil left/right nodes with temporal graph relations only.,multiclass_table6_valence_3class,Table-6 Valence,subject_kfold,MLP,MLP,MLP,results/quick_v1_v2_comparison/2026-06-12_16-29-08/model_runs/pupil_only/2026-06-12_17-16-23,results/quick_v1_v2_comparison/2026-06-12_16-29-08/model_runs/pupil_only/2026-06-12_17-16-23/multiclass_table6_valence_3class_emotion-elicitation_2026-06-12_17-17-35,results/quick_v1_v2_comparison/2026-06-12_16-29-08/model_runs/pupil_only/2026-06-12_17-16-23/multiclass_table6_valence_3class_emotion-elicitation_2026-06-12_17-17-35/subject_kfold/fold_metrics.csv,MLP,skf_4_P10_P16_P5,aggregated,0.6279527559055118,0.6275731646825398,0.6288131348703261,0.6275731646825398,0.626898789515612,0.6379588293650793,0.6287443045531408,0.6279527559055118,0.627054932684486,0.6379588293650792,0.6621414110089039
pupil_only,Pupil left/right nodes with temporal graph relations only.,multiclass_table6_valence_3class,Table-6 Valence,subject_kfold,MLP,MLP,MLP,results/quick_v1_v2_comparison/2026-06-12_16-29-08/model_runs/pupil_only/2026-06-12_17-16-23,results/quick_v1_v2_comparison/2026-06-12_16-29-08/model_runs/pupil_only/2026-06-12_17-16-23/multiclass_table6_valence_3class_emotion-elicitation_2026-06-12_17-17-35,results/quick_v1_v2_comparison/2026-06-12_16-29-08/model_runs/pupil_only/2026-06-12_17-16-23/multiclass_table6_valence_3class_emotion-elicitation_2026-06-12_17-17-35/subject_kfold/fold_metrics.csv,MLP,skf_5_P21_P23_P24,aggregated,0.5611650485436893,0.5642842054439012,0.5701247613404438,0.5642842054439012,0.5531436206155169,0.628477880379021,0.5707862166475867,0.5611650485436893,0.5518648422501561,0.628477880379021,0.7277288698985952
pupil_only,Pupil left/right nodes with temporal graph relations only.,multiclass_table6_valence_3class,Table-6 Valence,subject_kfold,MLP,MLP,MLP,results/quick_v1_v2_comparison/2026-06-12_16-29-08/model_runs/pupil_only/2026-06-12_17-16-23,results/quick_v1_v2_comparison/2026-06-12_16-29-08/model_runs/pupil_only/2026-06-12_17-16-23/multiclass_table6_valence_3class_emotion-elicitation_2026-06-12_17-17-35,results/quick_v1_v2_comparison/2026-06-12_16-29-08/model_runs/pupil_only/2026-06-12_17-16-23/multiclass_table6_valence_3class_emotion-elicitation_2026-06-12_17-17-35/subject_kfold/fold_metrics.csv,MLP,skf_6_P18_P29_P7,aggregated,0.6804979253112033,0.6349908733890149,0.6535646118673575,0.6349908733890149,0.6386665887804973,0.7121153456127736,0.6699358416077343,0.6804979253112033,0.6702951603037142,0.7121153456127736,0.6038455669718553
pupil_only,Pupil left/right nodes with temporal graph relations only.,multiclass_table6_valence_3class,Table-6 Valence,subject_kfold,MOMENT_pupil,MOMENT,MOMENT_pupil,results/quick_v1_v2_comparison/2026-06-12_16-29-08/model_runs/pupil_only/2026-06-12_17-16-23,results/quick_v1_v2_comparison/2026-06-12_16-29-08/model_runs/pupil_only/2026-06-12_17-16-23/multiclass_table6_valence_3class_emotion-elicitation_2026-06-12_17-17-35,results/quick_v1_v2_comparison/2026-06-12_16-29-08/model_runs/pupil_only/2026-06-12_17-16-23/multiclass_table6_valence_3class_emotion-elicitation_2026-06-12_17-17-35/subject_kfold/fold_metrics.csv,MOMENT_pupil,skf_0_P1_P14_P2_P27,aggregated,0.6348314606741573,0.6384504114266744,0.6418408415460737,0.6384504114266744,0.633556356150283,0.6741785299302037,0.6436854154597359,0.6348314606741573,0.6326455672046586,0.6741785299302037,0.6703242247983643
pupil_only,Pupil left/right nodes with temporal graph relations only.,multiclass_table6_valence_3class,Table-6 Valence,subject_kfold,MOMENT_pupil,MOMENT,MOMENT_pupil,results/quick_v1_v2_comparison/2026-06-12_16-29-08/model_runs/pupil_only/2026-06-12_17-16-23,results/quick_v1_v2_comparison/2026-06-12_16-29-08/model_runs/pupil_only/2026-06-12_17-16-23/multiclass_table6_valence_3class_emotion-elicitation_2026-06-12_17-17-35,results/quick_v1_v2_comparison/2026-06-12_16-29-08/model_runs/pupil_only/2026-06-12_17-16-23/multiclass_table6_valence_3class_emotion-elicitation_2026-06-12_17-17-35/subject_kfold/fold_metrics.csv,MOMENT_pupil,skf_1_P17_P20_P8,aggregated,0.6070038910505836,0.600791292747999,0.615836236933798,0.600791292747999,0.5908933299709999,0.6707342954159592,0.6149814937838095,0.6070038910505836,0.5937363701615147,0.6707342954159592,0.6626138647850341
pupil_only,Pupil left/right nodes with temporal graph relations only.,multiclass_table6_valence_3class,Table-6 Valence,subject_kfold,MOMENT_pupil,MOMENT,MOMENT_pupil,results/quick_v1_v2_comparison/2026-06-12_16-29-08/model_runs/pupil_only/2026-06-12_17-16-23,results/quick_v1_v2_comparison/2026-06-12_16-29-08/model_runs/pupil_only/2026-06-12_17-16-23/multiclass_table6_valence_3class_emotion-elicitation_2026-06-12_17-17-35,results/quick_v1_v2_comparison/2026-06-12_16-29-08/model_runs/pupil_only/2026-06-12_17-16-23/multiclass_table6_valence_3class_emotion-elicitation_2026-06-12_17-17-35/subject_kfold/fold_metrics.csv,MOMENT_pupil,skf_2_P13_P28_P30,aggregated,0.6180698151950719,0.6182115631113809,0.6204916623689187,0.6182115631113809,0.6163080311758726,0.6637151723672672,0.6205278093416627,0.6180698151950719,0.6162546437813514,0.6637151723672672,0.6500001034710614
pupil_only,Pupil left/right nodes with temporal graph relations only.,multiclass_table6_valence_3class,Table-6 Valence,subject_kfold,MOMENT_pupil,MOMENT,MOMENT_pupil,results/quick_v1_v2_comparison/2026-06-12_16-29-08/model_runs/pupil_only/2026-06-12_17-16-23,results/quick_v1_v2_comparison/2026-06-12_16-29-08/model_runs/pupil_only/2026-06-12_17-16-23/multiclass_table6_valence_3class_emotion-elicitation_2026-06-12_17-17-35,results/quick_v1_v2_comparison/2026-06-12_16-29-08/model_runs/pupil_only/2026-06-12_17-16-23/multiclass_table6_valence_3class_emotion-elicitation_2026-06-12_17-17-35/subject_kfold/fold_metrics.csv,MOMENT_pupil,skf_3_P19_P22_P4,aggregated,0.5843881856540084,0.5844257623254487,0.5843881856540084,0.5844257623254487,0.5843419348233482,0.6351346537475064,0.5846107283376951,0.5843881856540084,0.5844344364846686,0.6351346537475064,0.6849958003593312
pupil_only,Pupil left/right nodes with temporal graph relations only.,multiclass_table6_valence_3class,Table-6 Valence,subject_kfold,MOMENT_pupil,MOMENT,MOMENT_pupil,results/quick_v1_v2_comparison/2026-06-12_16-29-08/model_runs/pupil_only/2026-06-12_17-16-23,results/quick_v1_v2_comparison/2026-06-12_16-29-08/model_runs/pupil_only/2026-06-12_17-16-23/multiclass_table6_valence_3class_emotion-elicitation_2026-06-12_17-17-35,results/quick_v1_v2_comparison/2026-06-12_16-29-08/model_runs/pupil_only/2026-06-12_17-16-23/multiclass_table6_valence_3class_emotion-elicitation_2026-06-12_17-17-35/subject_kfold/fold_metrics.csv,MOMENT_pupil,skf_4_P10_P16_P5,aggregated,0.5610236220472441,0.5611359126984127,0.561178587494377,0.5611359126984127,0.5609810920054721,0.5940910218253967,0.5612228633364149,0.5610236220472441,0.5609470679720543,0.5940910218253967,0.745680596617664
pupil_only,Pupil left/right nodes with temporal graph relations only.,multiclass_table6_valence_3class,Table-6 Valence,subject_kfold,MOMENT_pupil,MOMENT,MOMENT_pupil,results/quick_v1_v2_comparison/2026-06-12_16-29-08/model_runs/pupil_only/2026-06-12_17-16-23,results/quick_v1_v2_comparison/2026-06-12_16-29-08/model_runs/pupil_only/2026-06-12_17-16-23/multiclass_table6_valence_3class_emotion-elicitation_2026-06-12_17-17-35,results/quick_v1_v2_comparison/2026-06-12_16-29-08/model_runs/pupil_only/2026-06-12_17-16-23/multiclass_table6_valence_3class_emotion-elicitation_2026-06-12_17-17-35/subject_kfold/fold_metrics.csv,MOMENT_pupil,skf_5_P21_P23_P24,aggregated,0.6077669902912621,0.6063431709819542,0.6083540878762721,0.6063431709819542,0.605265154964636,0.628538234051542,0.6082631290954958,0.6077669902912621,0.6059363790766575,0.6285382340515421,0.6616935652857621
pupil_only,Pupil left/right nodes with temporal graph relations only.,multiclass_table6_valence_3class,Table-6 Valence,subject_kfold,MOMENT_pupil,MOMENT,MOMENT_pupil,results/quick_v1_v2_comparison/2026-06-12_16-29-08/model_runs/pupil_only/2026-06-12_17-16-23,results/quick_v1_v2_comparison/2026-06-12_16-29-08/model_runs/pupil_only/2026-06-12_17-16-23/multiclass_table6_valence_3class_emotion-elicitation_2026-06-12_17-17-35,results/quick_v1_v2_comparison/2026-06-12_16-29-08/model_runs/pupil_only/2026-06-12_17-16-23/multiclass_table6_valence_3class_emotion-elicitation_2026-06-12_17-17-35/subject_kfold/fold_metrics.csv,MOMENT_pupil,skf_6_P18_P29_P7,aggregated,0.6203319502074689,0.6305750686800524,0.6219520595123296,0.6305750686800524,0.6145567048150916,0.673783579475266,0.6554343184794496,0.6203319502074689,0.6266945086905965,0.6737835794752659,0.6664736092832085
pupil_only,Pupil left/right nodes with temporal graph relations only.,multiclass_table6_valence_3class,Table-6 Valence,subject_kfold,BasicGCN,GCN,BasicGCN,results/quick_v1_v2_comparison/2026-06-12_16-29-08/model_runs/pupil_only/2026-06-12_17-16-23,results/quick_v1_v2_comparison/2026-06-12_16-29-08/model_runs/pupil_only/2026-06-12_17-16-23/multiclass_table6_valence_3class_emotion-elicitation_2026-06-12_17-17-35,results/quick_v1_v2_comparison/2026-06-12_16-29-08/model_runs/pupil_only/2026-06-12_17-16-23/multiclass_table6_valence_3class_emotion-elicitation_2026-06-12_17-17-35/subject_kfold/fold_metrics.csv,BasicGCN,skf_0_P1_P14_P2_P27,aggregated,0.5912921348314607,0.6074610112954605,0.7525261906530947,0.6074610112954605,0.5311538992439792,0.7551991526428532,0.761483638198741,0.5912921348314607,0.5240788127042755,0.7551991526428533,0.6673826376597086
pupil_only,Pupil left/right nodes with temporal graph relations only.,multiclass_table6_valence_3class,Table-6 Valence,subject_kfold,BasicGCN,GCN,BasicGCN,results/quick_v1_v2_comparison/2026-06-12_16-29-08/model_runs/pupil_only/2026-06-12_17-16-23,results/quick_v1_v2_comparison/2026-06-12_16-29-08/model_runs/pupil_only/2026-06-12_17-16-23/multiclass_table6_valence_3class_emotion-elicitation_2026-06-12_17-17-35,results/quick_v1_v2_comparison/2026-06-12_16-29-08/model_runs/pupil_only/2026-06-12_17-16-23/multiclass_table6_valence_3class_emotion-elicitation_2026-06-12_17-17-35/subject_kfold/fold_metrics.csv,BasicGCN,skf_1_P17_P20_P8,aggregated,0.622568093385214,0.6143281591074461,0.6481146897093479,0.6143281591074461,0.5959184996677095,0.6873332524860538,0.6462454265636797,0.622568093385214,0.5995525351746419,0.6873332524860539,0.6468481222788492
pupil_only,Pupil left/right nodes with temporal graph relations only.,multiclass_table6_valence_3class,Table-6 Valence,subject_kfold,BasicGCN,GCN,BasicGCN,results/quick_v1_v2_comparison/2026-06-12_16-29-08/model_runs/pupil_only/2026-06-12_17-16-23,results/quick_v1_v2_comparison/2026-06-12_16-29-08/model_runs/pupil_only/2026-06-12_17-16-23/multiclass_table6_valence_3class_emotion-elicitation_2026-06-12_17-17-35,results/quick_v1_v2_comparison/2026-06-12_16-29-08/model_runs/pupil_only/2026-06-12_17-16-23/multiclass_table6_valence_3class_emotion-elicitation_2026-06-12_17-17-35/subject_kfold/fold_metrics.csv,BasicGCN,skf_2_P13_P28_P30,aggregated,0.6098562628336756,0.61059670781893,0.7301523234592167,0.61059670781893,0.5520082887907661,0.6847635431424137,0.7304950472786625,0.6098562628336756,0.5516777289390923,0.6847635431424138,0.6591780185699463
pupil_only,Pupil left/right nodes with temporal graph relations only.,multiclass_table6_valence_3class,Table-6 Valence,subject_kfold,BasicGCN,GCN,BasicGCN,results/quick_v1_v2_comparison/2026-06-12_16-29-08/model_runs/pupil_only/2026-06-12_17-16-23,results/quick_v1_v2_comparison/2026-06-12_16-29-08/model_runs/pupil_only/2026-06-12_17-16-23/multiclass_table6_valence_3class_emotion-elicitation_2026-06-12_17-17-35,results/quick_v1_v2_comparison/2026-06-12_16-29-08/model_runs/pupil_only/2026-06-12_17-16-23/multiclass_table6_valence_3class_emotion-elicitation_2026-06-12_17-17-35/subject_kfold/fold_metrics.csv,BasicGCN,skf_3_P19_P22_P4,aggregated,0.6075949367088608,0.6077764320319179,0.6077457264957264,0.6077764320319179,0.607587950434411,0.6771337988030779,0.6079970428071693,0.6075949367088608,0.6076228818066596,0.6771337988030779,0.6433508694171906
pupil_only,Pupil left/right nodes with temporal graph relations only.,multiclass_table6_valence_3class,Table-6 Valence,subject_kfold,BasicGCN,GCN,BasicGCN,results/quick_v1_v2_comparison/2026-06-12_16-29-08/model_runs/pupil_only/2026-06-12_17-16-23,results/quick_v1_v2_comparison/2026-06-12_16-29-08/model_runs/pupil_only/2026-06-12_17-16-23/multiclass_table6_valence_3class_emotion-elicitation_2026-06-12_17-17-35,results/quick_v1_v2_comparison/2026-06-12_16-29-08/model_runs/pupil_only/2026-06-12_17-16-23/multiclass_table6_valence_3class_emotion-elicitation_2026-06-12_17-17-35/subject_kfold/fold_metrics.csv,BasicGCN,skf_4_P10_P16_P5,aggregated,0.6535433070866141,0.6538008432539683,0.6544039838157485,0.6538008432539683,0.6532799726992105,0.6493365575396826,0.6545115684068903,0.6535433070866141,0.6532047343028093,0.6493365575396826,0.6535555422306061
pupil_only,Pupil left/right nodes with temporal graph relations only.,multiclass_table6_valence_3class,Table-6 Valence,subject_kfold,BasicGCN,GCN,BasicGCN,results/quick_v1_v2_comparison/2026-06-12_16-29-08/model_runs/pupil_only/2026-06-12_17-16-23,results/quick_v1_v2_comparison/2026-06-12_16-29-08/model_runs/pupil_only/2026-06-12_17-16-23/multiclass_table6_valence_3class_emotion-elicitation_2026-06-12_17-17-35,results/quick_v1_v2_comparison/2026-06-12_16-29-08/model_runs/pupil_only/2026-06-12_17-16-23/multiclass_table6_valence_3class_emotion-elicitation_2026-06-12_17-17-35/subject_kfold/fold_metrics.csv,BasicGCN,skf_5_P21_P23_P24,aggregated,0.5495145631067961,0.5523794435391394,0.5563427143181745,0.5523794435391394,0.5426707903359157,0.5869998189389825,0.5568909600358763,0.5495145631067961,0.5414758458838572,0.5869998189389823,0.8415259122848511
pupil_only,Pupil left/right nodes with temporal graph relations only.,multiclass_table6_valence_3class,Table-6 Valence,subject_kfold,BasicGCN,GCN,BasicGCN,results/quick_v1_v2_comparison/2026-06-12_16-29-08/model_runs/pupil_only/2026-06-12_17-16-23,results/quick_v1_v2_comparison/2026-06-12_16-29-08/model_runs/pupil_only/2026-06-12_17-16-23/multiclass_table6_valence_3class_emotion-elicitation_2026-06-12_17-17-35,results/quick_v1_v2_comparison/2026-06-12_16-29-08/model_runs/pupil_only/2026-06-12_17-16-23/multiclass_table6_valence_3class_emotion-elicitation_2026-06-12_17-17-35/subject_kfold/fold_metrics.csv,BasicGCN,skf_6_P18_P29_P7,aggregated,0.6390041493775933,0.6008444419860981,0.6071925526702597,0.6008444419860981,0.6025363967242948,0.6820804985526486,0.6306725407161488,0.6390041493775933,0.6335090085668224,0.6820804985526485,0.6191310286521912
pupil_only,Pupil left/right nodes with temporal graph relations only.,multiclass_table6_valence_3class,Table-6 Valence,subject_kfold,HeteroGCNMean,HeteroGCN-mean,HeteroGCNMean,results/quick_v1_v2_comparison/2026-06-12_16-29-08/model_runs/pupil_only/2026-06-12_17-16-23,results/quick_v1_v2_comparison/2026-06-12_16-29-08/model_runs/pupil_only/2026-06-12_17-16-23/multiclass_table6_valence_3class_emotion-elicitation_2026-06-12_17-17-35,results/quick_v1_v2_comparison/2026-06-12_16-29-08/model_runs/pupil_only/2026-06-12_17-16-23/multiclass_table6_valence_3class_emotion-elicitation_2026-06-12_17-17-35/subject_kfold/fold_metrics.csv,HeteroGCNMean,skf_0_P1_P14_P2_P27,aggregated,0.5688202247191011,0.5860162357423465,0.748492875411034,0.5860162357423465,0.4945041221974261,0.6879322746638632,0.7578508259679054,0.5688202247191011,0.4863375175247145,0.6879322746638632,0.6744914650917053
pupil_only,Pupil left/right nodes with temporal graph relations only.,multiclass_table6_valence_3class,Table-6 Valence,subject_kfold,HeteroGCNMean,HeteroGCN-mean,HeteroGCNMean,results/quick_v1_v2_comparison/2026-06-12_16-29-08/model_runs/pupil_only/2026-06-12_17-16-23,results/quick_v1_v2_comparison/2026-06-12_16-29-08/model_runs/pupil_only/2026-06-12_17-16-23/multiclass_table6_valence_3class_emotion-elicitation_2026-06-12_17-17-35,results/quick_v1_v2_comparison/2026-06-12_16-29-08/model_runs/pupil_only/2026-06-12_17-16-23/multiclass_table6_valence_3class_emotion-elicitation_2026-06-12_17-17-35/subject_kfold/fold_metrics.csv,HeteroGCNMean,skf_1_P17_P20_P8,aggregated,0.5583657587548638,0.5462951734174145,0.5888694893059799,0.5462951734174145,0.4909936438552177,0.6469045597865632,0.5873271658511482,0.5583657587548638,0.4974786602626703,0.6469045597865631,0.6718765497207642
pupil_only,Pupil left/right nodes with temporal graph relations only.,multiclass_table6_valence_3class,Table-6 Valence,subject_kfold,HeteroGCNMean,HeteroGCN-mean,HeteroGCNMean,results/quick_v1_v2_comparison/2026-06-12_16-29-08/model_runs/pupil_only/2026-06-12_17-16-23,results/quick_v1_v2_comparison/2026-06-12_16-29-08/model_runs/pupil_only/2026-06-12_17-16-23/multiclass_table6_valence_3class_emotion-elicitation_2026-06-12_17-17-35,results/quick_v1_v2_comparison/2026-06-12_16-29-08/model_runs/pupil_only/2026-06-12_17-16-23/multiclass_table6_valence_3class_emotion-elicitation_2026-06-12_17-17-35/subject_kfold/fold_metrics.csv,HeteroGCNMean,skf_2_P13_P28_P30,aggregated,0.6016427104722792,0.601894016056129,0.6083638255129862,0.601894016056129,0.5957088083256308,0.6207582810497201,0.6084203054713114,0.6016427104722792,0.5956082337129757,0.6207582810497201,0.6520973443984985
pupil_only,Pupil left/right nodes with temporal graph relations only.,multiclass_table6_valence_3class,Table-6 Valence,subject_kfold,HeteroGCNMean,HeteroGCN-mean,HeteroGCNMean,results/quick_v1_v2_comparison/2026-06-12_16-29-08/model_runs/pupil_only/2026-06-12_17-16-23,results/quick_v1_v2_comparison/2026-06-12_16-29-08/model_runs/pupil_only/2026-06-12_17-16-23/multiclass_table6_valence_3class_emotion-elicitation_2026-06-12_17-17-35,results/quick_v1_v2_comparison/2026-06-12_16-29-08/model_runs/pupil_only/2026-06-12_17-16-23/multiclass_table6_valence_3class_emotion-elicitation_2026-06-12_17-17-35/subject_kfold/fold_metrics.csv,HeteroGCNMean,skf_3_P19_P22_P4,aggregated,0.5675105485232067,0.5682530635508691,0.5685350455171427,0.5682530635508691,0.5672775043975863,0.6685309204901682,0.5688552008277478,0.5675105485232067,0.5670656461015677,0.6685309204901683,0.646055668592453
pupil_only,Pupil left/right nodes with temporal graph relations only.,multiclass_table6_valence_3class,Table-6 Valence,subject_kfold,HeteroGCNMean,HeteroGCN-mean,HeteroGCNMean,results/quick_v1_v2_comparison/2026-06-12_16-29-08/model_runs/pupil_only/2026-06-12_17-16-23,results/quick_v1_v2_comparison/2026-06-12_16-29-08/model_runs/pupil_only/2026-06-12_17-16-23/multiclass_table6_valence_3class_emotion-elicitation_2026-06-12_17-17-35,results/quick_v1_v2_comparison/2026-06-12_16-29-08/model_runs/pupil_only/2026-06-12_17-16-23/multiclass_table6_valence_3class_emotion-elicitation_2026-06-12_17-17-35/subject_kfold/fold_metrics.csv,HeteroGCNMean,skf_4_P10_P16_P5,aggregated,0.6496062992125984,0.6501426091269842,0.6528724747474748,0.6501426091269842,0.6482103952692189,0.6402529761904762,0.6530646027201146,0.6496062992125984,0.6480359072762963,0.6402529761904763,0.6635469198226929
pupil_only,Pupil left/right nodes with temporal graph relations only.,multiclass_table6_valence_3class,Table-6 Valence,subject_kfold,HeteroGCNMean,HeteroGCN-mean,HeteroGCNMean,results/quick_v1_v2_comparison/2026-06-12_16-29-08/model_runs/pupil_only/2026-06-12_17-16-23,results/quick_v1_v2_comparison/2026-06-12_16-29-08/model_runs/pupil_only/2026-06-12_17-16-23/multiclass_table6_valence_3class_emotion-elicitation_2026-06-12_17-17-35,results/quick_v1_v2_comparison/2026-06-12_16-29-08/model_runs/pupil_only/2026-06-12_17-16-23/multiclass_table6_valence_3class_emotion-elicitation_2026-06-12_17-17-35/subject_kfold/fold_metrics.csv,HeteroGCNMean,skf_5_P21_P23_P24,aggregated,0.5281553398058253,0.5327116905063674,0.5399145739745195,0.5327116905063674,0.508095232479983,0.580964451686885,0.5405052204396138,0.5281553398058253,0.5059734903589805,0.5809644516868852,0.8314438064893087
pupil_only,Pupil left/right nodes with temporal graph relations only.,multiclass_table6_valence_3class,Table-6 Valence,subject_kfold,HeteroGCNMean,HeteroGCN-mean,HeteroGCNMean,results/quick_v1_v2_comparison/2026-06-12_16-29-08/model_runs/pupil_only/2026-06-12_17-16-23,results/quick_v1_v2_comparison/2026-06-12_16-29-08/model_runs/pupil_only/2026-06-12_17-16-23/multiclass_table6_valence_3class_emotion-elicitation_2026-06-12_17-17-35,results/quick_v1_v2_comparison/2026-06-12_16-29-08/model_runs/pupil_only/2026-06-12_17-16-23/multiclass_table6_valence_3class_emotion-elicitation_2026-06-12_17-17-35/subject_kfold/fold_metrics.csv,HeteroGCNMean,skf_6_P18_P29_P7,aggregated,0.6265560165975104,0.5955159761786235,0.597412609766646,0.5955159761786235,0.5962773382968822,0.6693585559673285,0.6232253415311259,0.6265560165975104,0.624720945185351,0.6693585559673286,0.6184602379798889
pupil_only,Pupil left/right nodes with temporal graph relations only.,multiclass_table6_valence_3class,Table-6 Valence,subject_kfold,HeteroGCNMLP,HeteroGCN-MLP,HeteroGCNMLP,results/quick_v1_v2_comparison/2026-06-12_16-29-08/model_runs/pupil_only/2026-06-12_17-16-23,results/quick_v1_v2_comparison/2026-06-12_16-29-08/model_runs/pupil_only/2026-06-12_17-16-23/multiclass_table6_valence_3class_emotion-elicitation_2026-06-12_17-17-35,results/quick_v1_v2_comparison/2026-06-12_16-29-08/model_runs/pupil_only/2026-06-12_17-16-23/multiclass_table6_valence_3class_emotion-elicitation_2026-06-12_17-17-35/subject_kfold/fold_metrics.csv,HeteroGCNMLP,skf_0_P1_P14_P2_P27,aggregated,0.5632022471910112,0.5807439669277771,0.7534739454094292,0.5807439669277771,0.4839653882634239,0.6973227624475342,0.7631816851144505,0.5632022471910112,0.4754452959056188,0.6973227624475341,0.6891254782676697
pupil_only,Pupil left/right nodes with temporal graph relations only.,multiclass_table6_valence_3class,Table-6 Valence,subject_kfold,HeteroGCNMLP,HeteroGCN-MLP,HeteroGCNMLP,results/quick_v1_v2_comparison/2026-06-12_16-29-08/model_runs/pupil_only/2026-06-12_17-16-23,results/quick_v1_v2_comparison/2026-06-12_16-29-08/model_runs/pupil_only/2026-06-12_17-16-23/multiclass_table6_valence_3class_emotion-elicitation_2026-06-12_17-17-35,results/quick_v1_v2_comparison/2026-06-12_16-29-08/model_runs/pupil_only/2026-06-12_17-16-23/multiclass_table6_valence_3class_emotion-elicitation_2026-06-12_17-17-35/subject_kfold/fold_metrics.csv,HeteroGCNMLP,skf_1_P17_P20_P8,aggregated,0.5817120622568094,0.5691244239631337,0.6449782214733094,0.5691244239631337,0.5113874015678402,0.6841195731263643,0.6419169557047691,0.5817120622568094,0.5178789087083605,0.6841195731263643,0.6346185604731241
pupil_only,Pupil left/right nodes with temporal graph relations only.,multiclass_table6_valence_3class,Table-6 Valence,subject_kfold,HeteroGCNMLP,HeteroGCN-MLP,HeteroGCNMLP,results/quick_v1_v2_comparison/2026-06-12_16-29-08/model_runs/pupil_only/2026-06-12_17-16-23,results/quick_v1_v2_comparison/2026-06-12_16-29-08/model_runs/pupil_only/2026-06-12_17-16-23/multiclass_table6_valence_3class_emotion-elicitation_2026-06-12_17-17-35,results/quick_v1_v2_comparison/2026-06-12_16-29-08/model_runs/pupil_only/2026-06-12_17-16-23/multiclass_table6_valence_3class_emotion-elicitation_2026-06-12_17-17-35/subject_kfold/fold_metrics.csv,HeteroGCNMLP,skf_2_P13_P28_P30,aggregated,0.5790554414784395,0.5792771368818728,0.5831417150134428,0.5792771368818728,0.5742008402106924,0.6190379815152128,0.5831806319042523,0.5790554414784395,0.574107482494005,0.6190379815152127,0.6663747727870941
pupil_only,Pupil left/right nodes with temporal graph relations only.,multiclass_table6_valence_3class,Table-6 Valence,subject_kfold,HeteroGCNMLP,HeteroGCN-MLP,HeteroGCNMLP,results/quick_v1_v2_comparison/2026-06-12_16-29-08/model_runs/pupil_only/2026-06-12_17-16-23,results/quick_v1_v2_comparison/2026-06-12_16-29-08/model_runs/pupil_only/2026-06-12_17-16-23/multiclass_table6_valence_3class_emotion-elicitation_2026-06-12_17-17-35,results/quick_v1_v2_comparison/2026-06-12_16-29-08/model_runs/pupil_only/2026-06-12_17-16-23/multiclass_table6_valence_3class_emotion-elicitation_2026-06-12_17-17-35/subject_kfold/fold_metrics.csv,HeteroGCNMLP,skf_3_P19_P22_P4,aggregated,0.5822784810126582,0.582893986890852,0.5831071428571428,0.582893986890852,0.5821594571973002,0.6710423197492164,0.5834258589511754,0.5822784810126582,0.5820106774281028,0.6710423197492164,0.6483897864818573
pupil_only,Pupil left/right nodes with temporal graph relations only.,multiclass_table6_valence_3class,Table-6 Valence,subject_kfold,HeteroGCNMLP,HeteroGCN-MLP,HeteroGCNMLP,results/quick_v1_v2_comparison/2026-06-12_16-29-08/model_runs/pupil_only/2026-06-12_17-16-23,results/quick_v1_v2_comparison/2026-06-12_16-29-08/model_runs/pupil_only/2026-06-12_17-16-23/multiclass_table6_valence_3class_emotion-elicitation_2026-06-12_17-17-35,results/quick_v1_v2_comparison/2026-06-12_16-29-08/model_runs/pupil_only/2026-06-12_17-16-23/multiclass_table6_valence_3class_emotion-elicitation_2026-06-12_17-17-35/subject_kfold/fold_metrics.csv,HeteroGCNMLP,skf_4_P10_P16_P5,aggregated,0.6594488188976378,0.6599702380952381,0.6627067337253851,0.6599702380952381,0.6581759061543428,0.6481894841269842,0.6629041831088849,0.6594488188976378,0.6580116593487564,0.6481894841269842,0.6571744084358215
pupil_only,Pupil left/right nodes with temporal graph relations only.,multiclass_table6_valence_3class,Table-6 Valence,subject_kfold,HeteroGCNMLP,HeteroGCN-MLP,HeteroGCNMLP,results/quick_v1_v2_comparison/2026-06-12_16-29-08/model_runs/pupil_only/2026-06-12_17-16-23,results/quick_v1_v2_comparison/2026-06-12_16-29-08/model_runs/pupil_only/2026-06-12_17-16-23/multiclass_table6_valence_3class_emotion-elicitation_2026-06-12_17-17-35,results/quick_v1_v2_comparison/2026-06-12_16-29-08/model_runs/pupil_only/2026-06-12_17-16-23/multiclass_table6_valence_3class_emotion-elicitation_2026-06-12_17-17-35/subject_kfold/fold_metrics.csv,HeteroGCNMLP,skf_5_P21_P23_P24,aggregated,0.5398058252427185,0.545031383909711,0.5590335469578289,0.545031383909711,0.5133858267716536,0.5523568109119441,0.5598761961166584,0.5398058252427185,0.5109639935784726,0.552356810911944,0.7890830636024475
pupil_only,Pupil left/right nodes with temporal graph relations only.,multiclass_table6_valence_3class,Table-6 Valence,subject_kfold,HeteroGCNMLP,HeteroGCN-MLP,HeteroGCNMLP,results/quick_v1_v2_comparison/2026-06-12_16-29-08/model_runs/pupil_only/2026-06-12_17-16-23,results/quick_v1_v2_comparison/2026-06-12_16-29-08/model_runs/pupil_only/2026-06-12_17-16-23/multiclass_table6_valence_3class_emotion-elicitation_2026-06-12_17-17-35,results/quick_v1_v2_comparison/2026-06-12_16-29-08/model_runs/pupil_only/2026-06-12_17-16-23/multiclass_table6_valence_3class_emotion-elicitation_2026-06-12_17-17-35/subject_kfold/fold_metrics.csv,HeteroGCNMLP,skf_6_P18_P29_P7,aggregated,0.6348547717842323,0.5975441119530948,0.6030141947543666,0.5975441119530948,0.5990698905419967,0.6727695115880303,0.6270887773867041,0.6348547717842323,0.6298846493894775,0.6727695115880302,0.6152288913726807
pupil_only,Pupil left/right nodes with temporal graph relations only.,multiclass_table6_valence_3class,Table-6 Valence,subject_kfold,HeteroGCNMLPWeights,HeteroGCN-MLP-w,HeteroGCNMLPWeights,results/quick_v1_v2_comparison/2026-06-12_16-29-08/model_runs/pupil_only/2026-06-12_17-16-23,results/quick_v1_v2_comparison/2026-06-12_16-29-08/model_runs/pupil_only/2026-06-12_17-16-23/multiclass_table6_valence_3class_emotion-elicitation_2026-06-12_17-17-35,results/quick_v1_v2_comparison/2026-06-12_16-29-08/model_runs/pupil_only/2026-06-12_17-16-23/multiclass_table6_valence_3class_emotion-elicitation_2026-06-12_17-17-35/subject_kfold/fold_metrics.csv,HeteroGCNMLPWeights,skf_0_P1_P14_P2_P27,aggregated,0.5617977528089888,0.5793962580328983,0.7529399914381405,0.5793962580328983,0.4816308243727598,0.7534917912276404,0.762659088317589,0.5617977528089888,0.4730415106117353,0.7534917912276404,0.6836324532826742
pupil_only,Pupil left/right nodes with temporal graph relations only.,multiclass_table6_valence_3class,Table-6 Valence,subject_kfold,HeteroGCNMLPWeights,HeteroGCN-MLP-w,HeteroGCNMLPWeights,results/quick_v1_v2_comparison/2026-06-12_16-29-08/model_runs/pupil_only/2026-06-12_17-16-23,results/quick_v1_v2_comparison/2026-06-12_16-29-08/model_runs/pupil_only/2026-06-12_17-16-23/multiclass_table6_valence_3class_emotion-elicitation_2026-06-12_17-17-35,results/quick_v1_v2_comparison/2026-06-12_16-29-08/model_runs/pupil_only/2026-06-12_17-16-23/multiclass_table6_valence_3class_emotion-elicitation_2026-06-12_17-17-35/subject_kfold/fold_metrics.csv,HeteroGCNMLPWeights,skf_1_P17_P20_P8,aggregated,0.5525291828793775,0.5376546204220227,0.637328615656789,0.5376546204220227,0.4429155749910467,0.6794658016007762,0.633843707460457,0.5525291828793775,0.4515692808769675,0.6794658016007762,0.6508996486663818
pupil_only,Pupil left/right nodes with temporal graph relations only.,multiclass_table6_valence_3class,Table-6 Valence,subject_kfold,HeteroGCNMLPWeights,HeteroGCN-MLP-w,HeteroGCNMLPWeights,results/quick_v1_v2_comparison/2026-06-12_16-29-08/model_runs/pupil_only/2026-06-12_17-16-23,results/quick_v1_v2_comparison/2026-06-12_16-29-08/model_runs/pupil_only/2026-06-12_17-16-23/multiclass_table6_valence_3class_emotion-elicitation_2026-06-12_17-17-35,results/quick_v1_v2_comparison/2026-06-12_16-29-08/model_runs/pupil_only/2026-06-12_17-16-23/multiclass_table6_valence_3class_emotion-elicitation_2026-06-12_17-17-35/subject_kfold/fold_metrics.csv,HeteroGCNMLPWeights,skf_2_P13_P28_P30,aggregated,0.5975359342915811,0.5977787897186804,0.6035526738827564,0.5977787897186804,0.5919459644322845,0.6289887337246172,0.6036049933574623,0.5975359342915811,0.5918478947856302,0.6289887337246172,0.652674674987793
pupil_only,Pupil left/right nodes with temporal graph relations only.,multiclass_table6_valence_3class,Table-6 Valence,subject_kfold,HeteroGCNMLPWeights,HeteroGCN-MLP-w,HeteroGCNMLPWeights,results/quick_v1_v2_comparison/2026-06-12_16-29-08/model_runs/pupil_only/2026-06-12_17-16-23,results/quick_v1_v2_comparison/2026-06-12_16-29-08/model_runs/pupil_only/2026-06-12_17-16-23/multiclass_table6_valence_3class_emotion-elicitation_2026-06-12_17-17-35,results/quick_v1_v2_comparison/2026-06-12_16-29-08/model_runs/pupil_only/2026-06-12_17-16-23/multiclass_table6_valence_3class_emotion-elicitation_2026-06-12_17-17-35/subject_kfold/fold_metrics.csv,HeteroGCNMLPWeights,skf_3_P19_P22_P4,aggregated,0.5886075949367089,0.5890032772869763,0.5890651457089386,0.5890032772869763,0.588591114849978,0.6672306925049871,0.5893511149415822,0.5886075949367089,0.5885361812275416,0.6672306925049871,0.650054007768631
pupil_only,Pupil left/right nodes with temporal graph relations only.,multiclass_table6_valence_3class,Table-6 Valence,subject_kfold,HeteroGCNMLPWeights,HeteroGCN-MLP-w,HeteroGCNMLPWeights,results/quick_v1_v2_comparison/2026-06-12_16-29-08/model_runs/pupil_only/2026-06-12_17-16-23,results/quick_v1_v2_comparison/2026-06-12_16-29-08/model_runs/pupil_only/2026-06-12_17-16-23/multiclass_table6_valence_3class_emotion-elicitation_2026-06-12_17-17-35,results/quick_v1_v2_comparison/2026-06-12_16-29-08/model_runs/pupil_only/2026-06-12_17-16-23/multiclass_table6_valence_3class_emotion-elicitation_2026-06-12_17-17-35/subject_kfold/fold_metrics.csv,HeteroGCNMLPWeights,skf_4_P10_P16_P5,aggregated,0.6259842519685039,0.6258060515873016,0.6260796619648294,0.6258060515873016,0.6256999705275568,0.6451357886904763,0.6260637602987752,0.6259842519685039,0.6257811937963988,0.6451357886904763,0.6579985916614532
pupil_only,Pupil left/right nodes with temporal graph relations only.,multiclass_table6_valence_3class,Table-6 Valence,subject_kfold,HeteroGCNMLPWeights,HeteroGCN-MLP-w,HeteroGCNMLPWeights,results/quick_v1_v2_comparison/2026-06-12_16-29-08/model_runs/pupil_only/2026-06-12_17-16-23,results/quick_v1_v2_comparison/2026-06-12_16-29-08/model_runs/pupil_only/2026-06-12_17-16-23/multiclass_table6_valence_3class_emotion-elicitation_2026-06-12_17-17-35,results/quick_v1_v2_comparison/2026-06-12_16-29-08/model_runs/pupil_only/2026-06-12_17-16-23/multiclass_table6_valence_3class_emotion-elicitation_2026-06-12_17-17-35/subject_kfold/fold_metrics.csv,HeteroGCNMLPWeights,skf_5_P21_P23_P24,aggregated,0.5242718446601942,0.5309840666304545,0.5510516109785203,0.5309840666304545,0.4762110349580097,0.5980143641740601,0.5519636154042218,0.5242718446601942,0.4728221317097787,0.59801436417406,0.8123164574305216
pupil_only,Pupil left/right nodes with temporal graph relations only.,multiclass_table6_valence_3class,Table-6 Valence,subject_kfold,HeteroGCNMLPWeights,HeteroGCN-MLP-w,HeteroGCNMLPWeights,results/quick_v1_v2_comparison/2026-06-12_16-29-08/model_runs/pupil_only/2026-06-12_17-16-23,results/quick_v1_v2_comparison/2026-06-12_16-29-08/model_runs/pupil_only/2026-06-12_17-16-23/multiclass_table6_valence_3class_emotion-elicitation_2026-06-12_17-17-35,results/quick_v1_v2_comparison/2026-06-12_16-29-08/model_runs/pupil_only/2026-06-12_17-16-23/multiclass_table6_valence_3class_emotion-elicitation_2026-06-12_17-17-35/subject_kfold/fold_metrics.csv,HeteroGCNMLPWeights,skf_6_P18_P29_P7,aggregated,0.6390041493775933,0.6042738352047495,0.6087658903398273,0.6042738352047495,0.6057426524510634,0.6778997732175452,0.6328014295749748,0.6390041493775933,0.6352028354431328,0.6779009590381602,0.6205646991729736
