signal_set,signal_set_description,experiment_id,experiment_display_name,cv_strategy,model,model_display,summary_model_name,metric_type,metric,n_folds,mean,std,min,max
all_signals,"Gaze, pupil, screen distance, and fixation-duration nodes with all graph relations.",multiclass_table6_valence_3class,Table-6 Valence,subject_kfold,BasicGCN,GCN,BasicGCN,aggregated,accuracy,7,0.5958178480186873,0.084463124474315,0.42578125,0.6916666666666667
all_signals,"Gaze, pupil, screen distance, and fixation-duration nodes with all graph relations.",multiclass_table6_valence_3class,Table-6 Valence,subject_kfold,BasicGCN,GCN,BasicGCN,aggregated,balanced_accuracy,7,0.5930015104607167,0.079676748739162,0.4224585854881105,0.6545221700476995
all_signals,"Gaze, pupil, screen distance, and fixation-duration nodes with all graph relations.",multiclass_table6_valence_3class,Table-6 Valence,subject_kfold,BasicGCN,GCN,BasicGCN,aggregated,loss,7,0.6729038258393605,0.051581581570512,0.5946440696716309,0.7276013493537903
all_signals,"Gaze, pupil, screen distance, and fixation-duration nodes with all graph relations.",multiclass_table6_valence_3class,Table-6 Valence,subject_kfold,BasicGCN,GCN,BasicGCN,aggregated,macro_auc_ovr,7,0.6566205467964739,0.123053148674471,0.3854453206186197,0.748324950351714
all_signals,"Gaze, pupil, screen distance, and fixation-duration nodes with all graph relations.",multiclass_table6_valence_3class,Table-6 Valence,subject_kfold,BasicGCN,GCN,BasicGCN,aggregated,macro_f1,7,0.5763765034323762,0.0849355309520565,0.4197964847363552,0.6582972582972583
all_signals,"Gaze, pupil, screen distance, and fixation-duration nodes with all graph relations.",multiclass_table6_valence_3class,Table-6 Valence,subject_kfold,BasicGCN,GCN,BasicGCN,aggregated,macro_precision,7,0.6151508287509354,0.0890096633228154,0.4204353007589537,0.6884870782483847
all_signals,"Gaze, pupil, screen distance, and fixation-duration nodes with all graph relations.",multiclass_table6_valence_3class,Table-6 Valence,subject_kfold,BasicGCN,GCN,BasicGCN,aggregated,macro_recall,7,0.5930015104607167,0.079676748739162,0.4224585854881105,0.6545221700476995
all_signals,"Gaze, pupil, screen distance, and fixation-duration nodes with all graph relations.",multiclass_table6_valence_3class,Table-6 Valence,subject_kfold,BasicGCN,GCN,BasicGCN,aggregated,weighted_auc_ovr,7,0.6566205467964739,0.123053148674471,0.3854453206186197,0.7483249503517141
all_signals,"Gaze, pupil, screen distance, and fixation-duration nodes with all graph relations.",multiclass_table6_valence_3class,Table-6 Valence,subject_kfold,BasicGCN,GCN,BasicGCN,aggregated,weighted_f1,7,0.5793512234090351,0.0897306653861673,0.4220983175300647,0.6854377104377104
all_signals,"Gaze, pupil, screen distance, and fixation-duration nodes with all graph relations.",multiclass_table6_valence_3class,Table-6 Valence,subject_kfold,BasicGCN,GCN,BasicGCN,aggregated,weighted_precision,7,0.6189077027742069,0.0913076901175137,0.4217081458163457,0.6950805305998053
all_signals,"Gaze, pupil, screen distance, and fixation-duration nodes with all graph relations.",multiclass_table6_valence_3class,Table-6 Valence,subject_kfold,BasicGCN,GCN,BasicGCN,aggregated,weighted_recall,7,0.5958178480186873,0.084463124474315,0.42578125,0.6916666666666667
all_signals,"Gaze, pupil, screen distance, and fixation-duration nodes with all graph relations.",multiclass_table6_valence_3class,Table-6 Valence,subject_kfold,HeteroGCNMLP,HeteroGCN-MLP,HeteroGCNMLP,aggregated,accuracy,7,0.6053982737051512,0.0666084467349068,0.501953125,0.6875
all_signals,"Gaze, pupil, screen distance, and fixation-duration nodes with all graph relations.",multiclass_table6_valence_3class,Table-6 Valence,subject_kfold,HeteroGCNMLP,HeteroGCN-MLP,HeteroGCNMLP,aggregated,balanced_accuracy,7,0.5987384448605765,0.0630765827103744,0.4844580964606638,0.68468720821662
all_signals,"Gaze, pupil, screen distance, and fixation-duration nodes with all graph relations.",multiclass_table6_valence_3class,Table-6 Valence,subject_kfold,HeteroGCNMLP,HeteroGCN-MLP,HeteroGCNMLP,aggregated,loss,7,0.691810782466616,0.0807265678635782,0.610340029001236,0.8236750960350037
all_signals,"Gaze, pupil, screen distance, and fixation-duration nodes with all graph relations.",multiclass_table6_valence_3class,Table-6 Valence,subject_kfold,HeteroGCNMLP,HeteroGCN-MLP,HeteroGCNMLP,aggregated,macro_auc_ovr,7,0.6901559401416393,0.0620997642510488,0.573063756953359,0.7481637099284157
all_signals,"Gaze, pupil, screen distance, and fixation-duration nodes with all graph relations.",multiclass_table6_valence_3class,Table-6 Valence,subject_kfold,HeteroGCNMLP,HeteroGCN-MLP,HeteroGCNMLP,aggregated,macro_f1,7,0.5655355188884175,0.1065154770969297,0.3631933978139038,0.6838757949869061
all_signals,"Gaze, pupil, screen distance, and fixation-duration nodes with all graph relations.",multiclass_table6_valence_3class,Table-6 Valence,subject_kfold,HeteroGCNMLP,HeteroGCN-MLP,HeteroGCNMLP,aggregated,macro_precision,7,0.6134810310270025,0.0934675991297642,0.4223367697594501,0.6990825984430016
all_signals,"Gaze, pupil, screen distance, and fixation-duration nodes with all graph relations.",multiclass_table6_valence_3class,Table-6 Valence,subject_kfold,HeteroGCNMLP,HeteroGCN-MLP,HeteroGCNMLP,aggregated,macro_recall,7,0.5987384448605765,0.0630765827103744,0.4844580964606638,0.68468720821662
all_signals,"Gaze, pupil, screen distance, and fixation-duration nodes with all graph relations.",multiclass_table6_valence_3class,Table-6 Valence,subject_kfold,HeteroGCNMLP,HeteroGCN-MLP,HeteroGCNMLP,aggregated,weighted_auc_ovr,7,0.6901559401416393,0.0620997642510488,0.573063756953359,0.7481637099284159
all_signals,"Gaze, pupil, screen distance, and fixation-duration nodes with all graph relations.",multiclass_table6_valence_3class,Table-6 Valence,subject_kfold,HeteroGCNMLP,HeteroGCN-MLP,HeteroGCNMLP,aggregated,weighted_f1,7,0.5705982167387988,0.1079968463674089,0.3748050904654599,0.6837983162769488
all_signals,"Gaze, pupil, screen distance, and fixation-duration nodes with all graph relations.",multiclass_table6_valence_3class,Table-6 Valence,subject_kfold,HeteroGCNMLP,HeteroGCN-MLP,HeteroGCNMLP,aggregated,weighted_precision,7,0.6170968335359471,0.0946819180190853,0.4258134664948453,0.7062385046312705
all_signals,"Gaze, pupil, screen distance, and fixation-duration nodes with all graph relations.",multiclass_table6_valence_3class,Table-6 Valence,subject_kfold,HeteroGCNMLP,HeteroGCN-MLP,HeteroGCNMLP,aggregated,weighted_recall,7,0.6053982737051512,0.0666084467349068,0.501953125,0.6875
all_signals,"Gaze, pupil, screen distance, and fixation-duration nodes with all graph relations.",multiclass_table6_valence_3class,Table-6 Valence,subject_kfold,HeteroGCNMLPWeights,HeteroGCN-MLP-w,HeteroGCNMLPWeights,aggregated,accuracy,7,0.627436866151065,0.0448985054076948,0.5764705882352941,0.7041666666666667
all_signals,"Gaze, pupil, screen distance, and fixation-duration nodes with all graph relations.",multiclass_table6_valence_3class,Table-6 Valence,subject_kfold,HeteroGCNMLPWeights,HeteroGCN-MLP-w,HeteroGCNMLPWeights,aggregated,balanced_accuracy,7,0.6234397238206267,0.0311309821089584,0.579780361757106,0.6590802987861811
all_signals,"Gaze, pupil, screen distance, and fixation-duration nodes with all graph relations.",multiclass_table6_valence_3class,Table-6 Valence,subject_kfold,HeteroGCNMLPWeights,HeteroGCN-MLP-w,HeteroGCNMLPWeights,aggregated,loss,7,0.6843751555397397,0.0699827713716325,0.59064981341362,0.7623803317546844
all_signals,"Gaze, pupil, screen distance, and fixation-duration nodes with all graph relations.",multiclass_table6_valence_3class,Table-6 Valence,subject_kfold,HeteroGCNMLPWeights,HeteroGCN-MLP-w,HeteroGCNMLPWeights,aggregated,macro_auc_ovr,7,0.7022805406755798,0.0338390332270126,0.6613295188876585,0.7546725069136397
all_signals,"Gaze, pupil, screen distance, and fixation-duration nodes with all graph relations.",multiclass_table6_valence_3class,Table-6 Valence,subject_kfold,HeteroGCNMLPWeights,HeteroGCN-MLP-w,HeteroGCNMLPWeights,aggregated,macro_f1,7,0.6084123468578333,0.0511604276151212,0.5395911341218321,0.6639782295754373
all_signals,"Gaze, pupil, screen distance, and fixation-duration nodes with all graph relations.",multiclass_table6_valence_3class,Table-6 Valence,subject_kfold,HeteroGCNMLPWeights,HeteroGCN-MLP-w,HeteroGCNMLPWeights,aggregated,macro_precision,7,0.6459200503141382,0.0295153870767401,0.6072412088688038,0.6837359098228664
all_signals,"Gaze, pupil, screen distance, and fixation-duration nodes with all graph relations.",multiclass_table6_valence_3class,Table-6 Valence,subject_kfold,HeteroGCNMLPWeights,HeteroGCN-MLP-w,HeteroGCNMLPWeights,aggregated,macro_recall,7,0.6234397238206267,0.0311309821089584,0.579780361757106,0.6590802987861811
all_signals,"Gaze, pupil, screen distance, and fixation-duration nodes with all graph relations.",multiclass_table6_valence_3class,Table-6 Valence,subject_kfold,HeteroGCNMLPWeights,HeteroGCN-MLP-w,HeteroGCNMLPWeights,aggregated,weighted_auc_ovr,7,0.7022805406755798,0.0338390332270126,0.6613295188876585,0.7546725069136397
all_signals,"Gaze, pupil, screen distance, and fixation-duration nodes with all graph relations.",multiclass_table6_valence_3class,Table-6 Valence,subject_kfold,HeteroGCNMLPWeights,HeteroGCN-MLP-w,HeteroGCNMLPWeights,aggregated,weighted_f1,7,0.6116553424092773,0.0589805075290815,0.5333446508346398,0.6935143098473046
all_signals,"Gaze, pupil, screen distance, and fixation-duration nodes with all graph relations.",multiclass_table6_valence_3class,Table-6 Valence,subject_kfold,HeteroGCNMLPWeights,HeteroGCN-MLP-w,HeteroGCNMLPWeights,aggregated,weighted_precision,7,0.648761643281296,0.0331378344366778,0.6072412088688038,0.6956052066559314
all_signals,"Gaze, pupil, screen distance, and fixation-duration nodes with all graph relations.",multiclass_table6_valence_3class,Table-6 Valence,subject_kfold,HeteroGCNMLPWeights,HeteroGCN-MLP-w,HeteroGCNMLPWeights,aggregated,weighted_recall,7,0.627436866151065,0.0448985054076948,0.5764705882352941,0.7041666666666667
all_signals,"Gaze, pupil, screen distance, and fixation-duration nodes with all graph relations.",multiclass_table6_valence_3class,Table-6 Valence,subject_kfold,HeteroGCNMean,HeteroGCN-mean,HeteroGCNMean,aggregated,accuracy,7,0.6180137719908164,0.0391445808909104,0.5764705882352941,0.69375
all_signals,"Gaze, pupil, screen distance, and fixation-duration nodes with all graph relations.",multiclass_table6_valence_3class,Table-6 Valence,subject_kfold,HeteroGCNMean,HeteroGCN-mean,HeteroGCNMean,aggregated,balanced_accuracy,7,0.6127922144973328,0.0248855663557696,0.5796880767811,0.6471259674455725
all_signals,"Gaze, pupil, screen distance, and fixation-duration nodes with all graph relations.",multiclass_table6_valence_3class,Table-6 Valence,subject_kfold,HeteroGCNMean,HeteroGCN-mean,HeteroGCNMean,aggregated,loss,7,0.6750744141283489,0.0470420729630315,0.608025074005127,0.7254965603351593
all_signals,"Gaze, pupil, screen distance, and fixation-duration nodes with all graph relations.",multiclass_table6_valence_3class,Table-6 Valence,subject_kfold,HeteroGCNMean,HeteroGCN-mean,HeteroGCNMean,aggregated,macro_auc_ovr,7,0.6959516254934537,0.0312883656889897,0.6611458280411183,0.7555262718313258
all_signals,"Gaze, pupil, screen distance, and fixation-duration nodes with all graph relations.",multiclass_table6_valence_3class,Table-6 Valence,subject_kfold,HeteroGCNMean,HeteroGCN-mean,HeteroGCNMean,aggregated,macro_f1,7,0.5969238903053428,0.040239122009022,0.5440472839853645,0.651574482373797
all_signals,"Gaze, pupil, screen distance, and fixation-duration nodes with all graph relations.",multiclass_table6_valence_3class,Table-6 Valence,subject_kfold,HeteroGCNMean,HeteroGCN-mean,HeteroGCNMean,aggregated,macro_precision,7,0.6382687738553867,0.0369399378279828,0.5887046307884856,0.6996536989974027
all_signals,"Gaze, pupil, screen distance, and fixation-duration nodes with all graph relations.",multiclass_table6_valence_3class,Table-6 Valence,subject_kfold,HeteroGCNMean,HeteroGCN-mean,HeteroGCNMean,aggregated,macro_recall,7,0.6127922144973328,0.0248855663557696,0.5796880767811,0.6471259674455725
all_signals,"Gaze, pupil, screen distance, and fixation-duration nodes with all graph relations.",multiclass_table6_valence_3class,Table-6 Valence,subject_kfold,HeteroGCNMean,HeteroGCN-mean,HeteroGCNMean,aggregated,weighted_auc_ovr,7,0.6959516254934537,0.0312883656889897,0.6611458280411183,0.7555262718313258
all_signals,"Gaze, pupil, screen distance, and fixation-duration nodes with all graph relations.",multiclass_table6_valence_3class,Table-6 Valence,subject_kfold,HeteroGCNMean,HeteroGCN-mean,HeteroGCNMean,aggregated,weighted_f1,7,0.6008271679267789,0.0491093657390236,0.5426168440919852,0.6823853395618016
all_signals,"Gaze, pupil, screen distance, and fixation-duration nodes with all graph relations.",multiclass_table6_valence_3class,Table-6 Valence,subject_kfold,HeteroGCNMean,HeteroGCN-mean,HeteroGCNMean,aggregated,weighted_precision,7,0.6410707372858993,0.0407745745669163,0.5887046307884857,0.7063348905901774
all_signals,"Gaze, pupil, screen distance, and fixation-duration nodes with all graph relations.",multiclass_table6_valence_3class,Table-6 Valence,subject_kfold,HeteroGCNMean,HeteroGCN-mean,HeteroGCNMean,aggregated,weighted_recall,7,0.6180137719908164,0.0391445808909104,0.5764705882352941,0.69375
all_signals,"Gaze, pupil, screen distance, and fixation-duration nodes with all graph relations.",multiclass_table6_valence_3class,Table-6 Valence,subject_kfold,LightGBM,LightGBM,LightGBM,aggregated,accuracy,7,0.6901982363059977,0.0302710900882451,0.6604938271604939,0.7354166666666667
all_signals,"Gaze, pupil, screen distance, and fixation-duration nodes with all graph relations.",multiclass_table6_valence_3class,Table-6 Valence,subject_kfold,LightGBM,LightGBM,LightGBM,aggregated,balanced_accuracy,7,0.6900329984485715,0.0253823613541419,0.6604938271604939,0.7222387200950278
all_signals,"Gaze, pupil, screen distance, and fixation-duration nodes with all graph relations.",multiclass_table6_valence_3class,Table-6 Valence,subject_kfold,LightGBM,LightGBM,LightGBM,aggregated,loss,7,0.5858101890096012,0.0360544952441312,0.5427574881078354,0.6560915532574334
all_signals,"Gaze, pupil, screen distance, and fixation-duration nodes with all graph relations.",multiclass_table6_valence_3class,Table-6 Valence,subject_kfold,LightGBM,LightGBM,LightGBM,aggregated,macro_auc_ovr,7,0.7755986799022114,0.0270362551740914,0.7396794635166728,0.8178824842541657
all_signals,"Gaze, pupil, screen distance, and fixation-duration nodes with all graph relations.",multiclass_table6_valence_3class,Table-6 Valence,subject_kfold,LightGBM,LightGBM,LightGBM,aggregated,macro_f1,7,0.6825720190233763,0.0320214331674827,0.6435693338919145,0.7198928461478373
all_signals,"Gaze, pupil, screen distance, and fixation-duration nodes with all graph relations.",multiclass_table6_valence_3class,Table-6 Valence,subject_kfold,LightGBM,LightGBM,LightGBM,aggregated,macro_precision,7,0.703710991401616,0.021684136171689,0.6667311752287122,0.7273419449695442
all_signals,"Gaze, pupil, screen distance, and fixation-duration nodes with all graph relations.",multiclass_table6_valence_3class,Table-6 Valence,subject_kfold,LightGBM,LightGBM,LightGBM,aggregated,macro_recall,7,0.6900329984485715,0.0253823613541419,0.6604938271604939,0.7222387200950278
all_signals,"Gaze, pupil, screen distance, and fixation-duration nodes with all graph relations.",multiclass_table6_valence_3class,Table-6 Valence,subject_kfold,LightGBM,LightGBM,LightGBM,aggregated,weighted_auc_ovr,7,0.7755986799022114,0.0270362551740915,0.7396794635166727,0.8178824842541658
all_signals,"Gaze, pupil, screen distance, and fixation-duration nodes with all graph relations.",multiclass_table6_valence_3class,Table-6 Valence,subject_kfold,LightGBM,LightGBM,LightGBM,aggregated,weighted_f1,7,0.6844928480839256,0.0365547143135615,0.6400743803264392,0.7366530771504672
all_signals,"Gaze, pupil, screen distance, and fixation-duration nodes with all graph relations.",multiclass_table6_valence_3class,Table-6 Valence,subject_kfold,LightGBM,LightGBM,LightGBM,aggregated,weighted_precision,7,0.7076488077017018,0.0259386470593863,0.6667311752287122,0.7384100541630235
all_signals,"Gaze, pupil, screen distance, and fixation-duration nodes with all graph relations.",multiclass_table6_valence_3class,Table-6 Valence,subject_kfold,LightGBM,LightGBM,LightGBM,aggregated,weighted_recall,7,0.6901982363059977,0.0302710900882451,0.6604938271604939,0.7354166666666667
all_signals,"Gaze, pupil, screen distance, and fixation-duration nodes with all graph relations.",multiclass_table6_valence_3class,Table-6 Valence,subject_kfold,MLP,MLP,MLP,aggregated,accuracy,7,0.6724547757216089,0.0299641245068227,0.6358024691358025,0.725
all_signals,"Gaze, pupil, screen distance, and fixation-duration nodes with all graph relations.",multiclass_table6_valence_3class,Table-6 Valence,subject_kfold,MLP,MLP,MLP,aggregated,balanced_accuracy,7,0.6710562465944999,0.0219883252664029,0.6358024691358024,0.7048757400842629
all_signals,"Gaze, pupil, screen distance, and fixation-duration nodes with all graph relations.",multiclass_table6_valence_3class,Table-6 Valence,subject_kfold,MLP,MLP,MLP,aggregated,loss,7,0.6900601647047314,0.1125565038900972,0.5553637420512546,0.8568924783474173
all_signals,"Gaze, pupil, screen distance, and fixation-duration nodes with all graph relations.",multiclass_table6_valence_3class,Table-6 Valence,subject_kfold,MLP,MLP,MLP,aggregated,macro_auc_ovr,7,0.7536582617896098,0.0357345946262803,0.7007198228128461,0.7940365143904966
all_signals,"Gaze, pupil, screen distance, and fixation-duration nodes with all graph relations.",multiclass_table6_valence_3class,Table-6 Valence,subject_kfold,MLP,MLP,MLP,aggregated,macro_f1,7,0.6621669141459762,0.0269878842589614,0.6292089232519998,0.7053352183942257
all_signals,"Gaze, pupil, screen distance, and fixation-duration nodes with all graph relations.",multiclass_table6_valence_3class,Table-6 Valence,subject_kfold,MLP,MLP,MLP,aggregated,macro_precision,7,0.6893759793754537,0.0259716175463618,0.635989010989011,0.7129453262786596
all_signals,"Gaze, pupil, screen distance, and fixation-duration nodes with all graph relations.",multiclass_table6_valence_3class,Table-6 Valence,subject_kfold,MLP,MLP,MLP,aggregated,macro_recall,7,0.6710562465944999,0.0219883252664029,0.6358024691358024,0.7048757400842629
all_signals,"Gaze, pupil, screen distance, and fixation-duration nodes with all graph relations.",multiclass_table6_valence_3class,Table-6 Valence,subject_kfold,MLP,MLP,MLP,aggregated,weighted_auc_ovr,7,0.7536582617896098,0.0357345946262803,0.7007198228128462,0.7940365143904966
all_signals,"Gaze, pupil, screen distance, and fixation-duration nodes with all graph relations.",multiclass_table6_valence_3class,Table-6 Valence,subject_kfold,MLP,MLP,MLP,aggregated,weighted_f1,7,0.664505792144367,0.0335551474567674,0.6256188926549959,0.7246828261031326
all_signals,"Gaze, pupil, screen distance, and fixation-duration nodes with all graph relations.",multiclass_table6_valence_3class,Table-6 Valence,subject_kfold,MLP,MLP,MLP,aggregated,weighted_precision,7,0.6928677541631905,0.0289179693927988,0.635989010989011,0.7243912103074714
all_signals,"Gaze, pupil, screen distance, and fixation-duration nodes with all graph relations.",multiclass_table6_valence_3class,Table-6 Valence,subject_kfold,MLP,MLP,MLP,aggregated,weighted_recall,7,0.6724547757216089,0.0299641245068227,0.6358024691358025,0.725
all_signals,"Gaze, pupil, screen distance, and fixation-duration nodes with all graph relations.",multiclass_table6_valence_3class,Table-6 Valence,subject_kfold,MOMENT_GazeMAE_all_signals,MOMENTxGazeMAE,MOMENT_GazeMAE_all_signals,aggregated,accuracy,7,0.6612415413722433,0.0310395472329621,0.6047008547008547,0.6934156378600823
all_signals,"Gaze, pupil, screen distance, and fixation-duration nodes with all graph relations.",multiclass_table6_valence_3class,Table-6 Valence,subject_kfold,MOMENT_GazeMAE_all_signals,MOMENTxGazeMAE,MOMENT_GazeMAE_all_signals,aggregated,balanced_accuracy,7,0.6628378235163828,0.0295554006346392,0.6102966713583271,0.6934156378600823
all_signals,"Gaze, pupil, screen distance, and fixation-duration nodes with all graph relations.",multiclass_table6_valence_3class,Table-6 Valence,subject_kfold,MOMENT_GazeMAE_all_signals,MOMENTxGazeMAE,MOMENT_GazeMAE_all_signals,aggregated,loss,7,0.742053802129656,0.2074402066841644,0.5975054078458484,1.187233631850466
all_signals,"Gaze, pupil, screen distance, and fixation-duration nodes with all graph relations.",multiclass_table6_valence_3class,Table-6 Valence,subject_kfold,MOMENT_GazeMAE_all_signals,MOMENTxGazeMAE,MOMENT_GazeMAE_all_signals,aggregated,macro_auc_ovr,7,0.7217391617477491,0.0421753262532868,0.6464803407242218,0.7710281802066141
all_signals,"Gaze, pupil, screen distance, and fixation-duration nodes with all graph relations.",multiclass_table6_valence_3class,Table-6 Valence,subject_kfold,MOMENT_GazeMAE_all_signals,MOMENTxGazeMAE,MOMENT_GazeMAE_all_signals,aggregated,macro_f1,7,0.6564519964549824,0.0337492134539973,0.5931065921619678,0.6934039553404717
all_signals,"Gaze, pupil, screen distance, and fixation-duration nodes with all graph relations.",multiclass_table6_valence_3class,Table-6 Valence,subject_kfold,MOMENT_GazeMAE_all_signals,MOMENTxGazeMAE,MOMENT_GazeMAE_all_signals,aggregated,macro_precision,7,0.667822144492636,0.0261090949159914,0.6274070945945946,0.6995528035775713
all_signals,"Gaze, pupil, screen distance, and fixation-duration nodes with all graph relations.",multiclass_table6_valence_3class,Table-6 Valence,subject_kfold,MOMENT_GazeMAE_all_signals,MOMENTxGazeMAE,MOMENT_GazeMAE_all_signals,aggregated,macro_recall,7,0.6628378235163828,0.0295554006346392,0.6102966713583271,0.6934156378600823
all_signals,"Gaze, pupil, screen distance, and fixation-duration nodes with all graph relations.",multiclass_table6_valence_3class,Table-6 Valence,subject_kfold,MOMENT_GazeMAE_all_signals,MOMENTxGazeMAE,MOMENT_GazeMAE_all_signals,aggregated,weighted_auc_ovr,7,0.7217391617477491,0.0421753262532868,0.6464803407242217,0.7710281802066141
all_signals,"Gaze, pupil, screen distance, and fixation-duration nodes with all graph relations.",multiclass_table6_valence_3class,Table-6 Valence,subject_kfold,MOMENT_GazeMAE_all_signals,MOMENTxGazeMAE,MOMENT_GazeMAE_all_signals,aggregated,weighted_f1,7,0.6581057933298295,0.0353205863532568,0.5910519127246968,0.6934039553404717
all_signals,"Gaze, pupil, screen distance, and fixation-duration nodes with all graph relations.",multiclass_table6_valence_3class,Table-6 Valence,subject_kfold,MOMENT_GazeMAE_all_signals,MOMENTxGazeMAE,MOMENT_GazeMAE_all_signals,aggregated,weighted_precision,7,0.6725713292385354,0.0284121963559078,0.6292552769115269,0.702426763774834
all_signals,"Gaze, pupil, screen distance, and fixation-duration nodes with all graph relations.",multiclass_table6_valence_3class,Table-6 Valence,subject_kfold,MOMENT_GazeMAE_all_signals,MOMENTxGazeMAE,MOMENT_GazeMAE_all_signals,aggregated,weighted_recall,7,0.6612415413722433,0.0310395472329621,0.6047008547008547,0.6934156378600823
all_signals,"Gaze, pupil, screen distance, and fixation-duration nodes with all graph relations.",multiclass_table6_valence_3class,Table-6 Valence,subject_kfold,Majority,Večinski,Majority,aggregated,accuracy,7,0.5215136174953522,0.0483680430307695,0.485042735042735,0.6270833333333333
all_signals,"Gaze, pupil, screen distance, and fixation-duration nodes with all graph relations.",multiclass_table6_valence_3class,Table-6 Valence,subject_kfold,Majority,Večinski,Majority,aggregated,balanced_accuracy,7,0.5,0.0,0.5,0.5
all_signals,"Gaze, pupil, screen distance, and fixation-duration nodes with all graph relations.",multiclass_table6_valence_3class,Table-6 Valence,subject_kfold,Majority,Večinski,Majority,aggregated,loss,7,17.24639732241005,1.7433609781109576,13.441279076358269,18.56094116832741
all_signals,"Gaze, pupil, screen distance, and fixation-duration nodes with all graph relations.",multiclass_table6_valence_3class,Table-6 Valence,subject_kfold,Majority,Večinski,Majority,aggregated,macro_auc_ovr,7,0.5,0.0,0.5,0.5
all_signals,"Gaze, pupil, screen distance, and fixation-duration nodes with all graph relations.",multiclass_table6_valence_3class,Table-6 Valence,subject_kfold,Majority,Večinski,Majority,aggregated,macro_f1,7,0.3422174448163131,0.0199065804841718,0.3266187050359712,0.3854033290653009
all_signals,"Gaze, pupil, screen distance, and fixation-duration nodes with all graph relations.",multiclass_table6_valence_3class,Table-6 Valence,subject_kfold,Majority,Večinski,Majority,aggregated,macro_precision,7,0.2607568087476761,0.0241840215153847,0.2425213675213675,0.3135416666666666
all_signals,"Gaze, pupil, screen distance, and fixation-duration nodes with all graph relations.",multiclass_table6_valence_3class,Table-6 Valence,subject_kfold,Majority,Večinski,Majority,aggregated,macro_recall,7,0.5,0.0,0.5,0.5
all_signals,"Gaze, pupil, screen distance, and fixation-duration nodes with all graph relations.",multiclass_table6_valence_3class,Table-6 Valence,subject_kfold,Majority,Večinski,Majority,aggregated,weighted_auc_ovr,7,0.5,0.0,0.5,0.5
all_signals,"Gaze, pupil, screen distance, and fixation-duration nodes with all graph relations.",multiclass_table6_valence_3class,Table-6 Valence,subject_kfold,Majority,Večinski,Majority,aggregated,weighted_f1,7,0.3585923453580781,0.056937546598882,0.3168480600135276,0.4833600085360648
all_signals,"Gaze, pupil, screen distance, and fixation-duration nodes with all graph relations.",multiclass_table6_valence_3class,Table-6 Valence,subject_kfold,Majority,Večinski,Majority,aggregated,weighted_precision,7,0.2739817111644825,0.0542304313048161,0.2352664548177368,0.3932335069444444
all_signals,"Gaze, pupil, screen distance, and fixation-duration nodes with all graph relations.",multiclass_table6_valence_3class,Table-6 Valence,subject_kfold,Majority,Večinski,Majority,aggregated,weighted_recall,7,0.5215136174953522,0.0483680430307695,0.485042735042735,0.6270833333333333
all_signals,"Gaze, pupil, screen distance, and fixation-duration nodes with all graph relations.",multiclass_table6_valence_3class,Table-6 Valence,subject_kfold,Random,Naključni,Random,aggregated,accuracy,7,0.5086666301040107,0.0195575988139385,0.484375,0.53125
all_signals,"Gaze, pupil, screen distance, and fixation-duration nodes with all graph relations.",multiclass_table6_valence_3class,Table-6 Valence,subject_kfold,Random,Naključni,Random,aggregated,balanced_accuracy,7,0.5085280657142158,0.0194295688326647,0.4838926584754569,0.5300116928673508
all_signals,"Gaze, pupil, screen distance, and fixation-duration nodes with all graph relations.",multiclass_table6_valence_3class,Table-6 Valence,subject_kfold,Random,Naključni,Random,aggregated,loss,7,17.70944968303792,0.7049273127730095,16.895462526148663,18.58500877876353
all_signals,"Gaze, pupil, screen distance, and fixation-duration nodes with all graph relations.",multiclass_table6_valence_3class,Table-6 Valence,subject_kfold,Random,Naključni,Random,aggregated,macro_auc_ovr,7,0.5085280657142159,0.0194295688326647,0.483892658475457,0.530011692867351
all_signals,"Gaze, pupil, screen distance, and fixation-duration nodes with all graph relations.",multiclass_table6_valence_3class,Table-6 Valence,subject_kfold,Random,Naključni,Random,aggregated,macro_f1,7,0.507208745681868,0.0181067303328025,0.4838709677419355,0.5287555322061961
all_signals,"Gaze, pupil, screen distance, and fixation-duration nodes with all graph relations.",multiclass_table6_valence_3class,Table-6 Valence,subject_kfold,Random,Naključni,Random,aggregated,macro_precision,7,0.5082505401346115,0.0190753555417709,0.4839083969465648,0.529069582378406
all_signals,"Gaze, pupil, screen distance, and fixation-duration nodes with all graph relations.",multiclass_table6_valence_3class,Table-6 Valence,subject_kfold,Random,Naključni,Random,aggregated,macro_recall,7,0.5085280657142158,0.0194295688326647,0.4838926584754569,0.5300116928673508
all_signals,"Gaze, pupil, screen distance, and fixation-duration nodes with all graph relations.",multiclass_table6_valence_3class,Table-6 Valence,subject_kfold,Random,Naključni,Random,aggregated,weighted_auc_ovr,7,0.5085280657142158,0.0194295688326647,0.4838926584754569,0.530011692867351
all_signals,"Gaze, pupil, screen distance, and fixation-duration nodes with all graph relations.",multiclass_table6_valence_3class,Table-6 Valence,subject_kfold,Random,Naključni,Random,aggregated,weighted_f1,7,0.5097752892977954,0.0211858023647929,0.4845010080645161,0.538896125022686
all_signals,"Gaze, pupil, screen distance, and fixation-duration nodes with all graph relations.",multiclass_table6_valence_3class,Table-6 Valence,subject_kfold,Random,Naključni,Random,aggregated,weighted_precision,7,0.5131648534358619,0.0268093092082423,0.4846860687022901,0.5602123288861094
all_signals,"Gaze, pupil, screen distance, and fixation-duration nodes with all graph relations.",multiclass_table6_valence_3class,Table-6 Valence,subject_kfold,Random,Naključni,Random,aggregated,weighted_recall,7,0.5086666301040107,0.0195575988139385,0.484375,0.5312499999999999
all_signals,"Gaze, pupil, screen distance, and fixation-duration nodes with all graph relations.",multiclass_table6_valence_3class,Table-6 Valence,subject_kfold,SVM,SVM,SVM,aggregated,accuracy,7,0.6855416897221992,0.0330080903675717,0.6375176304654443,0.7354166666666667
all_signals,"Gaze, pupil, screen distance, and fixation-duration nodes with all graph relations.",multiclass_table6_valence_3class,Table-6 Valence,subject_kfold,SVM,SVM,SVM,aggregated,balanced_accuracy,7,0.6827138395252598,0.0232974441719362,0.6471418320975844,0.709976159911975
all_signals,"Gaze, pupil, screen distance, and fixation-duration nodes with all graph relations.",multiclass_table6_valence_3class,Table-6 Valence,subject_kfold,SVM,SVM,SVM,aggregated,loss,7,0.6001140159736701,0.0446517618297335,0.5480347762709032,0.6758878864504582
all_signals,"Gaze, pupil, screen distance, and fixation-duration nodes with all graph relations.",multiclass_table6_valence_3class,Table-6 Valence,subject_kfold,SVM,SVM,SVM,aggregated,macro_auc_ovr,7,0.7615164925277641,0.0264265746221035,0.7252214839424143,0.8019133198850785
all_signals,"Gaze, pupil, screen distance, and fixation-duration nodes with all graph relations.",multiclass_table6_valence_3class,Table-6 Valence,subject_kfold,SVM,SVM,SVM,aggregated,macro_f1,7,0.6760563784480497,0.0327840715714383,0.6236707043795243,0.710429937440326
all_signals,"Gaze, pupil, screen distance, and fixation-duration nodes with all graph relations.",multiclass_table6_valence_3class,Table-6 Valence,subject_kfold,SVM,SVM,SVM,aggregated,macro_precision,7,0.698698385741234,0.0210503982831556,0.6690903127050076,0.725571315996848
all_signals,"Gaze, pupil, screen distance, and fixation-duration nodes with all graph relations.",multiclass_table6_valence_3class,Table-6 Valence,subject_kfold,SVM,SVM,SVM,aggregated,macro_recall,7,0.6827138395252598,0.0232974441719362,0.6471418320975844,0.709976159911975
all_signals,"Gaze, pupil, screen distance, and fixation-duration nodes with all graph relations.",multiclass_table6_valence_3class,Table-6 Valence,subject_kfold,SVM,SVM,SVM,aggregated,weighted_auc_ovr,7,0.7615164925277641,0.0264265746221035,0.7252214839424143,0.8019133198850785
all_signals,"Gaze, pupil, screen distance, and fixation-duration nodes with all graph relations.",multiclass_table6_valence_3class,Table-6 Valence,subject_kfold,SVM,SVM,SVM,aggregated,weighted_f1,7,0.6787599319734064,0.0384183084997496,0.6205144197569985,0.732049660600706
all_signals,"Gaze, pupil, screen distance, and fixation-duration nodes with all graph relations.",multiclass_table6_valence_3class,Table-6 Valence,subject_kfold,SVM,SVM,SVM,aggregated,weighted_precision,7,0.701407101520496,0.0228384083451236,0.6690466424355977,0.7310872395833333
all_signals,"Gaze, pupil, screen distance, and fixation-duration nodes with all graph relations.",multiclass_table6_valence_3class,Table-6 Valence,subject_kfold,SVM,SVM,SVM,aggregated,weighted_recall,7,0.6855416897221992,0.0330080903675717,0.6375176304654443,0.7354166666666667
gaze_only,Gaze x/y nodes with temporal and spatial graph relations.,multiclass_table6_valence_3class,Table-6 Valence,subject_kfold,BasicGCN,GCN,BasicGCN,aggregated,accuracy,7,0.6435868045139446,0.0481406066428714,0.5644820295983086,0.7110655737704918
gaze_only,Gaze x/y nodes with temporal and spatial graph relations.,multiclass_table6_valence_3class,Table-6 Valence,subject_kfold,BasicGCN,GCN,BasicGCN,aggregated,balanced_accuracy,7,0.6459604920720923,0.0472518082209888,0.5677850908570611,0.7110655737704918
gaze_only,Gaze x/y nodes with temporal and spatial graph relations.,multiclass_table6_valence_3class,Table-6 Valence,subject_kfold,BasicGCN,GCN,BasicGCN,aggregated,loss,7,0.6183869114943913,0.0376113160261674,0.5566805601119995,0.681609570980072
gaze_only,Gaze x/y nodes with temporal and spatial graph relations.,multiclass_table6_valence_3class,Table-6 Valence,subject_kfold,BasicGCN,GCN,BasicGCN,aggregated,macro_auc_ovr,7,0.7067404804834307,0.0629160054849678,0.6009264558592073,0.7852391830153185
gaze_only,Gaze x/y nodes with temporal and spatial graph relations.,multiclass_table6_valence_3class,Table-6 Valence,subject_kfold,BasicGCN,GCN,BasicGCN,aggregated,macro_f1,7,0.6407159485206533,0.0518715854253041,0.5526262626262626,0.7110643604892859
gaze_only,Gaze x/y nodes with temporal and spatial graph relations.,multiclass_table6_valence_3class,Table-6 Valence,subject_kfold,BasicGCN,GCN,BasicGCN,aggregated,macro_precision,7,0.646356705575555,0.0448848573605065,0.5768918644755529,0.7110691190056269
gaze_only,Gaze x/y nodes with temporal and spatial graph relations.,multiclass_table6_valence_3class,Table-6 Valence,subject_kfold,BasicGCN,GCN,BasicGCN,aggregated,macro_recall,7,0.6459604920720923,0.0472518082209888,0.5677850908570611,0.7110655737704918
gaze_only,Gaze x/y nodes with temporal and spatial graph relations.,multiclass_table6_valence_3class,Table-6 Valence,subject_kfold,BasicGCN,GCN,BasicGCN,aggregated,weighted_auc_ovr,7,0.7067404804834307,0.0629160054849678,0.6009264558592073,0.7852391830153186
gaze_only,Gaze x/y nodes with temporal and spatial graph relations.,multiclass_table6_valence_3class,Table-6 Valence,subject_kfold,BasicGCN,GCN,BasicGCN,aggregated,weighted_f1,7,0.6422519725037323,0.0518145516687127,0.5512405236295299,0.7110643604892859
gaze_only,Gaze x/y nodes with temporal and spatial graph relations.,multiclass_table6_valence_3class,Table-6 Valence,subject_kfold,BasicGCN,GCN,BasicGCN,aggregated,weighted_precision,7,0.6516567638602843,0.0452231025580989,0.5775770700822719,0.7110691190056269
gaze_only,Gaze x/y nodes with temporal and spatial graph relations.,multiclass_table6_valence_3class,Table-6 Valence,subject_kfold,BasicGCN,GCN,BasicGCN,aggregated,weighted_recall,7,0.6435868045139446,0.0481406066428714,0.5644820295983086,0.7110655737704918
gaze_only,Gaze x/y nodes with temporal and spatial graph relations.,multiclass_table6_valence_3class,Table-6 Valence,subject_kfold,GazeMAE_MLP,GazeMAE,GazeMAE_MLP,aggregated,accuracy,7,0.6571722317251804,0.0318600047078571,0.6109936575052854,0.693050193050193
gaze_only,Gaze x/y nodes with temporal and spatial graph relations.,multiclass_table6_valence_3class,Table-6 Valence,subject_kfold,GazeMAE_MLP,GazeMAE,GazeMAE_MLP,aggregated,balanced_accuracy,7,0.6581058454354555,0.0282839931616557,0.6147964658749464,0.6883064516129033
gaze_only,Gaze x/y nodes with temporal and spatial graph relations.,multiclass_table6_valence_3class,Table-6 Valence,subject_kfold,GazeMAE_MLP,GazeMAE,GazeMAE_MLP,aggregated,loss,7,0.7193995092715874,0.1680051464975033,0.5842668917068914,1.0610393394676985
gaze_only,Gaze x/y nodes with temporal and spatial graph relations.,multiclass_table6_valence_3class,Table-6 Valence,subject_kfold,GazeMAE_MLP,GazeMAE,GazeMAE_MLP,aggregated,macro_auc_ovr,7,0.718965060384454,0.0492563251398012,0.6400593790241809,0.7623622682074711
gaze_only,Gaze x/y nodes with temporal and spatial graph relations.,multiclass_table6_valence_3class,Table-6 Valence,subject_kfold,GazeMAE_MLP,GazeMAE,GazeMAE_MLP,aggregated,macro_f1,7,0.6515701970001054,0.0348316836533753,0.5967155990510083,0.6868305481092796
gaze_only,Gaze x/y nodes with temporal and spatial graph relations.,multiclass_table6_valence_3class,Table-6 Valence,subject_kfold,GazeMAE_MLP,GazeMAE,GazeMAE_MLP,aggregated,macro_precision,7,0.6650681206823973,0.0300154966575516,0.6172456362950516,0.6993927605673893
gaze_only,Gaze x/y nodes with temporal and spatial graph relations.,multiclass_table6_valence_3class,Table-6 Valence,subject_kfold,GazeMAE_MLP,GazeMAE,GazeMAE_MLP,aggregated,macro_recall,7,0.6581058454354555,0.0282839931616557,0.6147964658749464,0.6883064516129033
gaze_only,Gaze x/y nodes with temporal and spatial graph relations.,multiclass_table6_valence_3class,Table-6 Valence,subject_kfold,GazeMAE_MLP,GazeMAE,GazeMAE_MLP,aggregated,weighted_auc_ovr,7,0.7189623427050756,0.0492602104695163,0.6400593790241809,0.7623622682074711
gaze_only,Gaze x/y nodes with temporal and spatial graph relations.,multiclass_table6_valence_3class,Table-6 Valence,subject_kfold,GazeMAE_MLP,GazeMAE,GazeMAE_MLP,aggregated,weighted_f1,7,0.6536031140800034,0.0333649319495488,0.5952717504432725,0.6887049616531166
gaze_only,Gaze x/y nodes with temporal and spatial graph relations.,multiclass_table6_valence_3class,Table-6 Valence,subject_kfold,GazeMAE_MLP,GazeMAE,GazeMAE_MLP,aggregated,weighted_precision,7,0.6699399440068784,0.0224836818625035,0.6372181729475599,0.6982674663304674
gaze_only,Gaze x/y nodes with temporal and spatial graph relations.,multiclass_table6_valence_3class,Table-6 Valence,subject_kfold,GazeMAE_MLP,GazeMAE,GazeMAE_MLP,aggregated,weighted_recall,7,0.6571722317251804,0.0318600047078571,0.6109936575052854,0.693050193050193
gaze_only,Gaze x/y nodes with temporal and spatial graph relations.,multiclass_table6_valence_3class,Table-6 Valence,subject_kfold,HeteroGCNMLP,HeteroGCN-MLP,HeteroGCNMLP,aggregated,accuracy,7,0.6590385526459659,0.0389083991048816,0.6081081081081081,0.7021696252465484
gaze_only,Gaze x/y nodes with temporal and spatial graph relations.,multiclass_table6_valence_3class,Table-6 Valence,subject_kfold,HeteroGCNMLP,HeteroGCN-MLP,HeteroGCNMLP,aggregated,balanced_accuracy,7,0.6620867876052883,0.0364948381705938,0.6071535244922341,0.7021942110177404
gaze_only,Gaze x/y nodes with temporal and spatial graph relations.,multiclass_table6_valence_3class,Table-6 Valence,subject_kfold,HeteroGCNMLP,HeteroGCN-MLP,HeteroGCNMLP,aggregated,loss,7,0.616450948374612,0.0360802136514086,0.5772592127323151,0.6795410215854645
gaze_only,Gaze x/y nodes with temporal and spatial graph relations.,multiclass_table6_valence_3class,Table-6 Valence,subject_kfold,HeteroGCNMLP,HeteroGCN-MLP,HeteroGCNMLP,aggregated,macro_auc_ovr,7,0.7216924027000484,0.0469479238571492,0.6621117084826762,0.7694218006818851
gaze_only,Gaze x/y nodes with temporal and spatial graph relations.,multiclass_table6_valence_3class,Table-6 Valence,subject_kfold,HeteroGCNMLP,HeteroGCN-MLP,HeteroGCNMLP,aggregated,macro_f1,7,0.6583401023103069,0.0395618467975923,0.6071931535044957,0.7021696252465484
gaze_only,Gaze x/y nodes with temporal and spatial graph relations.,multiclass_table6_valence_3class,Table-6 Valence,subject_kfold,HeteroGCNMLP,HeteroGCN-MLP,HeteroGCNMLP,aggregated,macro_precision,7,0.6612867769029334,0.0376966071779819,0.6072736787022501,0.7021942110177404
gaze_only,Gaze x/y nodes with temporal and spatial graph relations.,multiclass_table6_valence_3class,Table-6 Valence,subject_kfold,HeteroGCNMLP,HeteroGCN-MLP,HeteroGCNMLP,aggregated,macro_recall,7,0.6620867876052883,0.0364948381705938,0.6071535244922341,0.7021942110177404
gaze_only,Gaze x/y nodes with temporal and spatial graph relations.,multiclass_table6_valence_3class,Table-6 Valence,subject_kfold,HeteroGCNMLP,HeteroGCN-MLP,HeteroGCNMLP,aggregated,weighted_auc_ovr,7,0.7216924027000484,0.0469479238571492,0.6621117084826762,0.7694218006818851
gaze_only,Gaze x/y nodes with temporal and spatial graph relations.,multiclass_table6_valence_3class,Table-6 Valence,subject_kfold,HeteroGCNMLP,HeteroGCN-MLP,HeteroGCNMLP,aggregated,weighted_f1,7,0.6596747037250749,0.0379048364188896,0.6079983135556746,0.7021696252465484
gaze_only,Gaze x/y nodes with temporal and spatial graph relations.,multiclass_table6_valence_3class,Table-6 Valence,subject_kfold,HeteroGCNMLP,HeteroGCN-MLP,HeteroGCNMLP,aggregated,weighted_precision,7,0.6668299450125461,0.035034223283414,0.6079293018068529,0.7022187967889325
gaze_only,Gaze x/y nodes with temporal and spatial graph relations.,multiclass_table6_valence_3class,Table-6 Valence,subject_kfold,HeteroGCNMLP,HeteroGCN-MLP,HeteroGCNMLP,aggregated,weighted_recall,7,0.6590385526459659,0.0389083991048816,0.6081081081081081,0.7021696252465484
gaze_only,Gaze x/y nodes with temporal and spatial graph relations.,multiclass_table6_valence_3class,Table-6 Valence,subject_kfold,HeteroGCNMLPWeights,HeteroGCN-MLP-w,HeteroGCNMLPWeights,aggregated,accuracy,7,0.6431561810072292,0.0495095869616619,0.5665961945031712,0.702247191011236
gaze_only,Gaze x/y nodes with temporal and spatial graph relations.,multiclass_table6_valence_3class,Table-6 Valence,subject_kfold,HeteroGCNMLPWeights,HeteroGCN-MLP-w,HeteroGCNMLPWeights,aggregated,balanced_accuracy,7,0.6455824608553307,0.0481371207011969,0.569376877951066,0.7023767766194773
gaze_only,Gaze x/y nodes with temporal and spatial graph relations.,multiclass_table6_valence_3class,Table-6 Valence,subject_kfold,HeteroGCNMLPWeights,HeteroGCN-MLP-w,HeteroGCNMLPWeights,aggregated,loss,7,0.6321677210785094,0.0283325153127592,0.599907785654068,0.6793739199638367
gaze_only,Gaze x/y nodes with temporal and spatial graph relations.,multiclass_table6_valence_3class,Table-6 Valence,subject_kfold,HeteroGCNMLPWeights,HeteroGCN-MLP-w,HeteroGCNMLPWeights,aggregated,macro_auc_ovr,7,0.7032215769880843,0.0584536506078818,0.6130347689225927,0.769576136826007
gaze_only,Gaze x/y nodes with temporal and spatial graph relations.,multiclass_table6_valence_3class,Table-6 Valence,subject_kfold,HeteroGCNMLPWeights,HeteroGCN-MLP-w,HeteroGCNMLPWeights,aggregated,macro_f1,7,0.6398327018752296,0.0521788945876452,0.5585135202815606,0.7022461468324245
gaze_only,Gaze x/y nodes with temporal and spatial graph relations.,multiclass_table6_valence_3class,Table-6 Valence,subject_kfold,HeteroGCNMLPWeights,HeteroGCN-MLP-w,HeteroGCNMLPWeights,aggregated,macro_precision,7,0.6479195424294685,0.0482809061596575,0.5757025761124122,0.7023569023569023
gaze_only,Gaze x/y nodes with temporal and spatial graph relations.,multiclass_table6_valence_3class,Table-6 Valence,subject_kfold,HeteroGCNMLPWeights,HeteroGCN-MLP-w,HeteroGCNMLPWeights,aggregated,macro_recall,7,0.6455824608553307,0.0481371207011969,0.569376877951066,0.7023767766194773
gaze_only,Gaze x/y nodes with temporal and spatial graph relations.,multiclass_table6_valence_3class,Table-6 Valence,subject_kfold,HeteroGCNMLPWeights,HeteroGCN-MLP-w,HeteroGCNMLPWeights,aggregated,weighted_auc_ovr,7,0.7032215769880843,0.0584536506078818,0.6130347689225927,0.7695761368260071
gaze_only,Gaze x/y nodes with temporal and spatial graph relations.,multiclass_table6_valence_3class,Table-6 Valence,subject_kfold,HeteroGCNMLPWeights,HeteroGCN-MLP-w,HeteroGCNMLPWeights,aggregated,weighted_f1,7,0.6413862061388347,0.0509971457471121,0.5573768942191466,0.7022545002629164
gaze_only,Gaze x/y nodes with temporal and spatial graph relations.,multiclass_table6_valence_3class,Table-6 Valence,subject_kfold,HeteroGCNMLPWeights,HeteroGCN-MLP-w,HeteroGCNMLPWeights,aggregated,weighted_precision,7,0.6533269035266173,0.0455401188849555,0.5763008055611943,0.7025031841511241
gaze_only,Gaze x/y nodes with temporal and spatial graph relations.,multiclass_table6_valence_3class,Table-6 Valence,subject_kfold,HeteroGCNMLPWeights,HeteroGCN-MLP-w,HeteroGCNMLPWeights,aggregated,weighted_recall,7,0.6431561810072292,0.0495095869616619,0.5665961945031712,0.702247191011236
gaze_only,Gaze x/y nodes with temporal and spatial graph relations.,multiclass_table6_valence_3class,Table-6 Valence,subject_kfold,HeteroGCNMean,HeteroGCN-mean,HeteroGCNMean,aggregated,accuracy,7,0.6168706616632499,0.0633614875320211,0.4980694980694981,0.6910112359550562
gaze_only,Gaze x/y nodes with temporal and spatial graph relations.,multiclass_table6_valence_3class,Table-6 Valence,subject_kfold,HeteroGCNMean,HeteroGCN-mean,HeteroGCNMean,aggregated,balanced_accuracy,7,0.6129037154751833,0.0686794983560948,0.4789277180406212,0.6905209546392042
gaze_only,Gaze x/y nodes with temporal and spatial graph relations.,multiclass_table6_valence_3class,Table-6 Valence,subject_kfold,HeteroGCNMean,HeteroGCN-mean,HeteroGCNMean,aggregated,loss,7,0.6513856110118684,0.0236245029351167,0.6157940824826559,0.6855162978172302
gaze_only,Gaze x/y nodes with temporal and spatial graph relations.,multiclass_table6_valence_3class,Table-6 Valence,subject_kfold,HeteroGCNMean,HeteroGCN-mean,HeteroGCNMean,aggregated,macro_auc_ovr,7,0.646853904955826,0.11190023090077,0.4116786140979689,0.7553491504496795
gaze_only,Gaze x/y nodes with temporal and spatial graph relations.,multiclass_table6_valence_3class,Table-6 Valence,subject_kfold,HeteroGCNMean,HeteroGCN-mean,HeteroGCNMean,aggregated,macro_f1,7,0.5921842898053361,0.1116709733583753,0.354943770714792,0.6904369578430718
gaze_only,Gaze x/y nodes with temporal and spatial graph relations.,multiclass_table6_valence_3class,Table-6 Valence,subject_kfold,HeteroGCNMean,HeteroGCN-mean,HeteroGCNMean,aggregated,macro_precision,7,0.6012139461105963,0.0989440842264329,0.3896966854283927,0.6914476652379878
gaze_only,Gaze x/y nodes with temporal and spatial graph relations.,multiclass_table6_valence_3class,Table-6 Valence,subject_kfold,HeteroGCNMean,HeteroGCN-mean,HeteroGCNMean,aggregated,macro_recall,7,0.6129037154751833,0.0686794983560948,0.4789277180406212,0.6905209546392042
gaze_only,Gaze x/y nodes with temporal and spatial graph relations.,multiclass_table6_valence_3class,Table-6 Valence,subject_kfold,HeteroGCNMean,HeteroGCN-mean,HeteroGCNMean,aggregated,weighted_auc_ovr,7,0.646853904955826,0.11190023090077,0.4116786140979689,0.7553491504496795
gaze_only,Gaze x/y nodes with temporal and spatial graph relations.,multiclass_table6_valence_3class,Table-6 Valence,subject_kfold,HeteroGCNMean,HeteroGCN-mean,HeteroGCNMean,aggregated,weighted_f1,7,0.5968173894737421,0.108345780019517,0.3678485494107081,0.6906367067515881
gaze_only,Gaze x/y nodes with temporal and spatial graph relations.,multiclass_table6_valence_3class,Table-6 Valence,subject_kfold,HeteroGCNMean,HeteroGCN-mean,HeteroGCNMean,aggregated,weighted_precision,7,0.6062781652314951,0.098645919538265,0.394812998471535,0.6913557853889496
gaze_only,Gaze x/y nodes with temporal and spatial graph relations.,multiclass_table6_valence_3class,Table-6 Valence,subject_kfold,HeteroGCNMean,HeteroGCN-mean,HeteroGCNMean,aggregated,weighted_recall,7,0.6168706616632499,0.0633614875320211,0.4980694980694981,0.6910112359550562
gaze_only,Gaze x/y nodes with temporal and spatial graph relations.,multiclass_table6_valence_3class,Table-6 Valence,subject_kfold,LightGBM,LightGBM,LightGBM,aggregated,accuracy,7,0.6967544093630824,0.0219360008892063,0.6708074534161491,0.7209737827715356
gaze_only,Gaze x/y nodes with temporal and spatial graph relations.,multiclass_table6_valence_3class,Table-6 Valence,subject_kfold,LightGBM,LightGBM,LightGBM,aggregated,balanced_accuracy,7,0.6960579426232281,0.0212831416754745,0.6707218465157306,0.7197045164367993
gaze_only,Gaze x/y nodes with temporal and spatial graph relations.,multiclass_table6_valence_3class,Table-6 Valence,subject_kfold,LightGBM,LightGBM,LightGBM,aggregated,loss,7,0.5776623910470702,0.0158433856680185,0.5542605816282615,0.6050224494358208
gaze_only,Gaze x/y nodes with temporal and spatial graph relations.,multiclass_table6_valence_3class,Table-6 Valence,subject_kfold,LightGBM,LightGBM,LightGBM,aggregated,macro_auc_ovr,7,0.7659593332850422,0.0203181570208977,0.7347796537415939,0.7954346949744691
gaze_only,Gaze x/y nodes with temporal and spatial graph relations.,multiclass_table6_valence_3class,Table-6 Valence,subject_kfold,LightGBM,LightGBM,LightGBM,aggregated,macro_f1,7,0.694385684623983,0.023428024062922,0.6605402394876079,0.7184052662313531
gaze_only,Gaze x/y nodes with temporal and spatial graph relations.,multiclass_table6_valence_3class,Table-6 Valence,subject_kfold,LightGBM,LightGBM,LightGBM,aggregated,macro_precision,7,0.6963668774224994,0.0252760684084611,0.6605599723470446,0.7266792125072379
gaze_only,Gaze x/y nodes with temporal and spatial graph relations.,multiclass_table6_valence_3class,Table-6 Valence,subject_kfold,LightGBM,LightGBM,LightGBM,aggregated,macro_recall,7,0.6960579426232281,0.0212831416754745,0.6707218465157306,0.7197045164367993
gaze_only,Gaze x/y nodes with temporal and spatial graph relations.,multiclass_table6_valence_3class,Table-6 Valence,subject_kfold,LightGBM,LightGBM,LightGBM,aggregated,weighted_auc_ovr,7,0.7659593332850422,0.0203181570208977,0.7347796537415939,0.7954346949744691
gaze_only,Gaze x/y nodes with temporal and spatial graph relations.,multiclass_table6_valence_3class,Table-6 Valence,subject_kfold,LightGBM,LightGBM,LightGBM,aggregated,weighted_f1,7,0.6968893583581742,0.0204880672518408,0.675818831643175,0.7191286497788046
gaze_only,Gaze x/y nodes with temporal and spatial graph relations.,multiclass_table6_valence_3class,Table-6 Valence,subject_kfold,LightGBM,LightGBM,LightGBM,aggregated,weighted_precision,7,0.7005744738235348,0.0200354450407374,0.6778911174750345,0.726193644019093
gaze_only,Gaze x/y nodes with temporal and spatial graph relations.,multiclass_table6_valence_3class,Table-6 Valence,subject_kfold,LightGBM,LightGBM,LightGBM,aggregated,weighted_recall,7,0.6967544093630824,0.0219360008892063,0.6708074534161491,0.7209737827715356
gaze_only,Gaze x/y nodes with temporal and spatial graph relations.,multiclass_table6_valence_3class,Table-6 Valence,subject_kfold,MLP,MLP,MLP,aggregated,accuracy,7,0.6702361757085697,0.0208872314662375,0.6363636363636364,0.699438202247191
gaze_only,Gaze x/y nodes with temporal and spatial graph relations.,multiclass_table6_valence_3class,Table-6 Valence,subject_kfold,MLP,MLP,MLP,aggregated,balanced_accuracy,7,0.6688227255448566,0.0209692461572535,0.6384854771784232,0.6989036526468053
gaze_only,Gaze x/y nodes with temporal and spatial graph relations.,multiclass_table6_valence_3class,Table-6 Valence,subject_kfold,MLP,MLP,MLP,aggregated,loss,7,0.6165807561091585,0.0277272884113556,0.5835610554661201,0.6659532344409728
gaze_only,Gaze x/y nodes with temporal and spatial graph relations.,multiclass_table6_valence_3class,Table-6 Valence,subject_kfold,MLP,MLP,MLP,aggregated,macro_auc_ovr,7,0.7256499951303977,0.0273839088249842,0.6761875804836172,0.7545751633986928
gaze_only,Gaze x/y nodes with temporal and spatial graph relations.,multiclass_table6_valence_3class,Table-6 Valence,subject_kfold,MLP,MLP,MLP,aggregated,macro_f1,7,0.6667015135912511,0.0231756630971434,0.632737450343084,0.6989036526468053
gaze_only,Gaze x/y nodes with temporal and spatial graph relations.,multiclass_table6_valence_3class,Table-6 Valence,subject_kfold,MLP,MLP,MLP,aggregated,macro_precision,7,0.6701394855862561,0.0203701434143277,0.6453265765765765,0.6989036526468053
gaze_only,Gaze x/y nodes with temporal and spatial graph relations.,multiclass_table6_valence_3class,Table-6 Valence,subject_kfold,MLP,MLP,MLP,aggregated,macro_recall,7,0.6688227255448566,0.0209692461572535,0.6384854771784232,0.6989036526468053
gaze_only,Gaze x/y nodes with temporal and spatial graph relations.,multiclass_table6_valence_3class,Table-6 Valence,subject_kfold,MLP,MLP,MLP,aggregated,weighted_auc_ovr,7,0.7256499951303977,0.0273839088249842,0.6761875804836172,0.7545751633986929
gaze_only,Gaze x/y nodes with temporal and spatial graph relations.,multiclass_table6_valence_3class,Table-6 Valence,subject_kfold,MLP,MLP,MLP,aggregated,weighted_f1,7,0.6695134297463384,0.0220721790673386,0.6320430742965955,0.699438202247191
gaze_only,Gaze x/y nodes with temporal and spatial graph relations.,multiclass_table6_valence_3class,Table-6 Valence,subject_kfold,MLP,MLP,MLP,aggregated,weighted_precision,7,0.6742865781364955,0.0179072231178163,0.6461097461097461,0.699438202247191
gaze_only,Gaze x/y nodes with temporal and spatial graph relations.,multiclass_table6_valence_3class,Table-6 Valence,subject_kfold,MLP,MLP,MLP,aggregated,weighted_recall,7,0.6702361757085697,0.0208872314662375,0.6363636363636364,0.699438202247191
gaze_only,Gaze x/y nodes with temporal and spatial graph relations.,multiclass_table6_valence_3class,Table-6 Valence,subject_kfold,Majority,Večinski,Majority,aggregated,accuracy,7,0.524662571057297,0.0474986200634213,0.4904862579281184,0.629399585921325
gaze_only,Gaze x/y nodes with temporal and spatial graph relations.,multiclass_table6_valence_3class,Table-6 Valence,subject_kfold,Majority,Večinski,Majority,aggregated,balanced_accuracy,7,0.5,0.0,0.5,0.5
gaze_only,Gaze x/y nodes with temporal and spatial graph relations.,multiclass_table6_valence_3class,Table-6 Valence,subject_kfold,Majority,Večinski,Majority,aggregated,loss,7,17.132897531684893,1.7120237980273256,13.35779287091505,18.36473671623094
gaze_only,Gaze x/y nodes with temporal and spatial graph relations.,multiclass_table6_valence_3class,Table-6 Valence,subject_kfold,Majority,Večinski,Majority,aggregated,macro_auc_ovr,7,0.5,0.0,0.5,0.5
gaze_only,Gaze x/y nodes with temporal and spatial graph relations.,multiclass_table6_valence_3class,Table-6 Valence,subject_kfold,Majority,Večinski,Majority,aggregated,macro_f1,7,0.3435980740566061,0.019442852954004,0.3290780141843971,0.386277001270648
gaze_only,Gaze x/y nodes with temporal and spatial graph relations.,multiclass_table6_valence_3class,Table-6 Valence,subject_kfold,Majority,Večinski,Majority,aggregated,macro_precision,7,0.2623312855286484,0.0237493100317106,0.2452431289640592,0.3146997929606625
gaze_only,Gaze x/y nodes with temporal and spatial graph relations.,multiclass_table6_valence_3class,Table-6 Valence,subject_kfold,Majority,Večinski,Majority,aggregated,macro_recall,7,0.5,0.0,0.5,0.5
gaze_only,Gaze x/y nodes with temporal and spatial graph relations.,multiclass_table6_valence_3class,Table-6 Valence,subject_kfold,Majority,Večinski,Majority,aggregated,weighted_auc_ovr,7,0.5,0.0,0.5,0.5
gaze_only,Gaze x/y nodes with temporal and spatial graph relations.,multiclass_table6_valence_3class,Table-6 Valence,subject_kfold,Majority,Večinski,Majority,aggregated,weighted_f1,7,0.3621289940013816,0.0561224129446386,0.3228164874874424,0.486245169301354
gaze_only,Gaze x/y nodes with temporal and spatial graph relations.,multiclass_table6_valence_3class,Table-6 Valence,subject_kfold,Majority,Večinski,Majority,aggregated,weighted_precision,7,0.2772046296752496,0.053642289089177,0.2405767692163286,0.3961438387579354
gaze_only,Gaze x/y nodes with temporal and spatial graph relations.,multiclass_table6_valence_3class,Table-6 Valence,subject_kfold,Majority,Večinski,Majority,aggregated,weighted_recall,7,0.524662571057297,0.0474986200634213,0.4904862579281184,0.629399585921325
gaze_only,Gaze x/y nodes with temporal and spatial graph relations.,multiclass_table6_valence_3class,Table-6 Valence,subject_kfold,Random,Naključni,Random,aggregated,accuracy,7,0.502143722158088,0.0177354285370126,0.4787644787644787,0.5280898876404494
gaze_only,Gaze x/y nodes with temporal and spatial graph relations.,multiclass_table6_valence_3class,Table-6 Valence,subject_kfold,Random,Naključni,Random,aggregated,balanced_accuracy,7,0.5018226182426754,0.017497673136948,0.4783154121863799,0.5283176956944455
gaze_only,Gaze x/y nodes with temporal and spatial graph relations.,multiclass_table6_valence_3class,Table-6 Valence,subject_kfold,Random,Naključni,Random,aggregated,loss,7,17.944559116129877,0.6392496388955395,17.00936452070697,18.78723246150894
gaze_only,Gaze x/y nodes with temporal and spatial graph relations.,multiclass_table6_valence_3class,Table-6 Valence,subject_kfold,Random,Naključni,Random,aggregated,macro_auc_ovr,7,0.5018226182426754,0.017497673136948,0.4783154121863799,0.5283176956944455
gaze_only,Gaze x/y nodes with temporal and spatial graph relations.,multiclass_table6_valence_3class,Table-6 Valence,subject_kfold,Random,Naključni,Random,aggregated,macro_f1,7,0.5005757636489282,0.0161292743375303,0.4782667084471104,0.5279558011049723
gaze_only,Gaze x/y nodes with temporal and spatial graph relations.,multiclass_table6_valence_3class,Table-6 Valence,subject_kfold,Random,Naključni,Random,aggregated,macro_precision,7,0.5016129513980724,0.0172106117828807,0.4783464566929134,0.5282694295611827
gaze_only,Gaze x/y nodes with temporal and spatial graph relations.,multiclass_table6_valence_3class,Table-6 Valence,subject_kfold,Random,Naključni,Random,aggregated,macro_recall,7,0.5018226182426754,0.017497673136948,0.4783154121863799,0.5283176956944455
gaze_only,Gaze x/y nodes with temporal and spatial graph relations.,multiclass_table6_valence_3class,Table-6 Valence,subject_kfold,Random,Naključni,Random,aggregated,weighted_auc_ovr,7,0.5018226182426754,0.017497673136948,0.4783154121863799,0.5283176956944454
gaze_only,Gaze x/y nodes with temporal and spatial graph relations.,multiclass_table6_valence_3class,Table-6 Valence,subject_kfold,Random,Naključni,Random,aggregated,weighted_f1,7,0.5033113494500314,0.019561500383477,0.4789511426334919,0.5318610536001841
gaze_only,Gaze x/y nodes with temporal and spatial graph relations.,multiclass_table6_valence_3class,Table-6 Valence,subject_kfold,Random,Naključni,Random,aggregated,weighted_precision,7,0.5066809449761837,0.0256921833215042,0.4792661052503572,0.5536882700918391
gaze_only,Gaze x/y nodes with temporal and spatial graph relations.,multiclass_table6_valence_3class,Table-6 Valence,subject_kfold,Random,Naključni,Random,aggregated,weighted_recall,7,0.502143722158088,0.0177354285370126,0.4787644787644787,0.5280898876404494
gaze_only,Gaze x/y nodes with temporal and spatial graph relations.,multiclass_table6_valence_3class,Table-6 Valence,subject_kfold,SVM,SVM,SVM,aggregated,accuracy,7,0.6748325843286622,0.0175658658625994,0.642706131078224,0.6942800788954635
gaze_only,Gaze x/y nodes with temporal and spatial graph relations.,multiclass_table6_valence_3class,Table-6 Valence,subject_kfold,SVM,SVM,SVM,aggregated,balanced_accuracy,7,0.6742136402115259,0.0171370027282758,0.6435022893117757,0.6939775910364145
gaze_only,Gaze x/y nodes with temporal and spatial graph relations.,multiclass_table6_valence_3class,Table-6 Valence,subject_kfold,SVM,SVM,SVM,aggregated,loss,7,0.6136712756447292,0.0192627058077988,0.5955083647238548,0.6516457566426921
gaze_only,Gaze x/y nodes with temporal and spatial graph relations.,multiclass_table6_valence_3class,Table-6 Valence,subject_kfold,SVM,SVM,SVM,aggregated,macro_auc_ovr,7,0.7264588954865492,0.0251532588860406,0.6801223350980112,0.7564717692532665
gaze_only,Gaze x/y nodes with temporal and spatial graph relations.,multiclass_table6_valence_3class,Table-6 Valence,subject_kfold,SVM,SVM,SVM,aggregated,macro_f1,7,0.6719894556372915,0.016827684820045,0.6423928457990543,0.6933447798177668
gaze_only,Gaze x/y nodes with temporal and spatial graph relations.,multiclass_table6_valence_3class,Table-6 Valence,subject_kfold,SVM,SVM,SVM,aggregated,macro_precision,7,0.6749712538988967,0.0170371490660486,0.6443335132218024,0.6961139081183134
gaze_only,Gaze x/y nodes with temporal and spatial graph relations.,multiclass_table6_valence_3class,Table-6 Valence,subject_kfold,SVM,SVM,SVM,aggregated,macro_recall,7,0.6742136402115259,0.0171370027282758,0.6435022893117757,0.6939775910364145
gaze_only,Gaze x/y nodes with temporal and spatial graph relations.,multiclass_table6_valence_3class,Table-6 Valence,subject_kfold,SVM,SVM,SVM,aggregated,weighted_auc_ovr,7,0.7264588954865491,0.0251532588860406,0.6801223350980111,0.7564717692532664
gaze_only,Gaze x/y nodes with temporal and spatial graph relations.,multiclass_table6_valence_3class,Table-6 Valence,subject_kfold,SVM,SVM,SVM,aggregated,weighted_f1,7,0.6744529807804008,0.01811668928328,0.6421914481195881,0.6934449904332344
gaze_only,Gaze x/y nodes with temporal and spatial graph relations.,multiclass_table6_valence_3class,Table-6 Valence,subject_kfold,SVM,SVM,SVM,aggregated,weighted_precision,7,0.6791603314853006,0.0200271860073142,0.6447293629324027,0.7037695223602269
gaze_only,Gaze x/y nodes with temporal and spatial graph relations.,multiclass_table6_valence_3class,Table-6 Valence,subject_kfold,SVM,SVM,SVM,aggregated,weighted_recall,7,0.6748325843286622,0.0175658658625994,0.642706131078224,0.6942800788954635
gaze_pupil,Gaze x/y plus pupil nodes with temporal and spatial graph relations.,multiclass_table6_valence_3class,Table-6 Valence,subject_kfold,BasicGCN,GCN,BasicGCN,aggregated,accuracy,7,0.6542522662632597,0.0282506316630346,0.6077669902912621,0.6985446985446986
gaze_pupil,Gaze x/y plus pupil nodes with temporal and spatial graph relations.,multiclass_table6_valence_3class,Table-6 Valence,subject_kfold,BasicGCN,GCN,BasicGCN,aggregated,balanced_accuracy,7,0.6506753918674816,0.0179732903622144,0.6134799927575593,0.6686041083099907
gaze_pupil,Gaze x/y plus pupil nodes with temporal and spatial graph relations.,multiclass_table6_valence_3class,Table-6 Valence,subject_kfold,BasicGCN,GCN,BasicGCN,aggregated,loss,7,0.6986727402323769,0.1995641454352903,0.5741097927093506,1.1470431486765544
gaze_pupil,Gaze x/y plus pupil nodes with temporal and spatial graph relations.,multiclass_table6_valence_3class,Table-6 Valence,subject_kfold,BasicGCN,GCN,BasicGCN,aggregated,macro_auc_ovr,7,0.7313657101854184,0.0219878247852487,0.7041010320478002,0.7623605852455517
gaze_pupil,Gaze x/y plus pupil nodes with temporal and spatial graph relations.,multiclass_table6_valence_3class,Table-6 Valence,subject_kfold,BasicGCN,GCN,BasicGCN,aggregated,macro_f1,7,0.6392471537454273,0.0319973639556488,0.5806324174406605,0.6686068227091633
gaze_pupil,Gaze x/y plus pupil nodes with temporal and spatial graph relations.,multiclass_table6_valence_3class,Table-6 Valence,subject_kfold,BasicGCN,GCN,BasicGCN,aggregated,macro_precision,7,0.6723605704625916,0.0137519784052463,0.6577589461761129,0.7004551820728291
gaze_pupil,Gaze x/y plus pupil nodes with temporal and spatial graph relations.,multiclass_table6_valence_3class,Table-6 Valence,subject_kfold,BasicGCN,GCN,BasicGCN,aggregated,macro_recall,7,0.6506753918674816,0.0179732903622144,0.6134799927575593,0.6686041083099907
gaze_pupil,Gaze x/y plus pupil nodes with temporal and spatial graph relations.,multiclass_table6_valence_3class,Table-6 Valence,subject_kfold,BasicGCN,GCN,BasicGCN,aggregated,weighted_auc_ovr,7,0.7313657101854184,0.0219878247852487,0.7041010320478002,0.7623605852455517
gaze_pupil,Gaze x/y plus pupil nodes with temporal and spatial graph relations.,multiclass_table6_valence_3class,Table-6 Valence,subject_kfold,BasicGCN,GCN,BasicGCN,aggregated,weighted_f1,7,0.6425297143655845,0.0380867817943372,0.5783539418577855,0.6910485415979921
gaze_pupil,Gaze x/y plus pupil nodes with temporal and spatial graph relations.,multiclass_table6_valence_3class,Table-6 Valence,subject_kfold,BasicGCN,GCN,BasicGCN,aggregated,weighted_precision,7,0.6755810992553296,0.0165888410598169,0.659773274068909,0.7058031780127781
gaze_pupil,Gaze x/y plus pupil nodes with temporal and spatial graph relations.,multiclass_table6_valence_3class,Table-6 Valence,subject_kfold,BasicGCN,GCN,BasicGCN,aggregated,weighted_recall,7,0.6542522662632597,0.0282506316630346,0.6077669902912621,0.6985446985446986
gaze_pupil,Gaze x/y plus pupil nodes with temporal and spatial graph relations.,multiclass_table6_valence_3class,Table-6 Valence,subject_kfold,HeteroGCNMLP,HeteroGCN-MLP,HeteroGCNMLP,aggregated,accuracy,7,0.6424875596848637,0.0370792228661552,0.5883495145631068,0.6985446985446986
gaze_pupil,Gaze x/y plus pupil nodes with temporal and spatial graph relations.,multiclass_table6_valence_3class,Table-6 Valence,subject_kfold,HeteroGCNMLP,HeteroGCN-MLP,HeteroGCNMLP,aggregated,balanced_accuracy,7,0.6378746109111467,0.0278419097308887,0.5937217092160058,0.6664027808109485
gaze_pupil,Gaze x/y plus pupil nodes with temporal and spatial graph relations.,multiclass_table6_valence_3class,Table-6 Valence,subject_kfold,HeteroGCNMLP,HeteroGCN-MLP,HeteroGCNMLP,aggregated,loss,7,0.6892904781159901,0.1403550435006544,0.5701583623886108,0.9755451679229736
gaze_pupil,Gaze x/y plus pupil nodes with temporal and spatial graph relations.,multiclass_table6_valence_3class,Table-6 Valence,subject_kfold,HeteroGCNMLP,HeteroGCN-MLP,HeteroGCNMLP,aggregated,macro_auc_ovr,7,0.7227482818669697,0.0367683002328988,0.6631080078256764,0.7561138036923305
gaze_pupil,Gaze x/y plus pupil nodes with temporal and spatial graph relations.,multiclass_table6_valence_3class,Table-6 Valence,subject_kfold,HeteroGCNMLP,HeteroGCN-MLP,HeteroGCNMLP,aggregated,macro_f1,7,0.6284189669211113,0.0355090244444979,0.5634476361077346,0.6596954333370073
gaze_pupil,Gaze x/y plus pupil nodes with temporal and spatial graph relations.,multiclass_table6_valence_3class,Table-6 Valence,subject_kfold,HeteroGCNMLP,HeteroGCN-MLP,HeteroGCNMLP,aggregated,macro_precision,7,0.6552599169121434,0.0305625113681796,0.6043765903307887,0.6902298850574713
gaze_pupil,Gaze x/y plus pupil nodes with temporal and spatial graph relations.,multiclass_table6_valence_3class,Table-6 Valence,subject_kfold,HeteroGCNMLP,HeteroGCN-MLP,HeteroGCNMLP,aggregated,macro_recall,7,0.6378746109111467,0.0278419097308887,0.5937217092160058,0.6664027808109485
gaze_pupil,Gaze x/y plus pupil nodes with temporal and spatial graph relations.,multiclass_table6_valence_3class,Table-6 Valence,subject_kfold,HeteroGCNMLP,HeteroGCN-MLP,HeteroGCNMLP,aggregated,weighted_auc_ovr,7,0.7227482818669698,0.0367683002328989,0.6631080078256764,0.7561138036923305
gaze_pupil,Gaze x/y plus pupil nodes with temporal and spatial graph relations.,multiclass_table6_valence_3class,Table-6 Valence,subject_kfold,HeteroGCNMLP,HeteroGCN-MLP,HeteroGCNMLP,aggregated,weighted_f1,7,0.632123388151232,0.0418245350993766,0.5612206388474981,0.687986626162824
gaze_pupil,Gaze x/y plus pupil nodes with temporal and spatial graph relations.,multiclass_table6_valence_3class,Table-6 Valence,subject_kfold,HeteroGCNMLP,HeteroGCN-MLP,HeteroGCNMLP,aggregated,weighted_precision,7,0.6580631197417934,0.0331166879046794,0.6043949820001986,0.6948550303499935
gaze_pupil,Gaze x/y plus pupil nodes with temporal and spatial graph relations.,multiclass_table6_valence_3class,Table-6 Valence,subject_kfold,HeteroGCNMLP,HeteroGCN-MLP,HeteroGCNMLP,aggregated,weighted_recall,7,0.6424875596848637,0.0370792228661552,0.5883495145631068,0.6985446985446986
gaze_pupil,Gaze x/y plus pupil nodes with temporal and spatial graph relations.,multiclass_table6_valence_3class,Table-6 Valence,subject_kfold,HeteroGCNMLPWeights,HeteroGCN-MLP-w,HeteroGCNMLPWeights,aggregated,accuracy,7,0.6549581530472829,0.0232482691814414,0.6137640449438202,0.6860706860706861
gaze_pupil,Gaze x/y plus pupil nodes with temporal and spatial graph relations.,multiclass_table6_valence_3class,Table-6 Valence,subject_kfold,HeteroGCNMLPWeights,HeteroGCN-MLP-w,HeteroGCNMLPWeights,aggregated,balanced_accuracy,7,0.651542483602894,0.0152992265352559,0.6253487839002142,0.6709216005793952
gaze_pupil,Gaze x/y plus pupil nodes with temporal and spatial graph relations.,multiclass_table6_valence_3class,Table-6 Valence,subject_kfold,HeteroGCNMLPWeights,HeteroGCN-MLP-w,HeteroGCNMLPWeights,aggregated,loss,7,0.680121525412514,0.1390089236418359,0.5767699182033539,0.984338879585266
gaze_pupil,Gaze x/y plus pupil nodes with temporal and spatial graph relations.,multiclass_table6_valence_3class,Table-6 Valence,subject_kfold,HeteroGCNMLPWeights,HeteroGCN-MLP-w,HeteroGCNMLPWeights,aggregated,macro_auc_ovr,7,0.7323054003136363,0.0158146399351255,0.6993860891857249,0.7481963816641386
gaze_pupil,Gaze x/y plus pupil nodes with temporal and spatial graph relations.,multiclass_table6_valence_3class,Table-6 Valence,subject_kfold,HeteroGCNMLPWeights,HeteroGCN-MLP-w,HeteroGCNMLPWeights,aggregated,macro_f1,7,0.6438413888466991,0.0263292266057415,0.5883224877264174,0.6666614795074792
gaze_pupil,Gaze x/y plus pupil nodes with temporal and spatial graph relations.,multiclass_table6_valence_3class,Table-6 Valence,subject_kfold,HeteroGCNMLPWeights,HeteroGCN-MLP-w,HeteroGCNMLPWeights,aggregated,macro_precision,7,0.6657979117225212,0.0131113664702775,0.6489400786215511,0.684267031036502
gaze_pupil,Gaze x/y plus pupil nodes with temporal and spatial graph relations.,multiclass_table6_valence_3class,Table-6 Valence,subject_kfold,HeteroGCNMLPWeights,HeteroGCN-MLP-w,HeteroGCNMLPWeights,aggregated,macro_recall,7,0.651542483602894,0.0152992265352559,0.6253487839002142,0.6709216005793952
gaze_pupil,Gaze x/y plus pupil nodes with temporal and spatial graph relations.,multiclass_table6_valence_3class,Table-6 Valence,subject_kfold,HeteroGCNMLPWeights,HeteroGCN-MLP-w,HeteroGCNMLPWeights,aggregated,weighted_auc_ovr,7,0.7323054003136363,0.0158146399351254,0.699386089185725,0.7481963816641386
gaze_pupil,Gaze x/y plus pupil nodes with temporal and spatial graph relations.,multiclass_table6_valence_3class,Table-6 Valence,subject_kfold,HeteroGCNMLPWeights,HeteroGCN-MLP-w,HeteroGCNMLPWeights,aggregated,weighted_f1,7,0.6471664612993873,0.0312470499643219,0.5840103593844846,0.6810518823087559
gaze_pupil,Gaze x/y plus pupil nodes with temporal and spatial graph relations.,multiclass_table6_valence_3class,Table-6 Valence,subject_kfold,HeteroGCNMLPWeights,HeteroGCN-MLP-w,HeteroGCNMLPWeights,aggregated,weighted_precision,7,0.669237203607036,0.0143839114070492,0.6497379581912829,0.6855574233089304
gaze_pupil,Gaze x/y plus pupil nodes with temporal and spatial graph relations.,multiclass_table6_valence_3class,Table-6 Valence,subject_kfold,HeteroGCNMLPWeights,HeteroGCN-MLP-w,HeteroGCNMLPWeights,aggregated,weighted_recall,7,0.6549581530472829,0.0232482691814414,0.6137640449438202,0.6860706860706861
gaze_pupil,Gaze x/y plus pupil nodes with temporal and spatial graph relations.,multiclass_table6_valence_3class,Table-6 Valence,subject_kfold,HeteroGCNMean,HeteroGCN-mean,HeteroGCNMean,aggregated,accuracy,7,0.6383172967331715,0.039603144797542,0.566147859922179,0.6804733727810651
gaze_pupil,Gaze x/y plus pupil nodes with temporal and spatial graph relations.,multiclass_table6_valence_3class,Table-6 Valence,subject_kfold,HeteroGCNMean,HeteroGCN-mean,HeteroGCNMean,aggregated,balanced_accuracy,7,0.6326185411799499,0.0398970029274924,0.5519039534319671,0.6802987861811391
gaze_pupil,Gaze x/y plus pupil nodes with temporal and spatial graph relations.,multiclass_table6_valence_3class,Table-6 Valence,subject_kfold,HeteroGCNMean,HeteroGCN-mean,HeteroGCNMean,aggregated,loss,7,0.7045410360608783,0.191427024276396,0.5872081816196442,1.130437433719635
gaze_pupil,Gaze x/y plus pupil nodes with temporal and spatial graph relations.,multiclass_table6_valence_3class,Table-6 Valence,subject_kfold,HeteroGCNMean,HeteroGCN-mean,HeteroGCNMean,aggregated,macro_auc_ovr,7,0.727843701093404,0.027026563831443,0.6886595156176213,0.7639889021508011
gaze_pupil,Gaze x/y plus pupil nodes with temporal and spatial graph relations.,multiclass_table6_valence_3class,Table-6 Valence,subject_kfold,HeteroGCNMean,HeteroGCN-mean,HeteroGCNMean,aggregated,macro_f1,7,0.6111455138905036,0.0692535469179222,0.4699193007607464,0.6801137248792647
gaze_pupil,Gaze x/y plus pupil nodes with temporal and spatial graph relations.,multiclass_table6_valence_3class,Table-6 Valence,subject_kfold,HeteroGCNMean,HeteroGCN-mean,HeteroGCNMean,aggregated,macro_precision,7,0.6659872054655935,0.0203932313478125,0.6417666115246761,0.702658688077564
gaze_pupil,Gaze x/y plus pupil nodes with temporal and spatial graph relations.,multiclass_table6_valence_3class,Table-6 Valence,subject_kfold,HeteroGCNMean,HeteroGCN-mean,HeteroGCNMean,aggregated,macro_recall,7,0.6326185411799499,0.0398970029274924,0.5519039534319671,0.6802987861811391
gaze_pupil,Gaze x/y plus pupil nodes with temporal and spatial graph relations.,multiclass_table6_valence_3class,Table-6 Valence,subject_kfold,HeteroGCNMean,HeteroGCN-mean,HeteroGCNMean,aggregated,weighted_auc_ovr,7,0.727843701093404,0.0270265638314431,0.6886595156176213,0.7639889021508012
gaze_pupil,Gaze x/y plus pupil nodes with temporal and spatial graph relations.,multiclass_table6_valence_3class,Table-6 Valence,subject_kfold,HeteroGCNMean,HeteroGCN-mean,HeteroGCNMean,aggregated,weighted_f1,7,0.6157673242833902,0.0698232075497567,0.4778284974041518,0.680177192156053
gaze_pupil,Gaze x/y plus pupil nodes with temporal and spatial graph relations.,multiclass_table6_valence_3class,Table-6 Valence,subject_kfold,HeteroGCNMean,HeteroGCN-mean,HeteroGCNMean,aggregated,weighted_precision,7,0.6690507117908355,0.0214756463341166,0.6418111596292692,0.7087752919629133
gaze_pupil,Gaze x/y plus pupil nodes with temporal and spatial graph relations.,multiclass_table6_valence_3class,Table-6 Valence,subject_kfold,HeteroGCNMean,HeteroGCN-mean,HeteroGCNMean,aggregated,weighted_recall,7,0.6383172967331715,0.039603144797542,0.566147859922179,0.6804733727810651
gaze_pupil,Gaze x/y plus pupil nodes with temporal and spatial graph relations.,multiclass_table6_valence_3class,Table-6 Valence,subject_kfold,LightGBM,LightGBM,LightGBM,aggregated,accuracy,7,0.6956831170617795,0.0266575597240274,0.6466019417475728,0.72568093385214
gaze_pupil,Gaze x/y plus pupil nodes with temporal and spatial graph relations.,multiclass_table6_valence_3class,Table-6 Valence,subject_kfold,LightGBM,LightGBM,LightGBM,aggregated,balanced_accuracy,7,0.6954878828403006,0.023200840824752,0.6515028064457722,0.7205008488964346
gaze_pupil,Gaze x/y plus pupil nodes with temporal and spatial graph relations.,multiclass_table6_valence_3class,Table-6 Valence,subject_kfold,LightGBM,LightGBM,LightGBM,aggregated,loss,7,0.5816145427528515,0.0420872767421567,0.5428622964004438,0.6715076816686065
gaze_pupil,Gaze x/y plus pupil nodes with temporal and spatial graph relations.,multiclass_table6_valence_3class,Table-6 Valence,subject_kfold,LightGBM,LightGBM,LightGBM,aggregated,macro_auc_ovr,7,0.7822842988647388,0.0224643121342209,0.7410978333031565,0.8082555178268251
gaze_pupil,Gaze x/y plus pupil nodes with temporal and spatial graph relations.,multiclass_table6_valence_3class,Table-6 Valence,subject_kfold,LightGBM,LightGBM,LightGBM,aggregated,macro_f1,7,0.6880107400339268,0.0309429551293522,0.6293850631069497,0.7178784753973968
gaze_pupil,Gaze x/y plus pupil nodes with temporal and spatial graph relations.,multiclass_table6_valence_3class,Table-6 Valence,subject_kfold,LightGBM,LightGBM,LightGBM,aggregated,macro_precision,7,0.709521339307772,0.020481714632923,0.6896974579305406,0.7438599138292343
gaze_pupil,Gaze x/y plus pupil nodes with temporal and spatial graph relations.,multiclass_table6_valence_3class,Table-6 Valence,subject_kfold,LightGBM,LightGBM,LightGBM,aggregated,macro_recall,7,0.6954878828403006,0.023200840824752,0.6515028064457722,0.7205008488964346
gaze_pupil,Gaze x/y plus pupil nodes with temporal and spatial graph relations.,multiclass_table6_valence_3class,Table-6 Valence,subject_kfold,LightGBM,LightGBM,LightGBM,aggregated,weighted_auc_ovr,7,0.7822842988647388,0.0224643121342209,0.7410978333031565,0.808255517826825
gaze_pupil,Gaze x/y plus pupil nodes with temporal and spatial graph relations.,multiclass_table6_valence_3class,Table-6 Valence,subject_kfold,LightGBM,LightGBM,LightGBM,aggregated,weighted_f1,7,0.6901193934240458,0.0330316434377603,0.6276788859443655,0.7189170193892064
gaze_pupil,Gaze x/y plus pupil nodes with temporal and spatial graph relations.,multiclass_table6_valence_3class,Table-6 Valence,subject_kfold,LightGBM,LightGBM,LightGBM,aggregated,weighted_precision,7,0.7136876999566243,0.0181163713833367,0.6924765842563575,0.7418147785818113
gaze_pupil,Gaze x/y plus pupil nodes with temporal and spatial graph relations.,multiclass_table6_valence_3class,Table-6 Valence,subject_kfold,LightGBM,LightGBM,LightGBM,aggregated,weighted_recall,7,0.6956831170617795,0.0266575597240274,0.6466019417475728,0.72568093385214
gaze_pupil,Gaze x/y plus pupil nodes with temporal and spatial graph relations.,multiclass_table6_valence_3class,Table-6 Valence,subject_kfold,MLP,MLP,MLP,aggregated,accuracy,7,0.6870851173342352,0.0189120820371571,0.6601123595505618,0.7140039447731755
gaze_pupil,Gaze x/y plus pupil nodes with temporal and spatial graph relations.,multiclass_table6_valence_3class,Table-6 Valence,subject_kfold,MLP,MLP,MLP,aggregated,balanced_accuracy,7,0.684551473838446,0.0159541100515845,0.664837496968227,0.7137955182072829
gaze_pupil,Gaze x/y plus pupil nodes with temporal and spatial graph relations.,multiclass_table6_valence_3class,Table-6 Valence,subject_kfold,MLP,MLP,MLP,aggregated,loss,7,0.5925085273708658,0.0457956819170937,0.5208562238374299,0.6597195333295198
gaze_pupil,Gaze x/y plus pupil nodes with temporal and spatial graph relations.,multiclass_table6_valence_3class,Table-6 Valence,subject_kfold,MLP,MLP,MLP,aggregated,macro_auc_ovr,7,0.7782107139536708,0.0239707125970991,0.7512221618685497,0.8189564543794611
gaze_pupil,Gaze x/y plus pupil nodes with temporal and spatial graph relations.,multiclass_table6_valence_3class,Table-6 Valence,subject_kfold,MLP,MLP,MLP,aggregated,macro_f1,7,0.6757637207396022,0.0249176932771396,0.6395645589108953,0.7135582059544359
gaze_pupil,Gaze x/y plus pupil nodes with temporal and spatial graph relations.,multiclass_table6_valence_3class,Table-6 Valence,subject_kfold,MLP,MLP,MLP,aggregated,macro_precision,7,0.7058487505157106,0.0178210333704718,0.685141868248897,0.7343451049064436
gaze_pupil,Gaze x/y plus pupil nodes with temporal and spatial graph relations.,multiclass_table6_valence_3class,Table-6 Valence,subject_kfold,MLP,MLP,MLP,aggregated,macro_recall,7,0.684551473838446,0.0159541100515845,0.664837496968227,0.7137955182072829
gaze_pupil,Gaze x/y plus pupil nodes with temporal and spatial graph relations.,multiclass_table6_valence_3class,Table-6 Valence,subject_kfold,MLP,MLP,MLP,aggregated,weighted_auc_ovr,7,0.7782107139536708,0.0239707125970991,0.7512221618685497,0.8189564543794611
gaze_pupil,Gaze x/y plus pupil nodes with temporal and spatial graph relations.,multiclass_table6_valence_3class,Table-6 Valence,subject_kfold,MLP,MLP,MLP,aggregated,weighted_f1,7,0.6786954971026583,0.0276443086260575,0.6359384764450716,0.7136250667772468
gaze_pupil,Gaze x/y plus pupil nodes with temporal and spatial graph relations.,multiclass_table6_valence_3class,Table-6 Valence,subject_kfold,MLP,MLP,MLP,aggregated,weighted_precision,7,0.7093267769543063,0.0167756476397961,0.6887874476755201,0.7403639761515151
gaze_pupil,Gaze x/y plus pupil nodes with temporal and spatial graph relations.,multiclass_table6_valence_3class,Table-6 Valence,subject_kfold,MLP,MLP,MLP,aggregated,weighted_recall,7,0.6870851173342352,0.0189120820371571,0.6601123595505618,0.7140039447731755
gaze_pupil,Gaze x/y plus pupil nodes with temporal and spatial graph relations.,multiclass_table6_valence_3class,Table-6 Valence,subject_kfold,MOMENT_GazeMAE_gaze_pupil,MOMENTxGazeMAE,MOMENT_GazeMAE_gaze_pupil,aggregated,accuracy,7,0.6557288588774027,0.0471853471378462,0.5550935550935551,0.6966292134831461
gaze_pupil,Gaze x/y plus pupil nodes with temporal and spatial graph relations.,multiclass_table6_valence_3class,Table-6 Valence,subject_kfold,MOMENT_GazeMAE_gaze_pupil,MOMENTxGazeMAE,MOMENT_GazeMAE_gaze_pupil,aggregated,balanced_accuracy,7,0.659132790353313,0.0395826891096819,0.5762976802693404,0.6981053030961735
gaze_pupil,Gaze x/y plus pupil nodes with temporal and spatial graph relations.,multiclass_table6_valence_3class,Table-6 Valence,subject_kfold,MOMENT_GazeMAE_gaze_pupil,MOMENTxGazeMAE,MOMENT_GazeMAE_gaze_pupil,aggregated,loss,7,0.7349259358946473,0.2789467513227354,0.5788015434295517,1.3608023451093338
gaze_pupil,Gaze x/y plus pupil nodes with temporal and spatial graph relations.,multiclass_table6_valence_3class,Table-6 Valence,subject_kfold,MOMENT_GazeMAE_gaze_pupil,MOMENTxGazeMAE,MOMENT_GazeMAE_gaze_pupil,aggregated,macro_auc_ovr,7,0.7303965062275228,0.0688222858088858,0.5850752895038662,0.7862949470417593
gaze_pupil,Gaze x/y plus pupil nodes with temporal and spatial graph relations.,multiclass_table6_valence_3class,Table-6 Valence,subject_kfold,MOMENT_GazeMAE_gaze_pupil,MOMENTxGazeMAE,MOMENT_GazeMAE_gaze_pupil,aggregated,macro_f1,7,0.6524816535780449,0.0470669516293982,0.5532378472222222,0.6966196382918284
gaze_pupil,Gaze x/y plus pupil nodes with temporal and spatial graph relations.,multiclass_table6_valence_3class,Table-6 Valence,subject_kfold,MOMENT_GazeMAE_gaze_pupil,MOMENTxGazeMAE,MOMENT_GazeMAE_gaze_pupil,aggregated,macro_precision,7,0.6648572362806755,0.0428586721765614,0.572474081883676,0.6983184965380811
gaze_pupil,Gaze x/y plus pupil nodes with temporal and spatial graph relations.,multiclass_table6_valence_3class,Table-6 Valence,subject_kfold,MOMENT_GazeMAE_gaze_pupil,MOMENTxGazeMAE,MOMENT_GazeMAE_gaze_pupil,aggregated,macro_recall,7,0.659132790353313,0.0395826891096819,0.5762976802693404,0.6981053030961735
gaze_pupil,Gaze x/y plus pupil nodes with temporal and spatial graph relations.,multiclass_table6_valence_3class,Table-6 Valence,subject_kfold,MOMENT_GazeMAE_gaze_pupil,MOMENTxGazeMAE,MOMENT_GazeMAE_gaze_pupil,aggregated,weighted_auc_ovr,7,0.7303965062275228,0.0688222858088858,0.5850752895038662,0.7862949470417593
gaze_pupil,Gaze x/y plus pupil nodes with temporal and spatial graph relations.,multiclass_table6_valence_3class,Table-6 Valence,subject_kfold,MOMENT_GazeMAE_gaze_pupil,MOMENTxGazeMAE,MOMENT_GazeMAE_gaze_pupil,aggregated,weighted_f1,7,0.65353243547424,0.0446258909420812,0.5606008171633172,0.6965478243569462
gaze_pupil,Gaze x/y plus pupil nodes with temporal and spatial graph relations.,multiclass_table6_valence_3class,Table-6 Valence,subject_kfold,MOMENT_GazeMAE_gaze_pupil,MOMENTxGazeMAE,MOMENT_GazeMAE_gaze_pupil,aggregated,weighted_precision,7,0.6702405059862616,0.0306185891805728,0.6075200621326082,0.6996521410551351
gaze_pupil,Gaze x/y plus pupil nodes with temporal and spatial graph relations.,multiclass_table6_valence_3class,Table-6 Valence,subject_kfold,MOMENT_GazeMAE_gaze_pupil,MOMENTxGazeMAE,MOMENT_GazeMAE_gaze_pupil,aggregated,weighted_recall,7,0.6557288588774027,0.0471853471378462,0.5550935550935551,0.6966292134831461
gaze_pupil,Gaze x/y plus pupil nodes with temporal and spatial graph relations.,multiclass_table6_valence_3class,Table-6 Valence,subject_kfold,Majority,Večinski,Majority,aggregated,accuracy,7,0.5208403083483522,0.0489454918356547,0.4861407249466951,0.6278586278586279
gaze_pupil,Gaze x/y plus pupil nodes with temporal and spatial graph relations.,multiclass_table6_valence_3class,Table-6 Valence,subject_kfold,Majority,Večinski,Majority,aggregated,balanced_accuracy,7,0.5,0.0,0.5,0.5
gaze_pupil,Gaze x/y plus pupil nodes with temporal and spatial graph relations.,multiclass_table6_valence_3class,Table-6 Valence,subject_kfold,Majority,Večinski,Majority,aggregated,loss,7,17.270665843928242,1.7641743426841998,13.413334629214074,18.52136560080433
gaze_pupil,Gaze x/y plus pupil nodes with temporal and spatial graph relations.,multiclass_table6_valence_3class,Table-6 Valence,subject_kfold,Majority,Večinski,Majority,aggregated,macro_auc_ovr,7,0.5,0.0,0.5,0.5
gaze_pupil,Gaze x/y plus pupil nodes with temporal and spatial graph relations.,multiclass_table6_valence_3class,Table-6 Valence,subject_kfold,Majority,Večinski,Majority,aggregated,macro_f1,7,0.3419132342876345,0.0201428962503763,0.3271162123385939,0.3856960408684546
gaze_pupil,Gaze x/y plus pupil nodes with temporal and spatial graph relations.,multiclass_table6_valence_3class,Table-6 Valence,subject_kfold,Majority,Večinski,Majority,aggregated,macro_precision,7,0.2604201541741761,0.0244727459178273,0.2430703624733475,0.3139293139293139
gaze_pupil,Gaze x/y plus pupil nodes with temporal and spatial graph relations.,multiclass_table6_valence_3class,Table-6 Valence,subject_kfold,Majority,Večinski,Majority,aggregated,macro_recall,7,0.5,0.0,0.5,0.5
gaze_pupil,Gaze x/y plus pupil nodes with temporal and spatial graph relations.,multiclass_table6_valence_3class,Table-6 Valence,subject_kfold,Majority,Večinski,Majority,aggregated,weighted_auc_ovr,7,0.5,0.0,0.5,0.5
gaze_pupil,Gaze x/y plus pupil nodes with temporal and spatial graph relations.,multiclass_table6_valence_3class,Table-6 Valence,subject_kfold,Majority,Večinski,Majority,aggregated,weighted_f1,7,0.3578541481214352,0.0576198405576568,0.3180490252162022,0.4843251739803464
gaze_pupil,Gaze x/y plus pupil nodes with temporal and spatial graph relations.,multiclass_table6_valence_3class,Table-6 Valence,subject_kfold,Majority,Večinski,Majority,aggregated,weighted_precision,7,0.2733280506612929,0.0548855721813223,0.2363328044516982,0.3942064565765189
gaze_pupil,Gaze x/y plus pupil nodes with temporal and spatial graph relations.,multiclass_table6_valence_3class,Table-6 Valence,subject_kfold,Majority,Večinski,Majority,aggregated,weighted_recall,7,0.5208403083483522,0.0489454918356547,0.4861407249466951,0.6278586278586279
gaze_pupil,Gaze x/y plus pupil nodes with temporal and spatial graph relations.,multiclass_table6_valence_3class,Table-6 Valence,subject_kfold,Random,Naključni,Random,aggregated,accuracy,7,0.5075948074458505,0.0216311716033539,0.4824902723735408,0.5322245322245323
gaze_pupil,Gaze x/y plus pupil nodes with temporal and spatial graph relations.,multiclass_table6_valence_3class,Table-6 Valence,subject_kfold,Random,Naključni,Random,aggregated,balanced_accuracy,7,0.5074464494351583,0.0214506325477305,0.482127698277953,0.530781752932036
gaze_pupil,Gaze x/y plus pupil nodes with temporal and spatial graph relations.,multiclass_table6_valence_3class,Table-6 Valence,subject_kfold,Random,Naključni,Random,aggregated,loss,7,17.748082087423253,0.7796664516718022,16.860336824431098,18.652941248064515
gaze_pupil,Gaze x/y plus pupil nodes with temporal and spatial graph relations.,multiclass_table6_valence_3class,Table-6 Valence,subject_kfold,Random,Naključni,Random,aggregated,macro_auc_ovr,7,0.5074464494351582,0.0214506325477306,0.4821276982779529,0.530781752932036
gaze_pupil,Gaze x/y plus pupil nodes with temporal and spatial graph relations.,multiclass_table6_valence_3class,Table-6 Valence,subject_kfold,Random,Naključni,Random,aggregated,macro_f1,7,0.5061242189467087,0.0201358009204879,0.4821060606060606,0.5300953156577082
gaze_pupil,Gaze x/y plus pupil nodes with temporal and spatial graph relations.,multiclass_table6_valence_3class,Table-6 Valence,subject_kfold,Random,Naključni,Random,aggregated,macro_precision,7,0.5071553773490186,0.0210888112998635,0.4821428571428571,0.5302929728751169
gaze_pupil,Gaze x/y plus pupil nodes with temporal and spatial graph relations.,multiclass_table6_valence_3class,Table-6 Valence,subject_kfold,Random,Naključni,Random,aggregated,macro_recall,7,0.5074464494351583,0.0214506325477305,0.482127698277953,0.530781752932036
gaze_pupil,Gaze x/y plus pupil nodes with temporal and spatial graph relations.,multiclass_table6_valence_3class,Table-6 Valence,subject_kfold,Random,Naključni,Random,aggregated,weighted_auc_ovr,7,0.5074464494351582,0.0214506325477305,0.4821276982779529,0.5307817529320359
gaze_pupil,Gaze x/y plus pupil nodes with temporal and spatial graph relations.,multiclass_table6_valence_3class,Table-6 Valence,subject_kfold,Random,Naključni,Random,aggregated,weighted_f1,7,0.5087145391479237,0.0232632028435138,0.4826000471642495,0.5399404332441287
gaze_pupil,Gaze x/y plus pupil nodes with temporal and spatial graph relations.,multiclass_table6_valence_3class,Table-6 Valence,subject_kfold,Random,Naključni,Random,aggregated,weighted_precision,7,0.5121059135646623,0.0287628625449108,0.4827682045580879,0.5612866058210187
gaze_pupil,Gaze x/y plus pupil nodes with temporal and spatial graph relations.,multiclass_table6_valence_3class,Table-6 Valence,subject_kfold,Random,Naključni,Random,aggregated,weighted_recall,7,0.5075948074458505,0.0216311716033539,0.4824902723735408,0.5322245322245323
gaze_pupil,Gaze x/y plus pupil nodes with temporal and spatial graph relations.,multiclass_table6_valence_3class,Table-6 Valence,subject_kfold,SVM,SVM,SVM,aggregated,accuracy,7,0.7052366788043107,0.0290497679316985,0.6485436893203883,0.7431906614785992
gaze_pupil,Gaze x/y plus pupil nodes with temporal and spatial graph relations.,multiclass_table6_valence_3class,Table-6 Valence,subject_kfold,SVM,SVM,SVM,aggregated,balanced_accuracy,7,0.7030330950257637,0.0259648411419241,0.6537358923290483,0.7382367208343439
gaze_pupil,Gaze x/y plus pupil nodes with temporal and spatial graph relations.,multiclass_table6_valence_3class,Table-6 Valence,subject_kfold,SVM,SVM,SVM,aggregated,loss,7,0.5812192163666134,0.0382401723467347,0.5480878546208882,0.660439788471005
gaze_pupil,Gaze x/y plus pupil nodes with temporal and spatial graph relations.,multiclass_table6_valence_3class,Table-6 Valence,subject_kfold,SVM,SVM,SVM,aggregated,macro_auc_ovr,7,0.7807075764137288,0.0185705710229495,0.7436326875490373,0.797962648556876
gaze_pupil,Gaze x/y plus pupil nodes with temporal and spatial graph relations.,multiclass_table6_valence_3class,Table-6 Valence,subject_kfold,SVM,SVM,SVM,aggregated,macro_f1,7,0.6965721323794257,0.0336028851899159,0.6290703180647909,0.7357943925233645
gaze_pupil,Gaze x/y plus pupil nodes with temporal and spatial graph relations.,multiclass_table6_valence_3class,Table-6 Valence,subject_kfold,SVM,SVM,SVM,aggregated,macro_precision,7,0.718958241662554,0.0214834599304881,0.6967364648179588,0.7614105123087158
gaze_pupil,Gaze x/y plus pupil nodes with temporal and spatial graph relations.,multiclass_table6_valence_3class,Table-6 Valence,subject_kfold,SVM,SVM,SVM,aggregated,macro_recall,7,0.7030330950257637,0.0259648411419241,0.6537358923290483,0.7382367208343439
gaze_pupil,Gaze x/y plus pupil nodes with temporal and spatial graph relations.,multiclass_table6_valence_3class,Table-6 Valence,subject_kfold,SVM,SVM,SVM,aggregated,weighted_auc_ovr,7,0.7807075764137288,0.0185705710229495,0.7436326875490374,0.7979626485568762
gaze_pupil,Gaze x/y plus pupil nodes with temporal and spatial graph relations.,multiclass_table6_valence_3class,Table-6 Valence,subject_kfold,SVM,SVM,SVM,aggregated,weighted_f1,7,0.6992699307957759,0.0353403135712324,0.6272550037952013,0.7373424488163206
gaze_pupil,Gaze x/y plus pupil nodes with temporal and spatial graph relations.,multiclass_table6_valence_3class,Table-6 Valence,subject_kfold,SVM,SVM,SVM,aggregated,weighted_precision,7,0.7222811351297277,0.0184012302739594,0.701845561581284,0.7592809193545463
gaze_pupil,Gaze x/y plus pupil nodes with temporal and spatial graph relations.,multiclass_table6_valence_3class,Table-6 Valence,subject_kfold,SVM,SVM,SVM,aggregated,weighted_recall,7,0.7052366788043107,0.0290497679316985,0.6485436893203883,0.7431906614785992
pupil_only,Pupil left/right nodes with temporal graph relations only.,multiclass_table6_valence_3class,Table-6 Valence,subject_kfold,BasicGCN,GCN,BasicGCN,aggregated,accuracy,7,0.6104819210471736,0.0339309809131217,0.5495145631067961,0.6535433070866141
pupil_only,Pupil left/right nodes with temporal graph relations only.,multiclass_table6_valence_3class,Table-6 Valence,subject_kfold,BasicGCN,GCN,BasicGCN,aggregated,balanced_accuracy,7,0.6067410055761372,0.0296608582316028,0.5523794435391394,0.6538008432539683
pupil_only,Pupil left/right nodes with temporal graph relations only.,multiclass_table6_valence_3class,Table-6 Valence,subject_kfold,BasicGCN,GCN,BasicGCN,aggregated,loss,7,0.6758531615847633,0.0746207589406036,0.6191310286521912,0.8415259122848511
pupil_only,Pupil left/right nodes with temporal graph relations only.,multiclass_table6_valence_3class,Table-6 Valence,subject_kfold,BasicGCN,GCN,BasicGCN,aggregated,macro_auc_ovr,7,0.6746923745865303,0.0502261688850494,0.5869998189389825,0.7551991526428532
pupil_only,Pupil left/right nodes with temporal graph relations only.,multiclass_table6_valence_3class,Table-6 Valence,subject_kfold,BasicGCN,GCN,BasicGCN,aggregated,macro_f1,7,0.5835936854137553,0.0435218001745803,0.5311538992439792,0.6532799726992105
pupil_only,Pupil left/right nodes with temporal graph relations only.,multiclass_table6_valence_3class,Table-6 Valence,subject_kfold,BasicGCN,GCN,BasicGCN,aggregated,macro_precision,7,0.6509254544459384,0.0699315823622346,0.5563427143181745,0.7525261906530947
pupil_only,Pupil left/right nodes with temporal graph relations only.,multiclass_table6_valence_3class,Table-6 Valence,subject_kfold,BasicGCN,GCN,BasicGCN,aggregated,macro_recall,7,0.6067410055761372,0.0296608582316028,0.5523794435391394,0.6538008432539683
pupil_only,Pupil left/right nodes with temporal graph relations only.,multiclass_table6_valence_3class,Table-6 Valence,subject_kfold,BasicGCN,GCN,BasicGCN,aggregated,weighted_auc_ovr,7,0.6746923745865303,0.0502261688850494,0.5869998189389823,0.7551991526428533
pupil_only,Pupil left/right nodes with temporal graph relations only.,multiclass_table6_valence_3class,Table-6 Valence,subject_kfold,BasicGCN,GCN,BasicGCN,aggregated,weighted_f1,7,0.5873030781968797,0.0490026672269592,0.5240788127042755,0.6532047343028093
pupil_only,Pupil left/right nodes with temporal graph relations only.,multiclass_table6_valence_3class,Table-6 Valence,subject_kfold,BasicGCN,GCN,BasicGCN,aggregated,weighted_precision,7,0.6554708891438812,0.0701665676750457,0.5568909600358763,0.761483638198741
pupil_only,Pupil left/right nodes with temporal graph relations only.,multiclass_table6_valence_3class,Table-6 Valence,subject_kfold,BasicGCN,GCN,BasicGCN,aggregated,weighted_recall,7,0.6104819210471736,0.0339309809131217,0.5495145631067961,0.6535433070866141
pupil_only,Pupil left/right nodes with temporal graph relations only.,multiclass_table6_valence_3class,Table-6 Valence,subject_kfold,HeteroGCNMLP,HeteroGCN-MLP,HeteroGCNMLP,aggregated,accuracy,7,0.591479663980501,0.04144360228781,0.5398058252427185,0.6594488188976378
pupil_only,Pupil left/right nodes with temporal graph relations only.,multiclass_table6_valence_3class,Table-6 Valence,subject_kfold,HeteroGCNMLP,HeteroGCN-MLP,HeteroGCNMLP,aggregated,balanced_accuracy,7,0.58779789266024,0.035655570810774,0.545031383909711,0.6599702380952381
pupil_only,Pupil left/right nodes with temporal graph relations only.,multiclass_table6_valence_3class,Table-6 Valence,subject_kfold,HeteroGCNMLP,HeteroGCN-MLP,HeteroGCNMLP,aggregated,loss,7,0.6714278516315278,0.056904376862733,0.6152288913726807,0.7890830636024475
pupil_only,Pupil left/right nodes with temporal graph relations only.,multiclass_table6_valence_3class,Table-6 Valence,subject_kfold,HeteroGCNMLP,HeteroGCN-MLP,HeteroGCNMLP,aggregated,macro_auc_ovr,7,0.6492626347807552,0.0497613135775431,0.5523568109119441,0.6973227624475342
pupil_only,Pupil left/right nodes with temporal graph relations only.,multiclass_table6_valence_3class,Table-6 Valence,subject_kfold,HeteroGCNMLP,HeteroGCN-MLP,HeteroGCNMLP,aggregated,macro_f1,7,0.5603349586724643,0.060792287031324,0.4839653882634239,0.6581759061543428
pupil_only,Pupil left/right nodes with temporal graph relations only.,multiclass_table6_valence_3class,Table-6 Valence,subject_kfold,HeteroGCNMLP,HeteroGCN-MLP,HeteroGCNMLP,aggregated,macro_precision,7,0.6270650714558436,0.0666317068801658,0.5590335469578289,0.7534739454094292
pupil_only,Pupil left/right nodes with temporal graph relations only.,multiclass_table6_valence_3class,Table-6 Valence,subject_kfold,HeteroGCNMLP,HeteroGCN-MLP,HeteroGCNMLP,aggregated,macro_recall,7,0.58779789266024,0.035655570810774,0.545031383909711,0.6599702380952381
pupil_only,Pupil left/right nodes with temporal graph relations only.,multiclass_table6_valence_3class,Table-6 Valence,subject_kfold,HeteroGCNMLP,HeteroGCN-MLP,HeteroGCNMLP,aggregated,weighted_auc_ovr,7,0.6492626347807552,0.0497613135775431,0.552356810911944,0.6973227624475341
pupil_only,Pupil left/right nodes with temporal graph relations only.,multiclass_table6_valence_3class,Table-6 Valence,subject_kfold,HeteroGCNMLP,HeteroGCN-MLP,HeteroGCNMLP,aggregated,weighted_f1,7,0.5640432381218277,0.0663166901969129,0.4754452959056188,0.6580116593487564
pupil_only,Pupil left/right nodes with temporal graph relations only.,multiclass_table6_valence_3class,Table-6 Valence,subject_kfold,HeteroGCNMLP,HeteroGCN-MLP,HeteroGCNMLP,aggregated,weighted_precision,7,0.6316534697552706,0.0685929412611462,0.5598761961166584,0.7631816851144505
pupil_only,Pupil left/right nodes with temporal graph relations only.,multiclass_table6_valence_3class,Table-6 Valence,subject_kfold,HeteroGCNMLP,HeteroGCN-MLP,HeteroGCNMLP,aggregated,weighted_recall,7,0.591479663980501,0.04144360228781,0.5398058252427185,0.6594488188976378
pupil_only,Pupil left/right nodes with temporal graph relations only.,multiclass_table6_valence_3class,Table-6 Valence,subject_kfold,HeteroGCNMLPWeights,HeteroGCN-MLP-w,HeteroGCNMLPWeights,aggregated,accuracy,7,0.5842472444175639,0.0409124309809103,0.5242718446601942,0.6390041493775933
pupil_only,Pupil left/right nodes with temporal graph relations only.,multiclass_table6_valence_3class,Table-6 Valence,subject_kfold,HeteroGCNMLPWeights,HeteroGCN-MLP-w,HeteroGCNMLPWeights,aggregated,balanced_accuracy,7,0.5806995569832977,0.034826210300999,0.5309840666304545,0.6258060515873016
pupil_only,Pupil left/right nodes with temporal graph relations only.,multiclass_table6_valence_3class,Table-6 Valence,subject_kfold,HeteroGCNMLPWeights,HeteroGCN-MLP-w,HeteroGCNMLPWeights,aggregated,loss,7,0.675448647567204,0.0630908329313165,0.6205646991729736,0.8123164574305216
pupil_only,Pupil left/right nodes with temporal graph relations only.,multiclass_table6_valence_3class,Table-6 Valence,subject_kfold,HeteroGCNMLPWeights,HeteroGCN-MLP-w,HeteroGCNMLPWeights,aggregated,macro_auc_ovr,7,0.6643181350200146,0.0489670904562443,0.5980143641740601,0.7534917912276404
pupil_only,Pupil left/right nodes with temporal graph relations only.,multiclass_table6_valence_3class,Table-6 Valence,subject_kfold,HeteroGCNMLPWeights,HeteroGCN-MLP-w,HeteroGCNMLPWeights,aggregated,macro_f1,7,0.5446767337975283,0.0746930791011341,0.4429155749910467,0.6256999705275568
pupil_only,Pupil left/right nodes with temporal graph relations only.,multiclass_table6_valence_3class,Table-6 Valence,subject_kfold,HeteroGCNMLPWeights,HeteroGCN-MLP-w,HeteroGCNMLPWeights,aggregated,macro_precision,7,0.6241119414242574,0.0632448857125416,0.5510516109785203,0.7529399914381405
pupil_only,Pupil left/right nodes with temporal graph relations only.,multiclass_table6_valence_3class,Table-6 Valence,subject_kfold,HeteroGCNMLPWeights,HeteroGCN-MLP-w,HeteroGCNMLPWeights,aggregated,macro_recall,7,0.5806995569832977,0.034826210300999,0.5309840666304545,0.6258060515873016
pupil_only,Pupil left/right nodes with temporal graph relations only.,multiclass_table6_valence_3class,Table-6 Valence,subject_kfold,HeteroGCNMLPWeights,HeteroGCN-MLP-w,HeteroGCNMLPWeights,aggregated,weighted_auc_ovr,7,0.6643183044229596,0.0489671452753076,0.59801436417406,0.7534917912276404
pupil_only,Pupil left/right nodes with temporal graph relations only.,multiclass_table6_valence_3class,Table-6 Valence,subject_kfold,HeteroGCNMLPWeights,HeteroGCN-MLP-w,HeteroGCNMLPWeights,aggregated,weighted_f1,7,0.5484001469215979,0.0793602737132633,0.4515692808769675,0.6352028354431328
pupil_only,Pupil left/right nodes with temporal graph relations only.,multiclass_table6_valence_3class,Table-6 Valence,subject_kfold,HeteroGCNMLPWeights,HeteroGCN-MLP-w,HeteroGCNMLPWeights,aggregated,weighted_precision,7,0.6286125299078661,0.0659062210405573,0.5519636154042218,0.762659088317589
pupil_only,Pupil left/right nodes with temporal graph relations only.,multiclass_table6_valence_3class,Table-6 Valence,subject_kfold,HeteroGCNMLPWeights,HeteroGCN-MLP-w,HeteroGCNMLPWeights,aggregated,weighted_recall,7,0.5842472444175639,0.0409124309809103,0.5242718446601942,0.6390041493775933
pupil_only,Pupil left/right nodes with temporal graph relations only.,multiclass_table6_valence_3class,Table-6 Valence,subject_kfold,HeteroGCNMean,HeteroGCN-mean,HeteroGCNMean,aggregated,accuracy,7,0.5858081282979121,0.042193303114432,0.5281553398058253,0.6496062992125984
pupil_only,Pupil left/right nodes with temporal graph relations only.,multiclass_table6_valence_3class,Table-6 Valence,subject_kfold,HeteroGCNMean,HeteroGCN-mean,HeteroGCNMean,aggregated,balanced_accuracy,7,0.582975537796962,0.0389967679278032,0.5327116905063674,0.6501426091269842
pupil_only,Pupil left/right nodes with temporal graph relations only.,multiclass_table6_valence_3class,Table-6 Valence,subject_kfold,HeteroGCNMean,HeteroGCN-mean,HeteroGCNMean,aggregated,loss,7,0.6797102845850445,0.0695456628904454,0.6184602379798889,0.8314438064893087
pupil_only,Pupil left/right nodes with temporal graph relations only.,multiclass_table6_valence_3class,Table-6 Valence,subject_kfold,HeteroGCNMean,HeteroGCN-mean,HeteroGCNMean,aggregated,macro_auc_ovr,7,0.6449574314050006,0.0358343060943907,0.580964451686885,0.6879322746638632
pupil_only,Pupil left/right nodes with temporal graph relations only.,multiclass_table6_valence_3class,Table-6 Valence,subject_kfold,HeteroGCNMean,HeteroGCN-mean,HeteroGCNMean,aggregated,macro_f1,7,0.5572952921174207,0.0607174935602835,0.4909936438552177,0.6482103952692189
pupil_only,Pupil left/right nodes with temporal graph relations only.,multiclass_table6_valence_3class,Table-6 Valence,subject_kfold,HeteroGCNMean,HeteroGCN-mean,HeteroGCNMean,aggregated,macro_precision,7,0.6149229848908261,0.0684197857621235,0.5399145739745195,0.748492875411034
pupil_only,Pupil left/right nodes with temporal graph relations only.,multiclass_table6_valence_3class,Table-6 Valence,subject_kfold,HeteroGCNMean,HeteroGCN-mean,HeteroGCNMean,aggregated,macro_recall,7,0.582975537796962,0.0389967679278032,0.5327116905063674,0.6501426091269842
pupil_only,Pupil left/right nodes with temporal graph relations only.,multiclass_table6_valence_3class,Table-6 Valence,subject_kfold,HeteroGCNMean,HeteroGCN-mean,HeteroGCNMean,aggregated,weighted_auc_ovr,7,0.6449574314050006,0.0358343060943906,0.5809644516868852,0.6879322746638632
pupil_only,Pupil left/right nodes with temporal graph relations only.,multiclass_table6_valence_3class,Table-6 Valence,subject_kfold,HeteroGCNMean,HeteroGCN-mean,HeteroGCNMean,aggregated,weighted_f1,7,0.5607457714889366,0.0652010239487641,0.4863375175247145,0.6480359072762963
pupil_only,Pupil left/right nodes with temporal graph relations only.,multiclass_table6_valence_3class,Table-6 Valence,subject_kfold,HeteroGCNMean,HeteroGCN-mean,HeteroGCNMean,aggregated,weighted_precision,7,0.6198926661155667,0.0709967771962765,0.5405052204396138,0.7578508259679054
pupil_only,Pupil left/right nodes with temporal graph relations only.,multiclass_table6_valence_3class,Table-6 Valence,subject_kfold,HeteroGCNMean,HeteroGCN-mean,HeteroGCNMean,aggregated,weighted_recall,7,0.5858081282979121,0.042193303114432,0.5281553398058253,0.6496062992125984
pupil_only,Pupil left/right nodes with temporal graph relations only.,multiclass_table6_valence_3class,Table-6 Valence,subject_kfold,LightGBM,LightGBM,LightGBM,aggregated,accuracy,7,0.6306245562459365,0.0390752425166437,0.570873786407767,0.6680497925311203
pupil_only,Pupil left/right nodes with temporal graph relations only.,multiclass_table6_valence_3class,Table-6 Valence,subject_kfold,LightGBM,LightGBM,LightGBM,aggregated,balanced_accuracy,7,0.6274013278903824,0.0321167860546145,0.5749517170619832,0.6574280753968254
pupil_only,Pupil left/right nodes with temporal graph relations only.,multiclass_table6_valence_3class,Table-6 Valence,subject_kfold,LightGBM,LightGBM,LightGBM,aggregated,loss,7,0.64927842499931,0.045046771239137,0.6156383199428435,0.729271223468889
pupil_only,Pupil left/right nodes with temporal graph relations only.,multiclass_table6_valence_3class,Table-6 Valence,subject_kfold,LightGBM,LightGBM,LightGBM,aggregated,macro_auc_ovr,7,0.6874015420544562,0.0342358808256639,0.6327987289642798,0.7213421658986174
pupil_only,Pupil left/right nodes with temporal graph relations only.,multiclass_table6_valence_3class,Table-6 Valence,subject_kfold,LightGBM,LightGBM,LightGBM,aggregated,macro_f1,7,0.6189987598287933,0.0428170425414613,0.5567278519712885,0.6574325267025284
pupil_only,Pupil left/right nodes with temporal graph relations only.,multiclass_table6_valence_3class,Table-6 Valence,subject_kfold,LightGBM,LightGBM,LightGBM,aggregated,macro_precision,7,0.6372520925463047,0.0270423451051046,0.587455985915493,0.6682439345220696
pupil_only,Pupil left/right nodes with temporal graph relations only.,multiclass_table6_valence_3class,Table-6 Valence,subject_kfold,LightGBM,LightGBM,LightGBM,aggregated,macro_recall,7,0.6274013278903824,0.0321167860546145,0.5749517170619832,0.6574280753968254
pupil_only,Pupil left/right nodes with temporal graph relations only.,multiclass_table6_valence_3class,Table-6 Valence,subject_kfold,LightGBM,LightGBM,LightGBM,aggregated,weighted_auc_ovr,7,0.6874015420544562,0.0342358808256638,0.6327987289642799,0.7213421658986173
pupil_only,Pupil left/right nodes with temporal graph relations only.,multiclass_table6_valence_3class,Table-6 Valence,subject_kfold,LightGBM,LightGBM,LightGBM,aggregated,weighted_f1,7,0.6223303576221607,0.0473146203836314,0.5538558452227555,0.6635314994449796
pupil_only,Pupil left/right nodes with temporal graph relations only.,multiclass_table6_valence_3class,Table-6 Valence,subject_kfold,LightGBM,LightGBM,LightGBM,aggregated,weighted_precision,7,0.6408499865380669,0.0278558275828236,0.5883913920415698,0.6683418095865193
pupil_only,Pupil left/right nodes with temporal graph relations only.,multiclass_table6_valence_3class,Table-6 Valence,subject_kfold,LightGBM,LightGBM,LightGBM,aggregated,weighted_recall,7,0.6306245562459365,0.0390752425166437,0.570873786407767,0.6680497925311203
pupil_only,Pupil left/right nodes with temporal graph relations only.,multiclass_table6_valence_3class,Table-6 Valence,subject_kfold,MLP,MLP,MLP,aggregated,accuracy,7,0.6199279133454964,0.0402765715196924,0.5611650485436893,0.6804979253112033
pupil_only,Pupil left/right nodes with temporal graph relations only.,multiclass_table6_valence_3class,Table-6 Valence,subject_kfold,MLP,MLP,MLP,aggregated,balanced_accuracy,7,0.6153216929557258,0.0275974704602234,0.5642842054439012,0.6393915645483044
pupil_only,Pupil left/right nodes with temporal graph relations only.,multiclass_table6_valence_3class,Table-6 Valence,subject_kfold,MLP,MLP,MLP,aggregated,loss,7,0.6658497415847382,0.0466266207689543,0.6038455669718553,0.7277288698985952
pupil_only,Pupil left/right nodes with temporal graph relations only.,multiclass_table6_valence_3class,Table-6 Valence,subject_kfold,MLP,MLP,MLP,aggregated,macro_auc_ovr,7,0.6763717231385865,0.0363519837513956,0.628477880379021,0.7121153456127736
pupil_only,Pupil left/right nodes with temporal graph relations only.,multiclass_table6_valence_3class,Table-6 Valence,subject_kfold,MLP,MLP,MLP,aggregated,macro_f1,7,0.6030034855988742,0.0459928613764271,0.5236183594272715,0.6392260545607499
pupil_only,Pupil left/right nodes with temporal graph relations only.,multiclass_table6_valence_3class,Table-6 Valence,subject_kfold,MLP,MLP,MLP,aggregated,macro_precision,7,0.6358061629234462,0.0385911124180531,0.5701247613404438,0.6960139733386063
pupil_only,Pupil left/right nodes with temporal graph relations only.,multiclass_table6_valence_3class,Table-6 Valence,subject_kfold,MLP,MLP,MLP,aggregated,macro_recall,7,0.6153216929557258,0.0275974704602234,0.5642842054439012,0.6393915645483044
pupil_only,Pupil left/right nodes with temporal graph relations only.,multiclass_table6_valence_3class,Table-6 Valence,subject_kfold,MLP,MLP,MLP,aggregated,weighted_auc_ovr,7,0.6763717231385865,0.0363519837513956,0.628477880379021,0.7121153456127736
pupil_only,Pupil left/right nodes with temporal graph relations only.,multiclass_table6_valence_3class,Table-6 Valence,subject_kfold,MLP,MLP,MLP,aggregated,weighted_f1,7,0.6066995169797683,0.053607949670621,0.5167960462909922,0.6702951603037142
pupil_only,Pupil left/right nodes with temporal graph relations only.,multiclass_table6_valence_3class,Table-6 Valence,subject_kfold,MLP,MLP,MLP,aggregated,weighted_precision,7,0.6391107410514337,0.0417768063128035,0.5707862166475867,0.7028639123237432
pupil_only,Pupil left/right nodes with temporal graph relations only.,multiclass_table6_valence_3class,Table-6 Valence,subject_kfold,MLP,MLP,MLP,aggregated,weighted_recall,7,0.6199279133454964,0.0402765715196924,0.5611650485436893,0.6804979253112033
pupil_only,Pupil left/right nodes with temporal graph relations only.,multiclass_table6_valence_3class,Table-6 Valence,subject_kfold,MOMENT_pupil,MOMENT,MOMENT_pupil,aggregated,accuracy,7,0.6047737021599708,0.0247180327576731,0.5610236220472441,0.6348314606741573
pupil_only,Pupil left/right nodes with temporal graph relations only.,multiclass_table6_valence_3class,Table-6 Valence,subject_kfold,MOMENT_pupil,MOMENT,MOMENT_pupil,aggregated,balanced_accuracy,7,0.6057047402817032,0.026804718757794,0.5611359126984127,0.6384504114266744
pupil_only,Pupil left/right nodes with temporal graph relations only.,multiclass_table6_valence_3class,Table-6 Valence,subject_kfold,MOMENT_pupil,MOMENT,MOMENT_pupil,aggregated,loss,7,0.6773973949429178,0.0318994901596749,0.6500001034710614,0.745680596617664
pupil_only,Pupil left/right nodes with temporal graph relations only.,multiclass_table6_valence_3class,Table-6 Valence,subject_kfold,MOMENT_pupil,MOMENT,MOMENT_pupil,aggregated,macro_auc_ovr,7,0.648596498116163,0.0304463680272316,0.5940910218253967,0.6741785299302037
pupil_only,Pupil left/right nodes with temporal graph relations only.,multiclass_table6_valence_3class,Table-6 Valence,subject_kfold,MOMENT_pupil,MOMENT,MOMENT_pupil,aggregated,macro_f1,7,0.6008432291293861,0.0240735152135408,0.5609810920054721,0.633556356150283
pupil_only,Pupil left/right nodes with temporal graph relations only.,multiclass_table6_valence_3class,Table-6 Valence,subject_kfold,MOMENT_pupil,MOMENT,MOMENT_pupil,aggregated,macro_precision,7,0.6077202373408254,0.0267913254404632,0.561178587494377,0.6418408415460737
pupil_only,Pupil left/right nodes with temporal graph relations only.,multiclass_table6_valence_3class,Table-6 Valence,subject_kfold,MOMENT_pupil,MOMENT,MOMENT_pupil,aggregated,macro_recall,7,0.6057047402817032,0.026804718757794,0.5611359126984127,0.6384504114266744
pupil_only,Pupil left/right nodes with temporal graph relations only.,multiclass_table6_valence_3class,Table-6 Valence,subject_kfold,MOMENT_pupil,MOMENT,MOMENT_pupil,aggregated,weighted_auc_ovr,7,0.648596498116163,0.0304463680272316,0.5940910218253967,0.6741785299302037
pupil_only,Pupil left/right nodes with temporal graph relations only.,multiclass_table6_valence_3class,Table-6 Valence,subject_kfold,MOMENT_pupil,MOMENT,MOMENT_pupil,aggregated,weighted_f1,7,0.6029498533387859,0.0252438896124287,0.5609470679720543,0.6326455672046586
pupil_only,Pupil left/right nodes with temporal graph relations only.,multiclass_table6_valence_3class,Table-6 Valence,subject_kfold,MOMENT_pupil,MOMENT,MOMENT_pupil,aggregated,weighted_precision,7,0.6126751082620376,0.0324329617003122,0.5612228633364149,0.6554343184794496
pupil_only,Pupil left/right nodes with temporal graph relations only.,multiclass_table6_valence_3class,Table-6 Valence,subject_kfold,MOMENT_pupil,MOMENT,MOMENT_pupil,aggregated,weighted_recall,7,0.6047737021599708,0.0247180327576731,0.5610236220472441,0.6348314606741573
pupil_only,Pupil left/right nodes with temporal graph relations only.,multiclass_table6_valence_3class,Table-6 Valence,subject_kfold,Majority,Večinski,Majority,aggregated,accuracy,7,0.5215633451161344,0.0487909136821655,0.4893203883495146,0.6286307053941909
pupil_only,Pupil left/right nodes with temporal graph relations only.,multiclass_table6_valence_3class,Table-6 Valence,subject_kfold,Majority,Večinski,Majority,aggregated,balanced_accuracy,7,0.5,0.0,0.5,0.5
pupil_only,Pupil left/right nodes with temporal graph relations only.,multiclass_table6_valence_3class,Table-6 Valence,subject_kfold,Majority,Večinski,Majority,aggregated,loss,7,17.24460495728271,1.758602781298305,13.385506134132717,18.406758915219047
pupil_only,Pupil left/right nodes with temporal graph relations only.,multiclass_table6_valence_3class,Table-6 Valence,subject_kfold,Majority,Večinski,Majority,aggregated,macro_auc_ovr,7,0.5,0.0,0.5,0.5
pupil_only,Pupil left/right nodes with temporal graph relations only.,multiclass_table6_valence_3class,Table-6 Valence,subject_kfold,Majority,Večinski,Majority,aggregated,macro_f1,7,0.3422303443871374,0.0200464822787669,0.3285528031290743,0.3859872611464968
pupil_only,Pupil left/right nodes with temporal graph relations only.,multiclass_table6_valence_3class,Table-6 Valence,subject_kfold,Majority,Večinski,Majority,aggregated,macro_precision,7,0.2607816725580671,0.0243954568410827,0.2446601941747573,0.3143153526970954
pupil_only,Pupil left/right nodes with temporal graph relations only.,multiclass_table6_valence_3class,Table-6 Valence,subject_kfold,Majority,Večinski,Majority,aggregated,macro_recall,7,0.5,0.0,0.5,0.5
pupil_only,Pupil left/right nodes with temporal graph relations only.,multiclass_table6_valence_3class,Table-6 Valence,subject_kfold,Majority,Večinski,Majority,aggregated,weighted_auc_ovr,7,0.5,0.0,0.5,0.5
pupil_only,Pupil left/right nodes with temporal graph relations only.,multiclass_table6_valence_3class,Table-6 Valence,subject_kfold,Majority,Večinski,Majority,aggregated,weighted_f1,7,0.3586660014579938,0.0575020180250704,0.3215351704408805,0.4852868884953881
pupil_only,Pupil left/right nodes with temporal graph relations only.,multiclass_table6_valence_3class,Table-6 Valence,subject_kfold,Majority,Večinski,Majority,aggregated,weighted_precision,7,0.2740687971898238,0.0548307800449627,0.2394344424545197,0.395176563764398
pupil_only,Pupil left/right nodes with temporal graph relations only.,multiclass_table6_valence_3class,Table-6 Valence,subject_kfold,Majority,Večinski,Majority,aggregated,weighted_recall,7,0.5215633451161344,0.0487909136821655,0.4893203883495146,0.6286307053941909
pupil_only,Pupil left/right nodes with temporal graph relations only.,multiclass_table6_valence_3class,Table-6 Valence,subject_kfold,Random,Naključni,Random,aggregated,accuracy,7,0.5071949985631246,0.0203226805956808,0.4824902723735408,0.5300970873786408
pupil_only,Pupil left/right nodes with temporal graph relations only.,multiclass_table6_valence_3class,Table-6 Valence,subject_kfold,Random,Naključni,Random,aggregated,balanced_accuracy,7,0.5070137970952062,0.0202161918571769,0.482127698277953,0.5302975436055284
pupil_only,Pupil left/right nodes with temporal graph relations only.,multiclass_table6_valence_3class,Table-6 Valence,subject_kfold,Random,Naključni,Random,aggregated,loss,7,17.762492660214118,0.7325036553284562,16.93701770906087,18.652941248064515
pupil_only,Pupil left/right nodes with temporal graph relations only.,multiclass_table6_valence_3class,Table-6 Valence,subject_kfold,Random,Naključni,Random,aggregated,macro_auc_ovr,7,0.5070137970952062,0.020216191857177,0.4821276982779529,0.5302975436055284
pupil_only,Pupil left/right nodes with temporal graph relations only.,multiclass_table6_valence_3class,Table-6 Valence,subject_kfold,Random,Naključni,Random,aggregated,macro_f1,7,0.5057097325657595,0.0191280593721858,0.4821060606060606,0.5300953156577082
pupil_only,Pupil left/right nodes with temporal graph relations only.,multiclass_table6_valence_3class,Table-6 Valence,subject_kfold,Random,Naključni,Random,aggregated,macro_precision,7,0.5067685141266968,0.0199590267504021,0.4821428571428571,0.5302929728751169
pupil_only,Pupil left/right nodes with temporal graph relations only.,multiclass_table6_valence_3class,Table-6 Valence,subject_kfold,Random,Naključni,Random,aggregated,macro_recall,7,0.5070137970952062,0.0202161918571769,0.482127698277953,0.5302975436055284
pupil_only,Pupil left/right nodes with temporal graph relations only.,multiclass_table6_valence_3class,Table-6 Valence,subject_kfold,Random,Naključni,Random,aggregated,weighted_auc_ovr,7,0.5070137970952062,0.020216191857177,0.4821276982779529,0.5302975436055284
pupil_only,Pupil left/right nodes with temporal graph relations only.,multiclass_table6_valence_3class,Table-6 Valence,subject_kfold,Random,Naključni,Random,aggregated,weighted_f1,7,0.5083383625211126,0.0218099985803433,0.4826000471642495,0.5348817782734435
pupil_only,Pupil left/right nodes with temporal graph relations only.,multiclass_table6_valence_3class,Table-6 Valence,subject_kfold,Random,Naključni,Random,aggregated,weighted_precision,7,0.5117621482438202,0.0271885624945685,0.4827682045580879,0.5567226600909511
pupil_only,Pupil left/right nodes with temporal graph relations only.,multiclass_table6_valence_3class,Table-6 Valence,subject_kfold,Random,Naključni,Random,aggregated,weighted_recall,7,0.5071949985631246,0.0203226805956808,0.4824902723735408,0.5300970873786408
pupil_only,Pupil left/right nodes with temporal graph relations only.,multiclass_table6_valence_3class,Table-6 Valence,subject_kfold,SVM,SVM,SVM,aggregated,accuracy,7,0.6206447185645096,0.0333049444420094,0.5611650485436893,0.6556016597510373
pupil_only,Pupil left/right nodes with temporal graph relations only.,multiclass_table6_valence_3class,Table-6 Valence,subject_kfold,SVM,SVM,SVM,aggregated,balanced_accuracy,7,0.6167019737658981,0.0281045089111557,0.5657779588387953,0.6521444856084355
pupil_only,Pupil left/right nodes with temporal graph relations only.,multiclass_table6_valence_3class,Table-6 Valence,subject_kfold,SVM,SVM,SVM,aggregated,loss,7,0.655348439801695,0.0322504694409583,0.6219063208810469,0.721082387414878
pupil_only,Pupil left/right nodes with temporal graph relations only.,multiclass_table6_valence_3class,Table-6 Valence,subject_kfold,SVM,SVM,SVM,aggregated,macro_auc_ovr,7,0.6650443999218003,0.0341641571417053,0.5981501599372322,0.7026209677419355
pupil_only,Pupil left/right nodes with temporal graph relations only.,multiclass_table6_valence_3class,Table-6 Valence,subject_kfold,SVM,SVM,SVM,aggregated,macro_f1,7,0.6072075322260576,0.0356506810788886,0.54213217938631,0.6518971848225215
pupil_only,Pupil left/right nodes with temporal graph relations only.,multiclass_table6_valence_3class,Table-6 Valence,subject_kfold,SVM,SVM,SVM,aggregated,macro_precision,7,0.6290204437865148,0.0298652983834536,0.5805882135462881,0.664554622736153
pupil_only,Pupil left/right nodes with temporal graph relations only.,multiclass_table6_valence_3class,Table-6 Valence,subject_kfold,SVM,SVM,SVM,aggregated,macro_recall,7,0.6167019737658981,0.0281045089111557,0.5657779588387953,0.6521444856084355
pupil_only,Pupil left/right nodes with temporal graph relations only.,multiclass_table6_valence_3class,Table-6 Valence,subject_kfold,SVM,SVM,SVM,aggregated,weighted_auc_ovr,7,0.6650443999218003,0.0341641571417053,0.5981501599372322,0.7026209677419356
pupil_only,Pupil left/right nodes with temporal graph relations only.,multiclass_table6_valence_3class,Table-6 Valence,subject_kfold,SVM,SVM,SVM,aggregated,weighted_f1,7,0.6109734316804397,0.0400801281981952,0.5401382597602988,0.6519126783694591
pupil_only,Pupil left/right nodes with temporal graph relations only.,multiclass_table6_valence_3class,Table-6 Valence,subject_kfold,SVM,SVM,SVM,aggregated,weighted_precision,7,0.6327765765164839,0.0311795184391829,0.5815549774151957,0.6689285114658474
pupil_only,Pupil left/right nodes with temporal graph relations only.,multiclass_table6_valence_3class,Table-6 Valence,subject_kfold,SVM,SVM,SVM,aggregated,weighted_recall,7,0.6206447185645096,0.0333049444420094,0.5611650485436893,0.6556016597510373
