trainer_model,accuracy,batch_size,cv_strategy,device,epochs_completed,fit_seconds,fold_id,inference_items_per_run,inference_ms_per_window,inference_scope,inference_seconds_per_window,inference_total_item_predictions,inference_total_seconds,macro_f1,model,model_display_name,model_family,parameter_scope,task_name,test_windows,timed_runs,total_parameters,train_seconds_per_window,train_seconds_per_window_epoch,train_window_epochs,train_windows,trainable_parameters,val_windows,warmup_runs,benchmark_path,summary_model_name,experiment_id,experiment_display_name,signal_set,signal_set_description,suite_run_dir,trainer_run_dir,scale_proxy_details,scale_proxy_name,scale_proxy_value,frozen_parameters,head_total_parameters,best_epoch,encoder_head_chunks_per_window,encoder_head_inference_ms_per_window,encoder_head_inference_scope,encoder_head_inference_seconds_per_window,encoder_head_inference_total_item_predictions,encoder_head_inference_total_seconds,encoder_head_synthetic_windows_per_run
Random,0.5289139633286318,709,subject_kfold,cpu,,4.93321567773819e-05,skf_0_P1_P14_P2_P27,709,0.00018181241184767277,tabular_predict_proba,1.8181241184767277e-07,2127,0.000386715,0.5287555322061961,Random,Random,baseline,not_applicable_for_classical_model,table6-valence-3class,709,3,,1.7537204684458548e-08,,,2813,,150,1,results/quick_v1_v2_comparison/2026-06-12_16-29-08/model_runs/all_signals/2026-06-12_18-09-29/multiclass_table6_valence_3class_emotion-elicitation_2026-06-12_18-10-59/subject_kfold/skf_0_P1_P14_P2_P27/baselines/Random/model_benchmark.json,Random,multiclass_table6_valence_3class,Table-6 Valence,all_signals,"Gaze, pupil, screen distance, and fixation-duration nodes with all graph relations.",results/quick_v1_v2_comparison/2026-06-12_16-29-08/model_runs/all_signals/2026-06-12_18-09-29,results/quick_v1_v2_comparison/2026-06-12_16-29-08/model_runs/all_signals/2026-06-12_18-09-29/multiclass_table6_valence_3class_emotion-elicitation_2026-06-12_18-10-59,,,,,,,,,,,,,
Random,0.484375,512,subject_kfold,cpu,,6.573274731636047e-05,skf_1_P17_P20_P8,512,0.00020897265625,tabular_predict_proba,2.0897265625e-07,1536,0.000320982,0.4838709677419355,Random,Random,baseline,not_applicable_for_classical_model,table6-valence-3class,512,3,,2.2154616554216538e-08,,,2967,,193,1,results/quick_v1_v2_comparison/2026-06-12_16-29-08/model_runs/all_signals/2026-06-12_18-09-29/multiclass_table6_valence_3class_emotion-elicitation_2026-06-12_18-10-59/subject_kfold/skf_1_P17_P20_P8/baselines/Random/model_benchmark.json,Random,multiclass_table6_valence_3class,Table-6 Valence,all_signals,"Gaze, pupil, screen distance, and fixation-duration nodes with all graph relations.",results/quick_v1_v2_comparison/2026-06-12_16-29-08/model_runs/all_signals/2026-06-12_18-09-29,results/quick_v1_v2_comparison/2026-06-12_16-29-08/model_runs/all_signals/2026-06-12_18-09-29/multiclass_table6_valence_3class_emotion-elicitation_2026-06-12_18-10-59,,,,,,,,,,,,,
Random,0.5041152263374485,486,subject_kfold,cpu,,6.597302854061127e-05,skf_2_P13_P28_P30,486,0.00021050480109739372,tabular_predict_proba,2.105048010973937e-07,1458,0.000306916,0.5040123313021128,Random,Random,baseline,not_applicable_for_classical_model,table6-valence-3class,486,3,,2.1766093216961816e-08,,,3031,,155,1,results/quick_v1_v2_comparison/2026-06-12_16-29-08/model_runs/all_signals/2026-06-12_18-09-29/multiclass_table6_valence_3class_emotion-elicitation_2026-06-12_18-10-59/subject_kfold/skf_2_P13_P28_P30/baselines/Random/model_benchmark.json,Random,multiclass_table6_valence_3class,Table-6 Valence,all_signals,"Gaze, pupil, screen distance, and fixation-duration nodes with all graph relations.",results/quick_v1_v2_comparison/2026-06-12_16-29-08/model_runs/all_signals/2026-06-12_18-09-29,results/quick_v1_v2_comparison/2026-06-12_16-29-08/model_runs/all_signals/2026-06-12_18-09-29/multiclass_table6_valence_3class_emotion-elicitation_2026-06-12_18-10-59,,,,,,,,,,,,,
Random,0.49145299145299143,468,subject_kfold,cpu,,7.216492667794228e-05,skf_3_P19_P22_P4,468,0.00022262535612535612,tabular_predict_proba,2.2262535612535613e-07,1404,0.000312566,0.49145299145299143,Random,Random,baseline,not_applicable_for_classical_model,table6-valence-3class,468,3,,2.387195722062265e-08,,,3023,,181,1,results/quick_v1_v2_comparison/2026-06-12_16-29-08/model_runs/all_signals/2026-06-12_18-09-29/multiclass_table6_valence_3class_emotion-elicitation_2026-06-12_18-10-59/subject_kfold/skf_3_P19_P22_P4/baselines/Random/model_benchmark.json,Random,multiclass_table6_valence_3class,Table-6 Valence,all_signals,"Gaze, pupil, screen distance, and fixation-duration nodes with all graph relations.",results/quick_v1_v2_comparison/2026-06-12_16-29-08/model_runs/all_signals/2026-06-12_18-09-29,results/quick_v1_v2_comparison/2026-06-12_16-29-08/model_runs/all_signals/2026-06-12_18-09-29/multiclass_table6_valence_3class_emotion-elicitation_2026-06-12_18-10-59,,,,,,,,,,,,,
Random,0.49506903353057197,507,subject_kfold,cpu,,9.544938802719116e-05,skf_4_P10_P16_P5,507,0.00022127021696252466,tabular_predict_proba,2.2127021696252466e-07,1521,0.000336552,0.4949727626459144,Random,Random,baseline,not_applicable_for_classical_model,table6-valence-3class,507,3,,3.165817181664715e-08,,,3015,,150,1,results/quick_v1_v2_comparison/2026-06-12_16-29-08/model_runs/all_signals/2026-06-12_18-09-29/multiclass_table6_valence_3class_emotion-elicitation_2026-06-12_18-10-59/subject_kfold/skf_4_P10_P16_P5/baselines/Random/model_benchmark.json,Random,multiclass_table6_valence_3class,Table-6 Valence,all_signals,"Gaze, pupil, screen distance, and fixation-duration nodes with all graph relations.",results/quick_v1_v2_comparison/2026-06-12_16-29-08/model_runs/all_signals/2026-06-12_18-09-29,results/quick_v1_v2_comparison/2026-06-12_16-29-08/model_runs/all_signals/2026-06-12_18-09-29/multiclass_table6_valence_3class_emotion-elicitation_2026-06-12_18-10-59,,,,,,,,,,,,,
Random,0.5254901960784314,510,subject_kfold,cpu,,7.05718994140625e-05,skf_5_P21_P23_P24,510,0.0002117764705882353,tabular_predict_proba,2.1177647058823528e-07,1530,0.000324018,0.5254610049061073,Random,Random,baseline,not_applicable_for_classical_model,table6-valence-3class,510,3,,2.343024548939658e-08,,,3012,,150,1,results/quick_v1_v2_comparison/2026-06-12_16-29-08/model_runs/all_signals/2026-06-12_18-09-29/multiclass_table6_valence_3class_emotion-elicitation_2026-06-12_18-10-59/subject_kfold/skf_5_P21_P23_P24/baselines/Random/model_benchmark.json,Random,multiclass_table6_valence_3class,Table-6 Valence,all_signals,"Gaze, pupil, screen distance, and fixation-duration nodes with all graph relations.",results/quick_v1_v2_comparison/2026-06-12_16-29-08/model_runs/all_signals/2026-06-12_18-09-29,results/quick_v1_v2_comparison/2026-06-12_16-29-08/model_runs/all_signals/2026-06-12_18-09-29/multiclass_table6_valence_3class_emotion-elicitation_2026-06-12_18-10-59,,,,,,,,,,,,,
Random,0.53125,480,subject_kfold,cpu,,6.801821291446686e-05,skf_6_P18_P29_P7,480,0.0002070548611111111,tabular_predict_proba,2.070548611111111e-07,1440,0.000298159,0.521935629517819,Random,Random,baseline,not_applicable_for_classical_model,table6-valence-3class,480,3,,2.2359701812776745e-08,,,3042,,150,1,results/quick_v1_v2_comparison/2026-06-12_16-29-08/model_runs/all_signals/2026-06-12_18-09-29/multiclass_table6_valence_3class_emotion-elicitation_2026-06-12_18-10-59/subject_kfold/skf_6_P18_P29_P7/baselines/Random/model_benchmark.json,Random,multiclass_table6_valence_3class,Table-6 Valence,all_signals,"Gaze, pupil, screen distance, and fixation-duration nodes with all graph relations.",results/quick_v1_v2_comparison/2026-06-12_16-29-08/model_runs/all_signals/2026-06-12_18-09-29,results/quick_v1_v2_comparison/2026-06-12_16-29-08/model_runs/all_signals/2026-06-12_18-09-29/multiclass_table6_valence_3class_emotion-elicitation_2026-06-12_18-10-59,,,,,,,,,,,,,
Majority,0.5218617771509168,709,subject_kfold,cpu,,6.1004888266325e-05,skf_0_P1_P14_P2_P27,709,6.029149036201222e-06,tabular_predict_proba,6.029149036201222e-09,2127,1.2824e-05,0.34291010194624655,Majority,Majority,baseline,not_applicable_for_classical_model,table6-valence-3class,709,3,,2.1686771513091006e-08,,,2813,,150,1,results/quick_v1_v2_comparison/2026-06-12_16-29-08/model_runs/all_signals/2026-06-12_18-09-29/multiclass_table6_valence_3class_emotion-elicitation_2026-06-12_18-10-59/subject_kfold/skf_0_P1_P14_P2_P27/baselines/Majority/model_benchmark.json,Majority,multiclass_table6_valence_3class,Table-6 Valence,all_signals,"Gaze, pupil, screen distance, and fixation-duration nodes with all graph relations.",results/quick_v1_v2_comparison/2026-06-12_16-29-08/model_runs/all_signals/2026-06-12_18-09-29,results/quick_v1_v2_comparison/2026-06-12_16-29-08/model_runs/all_signals/2026-06-12_18-09-29/multiclass_table6_valence_3class_emotion-elicitation_2026-06-12_18-10-59,,,,,,,,,,,,,
Majority,0.51953125,512,subject_kfold,cpu,,6.58542849123478e-05,skf_1_P17_P20_P8,512,8.035807291666667e-06,tabular_predict_proba,8.035807291666666e-09,1536,1.2343e-05,0.34190231362467866,Majority,Majority,baseline,not_applicable_for_classical_model,table6-valence-3class,512,3,,2.219557968060256e-08,,,2967,,193,1,results/quick_v1_v2_comparison/2026-06-12_16-29-08/model_runs/all_signals/2026-06-12_18-09-29/multiclass_table6_valence_3class_emotion-elicitation_2026-06-12_18-10-59/subject_kfold/skf_1_P17_P20_P8/baselines/Majority/model_benchmark.json,Majority,multiclass_table6_valence_3class,Table-6 Valence,all_signals,"Gaze, pupil, screen distance, and fixation-duration nodes with all graph relations.",results/quick_v1_v2_comparison/2026-06-12_16-29-08/model_runs/all_signals/2026-06-12_18-09-29,results/quick_v1_v2_comparison/2026-06-12_16-29-08/model_runs/all_signals/2026-06-12_18-09-29/multiclass_table6_valence_3class_emotion-elicitation_2026-06-12_18-10-59,,,,,,,,,,,,,
Majority,0.5,486,subject_kfold,cpu,,8.03912989795208e-05,skf_2_P13_P28_P30,486,8.5e-06,tabular_predict_proba,8.5e-09,1458,1.2393e-05,0.3333333333333333,Majority,Majority,baseline,not_applicable_for_classical_model,table6-valence-3class,486,3,,2.652302836671752e-08,,,3031,,155,1,results/quick_v1_v2_comparison/2026-06-12_16-29-08/model_runs/all_signals/2026-06-12_18-09-29/multiclass_table6_valence_3class_emotion-elicitation_2026-06-12_18-10-59/subject_kfold/skf_2_P13_P28_P30/baselines/Majority/model_benchmark.json,Majority,multiclass_table6_valence_3class,Table-6 Valence,all_signals,"Gaze, pupil, screen distance, and fixation-duration nodes with all graph relations.",results/quick_v1_v2_comparison/2026-06-12_16-29-08/model_runs/all_signals/2026-06-12_18-09-29,results/quick_v1_v2_comparison/2026-06-12_16-29-08/model_runs/all_signals/2026-06-12_18-09-29/multiclass_table6_valence_3class_emotion-elicitation_2026-06-12_18-10-59,,,,,,,,,,,,,
Majority,0.48504273504273504,468,subject_kfold,cpu,,8.131284266710281e-05,skf_3_P19_P22_P4,468,8.67022792022792e-06,tabular_predict_proba,8.67022792022792e-09,1404,1.2173e-05,0.32661870503597124,Majority,Majority,baseline,not_applicable_for_classical_model,table6-valence-3class,468,3,,2.6898062410553363e-08,,,3023,,181,1,results/quick_v1_v2_comparison/2026-06-12_16-29-08/model_runs/all_signals/2026-06-12_18-09-29/multiclass_table6_valence_3class_emotion-elicitation_2026-06-12_18-10-59/subject_kfold/skf_3_P19_P22_P4/baselines/Majority/model_benchmark.json,Majority,multiclass_table6_valence_3class,Table-6 Valence,all_signals,"Gaze, pupil, screen distance, and fixation-duration nodes with all graph relations.",results/quick_v1_v2_comparison/2026-06-12_16-29-08/model_runs/all_signals/2026-06-12_18-09-29,results/quick_v1_v2_comparison/2026-06-12_16-29-08/model_runs/all_signals/2026-06-12_18-09-29/multiclass_table6_valence_3class_emotion-elicitation_2026-06-12_18-10-59,,,,,,,,,,,,,
Majority,0.5029585798816568,507,subject_kfold,cpu,,0.00012762006372213364,skf_4_P10_P16_P5,507,8.00328731097962e-06,tabular_predict_proba,8.00328731097962e-09,1521,1.2173e-05,0.3346456692913386,Majority,Majority,baseline,not_applicable_for_classical_model,table6-valence-3class,507,3,,4.2328379343991255e-08,,,3015,,150,1,results/quick_v1_v2_comparison/2026-06-12_16-29-08/model_runs/all_signals/2026-06-12_18-09-29/multiclass_table6_valence_3class_emotion-elicitation_2026-06-12_18-10-59/subject_kfold/skf_4_P10_P16_P5/baselines/Majority/model_benchmark.json,Majority,multiclass_table6_valence_3class,Table-6 Valence,all_signals,"Gaze, pupil, screen distance, and fixation-duration nodes with all graph relations.",results/quick_v1_v2_comparison/2026-06-12_16-29-08/model_runs/all_signals/2026-06-12_18-09-29,results/quick_v1_v2_comparison/2026-06-12_16-29-08/model_runs/all_signals/2026-06-12_18-09-29/multiclass_table6_valence_3class_emotion-elicitation_2026-06-12_18-10-59,,,,,,,,,,,,,
Majority,0.49411764705882355,510,subject_kfold,cpu,,7.089320570230484e-05,skf_5_P21_P23_P24,510,7.779738562091503e-06,tabular_predict_proba,7.779738562091502e-09,1530,1.1903e-05,0.33070866141732286,Majority,Majority,baseline,not_applicable_for_classical_model,table6-valence-3class,510,3,,2.353692088389935e-08,,,3012,,150,1,results/quick_v1_v2_comparison/2026-06-12_16-29-08/model_runs/all_signals/2026-06-12_18-09-29/multiclass_table6_valence_3class_emotion-elicitation_2026-06-12_18-10-59/subject_kfold/skf_5_P21_P23_P24/baselines/Majority/model_benchmark.json,Majority,multiclass_table6_valence_3class,Table-6 Valence,all_signals,"Gaze, pupil, screen distance, and fixation-duration nodes with all graph relations.",results/quick_v1_v2_comparison/2026-06-12_16-29-08/model_runs/all_signals/2026-06-12_18-09-29,results/quick_v1_v2_comparison/2026-06-12_16-29-08/model_runs/all_signals/2026-06-12_18-09-29/multiclass_table6_valence_3class_emotion-elicitation_2026-06-12_18-10-59,,,,,,,,,,,,,
Majority,0.6270833333333333,480,subject_kfold,cpu,,7.631303742527962e-05,skf_6_P18_P29_P7,480,8.83611111111111e-06,tabular_predict_proba,8.836111111111111e-09,1440,1.2724e-05,0.3854033290653009,Majority,Majority,baseline,not_applicable_for_classical_model,table6-valence-3class,480,3,,2.5086468581617232e-08,,,3042,,150,1,results/quick_v1_v2_comparison/2026-06-12_16-29-08/model_runs/all_signals/2026-06-12_18-09-29/multiclass_table6_valence_3class_emotion-elicitation_2026-06-12_18-10-59/subject_kfold/skf_6_P18_P29_P7/baselines/Majority/model_benchmark.json,Majority,multiclass_table6_valence_3class,Table-6 Valence,all_signals,"Gaze, pupil, screen distance, and fixation-duration nodes with all graph relations.",results/quick_v1_v2_comparison/2026-06-12_16-29-08/model_runs/all_signals/2026-06-12_18-09-29,results/quick_v1_v2_comparison/2026-06-12_16-29-08/model_runs/all_signals/2026-06-12_18-09-29/multiclass_table6_valence_3class_emotion-elicitation_2026-06-12_18-10-59,,,,,,,,,,,,,
SVM,0.6375176304654443,709,subject_kfold,cpu,,1.1266506239771843,skf_0_P1_P14_P2_P27,709,0.10016518053596615,tabular_predict_proba,0.00010016518053596616,2127,0.213051339,0.6236707043795243,SVM,SVM,baseline,not_applicable_for_classical_model,table6-valence-3class,709,3,,0.0004005156857366457,,,2813,,150,1,results/quick_v1_v2_comparison/2026-06-12_16-29-08/model_runs/all_signals/2026-06-12_18-09-29/multiclass_table6_valence_3class_emotion-elicitation_2026-06-12_18-10-59/subject_kfold/skf_0_P1_P14_P2_P27/baselines/SVM/model_benchmark.json,SVM,multiclass_table6_valence_3class,Table-6 Valence,all_signals,"Gaze, pupil, screen distance, and fixation-duration nodes with all graph relations.",results/quick_v1_v2_comparison/2026-06-12_16-29-08/model_runs/all_signals/2026-06-12_18-09-29,results/quick_v1_v2_comparison/2026-06-12_16-29-08/model_runs/all_signals/2026-06-12_18-09-29/multiclass_table6_valence_3class_emotion-elicitation_2026-06-12_18-10-59,"{""n_features"": 68, ""n_support_by_class"": [1060, 985]}",support_vectors,2045.0,,,,,,,,,,
SVM,0.71484375,512,subject_kfold,cpu,,1.2846348560415208,skf_1_P17_P20_P8,512,0.1059088359375,tabular_predict_proba,0.0001059088359375,1536,0.162675972,0.7080684214637194,SVM,SVM,baseline,not_applicable_for_classical_model,table6-valence-3class,512,3,,0.0004329743363806946,,,2967,,193,1,results/quick_v1_v2_comparison/2026-06-12_16-29-08/model_runs/all_signals/2026-06-12_18-09-29/multiclass_table6_valence_3class_emotion-elicitation_2026-06-12_18-10-59/subject_kfold/skf_1_P17_P20_P8/baselines/SVM/model_benchmark.json,SVM,multiclass_table6_valence_3class,Table-6 Valence,all_signals,"Gaze, pupil, screen distance, and fixation-duration nodes with all graph relations.",results/quick_v1_v2_comparison/2026-06-12_16-29-08/model_runs/all_signals/2026-06-12_18-09-29,results/quick_v1_v2_comparison/2026-06-12_16-29-08/model_runs/all_signals/2026-06-12_18-09-29/multiclass_table6_valence_3class_emotion-elicitation_2026-06-12_18-10-59,"{""n_features"": 68, ""n_support_by_class"": [1107, 1040]}",support_vectors,2147.0,,,,,,,,,,
SVM,0.6851851851851852,486,subject_kfold,cpu,,1.3760286485776305,skf_2_P13_P28_P30,486,0.1095159341563786,tabular_predict_proba,0.0001095159341563786,1458,0.159674232,0.684349941206685,SVM,SVM,baseline,not_applicable_for_classical_model,table6-valence-3class,486,3,,0.00045398503747199953,,,3031,,155,1,results/quick_v1_v2_comparison/2026-06-12_16-29-08/model_runs/all_signals/2026-06-12_18-09-29/multiclass_table6_valence_3class_emotion-elicitation_2026-06-12_18-10-59/subject_kfold/skf_2_P13_P28_P30/baselines/SVM/model_benchmark.json,SVM,multiclass_table6_valence_3class,Table-6 Valence,all_signals,"Gaze, pupil, screen distance, and fixation-duration nodes with all graph relations.",results/quick_v1_v2_comparison/2026-06-12_16-29-08/model_runs/all_signals/2026-06-12_18-09-29,results/quick_v1_v2_comparison/2026-06-12_16-29-08/model_runs/all_signals/2026-06-12_18-09-29/multiclass_table6_valence_3class_emotion-elicitation_2026-06-12_18-10-59,"{""n_features"": 68, ""n_support_by_class"": [1141, 1054]}",support_vectors,2195.0,,,,,,,,,,
SVM,0.6944444444444444,468,subject_kfold,cpu,,1.3228945680893958,skf_3_P19_P22_P4,468,0.105825849002849,tabular_predict_proba,0.000105825849002849,1404,0.148579492,0.6939399898473908,SVM,SVM,baseline,not_applicable_for_classical_model,table6-valence-3class,468,3,,0.00043760984720125565,,,3023,,181,1,results/quick_v1_v2_comparison/2026-06-12_16-29-08/model_runs/all_signals/2026-06-12_18-09-29/multiclass_table6_valence_3class_emotion-elicitation_2026-06-12_18-10-59/subject_kfold/skf_3_P19_P22_P4/baselines/SVM/model_benchmark.json,SVM,multiclass_table6_valence_3class,Table-6 Valence,all_signals,"Gaze, pupil, screen distance, and fixation-duration nodes with all graph relations.",results/quick_v1_v2_comparison/2026-06-12_16-29-08/model_runs/all_signals/2026-06-12_18-09-29,results/quick_v1_v2_comparison/2026-06-12_16-29-08/model_runs/all_signals/2026-06-12_18-09-29/multiclass_table6_valence_3class_emotion-elicitation_2026-06-12_18-10-59,"{""n_features"": 68, ""n_support_by_class"": [1126, 1058]}",support_vectors,2184.0,,,,,,,,,,
SVM,0.6686390532544378,507,subject_kfold,cpu,,1.323314765933901,skf_4_P10_P16_P5,507,0.10846916896778436,tabular_predict_proba,0.00010846916896778435,1521,0.164981606,0.6682660850599782,SVM,SVM,baseline,not_applicable_for_classical_model,table6-valence-3class,507,3,,0.00043891037012733035,,,3015,,150,1,results/quick_v1_v2_comparison/2026-06-12_16-29-08/model_runs/all_signals/2026-06-12_18-09-29/multiclass_table6_valence_3class_emotion-elicitation_2026-06-12_18-10-59/subject_kfold/skf_4_P10_P16_P5/baselines/SVM/model_benchmark.json,SVM,multiclass_table6_valence_3class,Table-6 Valence,all_signals,"Gaze, pupil, screen distance, and fixation-duration nodes with all graph relations.",results/quick_v1_v2_comparison/2026-06-12_16-29-08/model_runs/all_signals/2026-06-12_18-09-29,results/quick_v1_v2_comparison/2026-06-12_16-29-08/model_runs/all_signals/2026-06-12_18-09-29/multiclass_table6_valence_3class_emotion-elicitation_2026-06-12_18-10-59,"{""n_features"": 68, ""n_support_by_class"": [1142, 1040]}",support_vectors,2182.0,,,,,,,,,,
SVM,0.6627450980392157,510,subject_kfold,cpu,,1.303986141923815,skf_5_P21_P23_P24,510,0.10470602483660131,tabular_predict_proba,0.0001047060248366013,1530,0.160200218,0.6436695697387235,SVM,SVM,baseline,not_applicable_for_classical_model,table6-valence-3class,510,3,,0.00043293032600392263,,,3012,,150,1,results/quick_v1_v2_comparison/2026-06-12_16-29-08/model_runs/all_signals/2026-06-12_18-09-29/multiclass_table6_valence_3class_emotion-elicitation_2026-06-12_18-10-59/subject_kfold/skf_5_P21_P23_P24/baselines/SVM/model_benchmark.json,SVM,multiclass_table6_valence_3class,Table-6 Valence,all_signals,"Gaze, pupil, screen distance, and fixation-duration nodes with all graph relations.",results/quick_v1_v2_comparison/2026-06-12_16-29-08/model_runs/all_signals/2026-06-12_18-09-29,results/quick_v1_v2_comparison/2026-06-12_16-29-08/model_runs/all_signals/2026-06-12_18-09-29/multiclass_table6_valence_3class_emotion-elicitation_2026-06-12_18-10-59,"{""n_features"": 68, ""n_support_by_class"": [1114, 1030]}",support_vectors,2144.0,,,,,,,,,,
SVM,0.7354166666666667,480,subject_kfold,cpu,,1.3801801051013172,skf_6_P18_P29_P7,480,0.1124572625,tabular_predict_proba,0.0001124572625,1440,0.161938458,0.710429937440326,SVM,SVM,baseline,not_applicable_for_classical_model,table6-valence-3class,480,3,,0.00045370812133508124,,,3042,,150,1,results/quick_v1_v2_comparison/2026-06-12_16-29-08/model_runs/all_signals/2026-06-12_18-09-29/multiclass_table6_valence_3class_emotion-elicitation_2026-06-12_18-10-59/subject_kfold/skf_6_P18_P29_P7/baselines/SVM/model_benchmark.json,SVM,multiclass_table6_valence_3class,Table-6 Valence,all_signals,"Gaze, pupil, screen distance, and fixation-duration nodes with all graph relations.",results/quick_v1_v2_comparison/2026-06-12_16-29-08/model_runs/all_signals/2026-06-12_18-09-29,results/quick_v1_v2_comparison/2026-06-12_16-29-08/model_runs/all_signals/2026-06-12_18-09-29/multiclass_table6_valence_3class_emotion-elicitation_2026-06-12_18-10-59,"{""n_features"": 68, ""n_support_by_class"": [1146, 1081]}",support_vectors,2227.0,,,,,,,,,,
LightGBM,0.6614950634696756,709,subject_kfold,cpu,,0.055081604048609734,skf_0_P1_P14_P2_P27,709,0.0012596027268453219,tabular_predict_proba,1.2596027268453219e-06,2127,0.002679175,0.6435693338919145,LightGBM,LightGBM,baseline,not_applicable_for_classical_model,table6-valence-3class,709,3,,1.9581089245861973e-05,,,2813,,150,1,results/quick_v1_v2_comparison/2026-06-12_16-29-08/model_runs/all_signals/2026-06-12_18-09-29/multiclass_table6_valence_3class_emotion-elicitation_2026-06-12_18-10-59/subject_kfold/skf_0_P1_P14_P2_P27/baselines/LightGBM/model_benchmark.json,LightGBM,multiclass_table6_valence_3class,Table-6 Valence,all_signals,"Gaze, pupil, screen distance, and fixation-duration nodes with all graph relations.",results/quick_v1_v2_comparison/2026-06-12_16-29-08/model_runs/all_signals/2026-06-12_18-09-29,results/quick_v1_v2_comparison/2026-06-12_16-29-08/model_runs/all_signals/2026-06-12_18-09-29/multiclass_table6_valence_3class_emotion-elicitation_2026-06-12_18-10-59,"{""num_leaves_total"": 2220, ""num_trees"": 100}",trees,100.0,,,,,,,,,,
LightGBM,0.705078125,512,subject_kfold,cpu,,0.05689146835356951,skf_1_P17_P20_P8,512,0.0017745787760416667,tabular_predict_proba,1.7745787760416666e-06,1536,0.002725753,0.7008315823281983,LightGBM,LightGBM,baseline,not_applicable_for_classical_model,table6-valence-3class,512,3,,1.917474497929542e-05,,,2967,,193,1,results/quick_v1_v2_comparison/2026-06-12_16-29-08/model_runs/all_signals/2026-06-12_18-09-29/multiclass_table6_valence_3class_emotion-elicitation_2026-06-12_18-10-59/subject_kfold/skf_1_P17_P20_P8/baselines/LightGBM/model_benchmark.json,LightGBM,multiclass_table6_valence_3class,Table-6 Valence,all_signals,"Gaze, pupil, screen distance, and fixation-duration nodes with all graph relations.",results/quick_v1_v2_comparison/2026-06-12_16-29-08/model_runs/all_signals/2026-06-12_18-09-29,results/quick_v1_v2_comparison/2026-06-12_16-29-08/model_runs/all_signals/2026-06-12_18-09-29/multiclass_table6_valence_3class_emotion-elicitation_2026-06-12_18-10-59,"{""num_leaves_total"": 2071, ""num_trees"": 100}",trees,100.0,,,,,,,,,,
LightGBM,0.6604938271604939,486,subject_kfold,cpu,,0.11414460465312004,skf_2_P13_P28_P30,486,0.001796050754458162,tabular_predict_proba,1.796050754458162e-06,1458,0.002618642,0.6572886527884028,LightGBM,LightGBM,baseline,not_applicable_for_classical_model,table6-valence-3class,486,3,,3.765905795220061e-05,,,3031,,155,1,results/quick_v1_v2_comparison/2026-06-12_16-29-08/model_runs/all_signals/2026-06-12_18-09-29/multiclass_table6_valence_3class_emotion-elicitation_2026-06-12_18-10-59/subject_kfold/skf_2_P13_P28_P30/baselines/LightGBM/model_benchmark.json,LightGBM,multiclass_table6_valence_3class,Table-6 Valence,all_signals,"Gaze, pupil, screen distance, and fixation-duration nodes with all graph relations.",results/quick_v1_v2_comparison/2026-06-12_16-29-08/model_runs/all_signals/2026-06-12_18-09-29,results/quick_v1_v2_comparison/2026-06-12_16-29-08/model_runs/all_signals/2026-06-12_18-09-29/multiclass_table6_valence_3class_emotion-elicitation_2026-06-12_18-10-59,"{""num_leaves_total"": 2146, ""num_trees"": 100}",trees,100.0,,,,,,,,,,
LightGBM,0.7158119658119658,468,subject_kfold,cpu,,0.06086702411994338,skf_3_P19_P22_P4,468,0.001954121082621083,tabular_predict_proba,1.9541210826210828e-06,1404,0.002743586,0.71499869504897,LightGBM,LightGBM,baseline,not_applicable_for_classical_model,table6-valence-3class,468,3,,2.013464244788071e-05,,,3023,,181,1,results/quick_v1_v2_comparison/2026-06-12_16-29-08/model_runs/all_signals/2026-06-12_18-09-29/multiclass_table6_valence_3class_emotion-elicitation_2026-06-12_18-10-59/subject_kfold/skf_3_P19_P22_P4/baselines/LightGBM/model_benchmark.json,LightGBM,multiclass_table6_valence_3class,Table-6 Valence,all_signals,"Gaze, pupil, screen distance, and fixation-duration nodes with all graph relations.",results/quick_v1_v2_comparison/2026-06-12_16-29-08/model_runs/all_signals/2026-06-12_18-09-29,results/quick_v1_v2_comparison/2026-06-12_16-29-08/model_runs/all_signals/2026-06-12_18-09-29/multiclass_table6_valence_3class_emotion-elicitation_2026-06-12_18-10-59,"{""num_leaves_total"": 2257, ""num_trees"": 100}",trees,100.0,,,,,,,,,,
LightGBM,0.6923076923076923,507,subject_kfold,cpu,,0.10310492804273963,skf_4_P10_P16_P5,507,0.0016802057856673243,tabular_predict_proba,1.6802057856673243e-06,1521,0.002555593,0.6923064952849274,LightGBM,LightGBM,baseline,not_applicable_for_classical_model,table6-valence-3class,507,3,,3.419732273391033e-05,,,3015,,150,1,results/quick_v1_v2_comparison/2026-06-12_16-29-08/model_runs/all_signals/2026-06-12_18-09-29/multiclass_table6_valence_3class_emotion-elicitation_2026-06-12_18-10-59/subject_kfold/skf_4_P10_P16_P5/baselines/LightGBM/model_benchmark.json,LightGBM,multiclass_table6_valence_3class,Table-6 Valence,all_signals,"Gaze, pupil, screen distance, and fixation-duration nodes with all graph relations.",results/quick_v1_v2_comparison/2026-06-12_16-29-08/model_runs/all_signals/2026-06-12_18-09-29,results/quick_v1_v2_comparison/2026-06-12_16-29-08/model_runs/all_signals/2026-06-12_18-09-29/multiclass_table6_valence_3class_emotion-elicitation_2026-06-12_18-10-59,"{""num_leaves_total"": 2086, ""num_trees"": 100}",trees,100.0,,,,,,,,,,
LightGBM,0.6607843137254902,510,subject_kfold,cpu,,0.06367834797129035,skf_5_P21_P23_P24,510,0.0017281235294117647,tabular_predict_proba,1.7281235294117647e-06,1530,0.002644029,0.6491165276733837,LightGBM,LightGBM,baseline,not_applicable_for_classical_model,table6-valence-3class,510,3,,2.1141549791265055e-05,,,3012,,150,1,results/quick_v1_v2_comparison/2026-06-12_16-29-08/model_runs/all_signals/2026-06-12_18-09-29/multiclass_table6_valence_3class_emotion-elicitation_2026-06-12_18-10-59/subject_kfold/skf_5_P21_P23_P24/baselines/LightGBM/model_benchmark.json,LightGBM,multiclass_table6_valence_3class,Table-6 Valence,all_signals,"Gaze, pupil, screen distance, and fixation-duration nodes with all graph relations.",results/quick_v1_v2_comparison/2026-06-12_16-29-08/model_runs/all_signals/2026-06-12_18-09-29,results/quick_v1_v2_comparison/2026-06-12_16-29-08/model_runs/all_signals/2026-06-12_18-09-29/multiclass_table6_valence_3class_emotion-elicitation_2026-06-12_18-10-59,"{""num_leaves_total"": 2244, ""num_trees"": 100}",trees,100.0,,,,,,,,,,
LightGBM,0.7354166666666667,480,subject_kfold,cpu,,0.05814910726621747,skf_6_P18_P29_P7,480,0.0017536576388888887,tabular_predict_proba,1.7536576388888888e-06,1440,0.002525267,0.7198928461478373,LightGBM,LightGBM,baseline,not_applicable_for_classical_model,table6-valence-3class,480,3,,1.9115419877126058e-05,,,3042,,150,1,results/quick_v1_v2_comparison/2026-06-12_16-29-08/model_runs/all_signals/2026-06-12_18-09-29/multiclass_table6_valence_3class_emotion-elicitation_2026-06-12_18-10-59/subject_kfold/skf_6_P18_P29_P7/baselines/LightGBM/model_benchmark.json,LightGBM,multiclass_table6_valence_3class,Table-6 Valence,all_signals,"Gaze, pupil, screen distance, and fixation-duration nodes with all graph relations.",results/quick_v1_v2_comparison/2026-06-12_16-29-08/model_runs/all_signals/2026-06-12_18-09-29,results/quick_v1_v2_comparison/2026-06-12_16-29-08/model_runs/all_signals/2026-06-12_18-09-29/multiclass_table6_valence_3class_emotion-elicitation_2026-06-12_18-10-59,"{""num_leaves_total"": 2172, ""num_trees"": 100}",trees,100.0,,,,,,,,,,
MLP,0.6473906911142454,128,subject_kfold,cuda,39,1.050714674871415,skf_0_P1_P14_P2_P27,709,0.0007993648330982605,tabular_predict_proba,7.993648330982605e-07,2127,0.001700249,0.6292089232519998,MLP,MLP,baseline,torch_head,table6-valence-3class,709,3,8706,0.0003735210362145094,9.577462467038702e-06,109707,2813,8706,150,1,results/quick_v1_v2_comparison/2026-06-12_16-29-08/model_runs/all_signals/2026-06-12_18-09-29/multiclass_table6_valence_3class_emotion-elicitation_2026-06-12_18-10-59/subject_kfold/skf_0_P1_P14_P2_P27/baselines/MLP/model_benchmark.json,MLP,multiclass_table6_valence_3class,Table-6 Valence,all_signals,"Gaze, pupil, screen distance, and fixation-duration nodes with all graph relations.",results/quick_v1_v2_comparison/2026-06-12_16-29-08/model_runs/all_signals/2026-06-12_18-09-29,results/quick_v1_v2_comparison/2026-06-12_16-29-08/model_runs/all_signals/2026-06-12_18-09-29/multiclass_table6_valence_3class_emotion-elicitation_2026-06-12_18-10-59,,,,,,,,,,,,,
MLP,0.69140625,128,subject_kfold,cuda,32,0.94801588030532,skf_1_P17_P20_P8,512,0.0010191705729166668,tabular_predict_proba,1.0191705729166668e-06,1536,0.001565446,0.6781257957728546,MLP,MLP,baseline,torch_head,table6-valence-3class,512,3,8706,0.0003195200135845366,9.985000424516769e-06,94944,2967,8706,193,1,results/quick_v1_v2_comparison/2026-06-12_16-29-08/model_runs/all_signals/2026-06-12_18-09-29/multiclass_table6_valence_3class_emotion-elicitation_2026-06-12_18-10-59/subject_kfold/skf_1_P17_P20_P8/baselines/MLP/model_benchmark.json,MLP,multiclass_table6_valence_3class,Table-6 Valence,all_signals,"Gaze, pupil, screen distance, and fixation-duration nodes with all graph relations.",results/quick_v1_v2_comparison/2026-06-12_16-29-08/model_runs/all_signals/2026-06-12_18-09-29,results/quick_v1_v2_comparison/2026-06-12_16-29-08/model_runs/all_signals/2026-06-12_18-09-29/multiclass_table6_valence_3class_emotion-elicitation_2026-06-12_18-10-59,,,,,,,,,,,,,
MLP,0.6358024691358025,128,subject_kfold,cuda,68,2.0678811171092093,skf_2_P13_P28_P30,486,0.0012994197530864198,tabular_predict_proba,1.2994197530864198e-06,1458,0.001894554,0.6356775300171527,MLP,MLP,baseline,torch_head,table6-valence-3class,486,3,8706,0.0006822438525599503,1.0032997831763974e-05,206108,3031,8706,155,1,results/quick_v1_v2_comparison/2026-06-12_16-29-08/model_runs/all_signals/2026-06-12_18-09-29/multiclass_table6_valence_3class_emotion-elicitation_2026-06-12_18-10-59/subject_kfold/skf_2_P13_P28_P30/baselines/MLP/model_benchmark.json,MLP,multiclass_table6_valence_3class,Table-6 Valence,all_signals,"Gaze, pupil, screen distance, and fixation-duration nodes with all graph relations.",results/quick_v1_v2_comparison/2026-06-12_16-29-08/model_runs/all_signals/2026-06-12_18-09-29,results/quick_v1_v2_comparison/2026-06-12_16-29-08/model_runs/all_signals/2026-06-12_18-09-29/multiclass_table6_valence_3class_emotion-elicitation_2026-06-12_18-10-59,,,,,,,,,,,,,
MLP,0.6623931623931624,128,subject_kfold,cuda,27,0.8131376160308719,skf_3_P19_P22_P4,468,0.0011137770655270656,tabular_predict_proba,1.1137770655270656e-06,1404,0.001563743,0.6563621154382377,MLP,MLP,baseline,torch_head,table6-valence-3class,468,3,8706,0.0002689836639202355,9.962357922971684e-06,81621,3023,8706,181,1,results/quick_v1_v2_comparison/2026-06-12_16-29-08/model_runs/all_signals/2026-06-12_18-09-29/multiclass_table6_valence_3class_emotion-elicitation_2026-06-12_18-10-59/subject_kfold/skf_3_P19_P22_P4/baselines/MLP/model_benchmark.json,MLP,multiclass_table6_valence_3class,Table-6 Valence,all_signals,"Gaze, pupil, screen distance, and fixation-duration nodes with all graph relations.",results/quick_v1_v2_comparison/2026-06-12_16-29-08/model_runs/all_signals/2026-06-12_18-09-29,results/quick_v1_v2_comparison/2026-06-12_16-29-08/model_runs/all_signals/2026-06-12_18-09-29/multiclass_table6_valence_3class_emotion-elicitation_2026-06-12_18-10-59,,,,,,,,,,,,,
MLP,0.6824457593688363,128,subject_kfold,cuda,47,1.4072810760699213,skf_4_P10_P16_P5,507,0.00103108547008547,tabular_predict_proba,1.03108547008547e-06,1521,0.001568281,0.6795736913383972,MLP,MLP,baseline,torch_head,table6-valence-3class,507,3,8706,0.0004667598925605046,9.931061543840523e-06,141705,3015,8706,150,1,results/quick_v1_v2_comparison/2026-06-12_16-29-08/model_runs/all_signals/2026-06-12_18-09-29/multiclass_table6_valence_3class_emotion-elicitation_2026-06-12_18-10-59/subject_kfold/skf_4_P10_P16_P5/baselines/MLP/model_benchmark.json,MLP,multiclass_table6_valence_3class,Table-6 Valence,all_signals,"Gaze, pupil, screen distance, and fixation-duration nodes with all graph relations.",results/quick_v1_v2_comparison/2026-06-12_16-29-08/model_runs/all_signals/2026-06-12_18-09-29,results/quick_v1_v2_comparison/2026-06-12_16-29-08/model_runs/all_signals/2026-06-12_18-09-29/multiclass_table6_valence_3class_emotion-elicitation_2026-06-12_18-10-59,,,,,,,,,,,,,
MLP,0.6627450980392157,128,subject_kfold,cuda,35,1.074371206574142,skf_5_P21_P23_P24,510,0.0011965843137254901,tabular_predict_proba,1.1965843137254901e-06,1530,0.001830774,0.6508851248089659,MLP,MLP,baseline,torch_head,table6-valence-3class,510,3,8706,0.00035669694773377887,1.0191341363822254e-05,105420,3012,8706,150,1,results/quick_v1_v2_comparison/2026-06-12_16-29-08/model_runs/all_signals/2026-06-12_18-09-29/multiclass_table6_valence_3class_emotion-elicitation_2026-06-12_18-10-59/subject_kfold/skf_5_P21_P23_P24/baselines/MLP/model_benchmark.json,MLP,multiclass_table6_valence_3class,Table-6 Valence,all_signals,"Gaze, pupil, screen distance, and fixation-duration nodes with all graph relations.",results/quick_v1_v2_comparison/2026-06-12_16-29-08/model_runs/all_signals/2026-06-12_18-09-29,results/quick_v1_v2_comparison/2026-06-12_16-29-08/model_runs/all_signals/2026-06-12_18-09-29/multiclass_table6_valence_3class_emotion-elicitation_2026-06-12_18-10-59,,,,,,,,,,,,,
MLP,0.725,128,subject_kfold,cuda,45,1.3799983840435743,skf_6_P18_P29_P7,480,0.0012316854166666666,tabular_predict_proba,1.2316854166666666e-06,1440,0.001773627,0.7053352183942257,MLP,MLP,baseline,torch_head,table6-valence-3class,480,3,8706,0.00045364838397224665,1.0081075199383259e-05,136890,3042,8706,150,1,results/quick_v1_v2_comparison/2026-06-12_16-29-08/model_runs/all_signals/2026-06-12_18-09-29/multiclass_table6_valence_3class_emotion-elicitation_2026-06-12_18-10-59/subject_kfold/skf_6_P18_P29_P7/baselines/MLP/model_benchmark.json,MLP,multiclass_table6_valence_3class,Table-6 Valence,all_signals,"Gaze, pupil, screen distance, and fixation-duration nodes with all graph relations.",results/quick_v1_v2_comparison/2026-06-12_16-29-08/model_runs/all_signals/2026-06-12_18-09-29,results/quick_v1_v2_comparison/2026-06-12_16-29-08/model_runs/all_signals/2026-06-12_18-09-29/multiclass_table6_valence_3class_emotion-elicitation_2026-06-12_18-10-59,,,,,,,,,,,,,
MOMENT_GazeMAE_all_signals,0.6586741889985895,128,subject_kfold,cuda,18,0.62847636686638,skf_0_P1_P14_P2_P27,709,0.0009210644099670899,cached_frozen_embedding_mlp_head_predict_proba,9.210644099670898e-07,2127,0.001959104,0.6582492789648964,MOMENT_GazeMAE_all_signals,MOMENT_GazeMAE_all_signals,baseline,frozen_moment_gazemae_encoders_plus_trainable_mlp_head,table6-valence-3class,709,3,127217238,0.00022341854492228226,1.2412141384571237e-05,50634,2813,180738,150,1,results/quick_v1_v2_comparison/2026-06-12_16-29-08/model_runs/all_signals/2026-06-12_18-09-29/multiclass_table6_valence_3class_emotion-elicitation_2026-06-12_18-10-59/subject_kfold/skf_0_P1_P14_P2_P27/baselines/MOMENT_GazeMAE_all_signals/model_benchmark.json,MOMENT_GazeMAE_all_signals,multiclass_table6_valence_3class,Table-6 Valence,all_signals,"Gaze, pupil, screen distance, and fixation-duration nodes with all graph relations.",results/quick_v1_v2_comparison/2026-06-12_16-29-08/model_runs/all_signals/2026-06-12_18-09-29,results/quick_v1_v2_comparison/2026-06-12_16-29-08/model_runs/all_signals/2026-06-12_18-09-29/multiclass_table6_valence_3class_emotion-elicitation_2026-06-12_18-10-59,,,,127036500.0,180738.0,,,,,,,,
MOMENT_GazeMAE_all_signals,0.68359375,128,subject_kfold,cuda,21,1.0014974209479988,skf_1_P17_P20_P8,512,0.0010967838541666665,cached_frozen_embedding_mlp_head_predict_proba,1.0967838541666666e-06,1536,0.00168466,0.6720647773279352,MOMENT_GazeMAE_all_signals,MOMENT_GazeMAE_all_signals,baseline,frozen_moment_gazemae_encoders_plus_trainable_mlp_head,table6-valence-3class,512,3,127217238,0.0003375454738618129,1.607359399341966e-05,62307,2967,180738,193,1,results/quick_v1_v2_comparison/2026-06-12_16-29-08/model_runs/all_signals/2026-06-12_18-09-29/multiclass_table6_valence_3class_emotion-elicitation_2026-06-12_18-10-59/subject_kfold/skf_1_P17_P20_P8/baselines/MOMENT_GazeMAE_all_signals/model_benchmark.json,MOMENT_GazeMAE_all_signals,multiclass_table6_valence_3class,Table-6 Valence,all_signals,"Gaze, pupil, screen distance, and fixation-duration nodes with all graph relations.",results/quick_v1_v2_comparison/2026-06-12_16-29-08/model_runs/all_signals/2026-06-12_18-09-29,results/quick_v1_v2_comparison/2026-06-12_16-29-08/model_runs/all_signals/2026-06-12_18-09-29/multiclass_table6_valence_3class_emotion-elicitation_2026-06-12_18-10-59,,,,127036500.0,180738.0,,,,,,,,
MOMENT_GazeMAE_all_signals,0.6934156378600823,128,subject_kfold,cuda,31,1.3138806810602546,skf_2_P13_P28_P30,486,0.0011150061728395064,cached_frozen_embedding_mlp_head_predict_proba,1.1150061728395063e-06,1458,0.001625679,0.6934039553404717,MOMENT_GazeMAE_all_signals,MOMENT_GazeMAE_all_signals,baseline,frozen_moment_gazemae_encoders_plus_trainable_mlp_head,table6-valence-3class,486,3,127217238,0.00043348092413733244,1.3983255617333305e-05,93961,3031,180738,155,1,results/quick_v1_v2_comparison/2026-06-12_16-29-08/model_runs/all_signals/2026-06-12_18-09-29/multiclass_table6_valence_3class_emotion-elicitation_2026-06-12_18-10-59/subject_kfold/skf_2_P13_P28_P30/baselines/MOMENT_GazeMAE_all_signals/model_benchmark.json,MOMENT_GazeMAE_all_signals,multiclass_table6_valence_3class,Table-6 Valence,all_signals,"Gaze, pupil, screen distance, and fixation-duration nodes with all graph relations.",results/quick_v1_v2_comparison/2026-06-12_16-29-08/model_runs/all_signals/2026-06-12_18-09-29,results/quick_v1_v2_comparison/2026-06-12_16-29-08/model_runs/all_signals/2026-06-12_18-09-29/multiclass_table6_valence_3class_emotion-elicitation_2026-06-12_18-10-59,,,,127036500.0,180738.0,,,,,,,,
MOMENT_GazeMAE_all_signals,0.6047008547008547,128,subject_kfold,cuda,16,0.7069630101323128,skf_3_P19_P22_P4,468,0.0012614188034188033,cached_frozen_embedding_mlp_head_predict_proba,1.2614188034188034e-06,1404,0.001771032,0.5931065921619678,MOMENT_GazeMAE_all_signals,MOMENT_GazeMAE_all_signals,baseline,frozen_moment_gazemae_encoders_plus_trainable_mlp_head,table6-valence-3class,468,3,127217238,0.0002338613993160148,1.4616337457250925e-05,48368,3023,180738,181,1,results/quick_v1_v2_comparison/2026-06-12_16-29-08/model_runs/all_signals/2026-06-12_18-09-29/multiclass_table6_valence_3class_emotion-elicitation_2026-06-12_18-10-59/subject_kfold/skf_3_P19_P22_P4/baselines/MOMENT_GazeMAE_all_signals/model_benchmark.json,MOMENT_GazeMAE_all_signals,multiclass_table6_valence_3class,Table-6 Valence,all_signals,"Gaze, pupil, screen distance, and fixation-duration nodes with all graph relations.",results/quick_v1_v2_comparison/2026-06-12_16-29-08/model_runs/all_signals/2026-06-12_18-09-29,results/quick_v1_v2_comparison/2026-06-12_16-29-08/model_runs/all_signals/2026-06-12_18-09-29/multiclass_table6_valence_3class_emotion-elicitation_2026-06-12_18-10-59,,,,127036500.0,180738.0,,,,,,,,
MOMENT_GazeMAE_all_signals,0.6370808678500987,128,subject_kfold,cuda,20,0.8882856573909521,skf_4_P10_P16_P5,507,0.0011028902038132805,cached_frozen_embedding_mlp_head_predict_proba,1.1028902038132806e-06,1521,0.001677496,0.6327591093754921,MOMENT_GazeMAE_all_signals,MOMENT_GazeMAE_all_signals,baseline,frozen_moment_gazemae_encoders_plus_trainable_mlp_head,table6-valence-3class,507,3,127217238,0.0002946221085873805,1.4731105429369023e-05,60300,3015,180738,150,1,results/quick_v1_v2_comparison/2026-06-12_16-29-08/model_runs/all_signals/2026-06-12_18-09-29/multiclass_table6_valence_3class_emotion-elicitation_2026-06-12_18-10-59/subject_kfold/skf_4_P10_P16_P5/baselines/MOMENT_GazeMAE_all_signals/model_benchmark.json,MOMENT_GazeMAE_all_signals,multiclass_table6_valence_3class,Table-6 Valence,all_signals,"Gaze, pupil, screen distance, and fixation-duration nodes with all graph relations.",results/quick_v1_v2_comparison/2026-06-12_16-29-08/model_runs/all_signals/2026-06-12_18-09-29,results/quick_v1_v2_comparison/2026-06-12_16-29-08/model_runs/all_signals/2026-06-12_18-09-29/multiclass_table6_valence_3class_emotion-elicitation_2026-06-12_18-10-59,,,,127036500.0,180738.0,,,,,,,,
MOMENT_GazeMAE_all_signals,0.6803921568627451,128,subject_kfold,cuda,20,0.9833330721594393,skf_5_P21_P23_P24,510,0.0011034222222222223,cached_frozen_embedding_mlp_head_predict_proba,1.1034222222222223e-06,1530,0.001688236,0.6803319348896947,MOMENT_GazeMAE_all_signals,MOMENT_GazeMAE_all_signals,baseline,frozen_moment_gazemae_encoders_plus_trainable_mlp_head,table6-valence-3class,510,3,127217238,0.00032647180350578995,1.6323590175289498e-05,60240,3012,180738,150,1,results/quick_v1_v2_comparison/2026-06-12_16-29-08/model_runs/all_signals/2026-06-12_18-09-29/multiclass_table6_valence_3class_emotion-elicitation_2026-06-12_18-10-59/subject_kfold/skf_5_P21_P23_P24/baselines/MOMENT_GazeMAE_all_signals/model_benchmark.json,MOMENT_GazeMAE_all_signals,multiclass_table6_valence_3class,Table-6 Valence,all_signals,"Gaze, pupil, screen distance, and fixation-duration nodes with all graph relations.",results/quick_v1_v2_comparison/2026-06-12_16-29-08/model_runs/all_signals/2026-06-12_18-09-29,results/quick_v1_v2_comparison/2026-06-12_16-29-08/model_runs/all_signals/2026-06-12_18-09-29/multiclass_table6_valence_3class_emotion-elicitation_2026-06-12_18-10-59,,,,127036500.0,180738.0,,,,,,,,
MOMENT_GazeMAE_all_signals,0.6708333333333333,128,subject_kfold,cuda,22,0.9141004970297217,skf_6_P18_P29_P7,480,0.0011272666666666666,cached_frozen_embedding_mlp_head_predict_proba,1.1272666666666666e-06,1440,0.001623264,0.6652483271244196,MOMENT_GazeMAE_all_signals,MOMENT_GazeMAE_all_signals,baseline,frozen_moment_gazemae_encoders_plus_trainable_mlp_head,table6-valence-3class,480,3,127217238,0.00030049326003606894,1.3658784547094042e-05,66924,3042,180738,150,1,results/quick_v1_v2_comparison/2026-06-12_16-29-08/model_runs/all_signals/2026-06-12_18-09-29/multiclass_table6_valence_3class_emotion-elicitation_2026-06-12_18-10-59/subject_kfold/skf_6_P18_P29_P7/baselines/MOMENT_GazeMAE_all_signals/model_benchmark.json,MOMENT_GazeMAE_all_signals,multiclass_table6_valence_3class,Table-6 Valence,all_signals,"Gaze, pupil, screen distance, and fixation-duration nodes with all graph relations.",results/quick_v1_v2_comparison/2026-06-12_16-29-08/model_runs/all_signals/2026-06-12_18-09-29,results/quick_v1_v2_comparison/2026-06-12_16-29-08/model_runs/all_signals/2026-06-12_18-09-29/multiclass_table6_valence_3class_emotion-elicitation_2026-06-12_18-10-59,,,,127036500.0,180738.0,,,,,,,,
BasicGCN,0.5853314527503526,256,subject_kfold,cuda,125,81.80398329207674,skf_0_P1_P14_P2_P27,709,0.26291405923836386,materialized_graph_loader_forward_softmax,0.0002629140592383639,2127,0.559218204,0.5379694648366847,BasicGCN,BasicGCN,gnn,torch_model,table6-valence-3class,709,3,26179,0.02908069082548053,0.00023264552660384426,351625,2813,26179,150,1,results/quick_v1_v2_comparison/2026-06-12_16-29-08/model_runs/all_signals/2026-06-12_18-09-29/multiclass_table6_valence_3class_emotion-elicitation_2026-06-12_18-10-59/subject_kfold/skf_0_P1_P14_P2_P27/gnn/BasicGCN/model_benchmark.json,BasicGCN,multiclass_table6_valence_3class,Table-6 Valence,all_signals,"Gaze, pupil, screen distance, and fixation-duration nodes with all graph relations.",results/quick_v1_v2_comparison/2026-06-12_16-29-08/model_runs/all_signals/2026-06-12_18-09-29,results/quick_v1_v2_comparison/2026-06-12_16-29-08/model_runs/all_signals/2026-06-12_18-09-29/multiclass_table6_valence_3class_emotion-elicitation_2026-06-12_18-10-59,,,,,,105.0,,,,,,,
BasicGCN,0.42578125,256,subject_kfold,cuda,21,15.275363487191498,skf_1_P17_P20_P8,512,0.325117369140625,materialized_graph_loader_forward_softmax,0.000325117369140625,1536,0.499380279,0.4197964847363552,BasicGCN,BasicGCN,gnn,torch_model,table6-valence-3class,512,3,26179,0.005148420454058476,0.0002451628787646893,62307,2967,26179,193,1,results/quick_v1_v2_comparison/2026-06-12_16-29-08/model_runs/all_signals/2026-06-12_18-09-29/multiclass_table6_valence_3class_emotion-elicitation_2026-06-12_18-10-59/subject_kfold/skf_1_P17_P20_P8/gnn/BasicGCN/model_benchmark.json,BasicGCN,multiclass_table6_valence_3class,Table-6 Valence,all_signals,"Gaze, pupil, screen distance, and fixation-duration nodes with all graph relations.",results/quick_v1_v2_comparison/2026-06-12_16-29-08/model_runs/all_signals/2026-06-12_18-09-29,results/quick_v1_v2_comparison/2026-06-12_16-29-08/model_runs/all_signals/2026-06-12_18-09-29/multiclass_table6_valence_3class_emotion-elicitation_2026-06-12_18-10-59,,,,,,1.0,,,,,,,
BasicGCN,0.6213991769547325,256,subject_kfold,cuda,77,53.15297950897366,skf_2_P13_P28_P30,486,0.3047745219478738,materialized_graph_loader_forward_softmax,0.0003047745219478738,1458,0.444361253,0.6133785279468733,BasicGCN,BasicGCN,gnn,torch_model,table6-valence-3class,486,3,26179,0.017536449854494773,0.00022774610200642563,233387,3031,26179,155,1,results/quick_v1_v2_comparison/2026-06-12_16-29-08/model_runs/all_signals/2026-06-12_18-09-29/multiclass_table6_valence_3class_emotion-elicitation_2026-06-12_18-10-59/subject_kfold/skf_2_P13_P28_P30/gnn/BasicGCN/model_benchmark.json,BasicGCN,multiclass_table6_valence_3class,Table-6 Valence,all_signals,"Gaze, pupil, screen distance, and fixation-duration nodes with all graph relations.",results/quick_v1_v2_comparison/2026-06-12_16-29-08/model_runs/all_signals/2026-06-12_18-09-29,results/quick_v1_v2_comparison/2026-06-12_16-29-08/model_runs/all_signals/2026-06-12_18-09-29/multiclass_table6_valence_3class_emotion-elicitation_2026-06-12_18-10-59,,,,,,57.0,,,,,,,
BasicGCN,0.6388888888888888,256,subject_kfold,cuda,69,47.73010372137651,skf_3_P19_P22_P4,468,0.31733447934472936,materialized_graph_loader_forward_softmax,0.00031733447934472934,1404,0.445537609,0.6380145998764274,BasicGCN,BasicGCN,gnn,torch_model,table6-valence-3class,468,3,26179,0.015788985683551606,0.00022882587947176242,208587,3023,26179,181,1,results/quick_v1_v2_comparison/2026-06-12_16-29-08/model_runs/all_signals/2026-06-12_18-09-29/multiclass_table6_valence_3class_emotion-elicitation_2026-06-12_18-10-59/subject_kfold/skf_3_P19_P22_P4/gnn/BasicGCN/model_benchmark.json,BasicGCN,multiclass_table6_valence_3class,Table-6 Valence,all_signals,"Gaze, pupil, screen distance, and fixation-duration nodes with all graph relations.",results/quick_v1_v2_comparison/2026-06-12_16-29-08/model_runs/all_signals/2026-06-12_18-09-29,results/quick_v1_v2_comparison/2026-06-12_16-29-08/model_runs/all_signals/2026-06-12_18-09-29/multiclass_table6_valence_3class_emotion-elicitation_2026-06-12_18-10-59,,,,,,49.0,,,,,,,
BasicGCN,0.6351084812623274,256,subject_kfold,cuda,217,144.941791433841,skf_4_P10_P16_P5,507,0.3075082813938198,materialized_graph_loader_forward_softmax,0.0003075082813938198,1521,0.467720096,0.6351084812623274,BasicGCN,BasicGCN,gnn,torch_model,table6-valence-3class,507,3,26179,0.04807356266462388,0.00022153715513651556,654255,3015,26179,150,1,results/quick_v1_v2_comparison/2026-06-12_16-29-08/model_runs/all_signals/2026-06-12_18-09-29/multiclass_table6_valence_3class_emotion-elicitation_2026-06-12_18-10-59/subject_kfold/skf_4_P10_P16_P5/gnn/BasicGCN/model_benchmark.json,BasicGCN,multiclass_table6_valence_3class,Table-6 Valence,all_signals,"Gaze, pupil, screen distance, and fixation-duration nodes with all graph relations.",results/quick_v1_v2_comparison/2026-06-12_16-29-08/model_runs/all_signals/2026-06-12_18-09-29,results/quick_v1_v2_comparison/2026-06-12_16-29-08/model_runs/all_signals/2026-06-12_18-09-29/multiclass_table6_valence_3class_emotion-elicitation_2026-06-12_18-10-59,,,,,,197.0,,,,,,,
BasicGCN,0.5725490196078431,256,subject_kfold,cuda,78,53.40684245619923,skf_5_P21_P23_P24,510,0.5125512647058824,materialized_graph_loader_forward_softmax,0.0005125512647058824,1530,0.784203435,0.532070707070707,BasicGCN,BasicGCN,gnn,torch_model,table6-valence-3class,510,3,26179,0.0177313553971445,0.00022732506919416023,234936,3012,26179,150,1,results/quick_v1_v2_comparison/2026-06-12_16-29-08/model_runs/all_signals/2026-06-12_18-09-29/multiclass_table6_valence_3class_emotion-elicitation_2026-06-12_18-10-59/subject_kfold/skf_5_P21_P23_P24/gnn/BasicGCN/model_benchmark.json,BasicGCN,multiclass_table6_valence_3class,Table-6 Valence,all_signals,"Gaze, pupil, screen distance, and fixation-duration nodes with all graph relations.",results/quick_v1_v2_comparison/2026-06-12_16-29-08/model_runs/all_signals/2026-06-12_18-09-29,results/quick_v1_v2_comparison/2026-06-12_16-29-08/model_runs/all_signals/2026-06-12_18-09-29/multiclass_table6_valence_3class_emotion-elicitation_2026-06-12_18-10-59,,,,,,58.0,,,,,,,
BasicGCN,0.6916666666666667,256,subject_kfold,cuda,169,115.73910790728405,skf_6_P18_P29_P7,480,0.32134585555555556,materialized_graph_loader_forward_softmax,0.00032134585555555555,1440,0.462738032,0.6582972582972583,BasicGCN,BasicGCN,gnn,torch_model,table6-valence-3class,480,3,26179,0.03804704401948851,0.00022513043798513913,514098,3042,26179,150,1,results/quick_v1_v2_comparison/2026-06-12_16-29-08/model_runs/all_signals/2026-06-12_18-09-29/multiclass_table6_valence_3class_emotion-elicitation_2026-06-12_18-10-59/subject_kfold/skf_6_P18_P29_P7/gnn/BasicGCN/model_benchmark.json,BasicGCN,multiclass_table6_valence_3class,Table-6 Valence,all_signals,"Gaze, pupil, screen distance, and fixation-duration nodes with all graph relations.",results/quick_v1_v2_comparison/2026-06-12_16-29-08/model_runs/all_signals/2026-06-12_18-09-29,results/quick_v1_v2_comparison/2026-06-12_16-29-08/model_runs/all_signals/2026-06-12_18-09-29/multiclass_table6_valence_3class_emotion-elicitation_2026-06-12_18-10-59,,,,,,149.0,,,,,,,
HeteroGCNMean,0.5994358251057827,256,subject_kfold,cuda,120,104.63663375005126,skf_0_P1_P14_P2_P27,709,0.3174309158439116,materialized_graph_loader_forward_softmax,0.0003174309158439116,2127,0.675175558,0.5580343816397128,HeteroGCNMean,HeteroGCNMean,gnn,torch_model,table6-valence-3class,709,3,51139,0.03719752355138687,0.0003099793629282239,337560,2813,51139,150,1,results/quick_v1_v2_comparison/2026-06-12_16-29-08/model_runs/all_signals/2026-06-12_18-09-29/multiclass_table6_valence_3class_emotion-elicitation_2026-06-12_18-10-59/subject_kfold/skf_0_P1_P14_P2_P27/gnn/HeteroGCNMean/model_benchmark.json,HeteroGCNMean,multiclass_table6_valence_3class,Table-6 Valence,all_signals,"Gaze, pupil, screen distance, and fixation-duration nodes with all graph relations.",results/quick_v1_v2_comparison/2026-06-12_16-29-08/model_runs/all_signals/2026-06-12_18-09-29,results/quick_v1_v2_comparison/2026-06-12_16-29-08/model_runs/all_signals/2026-06-12_18-09-29/multiclass_table6_valence_3class_emotion-elicitation_2026-06-12_18-10-59,,,,,,100.0,,,,,,,
HeteroGCNMean,0.61328125,256,subject_kfold,cuda,21,19.330428410787135,skf_1_P17_P20_P8,512,0.3624639544270833,materialized_graph_loader_forward_softmax,0.0003624639544270833,1536,0.556744634,0.5848444641014301,HeteroGCNMean,HeteroGCNMean,gnn,torch_model,table6-valence-3class,512,3,51139,0.006515142706702776,0.0003102448907953703,62307,2967,51139,193,1,results/quick_v1_v2_comparison/2026-06-12_16-29-08/model_runs/all_signals/2026-06-12_18-09-29/multiclass_table6_valence_3class_emotion-elicitation_2026-06-12_18-10-59/subject_kfold/skf_1_P17_P20_P8/gnn/HeteroGCNMean/model_benchmark.json,HeteroGCNMean,multiclass_table6_valence_3class,Table-6 Valence,all_signals,"Gaze, pupil, screen distance, and fixation-duration nodes with all graph relations.",results/quick_v1_v2_comparison/2026-06-12_16-29-08/model_runs/all_signals/2026-06-12_18-09-29,results/quick_v1_v2_comparison/2026-06-12_16-29-08/model_runs/all_signals/2026-06-12_18-09-29/multiclass_table6_valence_3class_emotion-elicitation_2026-06-12_18-10-59,,,,,,1.0,,,,,,,
HeteroGCNMean,0.5864197530864198,256,subject_kfold,cuda,99,91.56424952484667,skf_2_P13_P28_P30,486,0.3762420198902607,materialized_graph_loader_forward_softmax,0.00037624201989026066,1458,0.548560865,0.5837392138063279,HeteroGCNMean,HeteroGCNMean,gnn,torch_model,table6-valence-3class,486,3,51139,0.030209254214730013,0.00030514398196696983,300069,3031,51139,155,1,results/quick_v1_v2_comparison/2026-06-12_16-29-08/model_runs/all_signals/2026-06-12_18-09-29/multiclass_table6_valence_3class_emotion-elicitation_2026-06-12_18-10-59/subject_kfold/skf_2_P13_P28_P30/gnn/HeteroGCNMean/model_benchmark.json,HeteroGCNMean,multiclass_table6_valence_3class,Table-6 Valence,all_signals,"Gaze, pupil, screen distance, and fixation-duration nodes with all graph relations.",results/quick_v1_v2_comparison/2026-06-12_16-29-08/model_runs/all_signals/2026-06-12_18-09-29,results/quick_v1_v2_comparison/2026-06-12_16-29-08/model_runs/all_signals/2026-06-12_18-09-29/multiclass_table6_valence_3class_emotion-elicitation_2026-06-12_18-10-59,,,,,,79.0,,,,,,,
HeteroGCNMean,0.6196581196581197,256,subject_kfold,cuda,55,50.71433274867013,skf_3_P19_P22_P4,468,0.3773619772079772,materialized_graph_loader_forward_softmax,0.0003773619772079772,1404,0.529816216,0.6193174548046867,HeteroGCNMean,HeteroGCNMean,gnn,torch_model,table6-valence-3class,468,3,51139,0.01677616035351311,0.000305021097336602,166265,3023,51139,181,1,results/quick_v1_v2_comparison/2026-06-12_16-29-08/model_runs/all_signals/2026-06-12_18-09-29/multiclass_table6_valence_3class_emotion-elicitation_2026-06-12_18-10-59/subject_kfold/skf_3_P19_P22_P4/gnn/HeteroGCNMean/model_benchmark.json,HeteroGCNMean,multiclass_table6_valence_3class,Table-6 Valence,all_signals,"Gaze, pupil, screen distance, and fixation-duration nodes with all graph relations.",results/quick_v1_v2_comparison/2026-06-12_16-29-08/model_runs/all_signals/2026-06-12_18-09-29,results/quick_v1_v2_comparison/2026-06-12_16-29-08/model_runs/all_signals/2026-06-12_18-09-29/multiclass_table6_valence_3class_emotion-elicitation_2026-06-12_18-10-59,,,,,,35.0,,,,,,,
HeteroGCNMean,0.6370808678500987,256,subject_kfold,cuda,153,139.0677113472484,skf_4_P10_P16_P5,507,0.36093279947403023,materialized_graph_loader_forward_softmax,0.0003609327994740302,1521,0.548978788,0.6369099514260805,HeteroGCNMean,HeteroGCNMean,gnn,torch_model,table6-valence-3class,507,3,51139,0.04612527739543894,0.0003014724012773787,461295,3015,51139,150,1,results/quick_v1_v2_comparison/2026-06-12_16-29-08/model_runs/all_signals/2026-06-12_18-09-29/multiclass_table6_valence_3class_emotion-elicitation_2026-06-12_18-10-59/subject_kfold/skf_4_P10_P16_P5/gnn/HeteroGCNMean/model_benchmark.json,HeteroGCNMean,multiclass_table6_valence_3class,Table-6 Valence,all_signals,"Gaze, pupil, screen distance, and fixation-duration nodes with all graph relations.",results/quick_v1_v2_comparison/2026-06-12_16-29-08/model_runs/all_signals/2026-06-12_18-09-29,results/quick_v1_v2_comparison/2026-06-12_16-29-08/model_runs/all_signals/2026-06-12_18-09-29/multiclass_table6_valence_3class_emotion-elicitation_2026-06-12_18-10-59,,,,,,133.0,,,,,,,
HeteroGCNMean,0.5764705882352941,256,subject_kfold,cuda,93,85.6750253541395,skf_5_P21_P23_P24,510,0.3678770320261438,materialized_graph_loader_forward_softmax,0.0003678770320261438,1530,0.562851859,0.5440472839853645,HeteroGCNMean,HeteroGCNMean,gnn,torch_model,table6-valence-3class,510,3,51139,0.028444563530590806,0.00030585552183430976,280116,3012,51139,150,1,results/quick_v1_v2_comparison/2026-06-12_16-29-08/model_runs/all_signals/2026-06-12_18-09-29/multiclass_table6_valence_3class_emotion-elicitation_2026-06-12_18-10-59/subject_kfold/skf_5_P21_P23_P24/gnn/HeteroGCNMean/model_benchmark.json,HeteroGCNMean,multiclass_table6_valence_3class,Table-6 Valence,all_signals,"Gaze, pupil, screen distance, and fixation-duration nodes with all graph relations.",results/quick_v1_v2_comparison/2026-06-12_16-29-08/model_runs/all_signals/2026-06-12_18-09-29,results/quick_v1_v2_comparison/2026-06-12_16-29-08/model_runs/all_signals/2026-06-12_18-09-29/multiclass_table6_valence_3class_emotion-elicitation_2026-06-12_18-10-59,,,,,,73.0,,,,,,,
HeteroGCNMean,0.69375,256,subject_kfold,cuda,279,257.2850407930091,skf_6_P18_P29_P7,480,0.3833653972222222,materialized_graph_loader_forward_softmax,0.00038336539722222217,1440,0.552046172,0.651574482373797,HeteroGCNMean,HeteroGCNMean,gnn,torch_model,table6-valence-3class,480,3,51139,0.08457759394904968,0.0003031454980252676,848718,3042,51139,150,1,results/quick_v1_v2_comparison/2026-06-12_16-29-08/model_runs/all_signals/2026-06-12_18-09-29/multiclass_table6_valence_3class_emotion-elicitation_2026-06-12_18-10-59/subject_kfold/skf_6_P18_P29_P7/gnn/HeteroGCNMean/model_benchmark.json,HeteroGCNMean,multiclass_table6_valence_3class,Table-6 Valence,all_signals,"Gaze, pupil, screen distance, and fixation-duration nodes with all graph relations.",results/quick_v1_v2_comparison/2026-06-12_16-29-08/model_runs/all_signals/2026-06-12_18-09-29,results/quick_v1_v2_comparison/2026-06-12_16-29-08/model_runs/all_signals/2026-06-12_18-09-29/multiclass_table6_valence_3class_emotion-elicitation_2026-06-12_18-10-59,,,,,,259.0,,,,,,,
HeteroGCNMLP,0.5825105782792666,256,subject_kfold,cuda,84,76.06954854913056,skf_0_P1_P14_P2_P27,709,0.3176491062529384,materialized_graph_loader_forward_softmax,0.0003176491062529384,2127,0.675639649,0.5299924750062708,HeteroGCNMLP,HeteroGCNMLP,gnn,torch_model,table6-valence-3class,709,3,92355,0.027042143103139196,0.0003219302750373714,236292,2813,92355,150,1,results/quick_v1_v2_comparison/2026-06-12_16-29-08/model_runs/all_signals/2026-06-12_18-09-29/multiclass_table6_valence_3class_emotion-elicitation_2026-06-12_18-10-59/subject_kfold/skf_0_P1_P14_P2_P27/gnn/HeteroGCNMLP/model_benchmark.json,HeteroGCNMLP,multiclass_table6_valence_3class,Table-6 Valence,all_signals,"Gaze, pupil, screen distance, and fixation-duration nodes with all graph relations.",results/quick_v1_v2_comparison/2026-06-12_16-29-08/model_runs/all_signals/2026-06-12_18-09-29,results/quick_v1_v2_comparison/2026-06-12_16-29-08/model_runs/all_signals/2026-06-12_18-09-29/multiclass_table6_valence_3class_emotion-elicitation_2026-06-12_18-10-59,,,,,,64.0,,,,,,,
HeteroGCNMLP,0.501953125,256,subject_kfold,cuda,21,20.57464869413525,skf_1_P17_P20_P8,512,0.3494449329427083,materialized_graph_loader_forward_softmax,0.0003494449329427083,1536,0.536747417,0.3631933978139038,HeteroGCNMLP,HeteroGCNMLP,gnn,torch_model,table6-valence-3class,512,3,92355,0.006934495683901331,0.0003302140801857777,62307,2967,92355,193,1,results/quick_v1_v2_comparison/2026-06-12_16-29-08/model_runs/all_signals/2026-06-12_18-09-29/multiclass_table6_valence_3class_emotion-elicitation_2026-06-12_18-10-59/subject_kfold/skf_1_P17_P20_P8/gnn/HeteroGCNMLP/model_benchmark.json,HeteroGCNMLP,multiclass_table6_valence_3class,Table-6 Valence,all_signals,"Gaze, pupil, screen distance, and fixation-duration nodes with all graph relations.",results/quick_v1_v2_comparison/2026-06-12_16-29-08/model_runs/all_signals/2026-06-12_18-09-29,results/quick_v1_v2_comparison/2026-06-12_16-29-08/model_runs/all_signals/2026-06-12_18-09-29/multiclass_table6_valence_3class_emotion-elicitation_2026-06-12_18-10-59,,,,,,1.0,,,,,,,
HeteroGCNMLP,0.5925925925925926,256,subject_kfold,cuda,127,123.12937208404765,skf_2_P13_P28_P30,486,0.3573909279835391,materialized_graph_loader_forward_softmax,0.0003573909279835391,1458,0.521075973,0.5912357908687748,HeteroGCNMLP,HeteroGCNMLP,gnn,torch_model,table6-valence-3class,486,3,92355,0.040623349417369725,0.0003198688930501553,384937,3031,92355,155,1,results/quick_v1_v2_comparison/2026-06-12_16-29-08/model_runs/all_signals/2026-06-12_18-09-29/multiclass_table6_valence_3class_emotion-elicitation_2026-06-12_18-10-59/subject_kfold/skf_2_P13_P28_P30/gnn/HeteroGCNMLP/model_benchmark.json,HeteroGCNMLP,multiclass_table6_valence_3class,Table-6 Valence,all_signals,"Gaze, pupil, screen distance, and fixation-duration nodes with all graph relations.",results/quick_v1_v2_comparison/2026-06-12_16-29-08/model_runs/all_signals/2026-06-12_18-09-29,results/quick_v1_v2_comparison/2026-06-12_16-29-08/model_runs/all_signals/2026-06-12_18-09-29/multiclass_table6_valence_3class_emotion-elicitation_2026-06-12_18-10-59,,,,,,107.0,,,,,,,
HeteroGCNMLP,0.6260683760683761,256,subject_kfold,cuda,44,42.780199287459254,skf_3_P19_P22_P4,468,0.38329994515669513,materialized_graph_loader_forward_softmax,0.00038329994515669513,1404,0.538153123,0.625861683028556,HeteroGCNMLP,HeteroGCNMLP,gnn,torch_model,table6-valence-3class,468,3,92355,0.014151571051094693,0.00032162661479760664,133012,3023,92355,181,1,results/quick_v1_v2_comparison/2026-06-12_16-29-08/model_runs/all_signals/2026-06-12_18-09-29/multiclass_table6_valence_3class_emotion-elicitation_2026-06-12_18-10-59/subject_kfold/skf_3_P19_P22_P4/gnn/HeteroGCNMLP/model_benchmark.json,HeteroGCNMLP,multiclass_table6_valence_3class,Table-6 Valence,all_signals,"Gaze, pupil, screen distance, and fixation-duration nodes with all graph relations.",results/quick_v1_v2_comparison/2026-06-12_16-29-08/model_runs/all_signals/2026-06-12_18-09-29,results/quick_v1_v2_comparison/2026-06-12_16-29-08/model_runs/all_signals/2026-06-12_18-09-29/multiclass_table6_valence_3class_emotion-elicitation_2026-06-12_18-10-59,,,,,,24.0,,,,,,,
HeteroGCNMLP,0.6844181459566075,256,subject_kfold,cuda,133,125.64838659623638,skf_4_P10_P16_P5,507,0.38258218343195266,materialized_graph_loader_forward_softmax,0.00038258218343195264,1521,0.581907501,0.6838757949869061,HeteroGCNMLP,HeteroGCNMLP,gnn,torch_model,table6-valence-3class,507,3,92355,0.041674423415003777,0.0003133415294361186,400995,3015,92355,150,1,results/quick_v1_v2_comparison/2026-06-12_16-29-08/model_runs/all_signals/2026-06-12_18-09-29/multiclass_table6_valence_3class_emotion-elicitation_2026-06-12_18-10-59/subject_kfold/skf_4_P10_P16_P5/gnn/HeteroGCNMLP/model_benchmark.json,HeteroGCNMLP,multiclass_table6_valence_3class,Table-6 Valence,all_signals,"Gaze, pupil, screen distance, and fixation-duration nodes with all graph relations.",results/quick_v1_v2_comparison/2026-06-12_16-29-08/model_runs/all_signals/2026-06-12_18-09-29,results/quick_v1_v2_comparison/2026-06-12_16-29-08/model_runs/all_signals/2026-06-12_18-09-29/multiclass_table6_valence_3class_emotion-elicitation_2026-06-12_18-10-59,,,,,,113.0,,,,,,,
HeteroGCNMLP,0.5627450980392157,256,subject_kfold,cuda,54,51.426513656042516,skf_5_P21_P23_P24,510,0.5914420790849673,materialized_graph_loader_forward_softmax,0.0005914420790849673,1530,0.904906381,0.5231266588676302,HeteroGCNMLP,HeteroGCNMLP,gnn,torch_model,table6-valence-3class,510,3,92355,0.017073875715817567,0.00031618288362625125,162648,3012,92355,150,1,results/quick_v1_v2_comparison/2026-06-12_16-29-08/model_runs/all_signals/2026-06-12_18-09-29/multiclass_table6_valence_3class_emotion-elicitation_2026-06-12_18-10-59/subject_kfold/skf_5_P21_P23_P24/gnn/HeteroGCNMLP/model_benchmark.json,HeteroGCNMLP,multiclass_table6_valence_3class,Table-6 Valence,all_signals,"Gaze, pupil, screen distance, and fixation-duration nodes with all graph relations.",results/quick_v1_v2_comparison/2026-06-12_16-29-08/model_runs/all_signals/2026-06-12_18-09-29,results/quick_v1_v2_comparison/2026-06-12_16-29-08/model_runs/all_signals/2026-06-12_18-09-29/multiclass_table6_valence_3class_emotion-elicitation_2026-06-12_18-10-59,,,,,,34.0,,,,,,,
HeteroGCNMLP,0.6875,256,subject_kfold,cuda,131,126.16359747666866,skf_6_P18_P29_P7,480,0.3860619201388889,materialized_graph_loader_forward_softmax,0.0003860619201388889,1440,0.555929165,0.6414628316468807,HeteroGCNMLP,HeteroGCNMLP,gnn,torch_model,table6-valence-3class,480,3,92355,0.041473897921324346,0.00031659464062079655,398502,3042,92355,150,1,results/quick_v1_v2_comparison/2026-06-12_16-29-08/model_runs/all_signals/2026-06-12_18-09-29/multiclass_table6_valence_3class_emotion-elicitation_2026-06-12_18-10-59/subject_kfold/skf_6_P18_P29_P7/gnn/HeteroGCNMLP/model_benchmark.json,HeteroGCNMLP,multiclass_table6_valence_3class,Table-6 Valence,all_signals,"Gaze, pupil, screen distance, and fixation-duration nodes with all graph relations.",results/quick_v1_v2_comparison/2026-06-12_16-29-08/model_runs/all_signals/2026-06-12_18-09-29,results/quick_v1_v2_comparison/2026-06-12_16-29-08/model_runs/all_signals/2026-06-12_18-09-29/multiclass_table6_valence_3class_emotion-elicitation_2026-06-12_18-10-59,,,,,,111.0,,,,,,,
HeteroGCNMLPWeights,0.5839210155148096,256,subject_kfold,cuda,95,93.53673220891505,skf_0_P1_P14_P2_P27,709,0.2829498006582041,materialized_graph_loader_forward_softmax,0.0002829498006582041,2127,0.601834226,0.5395911341218321,HeteroGCNMLPWeights,HeteroGCNMLPWeights,gnn,torch_model,table6-valence-3class,709,3,92664,0.03325159339101139,0.00035001677253696206,267235,2813,92664,150,1,results/quick_v1_v2_comparison/2026-06-12_16-29-08/model_runs/all_signals/2026-06-12_18-09-29/multiclass_table6_valence_3class_emotion-elicitation_2026-06-12_18-10-59/subject_kfold/skf_0_P1_P14_P2_P27/gnn/HeteroGCNMLPWeights/model_benchmark.json,HeteroGCNMLPWeights,multiclass_table6_valence_3class,Table-6 Valence,all_signals,"Gaze, pupil, screen distance, and fixation-duration nodes with all graph relations.",results/quick_v1_v2_comparison/2026-06-12_16-29-08/model_runs/all_signals/2026-06-12_18-09-29,results/quick_v1_v2_comparison/2026-06-12_16-29-08/model_runs/all_signals/2026-06-12_18-09-29/multiclass_table6_valence_3class_emotion-elicitation_2026-06-12_18-10-59,,,,,,75.0,,,,,,,
HeteroGCNMLPWeights,0.626953125,256,subject_kfold,cuda,23,23.935606720857322,skf_1_P17_P20_P8,512,0.3604462506510417,materialized_graph_loader_forward_softmax,0.0003604462506510417,1536,0.553645441,0.6204537074770526,HeteroGCNMLPWeights,HeteroGCNMLPWeights,gnn,torch_model,table6-valence-3class,512,3,92664,0.008067275605277155,0.00035075111327291986,68241,2967,92664,193,1,results/quick_v1_v2_comparison/2026-06-12_16-29-08/model_runs/all_signals/2026-06-12_18-09-29/multiclass_table6_valence_3class_emotion-elicitation_2026-06-12_18-10-59/subject_kfold/skf_1_P17_P20_P8/gnn/HeteroGCNMLPWeights/model_benchmark.json,HeteroGCNMLPWeights,multiclass_table6_valence_3class,Table-6 Valence,all_signals,"Gaze, pupil, screen distance, and fixation-duration nodes with all graph relations.",results/quick_v1_v2_comparison/2026-06-12_16-29-08/model_runs/all_signals/2026-06-12_18-09-29,results/quick_v1_v2_comparison/2026-06-12_16-29-08/model_runs/all_signals/2026-06-12_18-09-29/multiclass_table6_valence_3class_emotion-elicitation_2026-06-12_18-10-59,,,,,,3.0,,,,,,,
HeteroGCNMLPWeights,0.602880658436214,256,subject_kfold,cuda,114,120.28518600622192,skf_2_P13_P28_P30,486,0.36498936351165984,materialized_graph_loader_forward_softmax,0.0003649893635116598,1458,0.532154492,0.5988023695972968,HeteroGCNMLPWeights,HeteroGCNMLPWeights,gnn,torch_model,table6-valence-3class,486,3,92664,0.03968498383577101,0.0003481138932962369,345534,3031,92664,155,1,results/quick_v1_v2_comparison/2026-06-12_16-29-08/model_runs/all_signals/2026-06-12_18-09-29/multiclass_table6_valence_3class_emotion-elicitation_2026-06-12_18-10-59/subject_kfold/skf_2_P13_P28_P30/gnn/HeteroGCNMLPWeights/model_benchmark.json,HeteroGCNMLPWeights,multiclass_table6_valence_3class,Table-6 Valence,all_signals,"Gaze, pupil, screen distance, and fixation-duration nodes with all graph relations.",results/quick_v1_v2_comparison/2026-06-12_16-29-08/model_runs/all_signals/2026-06-12_18-09-29,results/quick_v1_v2_comparison/2026-06-12_16-29-08/model_runs/all_signals/2026-06-12_18-09-29/multiclass_table6_valence_3class_emotion-elicitation_2026-06-12_18-10-59,,,,,,94.0,,,,,,,
HeteroGCNMLPWeights,0.6388888888888888,256,subject_kfold,cuda,57,59.62130680074915,skf_3_P19_P22_P4,468,0.3770220876068376,materialized_graph_loader_forward_softmax,0.0003770220876068376,1404,0.529339011,0.6360959405179831,HeteroGCNMLPWeights,HeteroGCNMLPWeights,gnn,torch_model,table6-valence-3class,468,3,92664,0.01972256262016181,0.00034600987052915455,172311,3023,92664,181,1,results/quick_v1_v2_comparison/2026-06-12_16-29-08/model_runs/all_signals/2026-06-12_18-09-29/multiclass_table6_valence_3class_emotion-elicitation_2026-06-12_18-10-59/subject_kfold/skf_3_P19_P22_P4/gnn/HeteroGCNMLPWeights/model_benchmark.json,HeteroGCNMLPWeights,multiclass_table6_valence_3class,Table-6 Valence,all_signals,"Gaze, pupil, screen distance, and fixation-duration nodes with all graph relations.",results/quick_v1_v2_comparison/2026-06-12_16-29-08/model_runs/all_signals/2026-06-12_18-09-29,results/quick_v1_v2_comparison/2026-06-12_16-29-08/model_runs/all_signals/2026-06-12_18-09-29/multiclass_table6_valence_3class_emotion-elicitation_2026-06-12_18-10-59,,,,,,37.0,,,,,,,
HeteroGCNMLPWeights,0.6587771203155819,256,subject_kfold,cuda,112,115.70535164186731,skf_4_P10_P16_P5,507,0.34252515055884286,materialized_graph_loader_forward_softmax,0.00034252515055884284,1521,0.520980754,0.6580107847609691,HeteroGCNMLPWeights,HeteroGCNMLPWeights,gnn,torch_model,table6-valence-3class,507,3,92664,0.038376567708745375,0.00034264792597094083,337680,3015,92664,150,1,results/quick_v1_v2_comparison/2026-06-12_16-29-08/model_runs/all_signals/2026-06-12_18-09-29/multiclass_table6_valence_3class_emotion-elicitation_2026-06-12_18-10-59/subject_kfold/skf_4_P10_P16_P5/gnn/HeteroGCNMLPWeights/model_benchmark.json,HeteroGCNMLPWeights,multiclass_table6_valence_3class,Table-6 Valence,all_signals,"Gaze, pupil, screen distance, and fixation-duration nodes with all graph relations.",results/quick_v1_v2_comparison/2026-06-12_16-29-08/model_runs/all_signals/2026-06-12_18-09-29,results/quick_v1_v2_comparison/2026-06-12_16-29-08/model_runs/all_signals/2026-06-12_18-09-29/multiclass_table6_valence_3class_emotion-elicitation_2026-06-12_18-10-59,,,,,,92.0,,,,,,,
HeteroGCNMLPWeights,0.5764705882352941,256,subject_kfold,cuda,58,60.77536260802299,skf_5_P21_P23_P24,510,0.3355260529411765,materialized_graph_loader_forward_softmax,0.0003355260529411765,1530,0.513354861,0.541954261954262,HeteroGCNMLPWeights,HeteroGCNMLPWeights,gnn,torch_model,table6-valence-3class,510,3,92664,0.020177743229755307,0.0003478921246509536,174696,3012,92664,150,1,results/quick_v1_v2_comparison/2026-06-12_16-29-08/model_runs/all_signals/2026-06-12_18-09-29/multiclass_table6_valence_3class_emotion-elicitation_2026-06-12_18-10-59/subject_kfold/skf_5_P21_P23_P24/gnn/HeteroGCNMLPWeights/model_benchmark.json,HeteroGCNMLPWeights,multiclass_table6_valence_3class,Table-6 Valence,all_signals,"Gaze, pupil, screen distance, and fixation-duration nodes with all graph relations.",results/quick_v1_v2_comparison/2026-06-12_16-29-08/model_runs/all_signals/2026-06-12_18-09-29,results/quick_v1_v2_comparison/2026-06-12_16-29-08/model_runs/all_signals/2026-06-12_18-09-29/multiclass_table6_valence_3class_emotion-elicitation_2026-06-12_18-10-59,,,,,,38.0,,,,,,,
HeteroGCNMLPWeights,0.7041666666666667,256,subject_kfold,cuda,132,138.53534500813112,skf_6_P18_P29_P7,480,0.37718607708333335,materialized_graph_loader_forward_softmax,0.00037718607708333337,1440,0.543147951,0.6639782295754373,HeteroGCNMLPWeights,HeteroGCNMLPWeights,gnn,torch_model,table6-valence-3class,480,3,92664,0.04554087607104902,0.0003450066369018865,401544,3042,92664,150,1,results/quick_v1_v2_comparison/2026-06-12_16-29-08/model_runs/all_signals/2026-06-12_18-09-29/multiclass_table6_valence_3class_emotion-elicitation_2026-06-12_18-10-59/subject_kfold/skf_6_P18_P29_P7/gnn/HeteroGCNMLPWeights/model_benchmark.json,HeteroGCNMLPWeights,multiclass_table6_valence_3class,Table-6 Valence,all_signals,"Gaze, pupil, screen distance, and fixation-duration nodes with all graph relations.",results/quick_v1_v2_comparison/2026-06-12_16-29-08/model_runs/all_signals/2026-06-12_18-09-29,results/quick_v1_v2_comparison/2026-06-12_16-29-08/model_runs/all_signals/2026-06-12_18-09-29/multiclass_table6_valence_3class_emotion-elicitation_2026-06-12_18-10-59,,,,,,112.0,,,,,,,
Random,0.5280898876404494,712,subject_kfold,cpu,,0.000126006081700325,skf_0_P1_P14_P2_P27,712,0.00018106507490636703,tabular_predict_proba,1.8106507490636704e-07,2136,0.000386755,0.5279558011049723,Random,Random,baseline,not_applicable_for_classical_model,table6-valence-3class,712,3,,4.4166169540948126e-08,,,2853,,150,1,results/quick_v1_v2_comparison/2026-06-12_16-29-08/model_runs/gaze_only/2026-06-12_16-29-11/multiclass_table6_valence_3class_emotion-elicitation_2026-06-12_16-30-20/subject_kfold/skf_0_P1_P14_P2_P27/baselines/Random/model_benchmark.json,Random,multiclass_table6_valence_3class,Table-6 Valence,gaze_only,Gaze x/y nodes with temporal and spatial graph relations.,results/quick_v1_v2_comparison/2026-06-12_16-29-08/model_runs/gaze_only/2026-06-12_16-29-11,results/quick_v1_v2_comparison/2026-06-12_16-29-08/model_runs/gaze_only/2026-06-12_16-29-11/multiclass_table6_valence_3class_emotion-elicitation_2026-06-12_16-30-20,,,,,,,,,,,,,
Random,0.47876447876447875,518,subject_kfold,cpu,,9.324494749307632e-05,skf_1_P17_P20_P8,518,0.00021372136422136422,tabular_predict_proba,2.137213642213642e-07,1554,0.000332123,0.4782667084471104,Random,Random,baseline,not_applicable_for_classical_model,table6-valence-3class,518,3,,3.1050598565792984e-08,,,3003,,194,1,results/quick_v1_v2_comparison/2026-06-12_16-29-08/model_runs/gaze_only/2026-06-12_16-29-11/multiclass_table6_valence_3class_emotion-elicitation_2026-06-12_16-30-20/subject_kfold/skf_1_P17_P20_P8/baselines/Random/model_benchmark.json,Random,multiclass_table6_valence_3class,Table-6 Valence,gaze_only,Gaze x/y nodes with temporal and spatial graph relations.,results/quick_v1_v2_comparison/2026-06-12_16-29-08/model_runs/gaze_only/2026-06-12_16-29-11,results/quick_v1_v2_comparison/2026-06-12_16-29-08/model_runs/gaze_only/2026-06-12_16-29-11/multiclass_table6_valence_3class_emotion-elicitation_2026-06-12_16-30-20,,,,,,,,,,,,,
Random,0.5020491803278688,488,subject_kfold,cpu,,6.387010216712952e-05,skf_2_P13_P28_P30,488,0.0002083688524590164,tabular_predict_proba,2.083688524590164e-07,1464,0.000305052,0.5019467019467019,Random,Random,baseline,not_applicable_for_classical_model,table6-valence-3class,488,3,,2.08045935397816e-08,,,3070,,157,1,results/quick_v1_v2_comparison/2026-06-12_16-29-08/model_runs/gaze_only/2026-06-12_16-29-11/multiclass_table6_valence_3class_emotion-elicitation_2026-06-12_16-30-20/subject_kfold/skf_2_P13_P28_P30/baselines/Random/model_benchmark.json,Random,multiclass_table6_valence_3class,Table-6 Valence,gaze_only,Gaze x/y nodes with temporal and spatial graph relations.,results/quick_v1_v2_comparison/2026-06-12_16-29-08/model_runs/gaze_only/2026-06-12_16-29-11,results/quick_v1_v2_comparison/2026-06-12_16-29-08/model_runs/gaze_only/2026-06-12_16-29-11/multiclass_table6_valence_3class_emotion-elicitation_2026-06-12_16-30-20,,,,,,,,,,,,,
Random,0.49471458773784355,473,subject_kfold,cpu,,9.813392534852028e-05,skf_3_P19_P22_P4,473,0.0002151458773784355,tabular_predict_proba,2.151458773784355e-07,1419,0.000305292,0.49470555369315006,Random,Random,baseline,not_applicable_for_classical_model,table6-valence-3class,473,3,,3.2080394033514314e-08,,,3059,,183,1,results/quick_v1_v2_comparison/2026-06-12_16-29-08/model_runs/gaze_only/2026-06-12_16-29-11/multiclass_table6_valence_3class_emotion-elicitation_2026-06-12_16-30-20/subject_kfold/skf_3_P19_P22_P4/baselines/Random/model_benchmark.json,Random,multiclass_table6_valence_3class,Table-6 Valence,gaze_only,Gaze x/y nodes with temporal and spatial graph relations.,results/quick_v1_v2_comparison/2026-06-12_16-29-08/model_runs/gaze_only/2026-06-12_16-29-11,results/quick_v1_v2_comparison/2026-06-12_16-29-08/model_runs/gaze_only/2026-06-12_16-29-11/multiclass_table6_valence_3class_emotion-elicitation_2026-06-12_16-30-20,,,,,,,,,,,,,
Random,0.49506903353057197,507,subject_kfold,cpu,,7.05718994140625e-05,skf_4_P10_P16_P5,507,0.00021075673898750824,tabular_predict_proba,2.1075673898750824e-07,1521,0.000320561,0.4949727626459144,Random,Random,baseline,not_applicable_for_classical_model,table6-valence-3class,507,3,,2.3085344917913804e-08,,,3057,,151,1,results/quick_v1_v2_comparison/2026-06-12_16-29-08/model_runs/gaze_only/2026-06-12_16-29-11/multiclass_table6_valence_3class_emotion-elicitation_2026-06-12_16-30-20/subject_kfold/skf_4_P10_P16_P5/baselines/Random/model_benchmark.json,Random,multiclass_table6_valence_3class,Table-6 Valence,gaze_only,Gaze x/y nodes with temporal and spatial graph relations.,results/quick_v1_v2_comparison/2026-06-12_16-29-08/model_runs/gaze_only/2026-06-12_16-29-11,results/quick_v1_v2_comparison/2026-06-12_16-29-08/model_runs/gaze_only/2026-06-12_16-29-11/multiclass_table6_valence_3class_emotion-elicitation_2026-06-12_16-30-20,,,,,,,,,,,,,
Random,0.49250936329588013,534,subject_kfold,cpu,,6.729690358042717e-05,skf_5_P21_P23_P24,534,0.00020342134831460672,tabular_predict_proba,2.0342134831460672e-07,1602,0.000325881,0.4922939288157595,Random,Random,baseline,not_applicable_for_classical_model,table6-valence-3class,534,3,,2.2202871521091115e-08,,,3031,,150,1,results/quick_v1_v2_comparison/2026-06-12_16-29-08/model_runs/gaze_only/2026-06-12_16-29-11/multiclass_table6_valence_3class_emotion-elicitation_2026-06-12_16-30-20/subject_kfold/skf_5_P21_P23_P24/baselines/Random/model_benchmark.json,Random,multiclass_table6_valence_3class,Table-6 Valence,gaze_only,Gaze x/y nodes with temporal and spatial graph relations.,results/quick_v1_v2_comparison/2026-06-12_16-29-08/model_runs/gaze_only/2026-06-12_16-29-11,results/quick_v1_v2_comparison/2026-06-12_16-29-08/model_runs/gaze_only/2026-06-12_16-29-11/multiclass_table6_valence_3class_emotion-elicitation_2026-06-12_16-30-20,,,,,,,,,,,,,
Random,0.5238095238095238,483,subject_kfold,cpu,,6.214668974280357e-05,skf_6_P18_P29_P7,483,0.00021702553485162184,tabular_predict_proba,2.1702553485162183e-07,1449,0.00031447,0.5138888888888888,Random,Random,baseline,not_applicable_for_classical_model,table6-valence-3class,483,3,,2.0170947660760653e-08,,,3081,,151,1,results/quick_v1_v2_comparison/2026-06-12_16-29-08/model_runs/gaze_only/2026-06-12_16-29-11/multiclass_table6_valence_3class_emotion-elicitation_2026-06-12_16-30-20/subject_kfold/skf_6_P18_P29_P7/baselines/Random/model_benchmark.json,Random,multiclass_table6_valence_3class,Table-6 Valence,gaze_only,Gaze x/y nodes with temporal and spatial graph relations.,results/quick_v1_v2_comparison/2026-06-12_16-29-08/model_runs/gaze_only/2026-06-12_16-29-11,results/quick_v1_v2_comparison/2026-06-12_16-29-08/model_runs/gaze_only/2026-06-12_16-29-11/multiclass_table6_valence_3class_emotion-elicitation_2026-06-12_16-30-20,,,,,,,,,,,,,
Majority,0.5210674157303371,712,subject_kfold,cpu,,5.50244003534317e-05,skf_0_P1_P14_P2_P27,712,9.38576779026217e-06,tabular_predict_proba,9.385767790262171e-09,2136,2.0048e-05,0.3425669436749769,Majority,Majority,baseline,not_applicable_for_classical_model,table6-valence-3class,712,3,,1.9286505556758396e-08,,,2853,,150,1,results/quick_v1_v2_comparison/2026-06-12_16-29-08/model_runs/gaze_only/2026-06-12_16-29-11/multiclass_table6_valence_3class_emotion-elicitation_2026-06-12_16-30-20/subject_kfold/skf_0_P1_P14_P2_P27/baselines/Majority/model_benchmark.json,Majority,multiclass_table6_valence_3class,Table-6 Valence,gaze_only,Gaze x/y nodes with temporal and spatial graph relations.,results/quick_v1_v2_comparison/2026-06-12_16-29-08/model_runs/gaze_only/2026-06-12_16-29-11,results/quick_v1_v2_comparison/2026-06-12_16-29-08/model_runs/gaze_only/2026-06-12_16-29-11/multiclass_table6_valence_3class_emotion-elicitation_2026-06-12_16-30-20,,,,,,,,,,,,,
Majority,0.5212355212355212,518,subject_kfold,cpu,,0.00012657791376113892,skf_1_P17_P20_P8,518,8.587516087516087e-06,tabular_predict_proba,8.587516087516088e-09,1554,1.3345e-05,0.3426395939086294,Majority,Majority,baseline,not_applicable_for_classical_model,table6-valence-3class,518,3,,4.215048743294669e-08,,,3003,,194,1,results/quick_v1_v2_comparison/2026-06-12_16-29-08/model_runs/gaze_only/2026-06-12_16-29-11/multiclass_table6_valence_3class_emotion-elicitation_2026-06-12_16-30-20/subject_kfold/skf_1_P17_P20_P8/baselines/Majority/model_benchmark.json,Majority,multiclass_table6_valence_3class,Table-6 Valence,gaze_only,Gaze x/y nodes with temporal and spatial graph relations.,results/quick_v1_v2_comparison/2026-06-12_16-29-08/model_runs/gaze_only/2026-06-12_16-29-11,results/quick_v1_v2_comparison/2026-06-12_16-29-08/model_runs/gaze_only/2026-06-12_16-29-11/multiclass_table6_valence_3class_emotion-elicitation_2026-06-12_16-30-20,,,,,,,,,,,,,
Majority,0.5,488,subject_kfold,cpu,,8.260505273938179e-05,skf_2_P13_P28_P30,488,8.58811475409836e-06,tabular_predict_proba,8.58811475409836e-09,1464,1.2573e-05,0.3333333333333333,Majority,Majority,baseline,not_applicable_for_classical_model,table6-valence-3class,488,3,,2.6907183302730223e-08,,,3070,,157,1,results/quick_v1_v2_comparison/2026-06-12_16-29-08/model_runs/gaze_only/2026-06-12_16-29-11/multiclass_table6_valence_3class_emotion-elicitation_2026-06-12_16-30-20/subject_kfold/skf_2_P13_P28_P30/baselines/Majority/model_benchmark.json,Majority,multiclass_table6_valence_3class,Table-6 Valence,gaze_only,Gaze x/y nodes with temporal and spatial graph relations.,results/quick_v1_v2_comparison/2026-06-12_16-29-08/model_runs/gaze_only/2026-06-12_16-29-11,results/quick_v1_v2_comparison/2026-06-12_16-29-08/model_runs/gaze_only/2026-06-12_16-29-11/multiclass_table6_valence_3class_emotion-elicitation_2026-06-12_16-30-20,,,,,,,,,,,,,
Majority,0.4904862579281184,473,subject_kfold,cpu,,0.0001281900331377983,skf_3_P19_P22_P4,473,9.072586328400281e-06,tabular_predict_proba,9.072586328400282e-09,1419,1.2874e-05,0.32907801418439714,Majority,Majority,baseline,not_applicable_for_classical_model,table6-valence-3class,473,3,,4.1905862418371464e-08,,,3059,,183,1,results/quick_v1_v2_comparison/2026-06-12_16-29-08/model_runs/gaze_only/2026-06-12_16-29-11/multiclass_table6_valence_3class_emotion-elicitation_2026-06-12_16-30-20/subject_kfold/skf_3_P19_P22_P4/baselines/Majority/model_benchmark.json,Majority,multiclass_table6_valence_3class,Table-6 Valence,gaze_only,Gaze x/y nodes with temporal and spatial graph relations.,results/quick_v1_v2_comparison/2026-06-12_16-29-08/model_runs/gaze_only/2026-06-12_16-29-11,results/quick_v1_v2_comparison/2026-06-12_16-29-08/model_runs/gaze_only/2026-06-12_16-29-11/multiclass_table6_valence_3class_emotion-elicitation_2026-06-12_16-30-20,,,,,,,,,,,,,
Majority,0.5029585798816568,507,subject_kfold,cpu,,0.00013853004202246666,skf_4_P10_P16_P5,507,8.14792899408284e-06,tabular_predict_proba,8.14792899408284e-09,1521,1.2393e-05,0.3346456692913386,Majority,Majority,baseline,not_applicable_for_classical_model,table6-valence-3class,507,3,,4.531568270280231e-08,,,3057,,151,1,results/quick_v1_v2_comparison/2026-06-12_16-29-08/model_runs/gaze_only/2026-06-12_16-29-11/multiclass_table6_valence_3class_emotion-elicitation_2026-06-12_16-30-20/subject_kfold/skf_4_P10_P16_P5/baselines/Majority/model_benchmark.json,Majority,multiclass_table6_valence_3class,Table-6 Valence,gaze_only,Gaze x/y nodes with temporal and spatial graph relations.,results/quick_v1_v2_comparison/2026-06-12_16-29-08/model_runs/gaze_only/2026-06-12_16-29-11,results/quick_v1_v2_comparison/2026-06-12_16-29-08/model_runs/gaze_only/2026-06-12_16-29-11/multiclass_table6_valence_3class_emotion-elicitation_2026-06-12_16-30-20,,,,,,,,,,,,,
Majority,0.5074906367041199,534,subject_kfold,cpu,,7.019191980361938e-05,skf_5_P21_P23_P24,534,8.136704119850187e-06,tabular_predict_proba,8.136704119850188e-09,1602,1.3035e-05,0.33664596273291925,Majority,Majority,baseline,not_applicable_for_classical_model,table6-valence-3class,534,3,,2.3158007193539882e-08,,,3031,,150,1,results/quick_v1_v2_comparison/2026-06-12_16-29-08/model_runs/gaze_only/2026-06-12_16-29-11/multiclass_table6_valence_3class_emotion-elicitation_2026-06-12_16-30-20/subject_kfold/skf_5_P21_P23_P24/baselines/Majority/model_benchmark.json,Majority,multiclass_table6_valence_3class,Table-6 Valence,gaze_only,Gaze x/y nodes with temporal and spatial graph relations.,results/quick_v1_v2_comparison/2026-06-12_16-29-08/model_runs/gaze_only/2026-06-12_16-29-11,results/quick_v1_v2_comparison/2026-06-12_16-29-08/model_runs/gaze_only/2026-06-12_16-29-11/multiclass_table6_valence_3class_emotion-elicitation_2026-06-12_16-30-20,,,,,,,,,,,,,
Majority,0.629399585921325,483,subject_kfold,cpu,,7.113302126526833e-05,skf_6_P18_P29_P7,483,8.690821256038647e-06,tabular_predict_proba,8.690821256038647e-09,1449,1.2593e-05,0.386277001270648,Majority,Majority,baseline,not_applicable_for_classical_model,table6-valence-3class,483,3,,2.3087640787169207e-08,,,3081,,151,1,results/quick_v1_v2_comparison/2026-06-12_16-29-08/model_runs/gaze_only/2026-06-12_16-29-11/multiclass_table6_valence_3class_emotion-elicitation_2026-06-12_16-30-20/subject_kfold/skf_6_P18_P29_P7/baselines/Majority/model_benchmark.json,Majority,multiclass_table6_valence_3class,Table-6 Valence,gaze_only,Gaze x/y nodes with temporal and spatial graph relations.,results/quick_v1_v2_comparison/2026-06-12_16-29-08/model_runs/gaze_only/2026-06-12_16-29-11,results/quick_v1_v2_comparison/2026-06-12_16-29-08/model_runs/gaze_only/2026-06-12_16-29-11/multiclass_table6_valence_3class_emotion-elicitation_2026-06-12_16-30-20,,,,,,,,,,,,,
SVM,0.6910112359550562,712,subject_kfold,cpu,,0.9631323223002255,skf_0_P1_P14_P2_P27,712,0.07035856835205992,tabular_predict_proba,7.035856835205992e-05,2136,0.150285902,0.6876370974817935,SVM,SVM,baseline,not_applicable_for_classical_model,table6-valence-3class,712,3,,0.0003375858122328165,,,2853,,150,1,results/quick_v1_v2_comparison/2026-06-12_16-29-08/model_runs/gaze_only/2026-06-12_16-29-11/multiclass_table6_valence_3class_emotion-elicitation_2026-06-12_16-30-20/subject_kfold/skf_0_P1_P14_P2_P27/baselines/SVM/model_benchmark.json,SVM,multiclass_table6_valence_3class,Table-6 Valence,gaze_only,Gaze x/y nodes with temporal and spatial graph relations.,results/quick_v1_v2_comparison/2026-06-12_16-29-08/model_runs/gaze_only/2026-06-12_16-29-11,results/quick_v1_v2_comparison/2026-06-12_16-29-08/model_runs/gaze_only/2026-06-12_16-29-11/multiclass_table6_valence_3class_emotion-elicitation_2026-06-12_16-30-20,"{""n_features"": 27, ""n_support_by_class"": [1159, 1130]}",support_vectors,2289.0,,,,,,,,,,
SVM,0.6756756756756757,518,subject_kfold,cpu,,1.0923702069558203,skf_1_P17_P20_P8,518,0.0722231093951094,tabular_predict_proba,7.22231093951094e-05,1554,0.112234712,0.6735294117647059,SVM,SVM,baseline,not_applicable_for_classical_model,table6-valence-3class,518,3,,0.0003637596426759308,,,3003,,194,1,results/quick_v1_v2_comparison/2026-06-12_16-29-08/model_runs/gaze_only/2026-06-12_16-29-11/multiclass_table6_valence_3class_emotion-elicitation_2026-06-12_16-30-20/subject_kfold/skf_1_P17_P20_P8/baselines/SVM/model_benchmark.json,SVM,multiclass_table6_valence_3class,Table-6 Valence,gaze_only,Gaze x/y nodes with temporal and spatial graph relations.,results/quick_v1_v2_comparison/2026-06-12_16-29-08/model_runs/gaze_only/2026-06-12_16-29-11,results/quick_v1_v2_comparison/2026-06-12_16-29-08/model_runs/gaze_only/2026-06-12_16-29-11/multiclass_table6_valence_3class_emotion-elicitation_2026-06-12_16-30-20,"{""n_features"": 27, ""n_support_by_class"": [1189, 1151]}",support_vectors,2340.0,,,,,,,,,,
SVM,0.6721311475409836,488,subject_kfold,cpu,,1.1556448666378856,skf_2_P13_P28_P30,488,0.07726748087431695,tabular_predict_proba,7.726748087431695e-05,1464,0.113119592,0.6719934129824738,SVM,SVM,baseline,not_applicable_for_classical_model,table6-valence-3class,488,3,,0.00037643155265077707,,,3070,,157,1,results/quick_v1_v2_comparison/2026-06-12_16-29-08/model_runs/gaze_only/2026-06-12_16-29-11/multiclass_table6_valence_3class_emotion-elicitation_2026-06-12_16-30-20/subject_kfold/skf_2_P13_P28_P30/baselines/SVM/model_benchmark.json,SVM,multiclass_table6_valence_3class,Table-6 Valence,gaze_only,Gaze x/y nodes with temporal and spatial graph relations.,results/quick_v1_v2_comparison/2026-06-12_16-29-08/model_runs/gaze_only/2026-06-12_16-29-11,results/quick_v1_v2_comparison/2026-06-12_16-29-08/model_runs/gaze_only/2026-06-12_16-29-11/multiclass_table6_valence_3class_emotion-elicitation_2026-06-12_16-30-20,"{""n_features"": 27, ""n_support_by_class"": [1239, 1189]}",support_vectors,2428.0,,,,,,,,,,
SVM,0.642706131078224,473,subject_kfold,cpu,,1.125808925833553,skf_3_P19_P22_P4,473,0.07429771388301622,tabular_predict_proba,7.429771388301622e-05,1419,0.105428456,0.6423928457990543,SVM,SVM,baseline,not_applicable_for_classical_model,table6-valence-3class,473,3,,0.00036803168546373097,,,3059,,183,1,results/quick_v1_v2_comparison/2026-06-12_16-29-08/model_runs/gaze_only/2026-06-12_16-29-11/multiclass_table6_valence_3class_emotion-elicitation_2026-06-12_16-30-20/subject_kfold/skf_3_P19_P22_P4/baselines/SVM/model_benchmark.json,SVM,multiclass_table6_valence_3class,Table-6 Valence,gaze_only,Gaze x/y nodes with temporal and spatial graph relations.,results/quick_v1_v2_comparison/2026-06-12_16-29-08/model_runs/gaze_only/2026-06-12_16-29-11,results/quick_v1_v2_comparison/2026-06-12_16-29-08/model_runs/gaze_only/2026-06-12_16-29-11/multiclass_table6_valence_3class_emotion-elicitation_2026-06-12_16-30-20,"{""n_features"": 27, ""n_support_by_class"": [1208, 1175]}",support_vectors,2383.0,,,,,,,,,,
SVM,0.6942800788954635,507,subject_kfold,cpu,,1.1575865489430726,skf_4_P10_P16_P5,507,0.07864512360289283,tabular_predict_proba,7.864512360289283e-05,1521,0.119619233,0.6933447798177668,SVM,SVM,baseline,not_applicable_for_classical_model,table6-valence-3class,507,3,,0.00037866750047205514,,,3057,,151,1,results/quick_v1_v2_comparison/2026-06-12_16-29-08/model_runs/gaze_only/2026-06-12_16-29-11/multiclass_table6_valence_3class_emotion-elicitation_2026-06-12_16-30-20/subject_kfold/skf_4_P10_P16_P5/baselines/SVM/model_benchmark.json,SVM,multiclass_table6_valence_3class,Table-6 Valence,gaze_only,Gaze x/y nodes with temporal and spatial graph relations.,results/quick_v1_v2_comparison/2026-06-12_16-29-08/model_runs/gaze_only/2026-06-12_16-29-11,results/quick_v1_v2_comparison/2026-06-12_16-29-08/model_runs/gaze_only/2026-06-12_16-29-11/multiclass_table6_valence_3class_emotion-elicitation_2026-06-12_16-30-20,"{""n_features"": 27, ""n_support_by_class"": [1230, 1197]}",support_vectors,2427.0,,,,,,,,,,
SVM,0.6647940074906367,534,subject_kfold,cpu,,1.164175207260996,skf_5_P21_P23_P24,534,0.07874035393258427,tabular_predict_proba,7.874035393258427e-05,1602,0.126142047,0.6611999390354126,SVM,SVM,baseline,not_applicable_for_classical_model,table6-valence-3class,534,3,,0.000384089477816231,,,3031,,150,1,results/quick_v1_v2_comparison/2026-06-12_16-29-08/model_runs/gaze_only/2026-06-12_16-29-11/multiclass_table6_valence_3class_emotion-elicitation_2026-06-12_16-30-20/subject_kfold/skf_5_P21_P23_P24/baselines/SVM/model_benchmark.json,SVM,multiclass_table6_valence_3class,Table-6 Valence,gaze_only,Gaze x/y nodes with temporal and spatial graph relations.,results/quick_v1_v2_comparison/2026-06-12_16-29-08/model_runs/gaze_only/2026-06-12_16-29-11,results/quick_v1_v2_comparison/2026-06-12_16-29-08/model_runs/gaze_only/2026-06-12_16-29-11/multiclass_table6_valence_3class_emotion-elicitation_2026-06-12_16-30-20,"{""n_features"": 27, ""n_support_by_class"": [1215, 1182]}",support_vectors,2397.0,,,,,,,,,,
SVM,0.6832298136645962,483,subject_kfold,cpu,,1.163589138071984,skf_6_P18_P29_P7,483,0.07603546583850931,tabular_predict_proba,7.603546583850931e-05,1449,0.11017539,0.6738287025798336,SVM,SVM,baseline,not_applicable_for_classical_model,table6-valence-3class,483,3,,0.00037766606234079325,,,3081,,151,1,results/quick_v1_v2_comparison/2026-06-12_16-29-08/model_runs/gaze_only/2026-06-12_16-29-11/multiclass_table6_valence_3class_emotion-elicitation_2026-06-12_16-30-20/subject_kfold/skf_6_P18_P29_P7/baselines/SVM/model_benchmark.json,SVM,multiclass_table6_valence_3class,Table-6 Valence,gaze_only,Gaze x/y nodes with temporal and spatial graph relations.,results/quick_v1_v2_comparison/2026-06-12_16-29-08/model_runs/gaze_only/2026-06-12_16-29-11,results/quick_v1_v2_comparison/2026-06-12_16-29-08/model_runs/gaze_only/2026-06-12_16-29-11/multiclass_table6_valence_3class_emotion-elicitation_2026-06-12_16-30-20,"{""n_features"": 27, ""n_support_by_class"": [1241, 1215]}",support_vectors,2456.0,,,,,,,,,,
LightGBM,0.6952247191011236,712,subject_kfold,cpu,,0.0759391337633133,skf_0_P1_P14_P2_P27,712,0.0011661432584269662,tabular_predict_proba,1.1661432584269662e-06,2136,0.002490882,0.6936529306444226,LightGBM,LightGBM,baseline,not_applicable_for_classical_model,table6-valence-3class,712,3,,2.6617291890400735e-05,,,2853,,150,1,results/quick_v1_v2_comparison/2026-06-12_16-29-08/model_runs/gaze_only/2026-06-12_16-29-11/multiclass_table6_valence_3class_emotion-elicitation_2026-06-12_16-30-20/subject_kfold/skf_0_P1_P14_P2_P27/baselines/LightGBM/model_benchmark.json,LightGBM,multiclass_table6_valence_3class,Table-6 Valence,gaze_only,Gaze x/y nodes with temporal and spatial graph relations.,results/quick_v1_v2_comparison/2026-06-12_16-29-08/model_runs/gaze_only/2026-06-12_16-29-11,results/quick_v1_v2_comparison/2026-06-12_16-29-08/model_runs/gaze_only/2026-06-12_16-29-11/multiclass_table6_valence_3class_emotion-elicitation_2026-06-12_16-30-20,"{""num_leaves_total"": 1932, ""num_trees"": 100}",trees,100.0,,,,,,,,,,
LightGBM,0.7200772200772201,518,subject_kfold,cpu,,0.20846843207255006,skf_1_P17_P20_P8,518,0.001521863577863578,tabular_predict_proba,1.521863577863578e-06,1554,0.002364976,0.7181349094661789,LightGBM,LightGBM,baseline,not_applicable_for_classical_model,table6-valence-3class,518,3,,6.942005730021647e-05,,,3003,,194,1,results/quick_v1_v2_comparison/2026-06-12_16-29-08/model_runs/gaze_only/2026-06-12_16-29-11/multiclass_table6_valence_3class_emotion-elicitation_2026-06-12_16-30-20/subject_kfold/skf_1_P17_P20_P8/baselines/LightGBM/model_benchmark.json,LightGBM,multiclass_table6_valence_3class,Table-6 Valence,gaze_only,Gaze x/y nodes with temporal and spatial graph relations.,results/quick_v1_v2_comparison/2026-06-12_16-29-08/model_runs/gaze_only/2026-06-12_16-29-11,results/quick_v1_v2_comparison/2026-06-12_16-29-08/model_runs/gaze_only/2026-06-12_16-29-11/multiclass_table6_valence_3class_emotion-elicitation_2026-06-12_16-30-20,"{""num_leaves_total"": 1926, ""num_trees"": 100}",trees,100.0,,,,,,,,,,
LightGBM,0.7151639344262295,488,subject_kfold,cpu,,0.15829446399584413,skf_2_P13_P28_P30,488,0.0017280908469945355,tabular_predict_proba,1.7280908469945355e-06,1464,0.002529925,0.715105315105315,LightGBM,LightGBM,baseline,not_applicable_for_classical_model,table6-valence-3class,488,3,,5.1561714656626754e-05,,,3070,,157,1,results/quick_v1_v2_comparison/2026-06-12_16-29-08/model_runs/gaze_only/2026-06-12_16-29-11/multiclass_table6_valence_3class_emotion-elicitation_2026-06-12_16-30-20/subject_kfold/skf_2_P13_P28_P30/baselines/LightGBM/model_benchmark.json,LightGBM,multiclass_table6_valence_3class,Table-6 Valence,gaze_only,Gaze x/y nodes with temporal and spatial graph relations.,results/quick_v1_v2_comparison/2026-06-12_16-29-08/model_runs/gaze_only/2026-06-12_16-29-11,results/quick_v1_v2_comparison/2026-06-12_16-29-08/model_runs/gaze_only/2026-06-12_16-29-11/multiclass_table6_valence_3class_emotion-elicitation_2026-06-12_16-30-20,"{""num_leaves_total"": 2008, ""num_trees"": 100}",trees,100.0,,,,,,,,,,
LightGBM,0.6765327695560254,473,subject_kfold,cpu,,0.2714086049236357,skf_3_P19_P22_P4,473,0.0016911564482029596,tabular_predict_proba,1.6911564482029597e-06,1419,0.002399751,0.6764402119240829,LightGBM,LightGBM,baseline,not_applicable_for_classical_model,table6-valence-3class,473,3,,8.872461749710222e-05,,,3059,,183,1,results/quick_v1_v2_comparison/2026-06-12_16-29-08/model_runs/gaze_only/2026-06-12_16-29-11/multiclass_table6_valence_3class_emotion-elicitation_2026-06-12_16-30-20/subject_kfold/skf_3_P19_P22_P4/baselines/LightGBM/model_benchmark.json,LightGBM,multiclass_table6_valence_3class,Table-6 Valence,gaze_only,Gaze x/y nodes with temporal and spatial graph relations.,results/quick_v1_v2_comparison/2026-06-12_16-29-08/model_runs/gaze_only/2026-06-12_16-29-11,results/quick_v1_v2_comparison/2026-06-12_16-29-08/model_runs/gaze_only/2026-06-12_16-29-11/multiclass_table6_valence_3class_emotion-elicitation_2026-06-12_16-30-20,"{""num_leaves_total"": 1940, ""num_trees"": 100}",trees,100.0,,,,,,,,,,
LightGBM,0.6785009861932939,507,subject_kfold,cpu,,0.20750743988901377,skf_4_P10_P16_P5,507,0.00156287902695595,tabular_predict_proba,1.56287902695595e-06,1521,0.002377139,0.6784209195089208,LightGBM,LightGBM,baseline,not_applicable_for_classical_model,table6-valence-3class,507,3,,6.787943732058023e-05,,,3057,,151,1,results/quick_v1_v2_comparison/2026-06-12_16-29-08/model_runs/gaze_only/2026-06-12_16-29-11/multiclass_table6_valence_3class_emotion-elicitation_2026-06-12_16-30-20/subject_kfold/skf_4_P10_P16_P5/baselines/LightGBM/model_benchmark.json,LightGBM,multiclass_table6_valence_3class,Table-6 Valence,gaze_only,Gaze x/y nodes with temporal and spatial graph relations.,results/quick_v1_v2_comparison/2026-06-12_16-29-08/model_runs/gaze_only/2026-06-12_16-29-11,results/quick_v1_v2_comparison/2026-06-12_16-29-08/model_runs/gaze_only/2026-06-12_16-29-11/multiclass_table6_valence_3class_emotion-elicitation_2026-06-12_16-30-20,"{""num_leaves_total"": 1928, ""num_trees"": 100}",trees,100.0,,,,,,,,,,
LightGBM,0.7209737827715356,534,subject_kfold,cpu,,0.9700073371641338,skf_5_P21_P23_P24,534,0.00181462734082397,tabular_predict_proba,1.81462734082397e-06,1602,0.002907033,0.7184052662313531,LightGBM,LightGBM,baseline,not_applicable_for_classical_model,table6-valence-3class,534,3,,0.00032002881463679767,,,3031,,150,1,results/quick_v1_v2_comparison/2026-06-12_16-29-08/model_runs/gaze_only/2026-06-12_16-29-11/multiclass_table6_valence_3class_emotion-elicitation_2026-06-12_16-30-20/subject_kfold/skf_5_P21_P23_P24/baselines/LightGBM/model_benchmark.json,LightGBM,multiclass_table6_valence_3class,Table-6 Valence,gaze_only,Gaze x/y nodes with temporal and spatial graph relations.,results/quick_v1_v2_comparison/2026-06-12_16-29-08/model_runs/gaze_only/2026-06-12_16-29-11,results/quick_v1_v2_comparison/2026-06-12_16-29-08/model_runs/gaze_only/2026-06-12_16-29-11/multiclass_table6_valence_3class_emotion-elicitation_2026-06-12_16-30-20,"{""num_leaves_total"": 2049, ""num_trees"": 100}",trees,100.0,,,,,,,,,,
LightGBM,0.6708074534161491,483,subject_kfold,cpu,,0.13319189008325338,skf_6_P18_P29_P7,483,0.002162102139406487,tabular_predict_proba,2.162102139406487e-06,1449,0.003132886,0.6605402394876079,LightGBM,LightGBM,baseline,not_applicable_for_classical_model,table6-valence-3class,483,3,,4.32300844152072e-05,,,3081,,151,1,results/quick_v1_v2_comparison/2026-06-12_16-29-08/model_runs/gaze_only/2026-06-12_16-29-11/multiclass_table6_valence_3class_emotion-elicitation_2026-06-12_16-30-20/subject_kfold/skf_6_P18_P29_P7/baselines/LightGBM/model_benchmark.json,LightGBM,multiclass_table6_valence_3class,Table-6 Valence,gaze_only,Gaze x/y nodes with temporal and spatial graph relations.,results/quick_v1_v2_comparison/2026-06-12_16-29-08/model_runs/gaze_only/2026-06-12_16-29-11,results/quick_v1_v2_comparison/2026-06-12_16-29-08/model_runs/gaze_only/2026-06-12_16-29-11/multiclass_table6_valence_3class_emotion-elicitation_2026-06-12_16-30-20,"{""num_leaves_total"": 1935, ""num_trees"": 100}",trees,100.0,,,,,,,,,,
MLP,0.699438202247191,128,subject_kfold,cuda,63,1.7525472519919276,skf_0_P1_P14_P2_P27,712,0.0006058038389513109,tabular_predict_proba,6.058038389513109e-07,2136,0.001293997,0.6989036526468053,MLP,MLP,baseline,torch_head,table6-valence-3class,712,3,6082,0.0006142822474559859,9.750511864380729e-06,179739,2853,6082,150,1,results/quick_v1_v2_comparison/2026-06-12_16-29-08/model_runs/gaze_only/2026-06-12_16-29-11/multiclass_table6_valence_3class_emotion-elicitation_2026-06-12_16-30-20/subject_kfold/skf_0_P1_P14_P2_P27/baselines/MLP/model_benchmark.json,MLP,multiclass_table6_valence_3class,Table-6 Valence,gaze_only,Gaze x/y nodes with temporal and spatial graph relations.,results/quick_v1_v2_comparison/2026-06-12_16-29-08/model_runs/gaze_only/2026-06-12_16-29-11,results/quick_v1_v2_comparison/2026-06-12_16-29-08/model_runs/gaze_only/2026-06-12_16-29-11/multiclass_table6_valence_3class_emotion-elicitation_2026-06-12_16-30-20,,,,,,,,,,,,,
MLP,0.6640926640926641,128,subject_kfold,cuda,49,1.488183991983533,skf_1_P17_P20_P8,518,0.0008954826254826254,tabular_predict_proba,8.954826254826254e-07,1554,0.00139158,0.6592105263157895,MLP,MLP,baseline,torch_head,table6-valence-3class,518,3,6082,0.0004955657648962814,1.011358703869962e-05,147147,3003,6082,194,1,results/quick_v1_v2_comparison/2026-06-12_16-29-08/model_runs/gaze_only/2026-06-12_16-29-11/multiclass_table6_valence_3class_emotion-elicitation_2026-06-12_16-30-20/subject_kfold/skf_1_P17_P20_P8/baselines/MLP/model_benchmark.json,MLP,multiclass_table6_valence_3class,Table-6 Valence,gaze_only,Gaze x/y nodes with temporal and spatial graph relations.,results/quick_v1_v2_comparison/2026-06-12_16-29-08/model_runs/gaze_only/2026-06-12_16-29-11,results/quick_v1_v2_comparison/2026-06-12_16-29-08/model_runs/gaze_only/2026-06-12_16-29-11/multiclass_table6_valence_3class_emotion-elicitation_2026-06-12_16-30-20,,,,,,,,,,,,,
MLP,0.6721311475409836,128,subject_kfold,cuda,63,1.9315970060415566,skf_2_P13_P28_P30,488,0.000954625,tabular_predict_proba,9.54625e-07,1464,0.001397571,0.6720430107526881,MLP,MLP,baseline,torch_head,table6-valence-3class,488,3,6082,0.0006291846925216796,9.987058611455232e-06,193410,3070,6082,157,1,results/quick_v1_v2_comparison/2026-06-12_16-29-08/model_runs/gaze_only/2026-06-12_16-29-11/multiclass_table6_valence_3class_emotion-elicitation_2026-06-12_16-30-20/subject_kfold/skf_2_P13_P28_P30/baselines/MLP/model_benchmark.json,MLP,multiclass_table6_valence_3class,Table-6 Valence,gaze_only,Gaze x/y nodes with temporal and spatial graph relations.,results/quick_v1_v2_comparison/2026-06-12_16-29-08/model_runs/gaze_only/2026-06-12_16-29-11,results/quick_v1_v2_comparison/2026-06-12_16-29-08/model_runs/gaze_only/2026-06-12_16-29-11/multiclass_table6_valence_3class_emotion-elicitation_2026-06-12_16-30-20,,,,,,,,,,,,,
MLP,0.6363636363636364,128,subject_kfold,cuda,29,0.8946623783558607,skf_3_P19_P22_P4,473,0.0010086990838618745,tabular_predict_proba,1.0086990838618746e-06,1419,0.001431344,0.632737450343084,MLP,MLP,baseline,torch_head,table6-valence-3class,473,3,6082,0.0002924689043333968,1.0085134632186095e-05,88711,3059,6082,183,1,results/quick_v1_v2_comparison/2026-06-12_16-29-08/model_runs/gaze_only/2026-06-12_16-29-11/multiclass_table6_valence_3class_emotion-elicitation_2026-06-12_16-30-20/subject_kfold/skf_3_P19_P22_P4/baselines/MLP/model_benchmark.json,MLP,multiclass_table6_valence_3class,Table-6 Valence,gaze_only,Gaze x/y nodes with temporal and spatial graph relations.,results/quick_v1_v2_comparison/2026-06-12_16-29-08/model_runs/gaze_only/2026-06-12_16-29-11,results/quick_v1_v2_comparison/2026-06-12_16-29-08/model_runs/gaze_only/2026-06-12_16-29-11/multiclass_table6_valence_3class_emotion-elicitation_2026-06-12_16-30-20,,,,,,,,,,,,,
MLP,0.6923076923076923,128,subject_kfold,cuda,68,2.0873470683582127,skf_4_P10_P16_P5,507,0.0009250420775805392,tabular_predict_proba,9.250420775805391e-07,1521,0.001406989,0.6917789001122334,MLP,MLP,baseline,torch_head,table6-valence-3class,507,3,6082,0.0006828089853968639,1.004130860877741e-05,207876,3057,6082,151,1,results/quick_v1_v2_comparison/2026-06-12_16-29-08/model_runs/gaze_only/2026-06-12_16-29-11/multiclass_table6_valence_3class_emotion-elicitation_2026-06-12_16-30-20/subject_kfold/skf_4_P10_P16_P5/baselines/MLP/model_benchmark.json,MLP,multiclass_table6_valence_3class,Table-6 Valence,gaze_only,Gaze x/y nodes with temporal and spatial graph relations.,results/quick_v1_v2_comparison/2026-06-12_16-29-08/model_runs/gaze_only/2026-06-12_16-29-11,results/quick_v1_v2_comparison/2026-06-12_16-29-08/model_runs/gaze_only/2026-06-12_16-29-11/multiclass_table6_valence_3class_emotion-elicitation_2026-06-12_16-30-20,,,,,,,,,,,,,
MLP,0.6647940074906367,128,subject_kfold,cuda,62,1.9236043551936746,skf_5_P21_P23_P24,534,0.0008887578027465669,tabular_predict_proba,8.887578027465669e-07,1602,0.00142379,0.6629964567137342,MLP,MLP,baseline,torch_head,table6-valence-3class,534,3,6082,0.0006346434692159929,1.0236184987354724e-05,187922,3031,6082,150,1,results/quick_v1_v2_comparison/2026-06-12_16-29-08/model_runs/gaze_only/2026-06-12_16-29-11/multiclass_table6_valence_3class_emotion-elicitation_2026-06-12_16-30-20/subject_kfold/skf_5_P21_P23_P24/baselines/MLP/model_benchmark.json,MLP,multiclass_table6_valence_3class,Table-6 Valence,gaze_only,Gaze x/y nodes with temporal and spatial graph relations.,results/quick_v1_v2_comparison/2026-06-12_16-29-08/model_runs/gaze_only/2026-06-12_16-29-11,results/quick_v1_v2_comparison/2026-06-12_16-29-08/model_runs/gaze_only/2026-06-12_16-29-11/multiclass_table6_valence_3class_emotion-elicitation_2026-06-12_16-30-20,,,,,,,,,,,,,
MLP,0.6625258799171843,128,subject_kfold,cuda,47,1.440790087915957,skf_6_P18_P29_P7,483,0.0009607460317460319,tabular_predict_proba,9.607460317460319e-07,1449,0.001392121,0.6492405982544229,MLP,MLP,baseline,torch_head,table6-valence-3class,483,3,6082,0.00046763715933656507,9.949726794395001e-06,144807,3081,6082,151,1,results/quick_v1_v2_comparison/2026-06-12_16-29-08/model_runs/gaze_only/2026-06-12_16-29-11/multiclass_table6_valence_3class_emotion-elicitation_2026-06-12_16-30-20/subject_kfold/skf_6_P18_P29_P7/baselines/MLP/model_benchmark.json,MLP,multiclass_table6_valence_3class,Table-6 Valence,gaze_only,Gaze x/y nodes with temporal and spatial graph relations.,results/quick_v1_v2_comparison/2026-06-12_16-29-08/model_runs/gaze_only/2026-06-12_16-29-11,results/quick_v1_v2_comparison/2026-06-12_16-29-08/model_runs/gaze_only/2026-06-12_16-29-11/multiclass_table6_valence_3class_emotion-elicitation_2026-06-12_16-30-20,,,,,,,,,,,,,
GazeMAE_MLP,0.6811797752808989,128,subject_kfold,cuda,26,0.7747900690883398,skf_0_P1_P14_P2_P27,712,0.0006159728464419476,cached_gazemae_embedding_mlp_head_predict_proba,6.159728464419476e-07,2136,0.001315718,0.6809979177152106,GazeMAE_MLP,GazeMAE_MLP,baseline,frozen_gazemae_encoders_plus_trainable_mlp_head,table6-valence-3class,712,3,2118934,0.0002715703011175394,1.0445011581443821e-05,74178,2853,82434,150,1,results/quick_v1_v2_comparison/2026-06-12_16-29-08/model_runs/gaze_only/2026-06-12_16-29-11/multiclass_table6_valence_3class_emotion-elicitation_2026-06-12_16-30-20/subject_kfold/skf_0_P1_P14_P2_P27/baselines/GazeMAE_MLP/model_benchmark.json,GazeMAE_MLP,multiclass_table6_valence_3class,Table-6 Valence,gaze_only,Gaze x/y nodes with temporal and spatial graph relations.,results/quick_v1_v2_comparison/2026-06-12_16-29-08/model_runs/gaze_only/2026-06-12_16-29-11,results/quick_v1_v2_comparison/2026-06-12_16-29-08/model_runs/gaze_only/2026-06-12_16-29-11/multiclass_table6_valence_3class_emotion-elicitation_2026-06-12_16-30-20,,,,2036500.0,82434.0,,5.0,2.5939814374999997,synthetic_gazemae_encoder_pooling_head_forward,0.0025939814374999997,48.0,0.124511109,16.0
GazeMAE_MLP,0.693050193050193,128,subject_kfold,cuda,21,0.6982229268178344,skf_1_P17_P20_P8,518,0.0008078732303732303,cached_gazemae_embedding_mlp_head_predict_proba,8.078732303732304e-07,1554,0.001255435,0.6868305481092796,GazeMAE_MLP,GazeMAE_MLP,baseline,frozen_gazemae_encoders_plus_trainable_mlp_head,table6-valence-3class,518,3,2118934,0.000232508467138806,1.1071831768514571e-05,63063,3003,82434,194,1,results/quick_v1_v2_comparison/2026-06-12_16-29-08/model_runs/gaze_only/2026-06-12_16-29-11/multiclass_table6_valence_3class_emotion-elicitation_2026-06-12_16-30-20/subject_kfold/skf_1_P17_P20_P8/baselines/GazeMAE_MLP/model_benchmark.json,GazeMAE_MLP,multiclass_table6_valence_3class,Table-6 Valence,gaze_only,Gaze x/y nodes with temporal and spatial graph relations.,results/quick_v1_v2_comparison/2026-06-12_16-29-08/model_runs/gaze_only/2026-06-12_16-29-11,results/quick_v1_v2_comparison/2026-06-12_16-29-08/model_runs/gaze_only/2026-06-12_16-29-11/multiclass_table6_valence_3class_emotion-elicitation_2026-06-12_16-30-20,,,,2036500.0,82434.0,,5.0,2.5991039583333335,synthetic_gazemae_encoder_pooling_head_forward,0.0025991039583333334,48.0,0.12475699,16.0
GazeMAE_MLP,0.6782786885245902,128,subject_kfold,cuda,19,0.6524247261695564,skf_2_P13_P28_P30,488,0.0008471352459016393,cached_gazemae_embedding_mlp_head_predict_proba,8.471352459016393e-07,1464,0.001240206,0.6720977509576085,GazeMAE_MLP,GazeMAE_MLP,baseline,frozen_gazemae_encoders_plus_trainable_mlp_head,table6-valence-3class,488,3,2118934,0.0002125161974493669,1.1185063023650889e-05,58330,3070,82434,157,1,results/quick_v1_v2_comparison/2026-06-12_16-29-08/model_runs/gaze_only/2026-06-12_16-29-11/multiclass_table6_valence_3class_emotion-elicitation_2026-06-12_16-30-20/subject_kfold/skf_2_P13_P28_P30/baselines/GazeMAE_MLP/model_benchmark.json,GazeMAE_MLP,multiclass_table6_valence_3class,Table-6 Valence,gaze_only,Gaze x/y nodes with temporal and spatial graph relations.,results/quick_v1_v2_comparison/2026-06-12_16-29-08/model_runs/gaze_only/2026-06-12_16-29-11,results/quick_v1_v2_comparison/2026-06-12_16-29-08/model_runs/gaze_only/2026-06-12_16-29-11/multiclass_table6_valence_3class_emotion-elicitation_2026-06-12_16-30-20,,,,2036500.0,82434.0,,5.0,2.6320895625,synthetic_gazemae_encoder_pooling_head_forward,0.0026320895625,48.0,0.126340299,16.0
GazeMAE_MLP,0.6109936575052854,128,subject_kfold,cuda,16,0.535716743208468,skf_3_P19_P22_P4,473,0.0008599633544749824,cached_gazemae_embedding_mlp_head_predict_proba,8.599633544749824e-07,1419,0.001220288,0.5967155990510083,GazeMAE_MLP,GazeMAE_MLP,baseline,frozen_gazemae_encoders_plus_trainable_mlp_head,table6-valence-3class,473,3,2118934,0.00017512806250685452,1.0945503906678407e-05,48944,3059,82434,183,1,results/quick_v1_v2_comparison/2026-06-12_16-29-08/model_runs/gaze_only/2026-06-12_16-29-11/multiclass_table6_valence_3class_emotion-elicitation_2026-06-12_16-30-20/subject_kfold/skf_3_P19_P22_P4/baselines/GazeMAE_MLP/model_benchmark.json,GazeMAE_MLP,multiclass_table6_valence_3class,Table-6 Valence,gaze_only,Gaze x/y nodes with temporal and spatial graph relations.,results/quick_v1_v2_comparison/2026-06-12_16-29-08/model_runs/gaze_only/2026-06-12_16-29-11,results/quick_v1_v2_comparison/2026-06-12_16-29-08/model_runs/gaze_only/2026-06-12_16-29-11/multiclass_table6_valence_3class_emotion-elicitation_2026-06-12_16-30-20,,,,2036500.0,82434.0,,5.0,2.626428333333333,synthetic_gazemae_encoder_pooling_head_forward,0.0026264283333333333,48.0,0.12606856,16.0
GazeMAE_MLP,0.6568047337278107,128,subject_kfold,cuda,21,0.7000713441520929,skf_4_P10_P16_P5,507,0.0008122399737015122,cached_gazemae_embedding_mlp_head_predict_proba,8.122399737015121e-07,1521,0.001235417,0.6560969904880711,GazeMAE_MLP,GazeMAE_MLP,baseline,frozen_gazemae_encoders_plus_trainable_mlp_head,table6-valence-3class,507,3,2118934,0.00022900600070398854,1.0905047652570883e-05,64197,3057,82434,151,1,results/quick_v1_v2_comparison/2026-06-12_16-29-08/model_runs/gaze_only/2026-06-12_16-29-11/multiclass_table6_valence_3class_emotion-elicitation_2026-06-12_16-30-20/subject_kfold/skf_4_P10_P16_P5/baselines/GazeMAE_MLP/model_benchmark.json,GazeMAE_MLP,multiclass_table6_valence_3class,Table-6 Valence,gaze_only,Gaze x/y nodes with temporal and spatial graph relations.,results/quick_v1_v2_comparison/2026-06-12_16-29-08/model_runs/gaze_only/2026-06-12_16-29-11,results/quick_v1_v2_comparison/2026-06-12_16-29-08/model_runs/gaze_only/2026-06-12_16-29-11/multiclass_table6_valence_3class_emotion-elicitation_2026-06-12_16-30-20,,,,2036500.0,82434.0,,5.0,2.8465666458333336,synthetic_gazemae_encoder_pooling_head_forward,0.0028465666458333335,48.0,0.136635199,16.0
GazeMAE_MLP,0.6629213483146067,128,subject_kfold,cuda,31,1.1893112431280315,skf_5_P21_P23_P24,534,0.0009733926342072411,cached_gazemae_embedding_mlp_head_predict_proba,9.73392634207241e-07,1602,0.001559375,0.6576923076923077,GazeMAE_MLP,GazeMAE_MLP,baseline,frozen_gazemae_encoders_plus_trainable_mlp_head,table6-valence-3class,534,3,2118934,0.00039238246226592924,1.265749878277191e-05,93961,3031,82434,150,1,results/quick_v1_v2_comparison/2026-06-12_16-29-08/model_runs/gaze_only/2026-06-12_16-29-11/multiclass_table6_valence_3class_emotion-elicitation_2026-06-12_16-30-20/subject_kfold/skf_5_P21_P23_P24/baselines/GazeMAE_MLP/model_benchmark.json,GazeMAE_MLP,multiclass_table6_valence_3class,Table-6 Valence,gaze_only,Gaze x/y nodes with temporal and spatial graph relations.,results/quick_v1_v2_comparison/2026-06-12_16-29-08/model_runs/gaze_only/2026-06-12_16-29-11,results/quick_v1_v2_comparison/2026-06-12_16-29-08/model_runs/gaze_only/2026-06-12_16-29-11/multiclass_table6_valence_3class_emotion-elicitation_2026-06-12_16-30-20,,,,2036500.0,82434.0,,5.0,2.7107746458333333,synthetic_gazemae_encoder_pooling_head_forward,0.0027107746458333334,48.0,0.130117183,16.0
GazeMAE_MLP,0.6169772256728778,128,subject_kfold,cuda,24,0.7955359620973468,skf_6_P18_P29_P7,483,0.0008301214630779849,cached_gazemae_embedding_mlp_head_predict_proba,8.301214630779849e-07,1449,0.001202846,0.6105602649872519,GazeMAE_MLP,GazeMAE_MLP,baseline,frozen_gazemae_encoders_plus_trainable_mlp_head,table6-valence-3class,483,3,2118934,0.00025820706332273507,1.0758627638447296e-05,73944,3081,82434,151,1,results/quick_v1_v2_comparison/2026-06-12_16-29-08/model_runs/gaze_only/2026-06-12_16-29-11/multiclass_table6_valence_3class_emotion-elicitation_2026-06-12_16-30-20/subject_kfold/skf_6_P18_P29_P7/baselines/GazeMAE_MLP/model_benchmark.json,GazeMAE_MLP,multiclass_table6_valence_3class,Table-6 Valence,gaze_only,Gaze x/y nodes with temporal and spatial graph relations.,results/quick_v1_v2_comparison/2026-06-12_16-29-08/model_runs/gaze_only/2026-06-12_16-29-11,results/quick_v1_v2_comparison/2026-06-12_16-29-08/model_runs/gaze_only/2026-06-12_16-29-11/multiclass_table6_valence_3class_emotion-elicitation_2026-06-12_16-30-20,,,,2036500.0,82434.0,,5.0,2.5055925208333334,synthetic_gazemae_encoder_pooling_head_forward,0.0025055925208333336,48.0,0.120268441,16.0
BasicGCN,0.6558988764044944,256,subject_kfold,cuda,210,98.46804877836257,skf_0_P1_P14_P2_P27,712,0.15731583614232209,materialized_graph_loader_forward_softmax,0.0001573158361423221,2136,0.336026626,0.6557460841215743,BasicGCN,BasicGCN,gnn,torch_model,table6-valence-3class,712,3,25923,0.03451386217257714,0.0001643517246313197,599130,2853,25923,150,1,results/quick_v1_v2_comparison/2026-06-12_16-29-08/model_runs/gaze_only/2026-06-12_16-29-11/multiclass_table6_valence_3class_emotion-elicitation_2026-06-12_16-30-20/subject_kfold/skf_0_P1_P14_P2_P27/gnn/BasicGCN/model_benchmark.json,BasicGCN,multiclass_table6_valence_3class,Table-6 Valence,gaze_only,Gaze x/y nodes with temporal and spatial graph relations.,results/quick_v1_v2_comparison/2026-06-12_16-29-08/model_runs/gaze_only/2026-06-12_16-29-11,results/quick_v1_v2_comparison/2026-06-12_16-29-08/model_runs/gaze_only/2026-06-12_16-29-11/multiclass_table6_valence_3class_emotion-elicitation_2026-06-12_16-30-20,,,,,,190.0,,,,,,,
BasicGCN,0.6138996138996139,256,subject_kfold,cuda,83,40.611705548129976,skf_1_P17_P20_P8,518,0.17066831724581724,materialized_graph_loader_forward_softmax,0.00017066831724581725,1554,0.265218565,0.6115835095454477,BasicGCN,BasicGCN,gnn,torch_model,table6-valence-3class,518,3,25923,0.013523711471238754,0.00016293628278600907,249249,3003,25923,194,1,results/quick_v1_v2_comparison/2026-06-12_16-29-08/model_runs/gaze_only/2026-06-12_16-29-11/multiclass_table6_valence_3class_emotion-elicitation_2026-06-12_16-30-20/subject_kfold/skf_1_P17_P20_P8/gnn/BasicGCN/model_benchmark.json,BasicGCN,multiclass_table6_valence_3class,Table-6 Valence,gaze_only,Gaze x/y nodes with temporal and spatial graph relations.,results/quick_v1_v2_comparison/2026-06-12_16-29-08/model_runs/gaze_only/2026-06-12_16-29-11,results/quick_v1_v2_comparison/2026-06-12_16-29-08/model_runs/gaze_only/2026-06-12_16-29-11/multiclass_table6_valence_3class_emotion-elicitation_2026-06-12_16-30-20,,,,,,63.0,,,,,,,
BasicGCN,0.7110655737704918,256,subject_kfold,cuda,350,168.34860973618925,skf_2_P13_P28_P30,488,0.18461069740437158,materialized_graph_loader_forward_softmax,0.0001846106974043716,1464,0.270270061,0.7110643604892859,BasicGCN,BasicGCN,gnn,torch_model,table6-valence-3class,488,3,25923,0.05483668069582712,0.00015667623055950605,1074500,3070,25923,157,1,results/quick_v1_v2_comparison/2026-06-12_16-29-08/model_runs/gaze_only/2026-06-12_16-29-11/multiclass_table6_valence_3class_emotion-elicitation_2026-06-12_16-30-20/subject_kfold/skf_2_P13_P28_P30/gnn/BasicGCN/model_benchmark.json,BasicGCN,multiclass_table6_valence_3class,Table-6 Valence,gaze_only,Gaze x/y nodes with temporal and spatial graph relations.,results/quick_v1_v2_comparison/2026-06-12_16-29-08/model_runs/gaze_only/2026-06-12_16-29-11,results/quick_v1_v2_comparison/2026-06-12_16-29-08/model_runs/gaze_only/2026-06-12_16-29-11/multiclass_table6_valence_3class_emotion-elicitation_2026-06-12_16-30-20,,,,,,349.0,,,,,,,
BasicGCN,0.5644820295983086,256,subject_kfold,cuda,38,19.160388085991144,skf_3_P19_P22_P4,473,0.17648252642706128,materialized_graph_loader_forward_softmax,0.00017648252642706128,1419,0.250428705,0.5526262626262626,BasicGCN,BasicGCN,gnn,torch_model,table6-valence-3class,473,3,25923,0.0062636116659009955,0.00016483188594476302,116242,3059,25923,183,1,results/quick_v1_v2_comparison/2026-06-12_16-29-08/model_runs/gaze_only/2026-06-12_16-29-11/multiclass_table6_valence_3class_emotion-elicitation_2026-06-12_16-30-20/subject_kfold/skf_3_P19_P22_P4/gnn/BasicGCN/model_benchmark.json,BasicGCN,multiclass_table6_valence_3class,Table-6 Valence,gaze_only,Gaze x/y nodes with temporal and spatial graph relations.,results/quick_v1_v2_comparison/2026-06-12_16-29-08/model_runs/gaze_only/2026-06-12_16-29-11,results/quick_v1_v2_comparison/2026-06-12_16-29-08/model_runs/gaze_only/2026-06-12_16-29-11/multiclass_table6_valence_3class_emotion-elicitation_2026-06-12_16-30-20,,,,,,18.0,,,,,,,
BasicGCN,0.6410256410256411,256,subject_kfold,cuda,175,84.52268757903948,skf_4_P10_P16_P5,507,0.17629042735042735,materialized_graph_loader_forward_softmax,0.00017629042735042735,1521,0.26813774,0.6401506879231273,BasicGCN,BasicGCN,gnn,torch_model,table6-valence-3class,507,3,25923,0.027648900091278864,0.0001579937148073078,534975,3057,25923,151,1,results/quick_v1_v2_comparison/2026-06-12_16-29-08/model_runs/gaze_only/2026-06-12_16-29-11/multiclass_table6_valence_3class_emotion-elicitation_2026-06-12_16-30-20/subject_kfold/skf_4_P10_P16_P5/gnn/BasicGCN/model_benchmark.json,BasicGCN,multiclass_table6_valence_3class,Table-6 Valence,gaze_only,Gaze x/y nodes with temporal and spatial graph relations.,results/quick_v1_v2_comparison/2026-06-12_16-29-08/model_runs/gaze_only/2026-06-12_16-29-11,results/quick_v1_v2_comparison/2026-06-12_16-29-08/model_runs/gaze_only/2026-06-12_16-29-11/multiclass_table6_valence_3class_emotion-elicitation_2026-06-12_16-30-20,,,,,,155.0,,,,,,,
BasicGCN,0.6872659176029963,256,subject_kfold,cuda,275,131.1102481870912,skf_5_P21_P23_P24,534,0.17624864481897629,materialized_graph_loader_forward_softmax,0.0001762486448189763,1602,0.282350329,0.6872121694662003,BasicGCN,BasicGCN,gnn,torch_model,table6-valence-3class,534,3,25923,0.043256432922168,0.00015729611971697453,833525,3031,25923,150,1,results/quick_v1_v2_comparison/2026-06-12_16-29-08/model_runs/gaze_only/2026-06-12_16-29-11/multiclass_table6_valence_3class_emotion-elicitation_2026-06-12_16-30-20/subject_kfold/skf_5_P21_P23_P24/gnn/BasicGCN/model_benchmark.json,BasicGCN,multiclass_table6_valence_3class,Table-6 Valence,gaze_only,Gaze x/y nodes with temporal and spatial graph relations.,results/quick_v1_v2_comparison/2026-06-12_16-29-08/model_runs/gaze_only/2026-06-12_16-29-11,results/quick_v1_v2_comparison/2026-06-12_16-29-08/model_runs/gaze_only/2026-06-12_16-29-11/multiclass_table6_valence_3class_emotion-elicitation_2026-06-12_16-30-20,,,,,,255.0,,,,,,,
BasicGCN,0.6314699792960663,256,subject_kfold,cuda,101,48.01431555999443,skf_6_P18_P29_P7,483,0.17770139958592135,materialized_graph_loader_forward_softmax,0.00017770139958592134,1449,0.257489328,0.6266285654726749,BasicGCN,BasicGCN,gnn,torch_model,table6-valence-3class,483,3,25923,0.015584003752026754,0.00015429706685175004,311181,3081,25923,151,1,results/quick_v1_v2_comparison/2026-06-12_16-29-08/model_runs/gaze_only/2026-06-12_16-29-11/multiclass_table6_valence_3class_emotion-elicitation_2026-06-12_16-30-20/subject_kfold/skf_6_P18_P29_P7/gnn/BasicGCN/model_benchmark.json,BasicGCN,multiclass_table6_valence_3class,Table-6 Valence,gaze_only,Gaze x/y nodes with temporal and spatial graph relations.,results/quick_v1_v2_comparison/2026-06-12_16-29-08/model_runs/gaze_only/2026-06-12_16-29-11,results/quick_v1_v2_comparison/2026-06-12_16-29-08/model_runs/gaze_only/2026-06-12_16-29-11/multiclass_table6_valence_3class_emotion-elicitation_2026-06-12_16-30-20,,,,,,81.0,,,,,,,
HeteroGCNMean,0.6544943820224719,256,subject_kfold,cuda,128,82.3020277749747,skf_0_P1_P14_P2_P27,712,0.1678555959737828,materialized_graph_loader_forward_softmax,0.0001678555959737828,2136,0.358539553,0.6544698446266384,HeteroGCNMean,HeteroGCNMean,gnn,torch_model,table6-valence-3class,712,3,42563,0.028847538652286963,0.0002253713957209919,365184,2853,42563,150,1,results/quick_v1_v2_comparison/2026-06-12_16-29-08/model_runs/gaze_only/2026-06-12_16-29-11/multiclass_table6_valence_3class_emotion-elicitation_2026-06-12_16-30-20/subject_kfold/skf_0_P1_P14_P2_P27/gnn/HeteroGCNMean/model_benchmark.json,HeteroGCNMean,multiclass_table6_valence_3class,Table-6 Valence,gaze_only,Gaze x/y nodes with temporal and spatial graph relations.,results/quick_v1_v2_comparison/2026-06-12_16-29-08/model_runs/gaze_only/2026-06-12_16-29-11,results/quick_v1_v2_comparison/2026-06-12_16-29-08/model_runs/gaze_only/2026-06-12_16-29-11/multiclass_table6_valence_3class_emotion-elicitation_2026-06-12_16-30-20,,,,,,108.0,,,,,,,
HeteroGCNMean,0.4980694980694981,256,subject_kfold,cuda,21,13.75656301015988,skf_1_P17_P20_P8,518,0.205482935006435,materialized_graph_loader_forward_softmax,0.000205482935006435,1554,0.319320481,0.35494377071479205,HeteroGCNMean,HeteroGCNMean,gnn,torch_model,table6-valence-3class,518,3,42563,0.0045809400633233036,0.0002181400030153954,63063,3003,42563,194,1,results/quick_v1_v2_comparison/2026-06-12_16-29-08/model_runs/gaze_only/2026-06-12_16-29-11/multiclass_table6_valence_3class_emotion-elicitation_2026-06-12_16-30-20/subject_kfold/skf_1_P17_P20_P8/gnn/HeteroGCNMean/model_benchmark.json,HeteroGCNMean,multiclass_table6_valence_3class,Table-6 Valence,gaze_only,Gaze x/y nodes with temporal and spatial graph relations.,results/quick_v1_v2_comparison/2026-06-12_16-29-08/model_runs/gaze_only/2026-06-12_16-29-11,results/quick_v1_v2_comparison/2026-06-12_16-29-08/model_runs/gaze_only/2026-06-12_16-29-11/multiclass_table6_valence_3class_emotion-elicitation_2026-06-12_16-30-20,,,,,,1.0,,,,,,,
HeteroGCNMean,0.6209016393442623,256,subject_kfold,cuda,129,85.50292366277426,skf_2_P13_P28_P30,488,0.20122423497267758,materialized_graph_loader_forward_softmax,0.00020122423497267758,1464,0.29459228,0.6191601105228745,HeteroGCNMean,HeteroGCNMean,gnn,torch_model,table6-valence-3class,488,3,42563,0.027851115199600738,0.00021590011782636232,396030,3070,42563,157,1,results/quick_v1_v2_comparison/2026-06-12_16-29-08/model_runs/gaze_only/2026-06-12_16-29-11/multiclass_table6_valence_3class_emotion-elicitation_2026-06-12_16-30-20/subject_kfold/skf_2_P13_P28_P30/gnn/HeteroGCNMean/model_benchmark.json,HeteroGCNMean,multiclass_table6_valence_3class,Table-6 Valence,gaze_only,Gaze x/y nodes with temporal and spatial graph relations.,results/quick_v1_v2_comparison/2026-06-12_16-29-08/model_runs/gaze_only/2026-06-12_16-29-11,results/quick_v1_v2_comparison/2026-06-12_16-29-08/model_runs/gaze_only/2026-06-12_16-29-11/multiclass_table6_valence_3class_emotion-elicitation_2026-06-12_16-30-20,,,,,,109.0,,,,,,,
HeteroGCNMean,0.572938689217759,256,subject_kfold,cuda,27,18.009404642973095,skf_3_P19_P22_P4,473,0.19748534531360112,materialized_graph_loader_forward_softmax,0.00019748534531360113,1419,0.280231705,0.5625183150183151,HeteroGCNMean,HeteroGCNMean,gnn,torch_model,table6-valence-3class,473,3,42563,0.0058873503246070925,0.0002180500120224849,82593,3059,42563,183,1,results/quick_v1_v2_comparison/2026-06-12_16-29-08/model_runs/gaze_only/2026-06-12_16-29-11/multiclass_table6_valence_3class_emotion-elicitation_2026-06-12_16-30-20/subject_kfold/skf_3_P19_P22_P4/gnn/HeteroGCNMean/model_benchmark.json,HeteroGCNMean,multiclass_table6_valence_3class,Table-6 Valence,gaze_only,Gaze x/y nodes with temporal and spatial graph relations.,results/quick_v1_v2_comparison/2026-06-12_16-29-08/model_runs/gaze_only/2026-06-12_16-29-11,results/quick_v1_v2_comparison/2026-06-12_16-29-08/model_runs/gaze_only/2026-06-12_16-29-11/multiclass_table6_valence_3class_emotion-elicitation_2026-06-12_16-30-20,,,,,,7.0,,,,,,,
HeteroGCNMean,0.6429980276134122,256,subject_kfold,cuda,70,46.038523621391505,skf_4_P10_P16_P5,507,0.2028115792241946,materialized_graph_loader_forward_softmax,0.0002028115792241946,1521,0.308476412,0.6429924721352293,HeteroGCNMean,HeteroGCNMean,gnn,torch_model,table6-valence-3class,507,3,42563,0.015060033896431634,0.00021514334137759478,213990,3057,42563,151,1,results/quick_v1_v2_comparison/2026-06-12_16-29-08/model_runs/gaze_only/2026-06-12_16-29-11/multiclass_table6_valence_3class_emotion-elicitation_2026-06-12_16-30-20/subject_kfold/skf_4_P10_P16_P5/gnn/HeteroGCNMean/model_benchmark.json,HeteroGCNMean,multiclass_table6_valence_3class,Table-6 Valence,gaze_only,Gaze x/y nodes with temporal and spatial graph relations.,results/quick_v1_v2_comparison/2026-06-12_16-29-08/model_runs/gaze_only/2026-06-12_16-29-11,results/quick_v1_v2_comparison/2026-06-12_16-29-08/model_runs/gaze_only/2026-06-12_16-29-11/multiclass_table6_valence_3class_emotion-elicitation_2026-06-12_16-30-20,,,,,,50.0,,,,,,,
HeteroGCNMean,0.6910112359550562,256,subject_kfold,cuda,273,174.97306268429384,skf_5_P21_P23_P24,534,0.1946485243445693,materialized_graph_loader_forward_softmax,0.0001946485243445693,1602,0.311826936,0.6904369578430718,HeteroGCNMean,HeteroGCNMean,gnn,torch_model,table6-valence-3class,534,3,42563,0.05772783328416161,0.00021145726477714874,827463,3031,42563,150,1,results/quick_v1_v2_comparison/2026-06-12_16-29-08/model_runs/gaze_only/2026-06-12_16-29-11/multiclass_table6_valence_3class_emotion-elicitation_2026-06-12_16-30-20/subject_kfold/skf_5_P21_P23_P24/gnn/HeteroGCNMean/model_benchmark.json,HeteroGCNMean,multiclass_table6_valence_3class,Table-6 Valence,gaze_only,Gaze x/y nodes with temporal and spatial graph relations.,results/quick_v1_v2_comparison/2026-06-12_16-29-08/model_runs/gaze_only/2026-06-12_16-29-11,results/quick_v1_v2_comparison/2026-06-12_16-29-08/model_runs/gaze_only/2026-06-12_16-29-11/multiclass_table6_valence_3class_emotion-elicitation_2026-06-12_16-30-20,,,,,,253.0,,,,,,,
HeteroGCNMean,0.6376811594202898,256,subject_kfold,cuda,132,86.62027269043028,skf_6_P18_P29_P7,483,0.19595113664596275,materialized_graph_loader_forward_softmax,0.00019595113664596276,1449,0.283933197,0.6207685577764317,HeteroGCNMean,HeteroGCNMean,gnn,torch_model,table6-valence-3class,483,3,42563,0.028114337127695645,0.00021298740248254278,406692,3081,42563,151,1,results/quick_v1_v2_comparison/2026-06-12_16-29-08/model_runs/gaze_only/2026-06-12_16-29-11/multiclass_table6_valence_3class_emotion-elicitation_2026-06-12_16-30-20/subject_kfold/skf_6_P18_P29_P7/gnn/HeteroGCNMean/model_benchmark.json,HeteroGCNMean,multiclass_table6_valence_3class,Table-6 Valence,gaze_only,Gaze x/y nodes with temporal and spatial graph relations.,results/quick_v1_v2_comparison/2026-06-12_16-29-08/model_runs/gaze_only/2026-06-12_16-29-11,results/quick_v1_v2_comparison/2026-06-12_16-29-08/model_runs/gaze_only/2026-06-12_16-29-11/multiclass_table6_valence_3class_emotion-elicitation_2026-06-12_16-30-20,,,,,,112.0,,,,,,,
HeteroGCNMLP,0.6769662921348315,256,subject_kfold,cuda,242,160.65322818793356,skf_0_P1_P14_P2_P27,712,0.16678652106741573,materialized_graph_loader_forward_softmax,0.00016678652106741574,2136,0.356256009,0.6768413491518467,HeteroGCNMLP,HeteroGCNMLP,gnn,torch_model,table6-valence-3class,712,3,75587,0.05631027977144534,0.0002326871064935758,690426,2853,75587,150,1,results/quick_v1_v2_comparison/2026-06-12_16-29-08/model_runs/gaze_only/2026-06-12_16-29-11/multiclass_table6_valence_3class_emotion-elicitation_2026-06-12_16-30-20/subject_kfold/skf_0_P1_P14_P2_P27/gnn/HeteroGCNMLP/model_benchmark.json,HeteroGCNMLP,multiclass_table6_valence_3class,Table-6 Valence,gaze_only,Gaze x/y nodes with temporal and spatial graph relations.,results/quick_v1_v2_comparison/2026-06-12_16-29-08/model_runs/gaze_only/2026-06-12_16-29-11,results/quick_v1_v2_comparison/2026-06-12_16-29-08/model_runs/gaze_only/2026-06-12_16-29-11/multiclass_table6_valence_3class_emotion-elicitation_2026-06-12_16-30-20,,,,,,222.0,,,,,,,
HeteroGCNMLP,0.6081081081081081,256,subject_kfold,cuda,62,43.379140608012676,skf_1_P17_P20_P8,518,0.20749069111969112,materialized_graph_loader_forward_softmax,0.00020749069111969113,1554,0.322440534,0.6071931535044957,HeteroGCNMLP,HeteroGCNMLP,gnn,torch_model,table6-valence-3class,518,3,75587,0.014445268267736488,0.00023298819786671756,186186,3003,75587,194,1,results/quick_v1_v2_comparison/2026-06-12_16-29-08/model_runs/gaze_only/2026-06-12_16-29-11/multiclass_table6_valence_3class_emotion-elicitation_2026-06-12_16-30-20/subject_kfold/skf_1_P17_P20_P8/gnn/HeteroGCNMLP/model_benchmark.json,HeteroGCNMLP,multiclass_table6_valence_3class,Table-6 Valence,gaze_only,Gaze x/y nodes with temporal and spatial graph relations.,results/quick_v1_v2_comparison/2026-06-12_16-29-08/model_runs/gaze_only/2026-06-12_16-29-11,results/quick_v1_v2_comparison/2026-06-12_16-29-08/model_runs/gaze_only/2026-06-12_16-29-11/multiclass_table6_valence_3class_emotion-elicitation_2026-06-12_16-30-20,,,,,,42.0,,,,,,,
HeteroGCNMLP,0.680327868852459,256,subject_kfold,cuda,172,121.37815073831007,skf_2_P13_P28_P30,488,0.20588761270491804,materialized_graph_loader_forward_softmax,0.00020588761270491803,1464,0.301419465,0.6795528017241379,HeteroGCNMLP,HeteroGCNMLP,gnn,torch_model,table6-valence-3class,488,3,75587,0.03953685691801631,0.00022986544719776924,528040,3070,75587,157,1,results/quick_v1_v2_comparison/2026-06-12_16-29-08/model_runs/gaze_only/2026-06-12_16-29-11/multiclass_table6_valence_3class_emotion-elicitation_2026-06-12_16-30-20/subject_kfold/skf_2_P13_P28_P30/gnn/HeteroGCNMLP/model_benchmark.json,HeteroGCNMLP,multiclass_table6_valence_3class,Table-6 Valence,gaze_only,Gaze x/y nodes with temporal and spatial graph relations.,results/quick_v1_v2_comparison/2026-06-12_16-29-08/model_runs/gaze_only/2026-06-12_16-29-11,results/quick_v1_v2_comparison/2026-06-12_16-29-08/model_runs/gaze_only/2026-06-12_16-29-11/multiclass_table6_valence_3class_emotion-elicitation_2026-06-12_16-30-20,,,,,,152.0,,,,,,,
HeteroGCNMLP,0.6300211416490487,256,subject_kfold,cuda,89,63.45560569688678,skf_3_P19_P22_P4,473,0.20489795842142353,materialized_graph_loader_forward_softmax,0.00020489795842142352,1419,0.290750203,0.6299946806846273,HeteroGCNMLP,HeteroGCNMLP,gnn,torch_model,table6-valence-3class,473,3,75587,0.02074390509868806,0.00023307758537851754,272251,3059,75587,183,1,results/quick_v1_v2_comparison/2026-06-12_16-29-08/model_runs/gaze_only/2026-06-12_16-29-11/multiclass_table6_valence_3class_emotion-elicitation_2026-06-12_16-30-20/subject_kfold/skf_3_P19_P22_P4/gnn/HeteroGCNMLP/model_benchmark.json,HeteroGCNMLP,multiclass_table6_valence_3class,Table-6 Valence,gaze_only,Gaze x/y nodes with temporal and spatial graph relations.,results/quick_v1_v2_comparison/2026-06-12_16-29-08/model_runs/gaze_only/2026-06-12_16-29-11,results/quick_v1_v2_comparison/2026-06-12_16-29-08/model_runs/gaze_only/2026-06-12_16-29-11/multiclass_table6_valence_3class_emotion-elicitation_2026-06-12_16-30-20,,,,,,69.0,,,,,,,
HeteroGCNMLP,0.7021696252465484,256,subject_kfold,cuda,192,134.72013838309795,skf_4_P10_P16_P5,507,0.2055778856015779,materialized_graph_loader_forward_softmax,0.00020557788560157788,1521,0.312683964,0.7021696252465484,HeteroGCNMLP,HeteroGCNMLP,gnn,torch_model,table6-valence-3class,507,3,75587,0.04406939430261627,0.00022952809532612642,586944,3057,75587,151,1,results/quick_v1_v2_comparison/2026-06-12_16-29-08/model_runs/gaze_only/2026-06-12_16-29-11/multiclass_table6_valence_3class_emotion-elicitation_2026-06-12_16-30-20/subject_kfold/skf_4_P10_P16_P5/gnn/HeteroGCNMLP/model_benchmark.json,HeteroGCNMLP,multiclass_table6_valence_3class,Table-6 Valence,gaze_only,Gaze x/y nodes with temporal and spatial graph relations.,results/quick_v1_v2_comparison/2026-06-12_16-29-08/model_runs/gaze_only/2026-06-12_16-29-11,results/quick_v1_v2_comparison/2026-06-12_16-29-08/model_runs/gaze_only/2026-06-12_16-29-11/multiclass_table6_valence_3class_emotion-elicitation_2026-06-12_16-30-20,,,,,,172.0,,,,,,,
HeteroGCNMLP,0.6966292134831461,256,subject_kfold,cuda,264,179.5994686302729,skf_5_P21_P23_P24,534,0.1970046853932584,materialized_graph_loader_forward_softmax,0.00019700468539325842,1602,0.315601506,0.696624957917181,HeteroGCNMLP,HeteroGCNMLP,gnn,torch_model,table6-valence-3class,534,3,75587,0.059254196182867994,0.00022444771281389392,800184,3031,75587,150,1,results/quick_v1_v2_comparison/2026-06-12_16-29-08/model_runs/gaze_only/2026-06-12_16-29-11/multiclass_table6_valence_3class_emotion-elicitation_2026-06-12_16-30-20/subject_kfold/skf_5_P21_P23_P24/gnn/HeteroGCNMLP/model_benchmark.json,HeteroGCNMLP,multiclass_table6_valence_3class,Table-6 Valence,gaze_only,Gaze x/y nodes with temporal and spatial graph relations.,results/quick_v1_v2_comparison/2026-06-12_16-29-08/model_runs/gaze_only/2026-06-12_16-29-11,results/quick_v1_v2_comparison/2026-06-12_16-29-08/model_runs/gaze_only/2026-06-12_16-29-11/multiclass_table6_valence_3class_emotion-elicitation_2026-06-12_16-30-20,,,,,,244.0,,,,,,,
HeteroGCNMLP,0.6190476190476191,256,subject_kfold,cuda,58,40.18517262395471,skf_6_P18_P29_P7,483,0.1963313740510697,materialized_graph_loader_forward_softmax,0.00019633137405106971,1449,0.284484161,0.6160041479433114,HeteroGCNMLP,HeteroGCNMLP,gnn,torch_model,table6-valence-3class,483,3,75587,0.013042899261264108,0.0002248775734700708,178698,3081,75587,151,1,results/quick_v1_v2_comparison/2026-06-12_16-29-08/model_runs/gaze_only/2026-06-12_16-29-11/multiclass_table6_valence_3class_emotion-elicitation_2026-06-12_16-30-20/subject_kfold/skf_6_P18_P29_P7/gnn/HeteroGCNMLP/model_benchmark.json,HeteroGCNMLP,multiclass_table6_valence_3class,Table-6 Valence,gaze_only,Gaze x/y nodes with temporal and spatial graph relations.,results/quick_v1_v2_comparison/2026-06-12_16-29-08/model_runs/gaze_only/2026-06-12_16-29-11,results/quick_v1_v2_comparison/2026-06-12_16-29-08/model_runs/gaze_only/2026-06-12_16-29-11/multiclass_table6_valence_3class_emotion-elicitation_2026-06-12_16-30-20,,,,,,38.0,,,,,,,
HeteroGCNMLPWeights,0.6573033707865169,256,subject_kfold,cuda,263,183.9566805427894,skf_0_P1_P14_P2_P27,712,0.16716608146067416,materialized_graph_loader_forward_softmax,0.00016716608146067415,2136,0.35706675,0.6548523474999206,HeteroGCNMLPWeights,HeteroGCNMLPWeights,gnn,torch_model,table6-valence-3class,712,3,75842,0.0644783317710443,0.00024516475958571976,750339,2853,75842,150,1,results/quick_v1_v2_comparison/2026-06-12_16-29-08/model_runs/gaze_only/2026-06-12_16-29-11/multiclass_table6_valence_3class_emotion-elicitation_2026-06-12_16-30-20/subject_kfold/skf_0_P1_P14_P2_P27/gnn/HeteroGCNMLPWeights/model_benchmark.json,HeteroGCNMLPWeights,multiclass_table6_valence_3class,Table-6 Valence,gaze_only,Gaze x/y nodes with temporal and spatial graph relations.,results/quick_v1_v2_comparison/2026-06-12_16-29-08/model_runs/gaze_only/2026-06-12_16-29-11,results/quick_v1_v2_comparison/2026-06-12_16-29-08/model_runs/gaze_only/2026-06-12_16-29-11/multiclass_table6_valence_3class_emotion-elicitation_2026-06-12_16-30-20,,,,,,243.0,,,,,,,
HeteroGCNMLPWeights,0.6138996138996139,256,subject_kfold,cuda,72,50.14416614966467,skf_1_P17_P20_P8,518,0.19863864993564992,materialized_graph_loader_forward_softmax,0.00019863864993564993,1554,0.308684462,0.6099691288306603,HeteroGCNMLPWeights,HeteroGCNMLPWeights,gnn,torch_model,table6-valence-3class,518,3,75842,0.01669802402586236,0.00023191700035919946,216216,3003,75842,194,1,results/quick_v1_v2_comparison/2026-06-12_16-29-08/model_runs/gaze_only/2026-06-12_16-29-11/multiclass_table6_valence_3class_emotion-elicitation_2026-06-12_16-30-20/subject_kfold/skf_1_P17_P20_P8/gnn/HeteroGCNMLPWeights/model_benchmark.json,HeteroGCNMLPWeights,multiclass_table6_valence_3class,Table-6 Valence,gaze_only,Gaze x/y nodes with temporal and spatial graph relations.,results/quick_v1_v2_comparison/2026-06-12_16-29-08/model_runs/gaze_only/2026-06-12_16-29-11,results/quick_v1_v2_comparison/2026-06-12_16-29-08/model_runs/gaze_only/2026-06-12_16-29-11/multiclass_table6_valence_3class_emotion-elicitation_2026-06-12_16-30-20,,,,,,52.0,,,,,,,
HeteroGCNMLPWeights,0.694672131147541,256,subject_kfold,cuda,110,76.83000717824325,skf_2_P13_P28_P30,488,0.19199018032786885,materialized_graph_loader_forward_softmax,0.00019199018032786886,1464,0.281073624,0.69373459975149,HeteroGCNMLPWeights,HeteroGCNMLPWeights,gnn,torch_model,table6-valence-3class,488,3,75842,0.025026060970111806,0.00022750964518283463,337700,3070,75842,157,1,results/quick_v1_v2_comparison/2026-06-12_16-29-08/model_runs/gaze_only/2026-06-12_16-29-11/multiclass_table6_valence_3class_emotion-elicitation_2026-06-12_16-30-20/subject_kfold/skf_2_P13_P28_P30/gnn/HeteroGCNMLPWeights/model_benchmark.json,HeteroGCNMLPWeights,multiclass_table6_valence_3class,Table-6 Valence,gaze_only,Gaze x/y nodes with temporal and spatial graph relations.,results/quick_v1_v2_comparison/2026-06-12_16-29-08/model_runs/gaze_only/2026-06-12_16-29-11,results/quick_v1_v2_comparison/2026-06-12_16-29-08/model_runs/gaze_only/2026-06-12_16-29-11/multiclass_table6_valence_3class_emotion-elicitation_2026-06-12_16-30-20,,,,,,90.0,,,,,,,
HeteroGCNMLPWeights,0.5665961945031712,256,subject_kfold,cuda,46,32.07172626582906,skf_3_P19_P22_P4,473,0.19217116349541932,materialized_graph_loader_forward_softmax,0.0001921711634954193,1419,0.272690881,0.5585135202815606,HeteroGCNMLPWeights,HeteroGCNMLPWeights,gnn,torch_model,table6-valence-3class,473,3,75842,0.010484382564834605,0.0002279213601051001,140714,3059,75842,183,1,results/quick_v1_v2_comparison/2026-06-12_16-29-08/model_runs/gaze_only/2026-06-12_16-29-11/multiclass_table6_valence_3class_emotion-elicitation_2026-06-12_16-30-20/subject_kfold/skf_3_P19_P22_P4/gnn/HeteroGCNMLPWeights/model_benchmark.json,HeteroGCNMLPWeights,multiclass_table6_valence_3class,Table-6 Valence,gaze_only,Gaze x/y nodes with temporal and spatial graph relations.,results/quick_v1_v2_comparison/2026-06-12_16-29-08/model_runs/gaze_only/2026-06-12_16-29-11,results/quick_v1_v2_comparison/2026-06-12_16-29-08/model_runs/gaze_only/2026-06-12_16-29-11/multiclass_table6_valence_3class_emotion-elicitation_2026-06-12_16-30-20,,,,,,26.0,,,,,,,
HeteroGCNMLPWeights,0.6607495069033531,256,subject_kfold,cuda,191,136.72283070813864,skf_4_P10_P16_P5,507,0.19238619921104538,materialized_graph_loader_forward_softmax,0.00019238619921104538,1521,0.292619409,0.6580557124035384,HeteroGCNMLPWeights,HeteroGCNMLPWeights,gnn,torch_model,table6-valence-3class,507,3,75842,0.044724511190100964,0.00023415974445079038,583887,3057,75842,151,1,results/quick_v1_v2_comparison/2026-06-12_16-29-08/model_runs/gaze_only/2026-06-12_16-29-11/multiclass_table6_valence_3class_emotion-elicitation_2026-06-12_16-30-20/subject_kfold/skf_4_P10_P16_P5/gnn/HeteroGCNMLPWeights/model_benchmark.json,HeteroGCNMLPWeights,multiclass_table6_valence_3class,Table-6 Valence,gaze_only,Gaze x/y nodes with temporal and spatial graph relations.,results/quick_v1_v2_comparison/2026-06-12_16-29-08/model_runs/gaze_only/2026-06-12_16-29-11,results/quick_v1_v2_comparison/2026-06-12_16-29-08/model_runs/gaze_only/2026-06-12_16-29-11/multiclass_table6_valence_3class_emotion-elicitation_2026-06-12_16-30-20,,,,,,171.0,,,,,,,
HeteroGCNMLPWeights,0.702247191011236,256,subject_kfold,cuda,261,181.15786826098338,skf_5_P21_P23_P24,534,0.18813263857677903,materialized_graph_loader_forward_softmax,0.00018813263857677903,1602,0.301388487,0.7022461468324245,HeteroGCNMLPWeights,HeteroGCNMLPWeights,gnn,torch_model,table6-valence-3class,534,3,75842,0.05976834980566921,0.00022899750883398164,791091,3031,75842,150,1,results/quick_v1_v2_comparison/2026-06-12_16-29-08/model_runs/gaze_only/2026-06-12_16-29-11/multiclass_table6_valence_3class_emotion-elicitation_2026-06-12_16-30-20/subject_kfold/skf_5_P21_P23_P24/gnn/HeteroGCNMLPWeights/model_benchmark.json,HeteroGCNMLPWeights,multiclass_table6_valence_3class,Table-6 Valence,gaze_only,Gaze x/y nodes with temporal and spatial graph relations.,results/quick_v1_v2_comparison/2026-06-12_16-29-08/model_runs/gaze_only/2026-06-12_16-29-11,results/quick_v1_v2_comparison/2026-06-12_16-29-08/model_runs/gaze_only/2026-06-12_16-29-11/multiclass_table6_valence_3class_emotion-elicitation_2026-06-12_16-30-20,,,,,,241.0,,,,,,,
HeteroGCNMLPWeights,0.6066252587991718,256,subject_kfold,cuda,71,49.5314411460422,skf_6_P18_P29_P7,483,0.19009528847481022,materialized_graph_loader_forward_softmax,0.00019009528847481022,1449,0.275448073,0.6014574575270124,HeteroGCNMLPWeights,HeteroGCNMLPWeights,gnn,torch_model,table6-valence-3class,483,3,75842,0.016076417119780004,0.00022642841013774655,218751,3081,75842,151,1,results/quick_v1_v2_comparison/2026-06-12_16-29-08/model_runs/gaze_only/2026-06-12_16-29-11/multiclass_table6_valence_3class_emotion-elicitation_2026-06-12_16-30-20/subject_kfold/skf_6_P18_P29_P7/gnn/HeteroGCNMLPWeights/model_benchmark.json,HeteroGCNMLPWeights,multiclass_table6_valence_3class,Table-6 Valence,gaze_only,Gaze x/y nodes with temporal and spatial graph relations.,results/quick_v1_v2_comparison/2026-06-12_16-29-08/model_runs/gaze_only/2026-06-12_16-29-11,results/quick_v1_v2_comparison/2026-06-12_16-29-08/model_runs/gaze_only/2026-06-12_16-29-11/multiclass_table6_valence_3class_emotion-elicitation_2026-06-12_16-30-20,,,,,,51.0,,,,,,,
Random,0.5280898876404494,712,subject_kfold,cpu,,4.919199272990227e-05,skf_0_P1_P14_P2_P27,712,0.0001753052434456929,tabular_predict_proba,1.7530524344569288e-07,2136,0.000374452,0.5279558011049723,Random,Random,baseline,not_applicable_for_classical_model,table6-valence-3class,712,3,,1.742543136022043e-08,,,2823,,150,1,results/quick_v1_v2_comparison/2026-06-12_16-29-08/model_runs/gaze_pupil/2026-06-12_17-31-09/multiclass_table6_valence_3class_emotion-elicitation_2026-06-12_17-32-28/subject_kfold/skf_0_P1_P14_P2_P27/baselines/Random/model_benchmark.json,Random,multiclass_table6_valence_3class,Table-6 Valence,gaze_pupil,Gaze x/y plus pupil nodes with temporal and spatial graph relations.,results/quick_v1_v2_comparison/2026-06-12_16-29-08/model_runs/gaze_pupil/2026-06-12_17-31-09,results/quick_v1_v2_comparison/2026-06-12_16-29-08/model_runs/gaze_pupil/2026-06-12_17-31-09/multiclass_table6_valence_3class_emotion-elicitation_2026-06-12_17-32-28,,,,,,,,,,,,,
Random,0.48249027237354086,514,subject_kfold,cpu,,7.658405229449272e-05,skf_1_P17_P20_P8,514,0.0002495214007782101,tabular_predict_proba,2.495214007782101e-07,1542,0.000384762,0.48210606060606065,Random,Random,baseline,not_applicable_for_classical_model,table6-valence-3class,514,3,,2.572524430449873e-08,,,2977,,194,1,results/quick_v1_v2_comparison/2026-06-12_16-29-08/model_runs/gaze_pupil/2026-06-12_17-31-09/multiclass_table6_valence_3class_emotion-elicitation_2026-06-12_17-32-28/subject_kfold/skf_1_P17_P20_P8/baselines/Random/model_benchmark.json,Random,multiclass_table6_valence_3class,Table-6 Valence,gaze_pupil,Gaze x/y plus pupil nodes with temporal and spatial graph relations.,results/quick_v1_v2_comparison/2026-06-12_16-29-08/model_runs/gaze_pupil/2026-06-12_17-31-09,results/quick_v1_v2_comparison/2026-06-12_16-29-08/model_runs/gaze_pupil/2026-06-12_17-31-09/multiclass_table6_valence_3class_emotion-elicitation_2026-06-12_17-32-28,,,,,,,,,,,,,
Random,0.49691991786447637,487,subject_kfold,cpu,,8.755410090088844e-05,skf_2_P13_P28_P30,487,0.00021479671457905544,tabular_predict_proba,2.1479671457905545e-07,1461,0.000313818,0.4967841251766095,Random,Random,baseline,not_applicable_for_classical_model,table6-valence-3class,487,3,,2.879122028967065e-08,,,3041,,157,1,results/quick_v1_v2_comparison/2026-06-12_16-29-08/model_runs/gaze_pupil/2026-06-12_17-31-09/multiclass_table6_valence_3class_emotion-elicitation_2026-06-12_17-32-28/subject_kfold/skf_2_P13_P28_P30/baselines/Random/model_benchmark.json,Random,multiclass_table6_valence_3class,Table-6 Valence,gaze_pupil,Gaze x/y plus pupil nodes with temporal and spatial graph relations.,results/quick_v1_v2_comparison/2026-06-12_16-29-08/model_runs/gaze_pupil/2026-06-12_17-31-09,results/quick_v1_v2_comparison/2026-06-12_16-29-08/model_runs/gaze_pupil/2026-06-12_17-31-09/multiclass_table6_valence_3class_emotion-elicitation_2026-06-12_17-32-28,,,,,,,,,,,,,
Random,0.488272921108742,469,subject_kfold,cpu,,8.787401020526886e-05,skf_3_P19_P22_P4,469,0.00020835820895522385,tabular_predict_proba,2.0835820895522386e-07,1407,0.00029316,0.48827059465357336,Random,Random,baseline,not_applicable_for_classical_model,table6-valence-3class,469,3,,2.8963088399890856e-08,,,3034,,182,1,results/quick_v1_v2_comparison/2026-06-12_16-29-08/model_runs/gaze_pupil/2026-06-12_17-31-09/multiclass_table6_valence_3class_emotion-elicitation_2026-06-12_17-32-28/subject_kfold/skf_3_P19_P22_P4/baselines/Random/model_benchmark.json,Random,multiclass_table6_valence_3class,Table-6 Valence,gaze_pupil,Gaze x/y plus pupil nodes with temporal and spatial graph relations.,results/quick_v1_v2_comparison/2026-06-12_16-29-08/model_runs/gaze_pupil/2026-06-12_17-31-09,results/quick_v1_v2_comparison/2026-06-12_16-29-08/model_runs/gaze_pupil/2026-06-12_17-31-09/multiclass_table6_valence_3class_emotion-elicitation_2026-06-12_17-32-28,,,,,,,,,,,,,
Random,0.49506903353057197,507,subject_kfold,cpu,,8.942792192101479e-05,skf_4_P10_P16_P5,507,0.00021018343195266273,tabular_predict_proba,2.1018343195266272e-07,1521,0.000319689,0.4949727626459144,Random,Random,baseline,not_applicable_for_classical_model,table6-valence-3class,507,3,,2.9543416557983082e-08,,,3027,,151,1,results/quick_v1_v2_comparison/2026-06-12_16-29-08/model_runs/gaze_pupil/2026-06-12_17-31-09/multiclass_table6_valence_3class_emotion-elicitation_2026-06-12_17-32-28/subject_kfold/skf_4_P10_P16_P5/baselines/Random/model_benchmark.json,Random,multiclass_table6_valence_3class,Table-6 Valence,gaze_pupil,Gaze x/y plus pupil nodes with temporal and spatial graph relations.,results/quick_v1_v2_comparison/2026-06-12_16-29-08/model_runs/gaze_pupil/2026-06-12_17-31-09,results/quick_v1_v2_comparison/2026-06-12_16-29-08/model_runs/gaze_pupil/2026-06-12_17-31-09/multiclass_table6_valence_3class_emotion-elicitation_2026-06-12_17-32-28,,,,,,,,,,,,,
Random,0.5300970873786408,515,subject_kfold,cpu,,9.11313109099865e-05,skf_5_P21_P23_P24,515,0.00020968155339805825,tabular_predict_proba,2.0968155339805827e-07,1545,0.000323958,0.5300953156577082,Random,Random,baseline,not_applicable_for_classical_model,table6-valence-3class,515,3,,3.017593076489619e-08,,,3020,,150,1,results/quick_v1_v2_comparison/2026-06-12_16-29-08/model_runs/gaze_pupil/2026-06-12_17-31-09/multiclass_table6_valence_3class_emotion-elicitation_2026-06-12_17-32-28/subject_kfold/skf_5_P21_P23_P24/baselines/Random/model_benchmark.json,Random,multiclass_table6_valence_3class,Table-6 Valence,gaze_pupil,Gaze x/y plus pupil nodes with temporal and spatial graph relations.,results/quick_v1_v2_comparison/2026-06-12_16-29-08/model_runs/gaze_pupil/2026-06-12_17-31-09,results/quick_v1_v2_comparison/2026-06-12_16-29-08/model_runs/gaze_pupil/2026-06-12_17-31-09/multiclass_table6_valence_3class_emotion-elicitation_2026-06-12_17-32-28,,,,,,,,,,,,,
Random,0.5322245322245323,481,subject_kfold,cpu,,6.378907710313797e-05,skf_6_P18_P29_P7,481,0.00020723562023562022,tabular_predict_proba,2.0723562023562023e-07,1443,0.000299041,0.5226848727821221,Random,Random,baseline,not_applicable_for_classical_model,table6-valence-3class,481,3,,2.08939001320465e-08,,,3053,,151,1,results/quick_v1_v2_comparison/2026-06-12_16-29-08/model_runs/gaze_pupil/2026-06-12_17-31-09/multiclass_table6_valence_3class_emotion-elicitation_2026-06-12_17-32-28/subject_kfold/skf_6_P18_P29_P7/baselines/Random/model_benchmark.json,Random,multiclass_table6_valence_3class,Table-6 Valence,gaze_pupil,Gaze x/y plus pupil nodes with temporal and spatial graph relations.,results/quick_v1_v2_comparison/2026-06-12_16-29-08/model_runs/gaze_pupil/2026-06-12_17-31-09,results/quick_v1_v2_comparison/2026-06-12_16-29-08/model_runs/gaze_pupil/2026-06-12_17-31-09/multiclass_table6_valence_3class_emotion-elicitation_2026-06-12_17-32-28,,,,,,,,,,,,,
Majority,0.5210674157303371,712,subject_kfold,cpu,,5.8921054005622864e-05,skf_0_P1_P14_P2_P27,712,6.017790262172285e-06,tabular_predict_proba,6.017790262172284e-09,2136,1.2854e-05,0.3425669436749769,Majority,Majority,baseline,not_applicable_for_classical_model,table6-valence-3class,712,3,,2.0871786753674413e-08,,,2823,,150,1,results/quick_v1_v2_comparison/2026-06-12_16-29-08/model_runs/gaze_pupil/2026-06-12_17-31-09/multiclass_table6_valence_3class_emotion-elicitation_2026-06-12_17-32-28/subject_kfold/skf_0_P1_P14_P2_P27/baselines/Majority/model_benchmark.json,Majority,multiclass_table6_valence_3class,Table-6 Valence,gaze_pupil,Gaze x/y plus pupil nodes with temporal and spatial graph relations.,results/quick_v1_v2_comparison/2026-06-12_16-29-08/model_runs/gaze_pupil/2026-06-12_17-31-09,results/quick_v1_v2_comparison/2026-06-12_16-29-08/model_runs/gaze_pupil/2026-06-12_17-31-09/multiclass_table6_valence_3class_emotion-elicitation_2026-06-12_17-32-28,,,,,,,,,,,,,
Majority,0.5175097276264592,514,subject_kfold,cpu,,0.00012761913239955902,skf_1_P17_P20_P8,514,8.498054474708172e-06,tabular_predict_proba,8.498054474708172e-09,1542,1.3104e-05,0.34102564102564104,Majority,Majority,baseline,not_applicable_for_classical_model,table6-valence-3class,514,3,,4.286836829007693e-08,,,2977,,194,1,results/quick_v1_v2_comparison/2026-06-12_16-29-08/model_runs/gaze_pupil/2026-06-12_17-31-09/multiclass_table6_valence_3class_emotion-elicitation_2026-06-12_17-32-28/subject_kfold/skf_1_P17_P20_P8/baselines/Majority/model_benchmark.json,Majority,multiclass_table6_valence_3class,Table-6 Valence,gaze_pupil,Gaze x/y plus pupil nodes with temporal and spatial graph relations.,results/quick_v1_v2_comparison/2026-06-12_16-29-08/model_runs/gaze_pupil/2026-06-12_17-31-09,results/quick_v1_v2_comparison/2026-06-12_16-29-08/model_runs/gaze_pupil/2026-06-12_17-31-09/multiclass_table6_valence_3class_emotion-elicitation_2026-06-12_17-32-28,,,,,,,,,,,,,
Majority,0.5010266940451745,487,subject_kfold,cpu,,0.00010364409536123276,skf_2_P13_P28_P30,487,8.448323066392882e-06,tabular_predict_proba,8.448323066392882e-09,1461,1.2343e-05,0.3337893296853625,Majority,Majority,baseline,not_applicable_for_classical_model,table6-valence-3class,487,3,,3.4082241157919355e-08,,,3041,,157,1,results/quick_v1_v2_comparison/2026-06-12_16-29-08/model_runs/gaze_pupil/2026-06-12_17-31-09/multiclass_table6_valence_3class_emotion-elicitation_2026-06-12_17-32-28/subject_kfold/skf_2_P13_P28_P30/baselines/Majority/model_benchmark.json,Majority,multiclass_table6_valence_3class,Table-6 Valence,gaze_pupil,Gaze x/y plus pupil nodes with temporal and spatial graph relations.,results/quick_v1_v2_comparison/2026-06-12_16-29-08/model_runs/gaze_pupil/2026-06-12_17-31-09,results/quick_v1_v2_comparison/2026-06-12_16-29-08/model_runs/gaze_pupil/2026-06-12_17-31-09/multiclass_table6_valence_3class_emotion-elicitation_2026-06-12_17-32-28,,,,,,,,,,,,,
Majority,0.4861407249466951,469,subject_kfold,cpu,,9.179161861538887e-05,skf_3_P19_P22_P4,469,8.879175550817343e-06,tabular_predict_proba,8.879175550817342e-09,1407,1.2493e-05,0.32711621233859395,Majority,Majority,baseline,not_applicable_for_classical_model,table6-valence-3class,469,3,,3.0254323867959414e-08,,,3034,,182,1,results/quick_v1_v2_comparison/2026-06-12_16-29-08/model_runs/gaze_pupil/2026-06-12_17-31-09/multiclass_table6_valence_3class_emotion-elicitation_2026-06-12_17-32-28/subject_kfold/skf_3_P19_P22_P4/baselines/Majority/model_benchmark.json,Majority,multiclass_table6_valence_3class,Table-6 Valence,gaze_pupil,Gaze x/y plus pupil nodes with temporal and spatial graph relations.,results/quick_v1_v2_comparison/2026-06-12_16-29-08/model_runs/gaze_pupil/2026-06-12_17-31-09,results/quick_v1_v2_comparison/2026-06-12_16-29-08/model_runs/gaze_pupil/2026-06-12_17-31-09/multiclass_table6_valence_3class_emotion-elicitation_2026-06-12_17-32-28,,,,,,,,,,,,,
Majority,0.5029585798816568,507,subject_kfold,cpu,,0.000107611995190382,skf_4_P10_P16_P5,507,8.721236028928336e-06,tabular_predict_proba,8.721236028928336e-09,1521,1.3265e-05,0.3346456692913386,Majority,Majority,baseline,not_applicable_for_classical_model,table6-valence-3class,507,3,,3.555070868529303e-08,,,3027,,151,1,results/quick_v1_v2_comparison/2026-06-12_16-29-08/model_runs/gaze_pupil/2026-06-12_17-31-09/multiclass_table6_valence_3class_emotion-elicitation_2026-06-12_17-32-28/subject_kfold/skf_4_P10_P16_P5/baselines/Majority/model_benchmark.json,Majority,multiclass_table6_valence_3class,Table-6 Valence,gaze_pupil,Gaze x/y plus pupil nodes with temporal and spatial graph relations.,results/quick_v1_v2_comparison/2026-06-12_16-29-08/model_runs/gaze_pupil/2026-06-12_17-31-09,results/quick_v1_v2_comparison/2026-06-12_16-29-08/model_runs/gaze_pupil/2026-06-12_17-31-09/multiclass_table6_valence_3class_emotion-elicitation_2026-06-12_17-32-28,,,,,,,,,,,,,
Majority,0.4893203883495146,515,subject_kfold,cpu,,9.654136374592781e-05,skf_5_P21_P23_P24,515,7.95663430420712e-06,tabular_predict_proba,7.95663430420712e-09,1545,1.2293e-05,0.3285528031290743,Majority,Majority,baseline,not_applicable_for_classical_model,table6-valence-3class,515,3,,3.1967338988717815e-08,,,3020,,150,1,results/quick_v1_v2_comparison/2026-06-12_16-29-08/model_runs/gaze_pupil/2026-06-12_17-31-09/multiclass_table6_valence_3class_emotion-elicitation_2026-06-12_17-32-28/subject_kfold/skf_5_P21_P23_P24/baselines/Majority/model_benchmark.json,Majority,multiclass_table6_valence_3class,Table-6 Valence,gaze_pupil,Gaze x/y plus pupil nodes with temporal and spatial graph relations.,results/quick_v1_v2_comparison/2026-06-12_16-29-08/model_runs/gaze_pupil/2026-06-12_17-31-09,results/quick_v1_v2_comparison/2026-06-12_16-29-08/model_runs/gaze_pupil/2026-06-12_17-31-09/multiclass_table6_valence_3class_emotion-elicitation_2026-06-12_17-32-28,,,,,,,,,,,,,
Majority,0.6278586278586279,481,subject_kfold,cpu,,6.605405360460281e-05,skf_6_P18_P29_P7,481,8.338877338877338e-06,tabular_predict_proba,8.338877338877338e-09,1443,1.2033e-05,0.38569604086845466,Majority,Majority,baseline,not_applicable_for_classical_model,table6-valence-3class,481,3,,2.1635785654963254e-08,,,3053,,151,1,results/quick_v1_v2_comparison/2026-06-12_16-29-08/model_runs/gaze_pupil/2026-06-12_17-31-09/multiclass_table6_valence_3class_emotion-elicitation_2026-06-12_17-32-28/subject_kfold/skf_6_P18_P29_P7/baselines/Majority/model_benchmark.json,Majority,multiclass_table6_valence_3class,Table-6 Valence,gaze_pupil,Gaze x/y plus pupil nodes with temporal and spatial graph relations.,results/quick_v1_v2_comparison/2026-06-12_16-29-08/model_runs/gaze_pupil/2026-06-12_17-31-09,results/quick_v1_v2_comparison/2026-06-12_16-29-08/model_runs/gaze_pupil/2026-06-12_17-31-09/multiclass_table6_valence_3class_emotion-elicitation_2026-06-12_17-32-28,,,,,,,,,,,,,
SVM,0.6952247191011236,712,subject_kfold,cpu,,0.9966161055490375,skf_0_P1_P14_P2_P27,712,0.07436608052434455,tabular_predict_proba,7.436608052434456e-05,2136,0.158845948,0.6887102461039418,SVM,SVM,baseline,not_applicable_for_classical_model,table6-valence-3class,712,3,,0.0003530343979982421,,,2823,,150,1,results/quick_v1_v2_comparison/2026-06-12_16-29-08/model_runs/gaze_pupil/2026-06-12_17-31-09/multiclass_table6_valence_3class_emotion-elicitation_2026-06-12_17-32-28/subject_kfold/skf_0_P1_P14_P2_P27/baselines/SVM/model_benchmark.json,SVM,multiclass_table6_valence_3class,Table-6 Valence,gaze_pupil,Gaze x/y plus pupil nodes with temporal and spatial graph relations.,results/quick_v1_v2_comparison/2026-06-12_16-29-08/model_runs/gaze_pupil/2026-06-12_17-31-09,results/quick_v1_v2_comparison/2026-06-12_16-29-08/model_runs/gaze_pupil/2026-06-12_17-31-09/multiclass_table6_valence_3class_emotion-elicitation_2026-06-12_17-32-28,"{""n_features"": 45, ""n_support_by_class"": [1049, 994]}",support_vectors,2043.0,,,,,,,,,,
SVM,0.7431906614785992,514,subject_kfold,cpu,,1.1283720131032169,skf_1_P17_P20_P8,514,0.07719879247730221,tabular_predict_proba,7.719879247730221e-05,1542,0.119040538,0.7357943925233645,SVM,SVM,baseline,not_applicable_for_classical_model,table6-valence-3class,514,3,,0.0003790299002698075,,,2977,,194,1,results/quick_v1_v2_comparison/2026-06-12_16-29-08/model_runs/gaze_pupil/2026-06-12_17-31-09/multiclass_table6_valence_3class_emotion-elicitation_2026-06-12_17-32-28/subject_kfold/skf_1_P17_P20_P8/baselines/SVM/model_benchmark.json,SVM,multiclass_table6_valence_3class,Table-6 Valence,gaze_pupil,Gaze x/y plus pupil nodes with temporal and spatial graph relations.,results/quick_v1_v2_comparison/2026-06-12_16-29-08/model_runs/gaze_pupil/2026-06-12_17-31-09,results/quick_v1_v2_comparison/2026-06-12_16-29-08/model_runs/gaze_pupil/2026-06-12_17-31-09/multiclass_table6_valence_3class_emotion-elicitation_2026-06-12_17-32-28,"{""n_features"": 45, ""n_support_by_class"": [1077, 1020]}",support_vectors,2097.0,,,,,,,,,,
SVM,0.704312114989733,487,subject_kfold,cpu,,1.1861645211465657,skf_2_P13_P28_P30,487,0.07863523956194388,tabular_predict_proba,7.863523956194387e-05,1461,0.114886085,0.7002051983584132,SVM,SVM,baseline,not_applicable_for_classical_model,table6-valence-3class,487,3,,0.00039005738939380656,,,3041,,157,1,results/quick_v1_v2_comparison/2026-06-12_16-29-08/model_runs/gaze_pupil/2026-06-12_17-31-09/multiclass_table6_valence_3class_emotion-elicitation_2026-06-12_17-32-28/subject_kfold/skf_2_P13_P28_P30/baselines/SVM/model_benchmark.json,SVM,multiclass_table6_valence_3class,Table-6 Valence,gaze_pupil,Gaze x/y plus pupil nodes with temporal and spatial graph relations.,results/quick_v1_v2_comparison/2026-06-12_16-29-08/model_runs/gaze_pupil/2026-06-12_17-31-09,results/quick_v1_v2_comparison/2026-06-12_16-29-08/model_runs/gaze_pupil/2026-06-12_17-31-09/multiclass_table6_valence_3class_emotion-elicitation_2026-06-12_17-32-28,"{""n_features"": 45, ""n_support_by_class"": [1114, 1050]}",support_vectors,2164.0,,,,,,,,,,
SVM,0.7121535181236673,469,subject_kfold,cpu,,1.184181791730225,skf_3_P19_P22_P4,469,0.0787355472636816,tabular_predict_proba,7.87355472636816e-05,1407,0.110780915,0.7119649526651715,SVM,SVM,baseline,not_applicable_for_classical_model,table6-valence-3class,469,3,,0.0003903038206098303,,,3034,,182,1,results/quick_v1_v2_comparison/2026-06-12_16-29-08/model_runs/gaze_pupil/2026-06-12_17-31-09/multiclass_table6_valence_3class_emotion-elicitation_2026-06-12_17-32-28/subject_kfold/skf_3_P19_P22_P4/baselines/SVM/model_benchmark.json,SVM,multiclass_table6_valence_3class,Table-6 Valence,gaze_pupil,Gaze x/y plus pupil nodes with temporal and spatial graph relations.,results/quick_v1_v2_comparison/2026-06-12_16-29-08/model_runs/gaze_pupil/2026-06-12_17-31-09,results/quick_v1_v2_comparison/2026-06-12_16-29-08/model_runs/gaze_pupil/2026-06-12_17-31-09/multiclass_table6_valence_3class_emotion-elicitation_2026-06-12_17-32-28,"{""n_features"": 45, ""n_support_by_class"": [1105, 1055]}",support_vectors,2160.0,,,,,,,,,,
SVM,0.7159763313609467,507,subject_kfold,cpu,,1.2200164147652686,skf_4_P10_P16_P5,507,0.08291332675871137,tabular_predict_proba,8.291332675871137e-05,1521,0.12611117,0.7156566443371242,SVM,SVM,baseline,not_applicable_for_classical_model,table6-valence-3class,507,3,,0.0004030447356343801,,,3027,,151,1,results/quick_v1_v2_comparison/2026-06-12_16-29-08/model_runs/gaze_pupil/2026-06-12_17-31-09/multiclass_table6_valence_3class_emotion-elicitation_2026-06-12_17-32-28/subject_kfold/skf_4_P10_P16_P5/baselines/SVM/model_benchmark.json,SVM,multiclass_table6_valence_3class,Table-6 Valence,gaze_pupil,Gaze x/y plus pupil nodes with temporal and spatial graph relations.,results/quick_v1_v2_comparison/2026-06-12_16-29-08/model_runs/gaze_pupil/2026-06-12_17-31-09,results/quick_v1_v2_comparison/2026-06-12_16-29-08/model_runs/gaze_pupil/2026-06-12_17-31-09/multiclass_table6_valence_3class_emotion-elicitation_2026-06-12_17-32-28,"{""n_features"": 45, ""n_support_by_class"": [1123, 1056]}",support_vectors,2179.0,,,,,,,,,,
SVM,0.6485436893203883,515,subject_kfold,cpu,,1.1456277891993523,skf_5_P21_P23_P24,515,0.07808219546925567,tabular_predict_proba,7.808219546925567e-05,1545,0.120636992,0.6290703180647909,SVM,SVM,baseline,not_applicable_for_classical_model,table6-valence-3class,515,3,,0.0003793469500660107,,,3020,,150,1,results/quick_v1_v2_comparison/2026-06-12_16-29-08/model_runs/gaze_pupil/2026-06-12_17-31-09/multiclass_table6_valence_3class_emotion-elicitation_2026-06-12_17-32-28/subject_kfold/skf_5_P21_P23_P24/baselines/SVM/model_benchmark.json,SVM,multiclass_table6_valence_3class,Table-6 Valence,gaze_pupil,Gaze x/y plus pupil nodes with temporal and spatial graph relations.,results/quick_v1_v2_comparison/2026-06-12_16-29-08/model_runs/gaze_pupil/2026-06-12_17-31-09,results/quick_v1_v2_comparison/2026-06-12_16-29-08/model_runs/gaze_pupil/2026-06-12_17-31-09/multiclass_table6_valence_3class_emotion-elicitation_2026-06-12_17-32-28,"{""n_features"": 45, ""n_support_by_class"": [1088, 1025]}",support_vectors,2113.0,,,,,,,,,,
SVM,0.7172557172557172,481,subject_kfold,cpu,,1.2267652633599937,skf_6_P18_P29_P7,481,0.08424451282051282,tabular_predict_proba,8.424451282051282e-05,1443,0.121564832,0.6946031746031747,SVM,SVM,baseline,not_applicable_for_classical_model,table6-valence-3class,481,3,,0.0004018228835112983,,,3053,,151,1,results/quick_v1_v2_comparison/2026-06-12_16-29-08/model_runs/gaze_pupil/2026-06-12_17-31-09/multiclass_table6_valence_3class_emotion-elicitation_2026-06-12_17-32-28/subject_kfold/skf_6_P18_P29_P7/baselines/SVM/model_benchmark.json,SVM,multiclass_table6_valence_3class,Table-6 Valence,gaze_pupil,Gaze x/y plus pupil nodes with temporal and spatial graph relations.,results/quick_v1_v2_comparison/2026-06-12_16-29-08/model_runs/gaze_pupil/2026-06-12_17-31-09,results/quick_v1_v2_comparison/2026-06-12_16-29-08/model_runs/gaze_pupil/2026-06-12_17-31-09/multiclass_table6_valence_3class_emotion-elicitation_2026-06-12_17-32-28,"{""n_features"": 45, ""n_support_by_class"": [1131, 1080]}",support_vectors,2211.0,,,,,,,,,,
LightGBM,0.6811797752808989,712,subject_kfold,cpu,,0.05069356271997094,skf_0_P1_P14_P2_P27,712,0.0012002617041198503,tabular_predict_proba,1.2002617041198503e-06,2136,0.002563759,0.6707028106312969,LightGBM,LightGBM,baseline,not_applicable_for_classical_model,table6-valence-3class,712,3,,1.7957337130701717e-05,,,2823,,150,1,results/quick_v1_v2_comparison/2026-06-12_16-29-08/model_runs/gaze_pupil/2026-06-12_17-31-09/multiclass_table6_valence_3class_emotion-elicitation_2026-06-12_17-32-28/subject_kfold/skf_0_P1_P14_P2_P27/baselines/LightGBM/model_benchmark.json,LightGBM,multiclass_table6_valence_3class,Table-6 Valence,gaze_pupil,Gaze x/y plus pupil nodes with temporal and spatial graph relations.,results/quick_v1_v2_comparison/2026-06-12_16-29-08/model_runs/gaze_pupil/2026-06-12_17-31-09,results/quick_v1_v2_comparison/2026-06-12_16-29-08/model_runs/gaze_pupil/2026-06-12_17-31-09/multiclass_table6_valence_3class_emotion-elicitation_2026-06-12_17-32-28,"{""num_leaves_total"": 2068, ""num_trees"": 100}",trees,100.0,,,,,,,,,,
LightGBM,0.72568093385214,514,subject_kfold,cpu,,0.11056290613487363,skf_1_P17_P20_P8,514,0.0017113158236057068,tabular_predict_proba,1.7113158236057068e-06,1542,0.002638849,0.7172022241732514,LightGBM,LightGBM,baseline,not_applicable_for_classical_model,table6-valence-3class,514,3,,3.71390346438944e-05,,,2977,,194,1,results/quick_v1_v2_comparison/2026-06-12_16-29-08/model_runs/gaze_pupil/2026-06-12_17-31-09/multiclass_table6_valence_3class_emotion-elicitation_2026-06-12_17-32-28/subject_kfold/skf_1_P17_P20_P8/baselines/LightGBM/model_benchmark.json,LightGBM,multiclass_table6_valence_3class,Table-6 Valence,gaze_pupil,Gaze x/y plus pupil nodes with temporal and spatial graph relations.,results/quick_v1_v2_comparison/2026-06-12_16-29-08/model_runs/gaze_pupil/2026-06-12_17-31-09,results/quick_v1_v2_comparison/2026-06-12_16-29-08/model_runs/gaze_pupil/2026-06-12_17-31-09/multiclass_table6_valence_3class_emotion-elicitation_2026-06-12_17-32-28,"{""num_leaves_total"": 2048, ""num_trees"": 100}",trees,100.0,,,,,,,,,,
LightGBM,0.6878850102669405,487,subject_kfold,cpu,,0.21424562903121114,skf_2_P13_P28_P30,487,0.0023870301163586584,tabular_predict_proba,2.3870301163586585e-06,1461,0.003487451,0.6854326024137345,LightGBM,LightGBM,baseline,not_applicable_for_classical_model,table6-valence-3class,487,3,,7.045236074686324e-05,,,3041,,157,1,results/quick_v1_v2_comparison/2026-06-12_16-29-08/model_runs/gaze_pupil/2026-06-12_17-31-09/multiclass_table6_valence_3class_emotion-elicitation_2026-06-12_17-32-28/subject_kfold/skf_2_P13_P28_P30/baselines/LightGBM/model_benchmark.json,LightGBM,multiclass_table6_valence_3class,Table-6 Valence,gaze_pupil,Gaze x/y plus pupil nodes with temporal and spatial graph relations.,results/quick_v1_v2_comparison/2026-06-12_16-29-08/model_runs/gaze_pupil/2026-06-12_17-31-09,results/quick_v1_v2_comparison/2026-06-12_16-29-08/model_runs/gaze_pupil/2026-06-12_17-31-09/multiclass_table6_valence_3class_emotion-elicitation_2026-06-12_17-32-28,"{""num_leaves_total"": 2035, ""num_trees"": 100}",trees,100.0,,,,,,,,,,
LightGBM,0.7036247334754797,469,subject_kfold,cpu,,0.13385821087285876,skf_3_P19_P22_P4,469,0.0017282096659559346,tabular_predict_proba,1.7282096659559345e-06,1407,0.002431591,0.7035762191656246,LightGBM,LightGBM,baseline,not_applicable_for_classical_model,table6-valence-3class,469,3,,4.4119383939637037e-05,,,3034,,182,1,results/quick_v1_v2_comparison/2026-06-12_16-29-08/model_runs/gaze_pupil/2026-06-12_17-31-09/multiclass_table6_valence_3class_emotion-elicitation_2026-06-12_17-32-28/subject_kfold/skf_3_P19_P22_P4/baselines/LightGBM/model_benchmark.json,LightGBM,multiclass_table6_valence_3class,Table-6 Valence,gaze_pupil,Gaze x/y plus pupil nodes with temporal and spatial graph relations.,results/quick_v1_v2_comparison/2026-06-12_16-29-08/model_runs/gaze_pupil/2026-06-12_17-31-09,results/quick_v1_v2_comparison/2026-06-12_16-29-08/model_runs/gaze_pupil/2026-06-12_17-31-09/multiclass_table6_valence_3class_emotion-elicitation_2026-06-12_17-32-28,"{""num_leaves_total"": 2161, ""num_trees"": 100}",trees,100.0,,,,,,,,,,
LightGBM,0.717948717948718,507,subject_kfold,cpu,,0.1733820429071784,skf_4_P10_P16_P5,507,0.0016654253780407626,tabular_predict_proba,1.6654253780407627e-06,1521,0.002533112,0.7178784753973968,LightGBM,LightGBM,baseline,not_applicable_for_classical_model,table6-valence-3class,507,3,,5.727850773279762e-05,,,3027,,151,1,results/quick_v1_v2_comparison/2026-06-12_16-29-08/model_runs/gaze_pupil/2026-06-12_17-31-09/multiclass_table6_valence_3class_emotion-elicitation_2026-06-12_17-32-28/subject_kfold/skf_4_P10_P16_P5/baselines/LightGBM/model_benchmark.json,LightGBM,multiclass_table6_valence_3class,Table-6 Valence,gaze_pupil,Gaze x/y plus pupil nodes with temporal and spatial graph relations.,results/quick_v1_v2_comparison/2026-06-12_16-29-08/model_runs/gaze_pupil/2026-06-12_17-31-09,results/quick_v1_v2_comparison/2026-06-12_16-29-08/model_runs/gaze_pupil/2026-06-12_17-31-09/multiclass_table6_valence_3class_emotion-elicitation_2026-06-12_17-32-28,"{""num_leaves_total"": 1974, ""num_trees"": 100}",trees,100.0,,,,,,,,,,
LightGBM,0.6466019417475728,515,subject_kfold,cpu,,0.14512185659259558,skf_5_P21_P23_P24,515,0.0015818601941747573,tabular_predict_proba,1.5818601941747572e-06,1545,0.002443974,0.6293850631069497,LightGBM,LightGBM,baseline,not_applicable_for_classical_model,table6-valence-3class,515,3,,4.8053594898210455e-05,,,3020,,150,1,results/quick_v1_v2_comparison/2026-06-12_16-29-08/model_runs/gaze_pupil/2026-06-12_17-31-09/multiclass_table6_valence_3class_emotion-elicitation_2026-06-12_17-32-28/subject_kfold/skf_5_P21_P23_P24/baselines/LightGBM/model_benchmark.json,LightGBM,multiclass_table6_valence_3class,Table-6 Valence,gaze_pupil,Gaze x/y plus pupil nodes with temporal and spatial graph relations.,results/quick_v1_v2_comparison/2026-06-12_16-29-08/model_runs/gaze_pupil/2026-06-12_17-31-09,results/quick_v1_v2_comparison/2026-06-12_16-29-08/model_runs/gaze_pupil/2026-06-12_17-31-09/multiclass_table6_valence_3class_emotion-elicitation_2026-06-12_17-32-28,"{""num_leaves_total"": 2164, ""num_trees"": 100}",trees,100.0,,,,,,,,,,
LightGBM,0.7068607068607069,481,subject_kfold,cpu,,0.04552683234214783,skf_6_P18_P29_P7,481,0.0017056521136521138,tabular_predict_proba,1.7056521136521138e-06,1443,0.002461256,0.6918977853492334,LightGBM,LightGBM,baseline,not_applicable_for_classical_model,table6-valence-3class,481,3,,1.4912162575220381e-05,,,3053,,151,1,results/quick_v1_v2_comparison/2026-06-12_16-29-08/model_runs/gaze_pupil/2026-06-12_17-31-09/multiclass_table6_valence_3class_emotion-elicitation_2026-06-12_17-32-28/subject_kfold/skf_6_P18_P29_P7/baselines/LightGBM/model_benchmark.json,LightGBM,multiclass_table6_valence_3class,Table-6 Valence,gaze_pupil,Gaze x/y plus pupil nodes with temporal and spatial graph relations.,results/quick_v1_v2_comparison/2026-06-12_16-29-08/model_runs/gaze_pupil/2026-06-12_17-31-09,results/quick_v1_v2_comparison/2026-06-12_16-29-08/model_runs/gaze_pupil/2026-06-12_17-31-09/multiclass_table6_valence_3class_emotion-elicitation_2026-06-12_17-32-28,"{""num_leaves_total"": 2065, ""num_trees"": 100}",trees,100.0,,,,,,,,,,
MLP,0.6601123595505618,128,subject_kfold,cuda,47,1.3321037199348211,skf_0_P1_P14_P2_P27,712,0.0006775819288389514,tabular_predict_proba,6.775819288389514e-07,2136,0.001447315,0.6395645589108953,MLP,MLP,baseline,torch_head,table6-valence-3class,712,3,7234,0.00047187521074559726,1.0039898100970156e-05,132681,2823,7234,150,1,results/quick_v1_v2_comparison/2026-06-12_16-29-08/model_runs/gaze_pupil/2026-06-12_17-31-09/multiclass_table6_valence_3class_emotion-elicitation_2026-06-12_17-32-28/subject_kfold/skf_0_P1_P14_P2_P27/baselines/MLP/model_benchmark.json,MLP,multiclass_table6_valence_3class,Table-6 Valence,gaze_pupil,Gaze x/y plus pupil nodes with temporal and spatial graph relations.,results/quick_v1_v2_comparison/2026-06-12_16-29-08/model_runs/gaze_pupil/2026-06-12_17-31-09,results/quick_v1_v2_comparison/2026-06-12_16-29-08/model_runs/gaze_pupil/2026-06-12_17-31-09/multiclass_table6_valence_3class_emotion-elicitation_2026-06-12_17-32-28,,,,,,,,,,,,,
MLP,0.6731517509727627,128,subject_kfold,cuda,22,0.6714377677999437,skf_1_P17_P20_P8,514,0.0009073307392996109,tabular_predict_proba,9.073307392996109e-07,1542,0.001399104,0.649317738791423,MLP,MLP,baseline,torch_head,table6-valence-3class,514,3,7234,0.0002255417426267866,1.0251897392126664e-05,65494,2977,7234,194,1,results/quick_v1_v2_comparison/2026-06-12_16-29-08/model_runs/gaze_pupil/2026-06-12_17-31-09/multiclass_table6_valence_3class_emotion-elicitation_2026-06-12_17-32-28/subject_kfold/skf_1_P17_P20_P8/baselines/MLP/model_benchmark.json,MLP,multiclass_table6_valence_3class,Table-6 Valence,gaze_pupil,Gaze x/y plus pupil nodes with temporal and spatial graph relations.,results/quick_v1_v2_comparison/2026-06-12_16-29-08/model_runs/gaze_pupil/2026-06-12_17-31-09,results/quick_v1_v2_comparison/2026-06-12_16-29-08/model_runs/gaze_pupil/2026-06-12_17-31-09/multiclass_table6_valence_3class_emotion-elicitation_2026-06-12_17-32-28,,,,,,,,,,,,,
MLP,0.6919917864476386,128,subject_kfold,cuda,42,1.2565423548221588,skf_2_P13_P28_P30,487,0.0010104373716632443,tabular_predict_proba,1.0104373716632444e-06,1461,0.001476249,0.6911779626623377,MLP,MLP,baseline,torch_head,table6-valence-3class,487,3,7234,0.00041320037975079213,9.838104279780765e-06,127722,3041,7234,157,1,results/quick_v1_v2_comparison/2026-06-12_16-29-08/model_runs/gaze_pupil/2026-06-12_17-31-09/multiclass_table6_valence_3class_emotion-elicitation_2026-06-12_17-32-28/subject_kfold/skf_2_P13_P28_P30/baselines/MLP/model_benchmark.json,MLP,multiclass_table6_valence_3class,Table-6 Valence,gaze_pupil,Gaze x/y plus pupil nodes with temporal and spatial graph relations.,results/quick_v1_v2_comparison/2026-06-12_16-29-08/model_runs/gaze_pupil/2026-06-12_17-31-09,results/quick_v1_v2_comparison/2026-06-12_16-29-08/model_runs/gaze_pupil/2026-06-12_17-31-09/multiclass_table6_valence_3class_emotion-elicitation_2026-06-12_17-32-28,,,,,,,,,,,,,
MLP,0.6780383795309168,128,subject_kfold,cuda,38,1.1349203852005303,skf_3_P19_P22_P4,469,0.0010427590618336887,tabular_predict_proba,1.0427590618336886e-06,1407,0.001467162,0.6759107987021604,MLP,MLP,baseline,torch_head,table6-valence-3class,469,3,7234,0.0003740673649309592,9.843878024498928e-06,115292,3034,7234,182,1,results/quick_v1_v2_comparison/2026-06-12_16-29-08/model_runs/gaze_pupil/2026-06-12_17-31-09/multiclass_table6_valence_3class_emotion-elicitation_2026-06-12_17-32-28/subject_kfold/skf_3_P19_P22_P4/baselines/MLP/model_benchmark.json,MLP,multiclass_table6_valence_3class,Table-6 Valence,gaze_pupil,Gaze x/y plus pupil nodes with temporal and spatial graph relations.,results/quick_v1_v2_comparison/2026-06-12_16-29-08/model_runs/gaze_pupil/2026-06-12_17-31-09,results/quick_v1_v2_comparison/2026-06-12_16-29-08/model_runs/gaze_pupil/2026-06-12_17-31-09/multiclass_table6_valence_3class_emotion-elicitation_2026-06-12_17-32-28,,,,,,,,,,,,,
MLP,0.7140039447731755,128,subject_kfold,cuda,40,1.2137523060664535,skf_4_P10_P16_P5,507,0.0009760124917817226,tabular_predict_proba,9.760124917817226e-07,1521,0.001484515,0.7135582059544359,MLP,MLP,baseline,torch_head,table6-valence-3class,507,3,7234,0.0004009753241052043,1.0024383102630109e-05,121080,3027,7234,151,1,results/quick_v1_v2_comparison/2026-06-12_16-29-08/model_runs/gaze_pupil/2026-06-12_17-31-09/multiclass_table6_valence_3class_emotion-elicitation_2026-06-12_17-32-28/subject_kfold/skf_4_P10_P16_P5/baselines/MLP/model_benchmark.json,MLP,multiclass_table6_valence_3class,Table-6 Valence,gaze_pupil,Gaze x/y plus pupil nodes with temporal and spatial graph relations.,results/quick_v1_v2_comparison/2026-06-12_16-29-08/model_runs/gaze_pupil/2026-06-12_17-31-09,results/quick_v1_v2_comparison/2026-06-12_16-29-08/model_runs/gaze_pupil/2026-06-12_17-31-09/multiclass_table6_valence_3class_emotion-elicitation_2026-06-12_17-32-28,,,,,,,,,,,,,
MLP,0.6854368932038835,128,subject_kfold,cuda,43,1.3095382158644497,skf_5_P21_P23_P24,515,0.0010158666666666668,tabular_predict_proba,1.0158666666666667e-06,1545,0.001569514,0.6786209553158706,MLP,MLP,baseline,torch_head,table6-valence-3class,515,3,7234,0.0004336219257829304,1.0084230832161171e-05,129860,3020,7234,150,1,results/quick_v1_v2_comparison/2026-06-12_16-29-08/model_runs/gaze_pupil/2026-06-12_17-31-09/multiclass_table6_valence_3class_emotion-elicitation_2026-06-12_17-32-28/subject_kfold/skf_5_P21_P23_P24/baselines/MLP/model_benchmark.json,MLP,multiclass_table6_valence_3class,Table-6 Valence,gaze_pupil,Gaze x/y plus pupil nodes with temporal and spatial graph relations.,results/quick_v1_v2_comparison/2026-06-12_16-29-08/model_runs/gaze_pupil/2026-06-12_17-31-09,results/quick_v1_v2_comparison/2026-06-12_16-29-08/model_runs/gaze_pupil/2026-06-12_17-31-09/multiclass_table6_valence_3class_emotion-elicitation_2026-06-12_17-32-28,,,,,,,,,,,,,
MLP,0.7068607068607069,128,subject_kfold,cuda,41,1.2667944440618157,skf_6_P18_P29_P7,481,0.0011425939015939014,tabular_predict_proba,1.1425939015939015e-06,1443,0.001648763,0.6821958248400928,MLP,MLP,baseline,torch_head,table6-valence-3class,481,3,7234,0.00041493430856921575,1.0120348989493067e-05,125173,3053,7234,151,1,results/quick_v1_v2_comparison/2026-06-12_16-29-08/model_runs/gaze_pupil/2026-06-12_17-31-09/multiclass_table6_valence_3class_emotion-elicitation_2026-06-12_17-32-28/subject_kfold/skf_6_P18_P29_P7/baselines/MLP/model_benchmark.json,MLP,multiclass_table6_valence_3class,Table-6 Valence,gaze_pupil,Gaze x/y plus pupil nodes with temporal and spatial graph relations.,results/quick_v1_v2_comparison/2026-06-12_16-29-08/model_runs/gaze_pupil/2026-06-12_17-31-09,results/quick_v1_v2_comparison/2026-06-12_16-29-08/model_runs/gaze_pupil/2026-06-12_17-31-09/multiclass_table6_valence_3class_emotion-elicitation_2026-06-12_17-32-28,,,,,,,,,,,,,
MOMENT_GazeMAE_gaze_pupil,0.6966292134831461,128,subject_kfold,cuda,27,0.9027051720768213,skf_0_P1_P14_P2_P27,712,0.0009697780898876404,cached_frozen_embedding_mlp_head_predict_proba,9.697780898876404e-07,2136,0.002071446,0.6966196382918284,MOMENT_GazeMAE_gaze_pupil,MOMENT_GazeMAE_gaze_pupil,baseline,frozen_moment_gazemae_encoders_plus_trainable_mlp_head,table6-valence-3class,712,3,127217238,0.00031976803828438587,1.1843260677199476e-05,76221,2823,180738,150,1,results/quick_v1_v2_comparison/2026-06-12_16-29-08/model_runs/gaze_pupil/2026-06-12_17-31-09/multiclass_table6_valence_3class_emotion-elicitation_2026-06-12_17-32-28/subject_kfold/skf_0_P1_P14_P2_P27/baselines/MOMENT_GazeMAE_gaze_pupil/model_benchmark.json,MOMENT_GazeMAE_gaze_pupil,multiclass_table6_valence_3class,Table-6 Valence,gaze_pupil,Gaze x/y plus pupil nodes with temporal and spatial graph relations.,results/quick_v1_v2_comparison/2026-06-12_16-29-08/model_runs/gaze_pupil/2026-06-12_17-31-09,results/quick_v1_v2_comparison/2026-06-12_16-29-08/model_runs/gaze_pupil/2026-06-12_17-31-09/multiclass_table6_valence_3class_emotion-elicitation_2026-06-12_17-32-28,,,,127036500.0,180738.0,,,,,,,,
MOMENT_GazeMAE_gaze_pupil,0.6809338521400778,128,subject_kfold,cuda,19,0.765629768371582,skf_1_P17_P20_P8,514,0.0010742328145265888,cached_frozen_embedding_mlp_head_predict_proba,1.0742328145265888e-06,1542,0.001656467,0.6745478973947153,MOMENT_GazeMAE_gaze_pupil,MOMENT_GazeMAE_gaze_pupil,baseline,frozen_moment_gazemae_encoders_plus_trainable_mlp_head,table6-valence-3class,514,3,127217238,0.00025718164876438763,1.3535876250757244e-05,56563,2977,180738,194,1,results/quick_v1_v2_comparison/2026-06-12_16-29-08/model_runs/gaze_pupil/2026-06-12_17-31-09/multiclass_table6_valence_3class_emotion-elicitation_2026-06-12_17-32-28/subject_kfold/skf_1_P17_P20_P8/baselines/MOMENT_GazeMAE_gaze_pupil/model_benchmark.json,MOMENT_GazeMAE_gaze_pupil,multiclass_table6_valence_3class,Table-6 Valence,gaze_pupil,Gaze x/y plus pupil nodes with temporal and spatial graph relations.,results/quick_v1_v2_comparison/2026-06-12_16-29-08/model_runs/gaze_pupil/2026-06-12_17-31-09,results/quick_v1_v2_comparison/2026-06-12_16-29-08/model_runs/gaze_pupil/2026-06-12_17-31-09/multiclass_table6_valence_3class_emotion-elicitation_2026-06-12_17-32-28,,,,127036500.0,180738.0,,,,,,,,
MOMENT_GazeMAE_gaze_pupil,0.6858316221765913,128,subject_kfold,cuda,21,0.9325738358311355,skf_2_P13_P28_P30,487,0.001280210814510609,cached_frozen_embedding_mlp_head_predict_proba,1.2802108145106091e-06,1461,0.001870388,0.6836977700801039,MOMENT_GazeMAE_gaze_pupil,MOMENT_GazeMAE_gaze_pupil,baseline,frozen_moment_gazemae_encoders_plus_trainable_mlp_head,table6-valence-3class,487,3,127217238,0.00030666683190764074,1.4603182471792417e-05,63861,3041,180738,157,1,results/quick_v1_v2_comparison/2026-06-12_16-29-08/model_runs/gaze_pupil/2026-06-12_17-31-09/multiclass_table6_valence_3class_emotion-elicitation_2026-06-12_17-32-28/subject_kfold/skf_2_P13_P28_P30/baselines/MOMENT_GazeMAE_gaze_pupil/model_benchmark.json,MOMENT_GazeMAE_gaze_pupil,multiclass_table6_valence_3class,Table-6 Valence,gaze_pupil,Gaze x/y plus pupil nodes with temporal and spatial graph relations.,results/quick_v1_v2_comparison/2026-06-12_16-29-08/model_runs/gaze_pupil/2026-06-12_17-31-09,results/quick_v1_v2_comparison/2026-06-12_16-29-08/model_runs/gaze_pupil/2026-06-12_17-31-09/multiclass_table6_valence_3class_emotion-elicitation_2026-06-12_17-32-28,,,,127036500.0,180738.0,,,,,,,,
MOMENT_GazeMAE_gaze_pupil,0.6545842217484008,128,subject_kfold,cuda,17,0.6356752188876271,skf_3_P19_P22_P4,469,0.0011260781805259418,cached_frozen_embedding_mlp_head_predict_proba,1.1260781805259418e-06,1407,0.001584392,0.6510801278518682,MOMENT_GazeMAE_gaze_pupil,MOMENT_GazeMAE_gaze_pupil,baseline,frozen_moment_gazemae_encoders_plus_trainable_mlp_head,table6-valence-3class,469,3,127217238,0.00020951721123521,1.2324541837365293e-05,51578,3034,180738,182,1,results/quick_v1_v2_comparison/2026-06-12_16-29-08/model_runs/gaze_pupil/2026-06-12_17-31-09/multiclass_table6_valence_3class_emotion-elicitation_2026-06-12_17-32-28/subject_kfold/skf_3_P19_P22_P4/baselines/MOMENT_GazeMAE_gaze_pupil/model_benchmark.json,MOMENT_GazeMAE_gaze_pupil,multiclass_table6_valence_3class,Table-6 Valence,gaze_pupil,Gaze x/y plus pupil nodes with temporal and spatial graph relations.,results/quick_v1_v2_comparison/2026-06-12_16-29-08/model_runs/gaze_pupil/2026-06-12_17-31-09,results/quick_v1_v2_comparison/2026-06-12_16-29-08/model_runs/gaze_pupil/2026-06-12_17-31-09/multiclass_table6_valence_3class_emotion-elicitation_2026-06-12_17-32-28,,,,127036500.0,180738.0,,,,,,,,
MOMENT_GazeMAE_gaze_pupil,0.6587771203155819,128,subject_kfold,cuda,21,0.8110404717735946,skf_4_P10_P16_P5,507,0.0010928717948717947,cached_frozen_embedding_mlp_head_predict_proba,1.0928717948717948e-06,1521,0.001662258,0.6505050505050505,MOMENT_GazeMAE_gaze_pupil,MOMENT_GazeMAE_gaze_pupil,baseline,frozen_moment_gazemae_encoders_plus_trainable_mlp_head,table6-valence-3class,507,3,127217238,0.0002679354052770382,1.2758828822716104e-05,63567,3027,180738,151,1,results/quick_v1_v2_comparison/2026-06-12_16-29-08/model_runs/gaze_pupil/2026-06-12_17-31-09/multiclass_table6_valence_3class_emotion-elicitation_2026-06-12_17-32-28/subject_kfold/skf_4_P10_P16_P5/baselines/MOMENT_GazeMAE_gaze_pupil/model_benchmark.json,MOMENT_GazeMAE_gaze_pupil,multiclass_table6_valence_3class,Table-6 Valence,gaze_pupil,Gaze x/y plus pupil nodes with temporal and spatial graph relations.,results/quick_v1_v2_comparison/2026-06-12_16-29-08/model_runs/gaze_pupil/2026-06-12_17-31-09,results/quick_v1_v2_comparison/2026-06-12_16-29-08/model_runs/gaze_pupil/2026-06-12_17-31-09/multiclass_table6_valence_3class_emotion-elicitation_2026-06-12_17-32-28,,,,127036500.0,180738.0,,,,,,,,
MOMENT_GazeMAE_gaze_pupil,0.658252427184466,128,subject_kfold,cuda,21,0.7789363861083984,skf_5_P21_P23_P24,515,0.00107857928802589,cached_frozen_embedding_mlp_head_predict_proba,1.07857928802589e-06,1545,0.001666405,0.6576832437005258,MOMENT_GazeMAE_gaze_pupil,MOMENT_GazeMAE_gaze_pupil,baseline,frozen_moment_gazemae_encoders_plus_trainable_mlp_head,table6-valence-3class,515,3,127217238,0.0002579259556650326,1.2282188365001552e-05,63420,3020,180738,150,1,results/quick_v1_v2_comparison/2026-06-12_16-29-08/model_runs/gaze_pupil/2026-06-12_17-31-09/multiclass_table6_valence_3class_emotion-elicitation_2026-06-12_17-32-28/subject_kfold/skf_5_P21_P23_P24/baselines/MOMENT_GazeMAE_gaze_pupil/model_benchmark.json,MOMENT_GazeMAE_gaze_pupil,multiclass_table6_valence_3class,Table-6 Valence,gaze_pupil,Gaze x/y plus pupil nodes with temporal and spatial graph relations.,results/quick_v1_v2_comparison/2026-06-12_16-29-08/model_runs/gaze_pupil/2026-06-12_17-31-09,results/quick_v1_v2_comparison/2026-06-12_16-29-08/model_runs/gaze_pupil/2026-06-12_17-31-09/multiclass_table6_valence_3class_emotion-elicitation_2026-06-12_17-32-28,,,,127036500.0,180738.0,,,,,,,,
MOMENT_GazeMAE_gaze_pupil,0.5550935550935551,128,subject_kfold,cuda,17,0.6944746668450534,skf_6_P18_P29_P7,481,0.0011167234927234927,cached_frozen_embedding_mlp_head_predict_proba,1.1167234927234927e-06,1443,0.001611432,0.5532378472222222,MOMENT_GazeMAE_gaze_pupil,MOMENT_GazeMAE_gaze_pupil,baseline,frozen_moment_gazemae_encoders_plus_trainable_mlp_head,table6-valence-3class,481,3,127217238,0.00022747286827548425,1.3380756957381427e-05,51901,3053,180738,151,1,results/quick_v1_v2_comparison/2026-06-12_16-29-08/model_runs/gaze_pupil/2026-06-12_17-31-09/multiclass_table6_valence_3class_emotion-elicitation_2026-06-12_17-32-28/subject_kfold/skf_6_P18_P29_P7/baselines/MOMENT_GazeMAE_gaze_pupil/model_benchmark.json,MOMENT_GazeMAE_gaze_pupil,multiclass_table6_valence_3class,Table-6 Valence,gaze_pupil,Gaze x/y plus pupil nodes with temporal and spatial graph relations.,results/quick_v1_v2_comparison/2026-06-12_16-29-08/model_runs/gaze_pupil/2026-06-12_17-31-09,results/quick_v1_v2_comparison/2026-06-12_16-29-08/model_runs/gaze_pupil/2026-06-12_17-31-09/multiclass_table6_valence_3class_emotion-elicitation_2026-06-12_17-32-28,,,,127036500.0,180738.0,,,,,,,,
BasicGCN,0.6334269662921348,256,subject_kfold,cuda,185,83.75265189772472,skf_0_P1_P14_P2_P27,712,0.16377682631086143,materialized_graph_loader_forward_softmax,0.00016377682631086142,2136,0.349827301,0.6104273450520423,BasicGCN,BasicGCN,gnn,torch_model,table6-valence-3class,712,3,26051,0.02966796028966515,0.0001603673529171089,522255,2823,26051,150,1,results/quick_v1_v2_comparison/2026-06-12_16-29-08/model_runs/gaze_pupil/2026-06-12_17-31-09/multiclass_table6_valence_3class_emotion-elicitation_2026-06-12_17-32-28/subject_kfold/skf_0_P1_P14_P2_P27/gnn/BasicGCN/model_benchmark.json,BasicGCN,multiclass_table6_valence_3class,Table-6 Valence,gaze_pupil,Gaze x/y plus pupil nodes with temporal and spatial graph relations.,results/quick_v1_v2_comparison/2026-06-12_16-29-08/model_runs/gaze_pupil/2026-06-12_17-31-09,results/quick_v1_v2_comparison/2026-06-12_16-29-08/model_runs/gaze_pupil/2026-06-12_17-31-09/multiclass_table6_valence_3class_emotion-elicitation_2026-06-12_17-32-28,,,,,,165.0,,,,,,,
BasicGCN,0.6575875486381323,256,subject_kfold,cuda,68,32.9718764256686,skf_1_P17_P20_P8,514,0.20023227626459145,materialized_graph_loader_forward_softmax,0.00020023227626459145,1542,0.30875817,0.6446706887883358,BasicGCN,BasicGCN,gnn,torch_model,table6-valence-3class,514,3,26051,0.011075537932706953,0.00016287555783392577,202436,2977,26051,194,1,results/quick_v1_v2_comparison/2026-06-12_16-29-08/model_runs/gaze_pupil/2026-06-12_17-31-09/multiclass_table6_valence_3class_emotion-elicitation_2026-06-12_17-32-28/subject_kfold/skf_1_P17_P20_P8/gnn/BasicGCN/model_benchmark.json,BasicGCN,multiclass_table6_valence_3class,Table-6 Valence,gaze_pupil,Gaze x/y plus pupil nodes with temporal and spatial graph relations.,results/quick_v1_v2_comparison/2026-06-12_16-29-08/model_runs/gaze_pupil/2026-06-12_17-31-09,results/quick_v1_v2_comparison/2026-06-12_16-29-08/model_runs/gaze_pupil/2026-06-12_17-31-09/multiclass_table6_valence_3class_emotion-elicitation_2026-06-12_17-32-28,,,,,,48.0,,,,,,,
BasicGCN,0.6570841889117043,256,subject_kfold,cuda,148,71.75463539315388,skf_2_P13_P28_P30,487,0.19103275154004107,materialized_graph_loader_forward_softmax,0.00019103275154004108,1461,0.27909885,0.6545145600135935,BasicGCN,BasicGCN,gnn,torch_model,table6-valence-3class,487,3,26051,0.023595736729087102,0.00015943065357491284,450068,3041,26051,157,1,results/quick_v1_v2_comparison/2026-06-12_16-29-08/model_runs/gaze_pupil/2026-06-12_17-31-09/multiclass_table6_valence_3class_emotion-elicitation_2026-06-12_17-32-28/subject_kfold/skf_2_P13_P28_P30/gnn/BasicGCN/model_benchmark.json,BasicGCN,multiclass_table6_valence_3class,Table-6 Valence,gaze_pupil,Gaze x/y plus pupil nodes with temporal and spatial graph relations.,results/quick_v1_v2_comparison/2026-06-12_16-29-08/model_runs/gaze_pupil/2026-06-12_17-31-09,results/quick_v1_v2_comparison/2026-06-12_16-29-08/model_runs/gaze_pupil/2026-06-12_17-31-09/multiclass_table6_valence_3class_emotion-elicitation_2026-06-12_17-32-28,,,,,,128.0,,,,,,,
BasicGCN,0.6567164179104478,256,subject_kfold,cuda,71,34.86624436406419,skf_3_P19_P22_P4,469,0.1967597050461976,materialized_graph_loader_forward_softmax,0.0001967597050461976,1407,0.276840905,0.6527699219630186,BasicGCN,BasicGCN,gnn,torch_model,table6-valence-3class,469,3,26051,0.01149184059461575,0.00016185690978332042,215414,3034,26051,182,1,results/quick_v1_v2_comparison/2026-06-12_16-29-08/model_runs/gaze_pupil/2026-06-12_17-31-09/multiclass_table6_valence_3class_emotion-elicitation_2026-06-12_17-32-28/subject_kfold/skf_3_P19_P22_P4/gnn/BasicGCN/model_benchmark.json,BasicGCN,multiclass_table6_valence_3class,Table-6 Valence,gaze_pupil,Gaze x/y plus pupil nodes with temporal and spatial graph relations.,results/quick_v1_v2_comparison/2026-06-12_16-29-08/model_runs/gaze_pupil/2026-06-12_17-31-09,results/quick_v1_v2_comparison/2026-06-12_16-29-08/model_runs/gaze_pupil/2026-06-12_17-31-09/multiclass_table6_valence_3class_emotion-elicitation_2026-06-12_17-32-28,,,,,,51.0,,,,,,,
BasicGCN,0.6686390532544378,256,subject_kfold,cuda,146,69.09031342668459,skf_4_P10_P16_P5,507,0.19434215647600264,materialized_graph_loader_forward_softmax,0.00019434215647600264,1521,0.29559442,0.6686068227091633,BasicGCN,BasicGCN,gnn,torch_model,table6-valence-3class,507,3,26051,0.022824682334550574,0.00015633344064760668,441942,3027,26051,151,1,results/quick_v1_v2_comparison/2026-06-12_16-29-08/model_runs/gaze_pupil/2026-06-12_17-31-09/multiclass_table6_valence_3class_emotion-elicitation_2026-06-12_17-32-28/subject_kfold/skf_4_P10_P16_P5/gnn/BasicGCN/model_benchmark.json,BasicGCN,multiclass_table6_valence_3class,Table-6 Valence,gaze_pupil,Gaze x/y plus pupil nodes with temporal and spatial graph relations.,results/quick_v1_v2_comparison/2026-06-12_16-29-08/model_runs/gaze_pupil/2026-06-12_17-31-09,results/quick_v1_v2_comparison/2026-06-12_16-29-08/model_runs/gaze_pupil/2026-06-12_17-31-09/multiclass_table6_valence_3class_emotion-elicitation_2026-06-12_17-32-28,,,,,,126.0,,,,,,,
BasicGCN,0.6077669902912621,256,subject_kfold,cuda,167,81.03670397913083,skf_5_P21_P23_P24,515,0.19917173074433656,materialized_graph_loader_forward_softmax,0.00019917173074433656,1545,0.307720324,0.5806324174406605,BasicGCN,BasicGCN,gnn,torch_model,table6-valence-3class,515,3,26051,0.02683334568845392,0.00016067871669732885,504340,3020,26051,150,1,results/quick_v1_v2_comparison/2026-06-12_16-29-08/model_runs/gaze_pupil/2026-06-12_17-31-09/multiclass_table6_valence_3class_emotion-elicitation_2026-06-12_17-32-28/subject_kfold/skf_5_P21_P23_P24/gnn/BasicGCN/model_benchmark.json,BasicGCN,multiclass_table6_valence_3class,Table-6 Valence,gaze_pupil,Gaze x/y plus pupil nodes with temporal and spatial graph relations.,results/quick_v1_v2_comparison/2026-06-12_16-29-08/model_runs/gaze_pupil/2026-06-12_17-31-09,results/quick_v1_v2_comparison/2026-06-12_16-29-08/model_runs/gaze_pupil/2026-06-12_17-31-09/multiclass_table6_valence_3class_emotion-elicitation_2026-06-12_17-32-28,,,,,,147.0,,,,,,,
BasicGCN,0.6985446985446986,256,subject_kfold,cuda,128,61.266490679234266,skf_6_P18_P29_P7,481,0.19604863201663203,materialized_graph_loader_forward_softmax,0.00019604863201663203,1443,0.282898176,0.6631083202511774,BasicGCN,BasicGCN,gnn,torch_model,table6-valence-3class,481,3,26051,0.02006763533548453,0.00015677840105847289,390784,3053,26051,151,1,results/quick_v1_v2_comparison/2026-06-12_16-29-08/model_runs/gaze_pupil/2026-06-12_17-31-09/multiclass_table6_valence_3class_emotion-elicitation_2026-06-12_17-32-28/subject_kfold/skf_6_P18_P29_P7/gnn/BasicGCN/model_benchmark.json,BasicGCN,multiclass_table6_valence_3class,Table-6 Valence,gaze_pupil,Gaze x/y plus pupil nodes with temporal and spatial graph relations.,results/quick_v1_v2_comparison/2026-06-12_16-29-08/model_runs/gaze_pupil/2026-06-12_17-31-09,results/quick_v1_v2_comparison/2026-06-12_16-29-08/model_runs/gaze_pupil/2026-06-12_17-31-09/multiclass_table6_valence_3class_emotion-elicitation_2026-06-12_17-32-28,,,,,,108.0,,,,,,,
HeteroGCNMean,0.6137640449438202,256,subject_kfold,cuda,111,67.95303470781073,skf_0_P1_P14_P2_P27,712,0.1725175327715356,materialized_graph_loader_forward_softmax,0.0001725175327715356,2136,0.36849745,0.5795892513983274,HeteroGCNMean,HeteroGCNMean,gnn,torch_model,table6-valence-3class,712,3,42691,0.024071213144814287,0.00021685777607940797,313353,2823,42691,150,1,results/quick_v1_v2_comparison/2026-06-12_16-29-08/model_runs/gaze_pupil/2026-06-12_17-31-09/multiclass_table6_valence_3class_emotion-elicitation_2026-06-12_17-32-28/subject_kfold/skf_0_P1_P14_P2_P27/gnn/HeteroGCNMean/model_benchmark.json,HeteroGCNMean,multiclass_table6_valence_3class,Table-6 Valence,gaze_pupil,Gaze x/y plus pupil nodes with temporal and spatial graph relations.,results/quick_v1_v2_comparison/2026-06-12_16-29-08/model_runs/gaze_pupil/2026-06-12_17-31-09,results/quick_v1_v2_comparison/2026-06-12_16-29-08/model_runs/gaze_pupil/2026-06-12_17-31-09/multiclass_table6_valence_3class_emotion-elicitation_2026-06-12_17-32-28,,,,,,91.0,,,,,,,
HeteroGCNMean,0.566147859922179,256,subject_kfold,cuda,21,13.39352451916784,skf_1_P17_P20_P8,514,0.2037800654993515,materialized_graph_loader_forward_softmax,0.0002037800654993515,1542,0.314228861,0.46991930076074645,HeteroGCNMean,HeteroGCNMean,gnn,torch_model,table6-valence-3class,514,3,42691,0.004499000510301592,0.00021423811953817106,62517,2977,42691,194,1,results/quick_v1_v2_comparison/2026-06-12_16-29-08/model_runs/gaze_pupil/2026-06-12_17-31-09/multiclass_table6_valence_3class_emotion-elicitation_2026-06-12_17-32-28/subject_kfold/skf_1_P17_P20_P8/gnn/HeteroGCNMean/model_benchmark.json,HeteroGCNMean,multiclass_table6_valence_3class,Table-6 Valence,gaze_pupil,Gaze x/y plus pupil nodes with temporal and spatial graph relations.,results/quick_v1_v2_comparison/2026-06-12_16-29-08/model_runs/gaze_pupil/2026-06-12_17-31-09,results/quick_v1_v2_comparison/2026-06-12_16-29-08/model_runs/gaze_pupil/2026-06-12_17-31-09/multiclass_table6_valence_3class_emotion-elicitation_2026-06-12_17-32-28,,,,,,1.0,,,,,,,
HeteroGCNMean,0.6386036960985626,256,subject_kfold,cuda,189,121.66949541680515,skf_2_P13_P28_P30,487,0.20703790485968518,materialized_graph_loader_forward_softmax,0.00020703790485968518,1461,0.302482379,0.6367273590343472,HeteroGCNMean,HeteroGCNMean,gnn,torch_model,table6-valence-3class,487,3,42691,0.040009699249196035,0.00021169153041902664,574749,3041,42691,157,1,results/quick_v1_v2_comparison/2026-06-12_16-29-08/model_runs/gaze_pupil/2026-06-12_17-31-09/multiclass_table6_valence_3class_emotion-elicitation_2026-06-12_17-32-28/subject_kfold/skf_2_P13_P28_P30/gnn/HeteroGCNMean/model_benchmark.json,HeteroGCNMean,multiclass_table6_valence_3class,Table-6 Valence,gaze_pupil,Gaze x/y plus pupil nodes with temporal and spatial graph relations.,results/quick_v1_v2_comparison/2026-06-12_16-29-08/model_runs/gaze_pupil/2026-06-12_17-31-09,results/quick_v1_v2_comparison/2026-06-12_16-29-08/model_runs/gaze_pupil/2026-06-12_17-31-09/multiclass_table6_valence_3class_emotion-elicitation_2026-06-12_17-32-28,,,,,,169.0,,,,,,,
HeteroGCNMean,0.6545842217484008,256,subject_kfold,cuda,68,43.70767270587385,skf_3_P19_P22_P4,469,0.20719556218905472,materialized_graph_loader_forward_softmax,0.00020719556218905472,1407,0.291524156,0.6519241341396371,HeteroGCNMean,HeteroGCNMean,gnn,torch_model,table6-valence-3class,469,3,42691,0.014405956725732975,0.0002118523047901908,206312,3034,42691,182,1,results/quick_v1_v2_comparison/2026-06-12_16-29-08/model_runs/gaze_pupil/2026-06-12_17-31-09/multiclass_table6_valence_3class_emotion-elicitation_2026-06-12_17-32-28/subject_kfold/skf_3_P19_P22_P4/gnn/HeteroGCNMean/model_benchmark.json,HeteroGCNMean,multiclass_table6_valence_3class,Table-6 Valence,gaze_pupil,Gaze x/y plus pupil nodes with temporal and spatial graph relations.,results/quick_v1_v2_comparison/2026-06-12_16-29-08/model_runs/gaze_pupil/2026-06-12_17-31-09,results/quick_v1_v2_comparison/2026-06-12_16-29-08/model_runs/gaze_pupil/2026-06-12_17-31-09/multiclass_table6_valence_3class_emotion-elicitation_2026-06-12_17-32-28,,,,,,48.0,,,,,,,
HeteroGCNMean,0.6804733727810651,256,subject_kfold,cuda,122,77.48899614717811,skf_4_P10_P16_P5,507,0.21323255226824459,materialized_graph_loader_forward_softmax,0.00021323255226824458,1521,0.324326712,0.6801137248792647,HeteroGCNMean,HeteroGCNMean,gnn,torch_model,table6-valence-3class,507,3,42691,0.025599271934977904,0.00020983009782768772,369294,3027,42691,151,1,results/quick_v1_v2_comparison/2026-06-12_16-29-08/model_runs/gaze_pupil/2026-06-12_17-31-09/multiclass_table6_valence_3class_emotion-elicitation_2026-06-12_17-32-28/subject_kfold/skf_4_P10_P16_P5/gnn/HeteroGCNMean/model_benchmark.json,HeteroGCNMean,multiclass_table6_valence_3class,Table-6 Valence,gaze_pupil,Gaze x/y plus pupil nodes with temporal and spatial graph relations.,results/quick_v1_v2_comparison/2026-06-12_16-29-08/model_runs/gaze_pupil/2026-06-12_17-31-09,results/quick_v1_v2_comparison/2026-06-12_16-29-08/model_runs/gaze_pupil/2026-06-12_17-31-09/multiclass_table6_valence_3class_emotion-elicitation_2026-06-12_17-32-28,,,,,,102.0,,,,,,,
HeteroGCNMean,0.6368932038834951,256,subject_kfold,cuda,232,148.85017332201824,skf_5_P21_P23_P24,515,0.20821700647249192,materialized_graph_loader_forward_softmax,0.0002082170064724919,1545,0.321695275,0.6243793610490309,HeteroGCNMean,HeteroGCNMean,gnn,torch_model,table6-valence-3class,515,3,42691,0.049288136861595444,0.00021244886578273897,700640,3020,42691,150,1,results/quick_v1_v2_comparison/2026-06-12_16-29-08/model_runs/gaze_pupil/2026-06-12_17-31-09/multiclass_table6_valence_3class_emotion-elicitation_2026-06-12_17-32-28/subject_kfold/skf_5_P21_P23_P24/gnn/HeteroGCNMean/model_benchmark.json,HeteroGCNMean,multiclass_table6_valence_3class,Table-6 Valence,gaze_pupil,Gaze x/y plus pupil nodes with temporal and spatial graph relations.,results/quick_v1_v2_comparison/2026-06-12_16-29-08/model_runs/gaze_pupil/2026-06-12_17-31-09,results/quick_v1_v2_comparison/2026-06-12_16-29-08/model_runs/gaze_pupil/2026-06-12_17-31-09/multiclass_table6_valence_3class_emotion-elicitation_2026-06-12_17-32-28,,,,,,212.0,,,,,,,
HeteroGCNMean,0.6777546777546778,256,subject_kfold,cuda,135,85.74191241012886,skf_6_P18_P29_P7,481,0.20533602356202357,materialized_graph_loader_forward_softmax,0.00020533602356202356,1443,0.296299882,0.6353654659721713,HeteroGCNMean,HeteroGCNMean,gnn,torch_model,table6-valence-3class,481,3,42691,0.02808447835248243,0.00020803317298135135,412155,3053,42691,151,1,results/quick_v1_v2_comparison/2026-06-12_16-29-08/model_runs/gaze_pupil/2026-06-12_17-31-09/multiclass_table6_valence_3class_emotion-elicitation_2026-06-12_17-32-28/subject_kfold/skf_6_P18_P29_P7/gnn/HeteroGCNMean/model_benchmark.json,HeteroGCNMean,multiclass_table6_valence_3class,Table-6 Valence,gaze_pupil,Gaze x/y plus pupil nodes with temporal and spatial graph relations.,results/quick_v1_v2_comparison/2026-06-12_16-29-08/model_runs/gaze_pupil/2026-06-12_17-31-09,results/quick_v1_v2_comparison/2026-06-12_16-29-08/model_runs/gaze_pupil/2026-06-12_17-31-09/multiclass_table6_valence_3class_emotion-elicitation_2026-06-12_17-32-28,,,,,,115.0,,,,,,,
HeteroGCNMLP,0.6390449438202247,256,subject_kfold,cuda,214,139.13972921622917,skf_0_P1_P14_P2_P27,712,0.16742860533707865,materialized_graph_loader_forward_softmax,0.00016742860533707865,2136,0.357627501,0.6220455526569629,HeteroGCNMLP,HeteroGCNMLP,gnn,torch_model,table6-valence-3class,712,3,75715,0.04928789557783534,0.00023031726905530534,604122,2823,75715,150,1,results/quick_v1_v2_comparison/2026-06-12_16-29-08/model_runs/gaze_pupil/2026-06-12_17-31-09/multiclass_table6_valence_3class_emotion-elicitation_2026-06-12_17-32-28/subject_kfold/skf_0_P1_P14_P2_P27/gnn/HeteroGCNMLP/model_benchmark.json,HeteroGCNMLP,multiclass_table6_valence_3class,Table-6 Valence,gaze_pupil,Gaze x/y plus pupil nodes with temporal and spatial graph relations.,results/quick_v1_v2_comparison/2026-06-12_16-29-08/model_runs/gaze_pupil/2026-06-12_17-31-09,results/quick_v1_v2_comparison/2026-06-12_16-29-08/model_runs/gaze_pupil/2026-06-12_17-31-09/multiclass_table6_valence_3class_emotion-elicitation_2026-06-12_17-32-28,,,,,,194.0,,,,,,,
HeteroGCNMLP,0.6478599221789884,256,subject_kfold,cuda,51,34.54637648630887,skf_1_P17_P20_P8,514,0.21527781193255513,materialized_graph_loader_forward_softmax,0.00021527781193255512,1542,0.331958386,0.6369759047897766,HeteroGCNMLP,HeteroGCNMLP,gnn,torch_model,table6-valence-3class,514,3,75715,0.011604426095501805,0.00022753776657846676,151827,2977,75715,194,1,results/quick_v1_v2_comparison/2026-06-12_16-29-08/model_runs/gaze_pupil/2026-06-12_17-31-09/multiclass_table6_valence_3class_emotion-elicitation_2026-06-12_17-32-28/subject_kfold/skf_1_P17_P20_P8/gnn/HeteroGCNMLP/model_benchmark.json,HeteroGCNMLP,multiclass_table6_valence_3class,Table-6 Valence,gaze_pupil,Gaze x/y plus pupil nodes with temporal and spatial graph relations.,results/quick_v1_v2_comparison/2026-06-12_16-29-08/model_runs/gaze_pupil/2026-06-12_17-31-09,results/quick_v1_v2_comparison/2026-06-12_16-29-08/model_runs/gaze_pupil/2026-06-12_17-31-09/multiclass_table6_valence_3class_emotion-elicitation_2026-06-12_17-32-28,,,,,,31.0,,,,,,,
HeteroGCNMLP,0.6036960985626283,256,subject_kfold,cuda,143,98.27174583403394,skf_2_P13_P28_P30,487,0.21048327241615333,materialized_graph_loader_forward_softmax,0.00021048327241615333,1461,0.307516061,0.6031539614515822,HeteroGCNMLP,HeteroGCNMLP,gnn,torch_model,table6-valence-3class,487,3,75715,0.032315602049994716,0.0002259832311188442,434863,3041,75715,157,1,results/quick_v1_v2_comparison/2026-06-12_16-29-08/model_runs/gaze_pupil/2026-06-12_17-31-09/multiclass_table6_valence_3class_emotion-elicitation_2026-06-12_17-32-28/subject_kfold/skf_2_P13_P28_P30/gnn/HeteroGCNMLP/model_benchmark.json,HeteroGCNMLP,multiclass_table6_valence_3class,Table-6 Valence,gaze_pupil,Gaze x/y plus pupil nodes with temporal and spatial graph relations.,results/quick_v1_v2_comparison/2026-06-12_16-29-08/model_runs/gaze_pupil/2026-06-12_17-31-09,results/quick_v1_v2_comparison/2026-06-12_16-29-08/model_runs/gaze_pupil/2026-06-12_17-31-09/multiclass_table6_valence_3class_emotion-elicitation_2026-06-12_17-32-28,,,,,,123.0,,,,,,,
HeteroGCNMLP,0.6631130063965884,256,subject_kfold,cuda,60,41.30010217381641,skf_3_P19_P22_P4,469,0.2113693461265103,materialized_graph_loader_forward_softmax,0.00021136934612651028,1407,0.29739667,0.6596954333370073,HeteroGCNMLP,HeteroGCNMLP,gnn,torch_model,table6-valence-3class,469,3,75715,0.013612426556959925,0.00022687377594933207,182040,3034,75715,182,1,results/quick_v1_v2_comparison/2026-06-12_16-29-08/model_runs/gaze_pupil/2026-06-12_17-31-09/multiclass_table6_valence_3class_emotion-elicitation_2026-06-12_17-32-28/subject_kfold/skf_3_P19_P22_P4/gnn/HeteroGCNMLP/model_benchmark.json,HeteroGCNMLP,multiclass_table6_valence_3class,Table-6 Valence,gaze_pupil,Gaze x/y plus pupil nodes with temporal and spatial graph relations.,results/quick_v1_v2_comparison/2026-06-12_16-29-08/model_runs/gaze_pupil/2026-06-12_17-31-09,results/quick_v1_v2_comparison/2026-06-12_16-29-08/model_runs/gaze_pupil/2026-06-12_17-31-09/multiclass_table6_valence_3class_emotion-elicitation_2026-06-12_17-32-28,,,,,,40.0,,,,,,,
HeteroGCNMLP,0.6568047337278107,256,subject_kfold,cuda,71,48.40087031992152,skf_4_P10_P16_P5,507,0.20696173044049967,materialized_graph_loader_forward_softmax,0.00020696173044049967,1521,0.314788792,0.6558286516853933,HeteroGCNMLP,HeteroGCNMLP,gnn,torch_model,table6-valence-3class,507,3,75715,0.015989715996009752,0.00022520726754943316,214917,3027,75715,151,1,results/quick_v1_v2_comparison/2026-06-12_16-29-08/model_runs/gaze_pupil/2026-06-12_17-31-09/multiclass_table6_valence_3class_emotion-elicitation_2026-06-12_17-32-28/subject_kfold/skf_4_P10_P16_P5/gnn/HeteroGCNMLP/model_benchmark.json,HeteroGCNMLP,multiclass_table6_valence_3class,Table-6 Valence,gaze_pupil,Gaze x/y plus pupil nodes with temporal and spatial graph relations.,results/quick_v1_v2_comparison/2026-06-12_16-29-08/model_runs/gaze_pupil/2026-06-12_17-31-09,results/quick_v1_v2_comparison/2026-06-12_16-29-08/model_runs/gaze_pupil/2026-06-12_17-31-09/multiclass_table6_valence_3class_emotion-elicitation_2026-06-12_17-32-28,,,,,,51.0,,,,,,,
HeteroGCNMLP,0.5883495145631068,256,subject_kfold,cuda,78,53.09484275477007,skf_5_P21_P23_P24,515,0.20216443106796114,materialized_graph_loader_forward_softmax,0.00020216443106796115,1545,0.312344046,0.5634476361077346,HeteroGCNMLP,HeteroGCNMLP,gnn,torch_model,table6-valence-3class,515,3,75715,0.017581073759857638,0.0002253983815366364,235560,3020,75715,150,1,results/quick_v1_v2_comparison/2026-06-12_16-29-08/model_runs/gaze_pupil/2026-06-12_17-31-09/multiclass_table6_valence_3class_emotion-elicitation_2026-06-12_17-32-28/subject_kfold/skf_5_P21_P23_P24/gnn/HeteroGCNMLP/model_benchmark.json,HeteroGCNMLP,multiclass_table6_valence_3class,Table-6 Valence,gaze_pupil,Gaze x/y plus pupil nodes with temporal and spatial graph relations.,results/quick_v1_v2_comparison/2026-06-12_16-29-08/model_runs/gaze_pupil/2026-06-12_17-31-09,results/quick_v1_v2_comparison/2026-06-12_16-29-08/model_runs/gaze_pupil/2026-06-12_17-31-09/multiclass_table6_valence_3class_emotion-elicitation_2026-06-12_17-32-28,,,,,,58.0,,,,,,,
HeteroGCNMLP,0.6985446985446986,256,subject_kfold,cuda,76,52.40054871793836,skf_6_P18_P29_P7,481,0.20786357865557867,materialized_graph_loader_forward_softmax,0.00020786357865557867,1443,0.299947144,0.6577856284193224,HeteroGCNMLP,HeteroGCNMLP,gnn,torch_model,table6-valence-3class,481,3,75715,0.017163625521761663,0.00022583717791791665,232028,3053,75715,151,1,results/quick_v1_v2_comparison/2026-06-12_16-29-08/model_runs/gaze_pupil/2026-06-12_17-31-09/multiclass_table6_valence_3class_emotion-elicitation_2026-06-12_17-32-28/subject_kfold/skf_6_P18_P29_P7/gnn/HeteroGCNMLP/model_benchmark.json,HeteroGCNMLP,multiclass_table6_valence_3class,Table-6 Valence,gaze_pupil,Gaze x/y plus pupil nodes with temporal and spatial graph relations.,results/quick_v1_v2_comparison/2026-06-12_16-29-08/model_runs/gaze_pupil/2026-06-12_17-31-09,results/quick_v1_v2_comparison/2026-06-12_16-29-08/model_runs/gaze_pupil/2026-06-12_17-31-09/multiclass_table6_valence_3class_emotion-elicitation_2026-06-12_17-32-28,,,,,,56.0,,,,,,,
HeteroGCNMLPWeights,0.6137640449438202,256,subject_kfold,cuda,156,100.64704652875662,skf_0_P1_P14_P2_P27,712,0.16201319990636703,materialized_graph_loader_forward_softmax,0.00016201319990636704,2136,0.346060195,0.5883224877264174,HeteroGCNMLPWeights,HeteroGCNMLPWeights,gnn,torch_model,table6-valence-3class,712,3,76006,0.03565251382527688,0.00022854175529023638,440388,2823,76006,150,1,results/quick_v1_v2_comparison/2026-06-12_16-29-08/model_runs/gaze_pupil/2026-06-12_17-31-09/multiclass_table6_valence_3class_emotion-elicitation_2026-06-12_17-32-28/subject_kfold/skf_0_P1_P14_P2_P27/gnn/HeteroGCNMLPWeights/model_benchmark.json,HeteroGCNMLPWeights,multiclass_table6_valence_3class,Table-6 Valence,gaze_pupil,Gaze x/y plus pupil nodes with temporal and spatial graph relations.,results/quick_v1_v2_comparison/2026-06-12_16-29-08/model_runs/gaze_pupil/2026-06-12_17-31-09,results/quick_v1_v2_comparison/2026-06-12_16-29-08/model_runs/gaze_pupil/2026-06-12_17-31-09/multiclass_table6_valence_3class_emotion-elicitation_2026-06-12_17-32-28,,,,,,136.0,,,,,,,
HeteroGCNMLPWeights,0.6614785992217899,256,subject_kfold,cuda,61,41.24031942291185,skf_1_P17_P20_P8,514,0.17998347276264592,materialized_graph_loader_forward_softmax,0.0001799834727626459,1542,0.277534515,0.6512563754620748,HeteroGCNMLPWeights,HeteroGCNMLPWeights,gnn,torch_model,table6-valence-3class,514,3,76006,0.013852979315724505,0.00022709802156925418,181597,2977,76006,194,1,results/quick_v1_v2_comparison/2026-06-12_16-29-08/model_runs/gaze_pupil/2026-06-12_17-31-09/multiclass_table6_valence_3class_emotion-elicitation_2026-06-12_17-32-28/subject_kfold/skf_1_P17_P20_P8/gnn/HeteroGCNMLPWeights/model_benchmark.json,HeteroGCNMLPWeights,multiclass_table6_valence_3class,Table-6 Valence,gaze_pupil,Gaze x/y plus pupil nodes with temporal and spatial graph relations.,results/quick_v1_v2_comparison/2026-06-12_16-29-08/model_runs/gaze_pupil/2026-06-12_17-31-09,results/quick_v1_v2_comparison/2026-06-12_16-29-08/model_runs/gaze_pupil/2026-06-12_17-31-09/multiclass_table6_valence_3class_emotion-elicitation_2026-06-12_17-32-28,,,,,,41.0,,,,,,,
HeteroGCNMLPWeights,0.6427104722792608,256,subject_kfold,cuda,60,41.28461785102263,skf_2_P13_P28_P30,487,0.21502345106091716,materialized_graph_loader_forward_softmax,0.00021502345106091716,1461,0.314149262,0.6380945059450595,HeteroGCNMLPWeights,HeteroGCNMLPWeights,gnn,torch_model,table6-valence-3class,487,3,76006,0.013576000608688797,0.00022626667681147994,182460,3041,76006,157,1,results/quick_v1_v2_comparison/2026-06-12_16-29-08/model_runs/gaze_pupil/2026-06-12_17-31-09/multiclass_table6_valence_3class_emotion-elicitation_2026-06-12_17-32-28/subject_kfold/skf_2_P13_P28_P30/gnn/HeteroGCNMLPWeights/model_benchmark.json,HeteroGCNMLPWeights,multiclass_table6_valence_3class,Table-6 Valence,gaze_pupil,Gaze x/y plus pupil nodes with temporal and spatial graph relations.,results/quick_v1_v2_comparison/2026-06-12_16-29-08/model_runs/gaze_pupil/2026-06-12_17-31-09,results/quick_v1_v2_comparison/2026-06-12_16-29-08/model_runs/gaze_pupil/2026-06-12_17-31-09/multiclass_table6_valence_3class_emotion-elicitation_2026-06-12_17-32-28,,,,,,40.0,,,,,,,
HeteroGCNMLPWeights,0.6460554371002132,256,subject_kfold,cuda,43,29.86103217396885,skf_3_P19_P22_P4,469,0.20140422316986495,materialized_graph_loader_forward_softmax,0.00020140422316986494,1407,0.283375742,0.645589788411814,HeteroGCNMLPWeights,HeteroGCNMLPWeights,gnn,torch_model,table6-valence-3class,469,3,76006,0.009842133214887559,0.00022888681895087346,130462,3034,76006,182,1,results/quick_v1_v2_comparison/2026-06-12_16-29-08/model_runs/gaze_pupil/2026-06-12_17-31-09/multiclass_table6_valence_3class_emotion-elicitation_2026-06-12_17-32-28/subject_kfold/skf_3_P19_P22_P4/gnn/HeteroGCNMLPWeights/model_benchmark.json,HeteroGCNMLPWeights,multiclass_table6_valence_3class,Table-6 Valence,gaze_pupil,Gaze x/y plus pupil nodes with temporal and spatial graph relations.,results/quick_v1_v2_comparison/2026-06-12_16-29-08/model_runs/gaze_pupil/2026-06-12_17-31-09,results/quick_v1_v2_comparison/2026-06-12_16-29-08/model_runs/gaze_pupil/2026-06-12_17-31-09/multiclass_table6_valence_3class_emotion-elicitation_2026-06-12_17-32-28,,,,,,23.0,,,,,,,
HeteroGCNMLPWeights,0.6666666666666666,256,subject_kfold,cuda,92,62.114497476723045,skf_4_P10_P16_P5,507,0.20801068573307036,materialized_graph_loader_forward_softmax,0.00020801068573307035,1521,0.316384253,0.6666614795074792,HeteroGCNMLPWeights,HeteroGCNMLPWeights,gnn,torch_model,table6-valence-3class,507,3,76006,0.020520151132052543,0.0002230451210005711,278484,3027,76006,151,1,results/quick_v1_v2_comparison/2026-06-12_16-29-08/model_runs/gaze_pupil/2026-06-12_17-31-09/multiclass_table6_valence_3class_emotion-elicitation_2026-06-12_17-32-28/subject_kfold/skf_4_P10_P16_P5/gnn/HeteroGCNMLPWeights/model_benchmark.json,HeteroGCNMLPWeights,multiclass_table6_valence_3class,Table-6 Valence,gaze_pupil,Gaze x/y plus pupil nodes with temporal and spatial graph relations.,results/quick_v1_v2_comparison/2026-06-12_16-29-08/model_runs/gaze_pupil/2026-06-12_17-31-09,results/quick_v1_v2_comparison/2026-06-12_16-29-08/model_runs/gaze_pupil/2026-06-12_17-31-09/multiclass_table6_valence_3class_emotion-elicitation_2026-06-12_17-32-28,,,,,,72.0,,,,,,,
HeteroGCNMLPWeights,0.6679611650485436,256,subject_kfold,cuda,185,125.30089158797637,skf_5_P21_P23_P24,515,0.20074896051779936,materialized_graph_loader_forward_softmax,0.00020074896051779935,1545,0.310157144,0.6627528922486587,HeteroGCNMLPWeights,HeteroGCNMLPWeights,gnn,torch_model,table6-valence-3class,515,3,76006,0.04149036145297231,0.00022427222407012058,558700,3020,76006,150,1,results/quick_v1_v2_comparison/2026-06-12_16-29-08/model_runs/gaze_pupil/2026-06-12_17-31-09/multiclass_table6_valence_3class_emotion-elicitation_2026-06-12_17-32-28/subject_kfold/skf_5_P21_P23_P24/gnn/HeteroGCNMLPWeights/model_benchmark.json,HeteroGCNMLPWeights,multiclass_table6_valence_3class,Table-6 Valence,gaze_pupil,Gaze x/y plus pupil nodes with temporal and spatial graph relations.,results/quick_v1_v2_comparison/2026-06-12_16-29-08/model_runs/gaze_pupil/2026-06-12_17-31-09,results/quick_v1_v2_comparison/2026-06-12_16-29-08/model_runs/gaze_pupil/2026-06-12_17-31-09/multiclass_table6_valence_3class_emotion-elicitation_2026-06-12_17-32-28,,,,,,165.0,,,,,,,
HeteroGCNMLPWeights,0.6860706860706861,256,subject_kfold,cuda,82,55.593142001889646,skf_6_P18_P29_P7,481,0.198650823977824,materialized_graph_loader_forward_softmax,0.000198650823977824,1443,0.286653139,0.6542121926253899,HeteroGCNMLPWeights,HeteroGCNMLPWeights,gnn,torch_model,table6-valence-3class,481,3,76006,0.018209348837828248,0.0002220652297296128,250346,3053,76006,151,1,results/quick_v1_v2_comparison/2026-06-12_16-29-08/model_runs/gaze_pupil/2026-06-12_17-31-09/multiclass_table6_valence_3class_emotion-elicitation_2026-06-12_17-32-28/subject_kfold/skf_6_P18_P29_P7/gnn/HeteroGCNMLPWeights/model_benchmark.json,HeteroGCNMLPWeights,multiclass_table6_valence_3class,Table-6 Valence,gaze_pupil,Gaze x/y plus pupil nodes with temporal and spatial graph relations.,results/quick_v1_v2_comparison/2026-06-12_16-29-08/model_runs/gaze_pupil/2026-06-12_17-31-09,results/quick_v1_v2_comparison/2026-06-12_16-29-08/model_runs/gaze_pupil/2026-06-12_17-31-09/multiclass_table6_valence_3class_emotion-elicitation_2026-06-12_17-32-28,,,,,,62.0,,,,,,,
Random,0.5280898876404494,712,subject_kfold,cpu,,5.147606134414673e-05,skf_0_P1_P14_P2_P27,712,0.00017824625468164794,tabular_predict_proba,1.7824625468164793e-07,2136,0.000380734,0.5279558011049723,Random,Random,baseline,not_applicable_for_classical_model,table6-valence-3class,712,3,,1.8189420969663154e-08,,,2830,,150,1,results/quick_v1_v2_comparison/2026-06-12_16-29-08/model_runs/pupil_only/2026-06-12_17-16-23/multiclass_table6_valence_3class_emotion-elicitation_2026-06-12_17-17-35/subject_kfold/skf_0_P1_P14_P2_P27/baselines/Random/model_benchmark.json,Random,multiclass_table6_valence_3class,Table-6 Valence,pupil_only,Pupil left/right nodes with temporal graph relations only.,results/quick_v1_v2_comparison/2026-06-12_16-29-08/model_runs/pupil_only/2026-06-12_17-16-23,results/quick_v1_v2_comparison/2026-06-12_16-29-08/model_runs/pupil_only/2026-06-12_17-16-23/multiclass_table6_valence_3class_emotion-elicitation_2026-06-12_17-17-35,,,,,,,,,,,,,
Random,0.48249027237354086,514,subject_kfold,cpu,,9.645102545619011e-05,skf_1_P17_P20_P8,514,0.00021274643320363164,tabular_predict_proba,2.1274643320363164e-07,1542,0.000328055,0.48210606060606065,Random,Random,baseline,not_applicable_for_classical_model,table6-valence-3class,514,3,,3.2322729710519473e-08,,,2984,,194,1,results/quick_v1_v2_comparison/2026-06-12_16-29-08/model_runs/pupil_only/2026-06-12_17-16-23/multiclass_table6_valence_3class_emotion-elicitation_2026-06-12_17-17-35/subject_kfold/skf_1_P17_P20_P8/baselines/Random/model_benchmark.json,Random,multiclass_table6_valence_3class,Table-6 Valence,pupil_only,Pupil left/right nodes with temporal graph relations only.,results/quick_v1_v2_comparison/2026-06-12_16-29-08/model_runs/pupil_only/2026-06-12_17-16-23,results/quick_v1_v2_comparison/2026-06-12_16-29-08/model_runs/pupil_only/2026-06-12_17-16-23/multiclass_table6_valence_3class_emotion-elicitation_2026-06-12_17-17-35,,,,,,,,,,,,,
Random,0.49691991786447637,487,subject_kfold,cpu,,6.733601912856102e-05,skf_2_P13_P28_P30,487,0.0002093593429158111,tabular_predict_proba,2.0935934291581108e-07,1461,0.000305874,0.4967841251766095,Random,Random,baseline,not_applicable_for_classical_model,table6-valence-3class,487,3,,2.209186979283498e-08,,,3048,,157,1,results/quick_v1_v2_comparison/2026-06-12_16-29-08/model_runs/pupil_only/2026-06-12_17-16-23/multiclass_table6_valence_3class_emotion-elicitation_2026-06-12_17-17-35/subject_kfold/skf_2_P13_P28_P30/baselines/Random/model_benchmark.json,Random,multiclass_table6_valence_3class,Table-6 Valence,pupil_only,Pupil left/right nodes with temporal graph relations only.,results/quick_v1_v2_comparison/2026-06-12_16-29-08/model_runs/pupil_only/2026-06-12_17-16-23,results/quick_v1_v2_comparison/2026-06-12_16-29-08/model_runs/pupil_only/2026-06-12_17-16-23/multiclass_table6_valence_3class_emotion-elicitation_2026-06-12_17-17-35,,,,,,,,,,,,,
Random,0.4936708860759494,474,subject_kfold,cpu,,8.417805656790733e-05,skf_3_P19_P22_P4,474,0.00021618565400843885,tabular_predict_proba,2.1618565400843885e-07,1422,0.000307416,0.49366187152827234,Random,Random,baseline,not_applicable_for_classical_model,table6-valence-3class,474,3,,2.77357682266581e-08,,,3035,,183,1,results/quick_v1_v2_comparison/2026-06-12_16-29-08/model_runs/pupil_only/2026-06-12_17-16-23/multiclass_table6_valence_3class_emotion-elicitation_2026-06-12_17-17-35/subject_kfold/skf_3_P19_P22_P4/baselines/Random/model_benchmark.json,Random,multiclass_table6_valence_3class,Table-6 Valence,pupil_only,Pupil left/right nodes with temporal graph relations only.,results/quick_v1_v2_comparison/2026-06-12_16-29-08/model_runs/pupil_only/2026-06-12_17-16-23,results/quick_v1_v2_comparison/2026-06-12_16-29-08/model_runs/pupil_only/2026-06-12_17-16-23/multiclass_table6_valence_3class_emotion-elicitation_2026-06-12_17-17-35,,,,,,,,,,,,,
Random,0.4921259842519685,508,subject_kfold,cpu,,9.26540233194828e-05,skf_4_P10_P16_P5,508,0.00020495078740157482,tabular_predict_proba,2.0495078740157481e-07,1524,0.000312345,0.492,Random,Random,baseline,not_applicable_for_classical_model,table6-valence-3class,508,3,,3.054863940635767e-08,,,3033,,151,1,results/quick_v1_v2_comparison/2026-06-12_16-29-08/model_runs/pupil_only/2026-06-12_17-16-23/multiclass_table6_valence_3class_emotion-elicitation_2026-06-12_17-17-35/subject_kfold/skf_4_P10_P16_P5/baselines/Random/model_benchmark.json,Random,multiclass_table6_valence_3class,Table-6 Valence,pupil_only,Pupil left/right nodes with temporal graph relations only.,results/quick_v1_v2_comparison/2026-06-12_16-29-08/model_runs/pupil_only/2026-06-12_17-16-23,results/quick_v1_v2_comparison/2026-06-12_16-29-08/model_runs/pupil_only/2026-06-12_17-16-23/multiclass_table6_valence_3class_emotion-elicitation_2026-06-12_17-17-35,,,,,,,,,,,,,
Random,0.5300970873786408,515,subject_kfold,cpu,,7.373839616775513e-05,skf_5_P21_P23_P24,515,0.0002056608414239482,tabular_predict_proba,2.056608414239482e-07,1545,0.000317746,0.5300953156577082,Random,Random,baseline,not_applicable_for_classical_model,table6-valence-3class,515,3,,2.436022337884213e-08,,,3027,,150,1,results/quick_v1_v2_comparison/2026-06-12_16-29-08/model_runs/pupil_only/2026-06-12_17-16-23/multiclass_table6_valence_3class_emotion-elicitation_2026-06-12_17-17-35/subject_kfold/skf_5_P21_P23_P24/baselines/Random/model_benchmark.json,Random,multiclass_table6_valence_3class,Table-6 Valence,pupil_only,Pupil left/right nodes with temporal graph relations only.,results/quick_v1_v2_comparison/2026-06-12_16-29-08/model_runs/pupil_only/2026-06-12_17-16-23,results/quick_v1_v2_comparison/2026-06-12_16-29-08/model_runs/pupil_only/2026-06-12_17-16-23/multiclass_table6_valence_3class_emotion-elicitation_2026-06-12_17-17-35,,,,,,,,,,,,,
Random,0.5269709543568465,482,subject_kfold,cpu,,7.858686149120331e-05,skf_6_P18_P29_P7,482,0.00021156569847856157,tabular_predict_proba,2.1156569847856156e-07,1446,0.000305924,0.517364953886693,Random,Random,baseline,not_applicable_for_classical_model,table6-valence-3class,482,3,,2.5690376427330274e-08,,,3059,,151,1,results/quick_v1_v2_comparison/2026-06-12_16-29-08/model_runs/pupil_only/2026-06-12_17-16-23/multiclass_table6_valence_3class_emotion-elicitation_2026-06-12_17-17-35/subject_kfold/skf_6_P18_P29_P7/baselines/Random/model_benchmark.json,Random,multiclass_table6_valence_3class,Table-6 Valence,pupil_only,Pupil left/right nodes with temporal graph relations only.,results/quick_v1_v2_comparison/2026-06-12_16-29-08/model_runs/pupil_only/2026-06-12_17-16-23,results/quick_v1_v2_comparison/2026-06-12_16-29-08/model_runs/pupil_only/2026-06-12_17-16-23/multiclass_table6_valence_3class_emotion-elicitation_2026-06-12_17-17-35,,,,,,,,,,,,,
Majority,0.5210674157303371,712,subject_kfold,cpu,,6.0984864830970764e-05,skf_0_P1_P14_P2_P27,712,6.163389513108615e-06,tabular_predict_proba,6.1633895131086145e-09,2136,1.3165e-05,0.3425669436749769,Majority,Majority,baseline,not_applicable_for_classical_model,table6-valence-3class,712,3,,2.1549422201756454e-08,,,2830,,150,1,results/quick_v1_v2_comparison/2026-06-12_16-29-08/model_runs/pupil_only/2026-06-12_17-16-23/multiclass_table6_valence_3class_emotion-elicitation_2026-06-12_17-17-35/subject_kfold/skf_0_P1_P14_P2_P27/baselines/Majority/model_benchmark.json,Majority,multiclass_table6_valence_3class,Table-6 Valence,pupil_only,Pupil left/right nodes with temporal graph relations only.,results/quick_v1_v2_comparison/2026-06-12_16-29-08/model_runs/pupil_only/2026-06-12_17-16-23,results/quick_v1_v2_comparison/2026-06-12_16-29-08/model_runs/pupil_only/2026-06-12_17-16-23/multiclass_table6_valence_3class_emotion-elicitation_2026-06-12_17-17-35,,,,,,,,,,,,,
Majority,0.5175097276264592,514,subject_kfold,cpu,,0.00010689999908208847,skf_1_P17_P20_P8,514,8.19260700389105e-06,tabular_predict_proba,8.19260700389105e-09,1542,1.2633e-05,0.34102564102564104,Majority,Majority,baseline,not_applicable_for_classical_model,table6-valence-3class,514,3,,3.582439647523072e-08,,,2984,,194,1,results/quick_v1_v2_comparison/2026-06-12_16-29-08/model_runs/pupil_only/2026-06-12_17-16-23/multiclass_table6_valence_3class_emotion-elicitation_2026-06-12_17-17-35/subject_kfold/skf_1_P17_P20_P8/baselines/Majority/model_benchmark.json,Majority,multiclass_table6_valence_3class,Table-6 Valence,pupil_only,Pupil left/right nodes with temporal graph relations only.,results/quick_v1_v2_comparison/2026-06-12_16-29-08/model_runs/pupil_only/2026-06-12_17-16-23,results/quick_v1_v2_comparison/2026-06-12_16-29-08/model_runs/pupil_only/2026-06-12_17-16-23/multiclass_table6_valence_3class_emotion-elicitation_2026-06-12_17-17-35,,,,,,,,,,,,,
Majority,0.5010266940451745,487,subject_kfold,cpu,,0.0001082131639122963,skf_2_P13_P28_P30,487,8.880903490759753e-06,tabular_predict_proba,8.880903490759753e-09,1461,1.2975e-05,0.3337893296853625,Majority,Majority,baseline,not_applicable_for_classical_model,table6-valence-3class,487,3,,3.550300653290561e-08,,,3048,,157,1,results/quick_v1_v2_comparison/2026-06-12_16-29-08/model_runs/pupil_only/2026-06-12_17-16-23/multiclass_table6_valence_3class_emotion-elicitation_2026-06-12_17-17-35/subject_kfold/skf_2_P13_P28_P30/baselines/Majority/model_benchmark.json,Majority,multiclass_table6_valence_3class,Table-6 Valence,pupil_only,Pupil left/right nodes with temporal graph relations only.,results/quick_v1_v2_comparison/2026-06-12_16-29-08/model_runs/pupil_only/2026-06-12_17-16-23,results/quick_v1_v2_comparison/2026-06-12_16-29-08/model_runs/pupil_only/2026-06-12_17-16-23/multiclass_table6_valence_3class_emotion-elicitation_2026-06-12_17-17-35,,,,,,,,,,,,,
Majority,0.48945147679324896,474,subject_kfold,cpu,,9.476765990257263e-05,skf_3_P19_P22_P4,474,8.658931082981716e-06,tabular_predict_proba,8.658931082981716e-09,1422,1.2313e-05,0.3286118980169972,Majority,Majority,baseline,not_applicable_for_classical_model,table6-valence-3class,474,3,,3.1224929127701034e-08,,,3035,,183,1,results/quick_v1_v2_comparison/2026-06-12_16-29-08/model_runs/pupil_only/2026-06-12_17-16-23/multiclass_table6_valence_3class_emotion-elicitation_2026-06-12_17-17-35/subject_kfold/skf_3_P19_P22_P4/baselines/Majority/model_benchmark.json,Majority,multiclass_table6_valence_3class,Table-6 Valence,pupil_only,Pupil left/right nodes with temporal graph relations only.,results/quick_v1_v2_comparison/2026-06-12_16-29-08/model_runs/pupil_only/2026-06-12_17-16-23,results/quick_v1_v2_comparison/2026-06-12_16-29-08/model_runs/pupil_only/2026-06-12_17-16-23/multiclass_table6_valence_3class_emotion-elicitation_2026-06-12_17-17-35,,,,,,,,,,,,,
Majority,0.5039370078740157,508,subject_kfold,cpu,,9.984709322452545e-05,skf_4_P10_P16_P5,508,8.42782152230971e-06,tabular_predict_proba,8.42782152230971e-09,1524,1.2844e-05,0.33507853403141363,Majority,Majority,baseline,not_applicable_for_classical_model,table6-valence-3class,508,3,,3.2920241748936844e-08,,,3033,,151,1,results/quick_v1_v2_comparison/2026-06-12_16-29-08/model_runs/pupil_only/2026-06-12_17-16-23/multiclass_table6_valence_3class_emotion-elicitation_2026-06-12_17-17-35/subject_kfold/skf_4_P10_P16_P5/baselines/Majority/model_benchmark.json,Majority,multiclass_table6_valence_3class,Table-6 Valence,pupil_only,Pupil left/right nodes with temporal graph relations only.,results/quick_v1_v2_comparison/2026-06-12_16-29-08/model_runs/pupil_only/2026-06-12_17-16-23,results/quick_v1_v2_comparison/2026-06-12_16-29-08/model_runs/pupil_only/2026-06-12_17-16-23/multiclass_table6_valence_3class_emotion-elicitation_2026-06-12_17-17-35,,,,,,,,,,,,,
Majority,0.4893203883495146,515,subject_kfold,cpu,,9.311502799391747e-05,skf_5_P21_P23_P24,515,8.190291262135923e-06,tabular_predict_proba,8.190291262135923e-09,1545,1.2654e-05,0.3285528031290743,Majority,Majority,baseline,not_applicable_for_classical_model,table6-valence-3class,515,3,,3.076148926128757e-08,,,3027,,150,1,results/quick_v1_v2_comparison/2026-06-12_16-29-08/model_runs/pupil_only/2026-06-12_17-16-23/multiclass_table6_valence_3class_emotion-elicitation_2026-06-12_17-17-35/subject_kfold/skf_5_P21_P23_P24/baselines/Majority/model_benchmark.json,Majority,multiclass_table6_valence_3class,Table-6 Valence,pupil_only,Pupil left/right nodes with temporal graph relations only.,results/quick_v1_v2_comparison/2026-06-12_16-29-08/model_runs/pupil_only/2026-06-12_17-16-23,results/quick_v1_v2_comparison/2026-06-12_16-29-08/model_runs/pupil_only/2026-06-12_17-16-23/multiclass_table6_valence_3class_emotion-elicitation_2026-06-12_17-17-35,,,,,,,,,,,,,
Majority,0.6286307053941909,482,subject_kfold,cpu,,9.35262069106102e-05,skf_6_P18_P29_P7,482,8.923928077455048e-06,tabular_predict_proba,8.923928077455048e-09,1446,1.2904e-05,0.38598726114649684,Majority,Majority,baseline,not_applicable_for_classical_model,table6-valence-3class,482,3,,3.057411144511612e-08,,,3059,,151,1,results/quick_v1_v2_comparison/2026-06-12_16-29-08/model_runs/pupil_only/2026-06-12_17-16-23/multiclass_table6_valence_3class_emotion-elicitation_2026-06-12_17-17-35/subject_kfold/skf_6_P18_P29_P7/baselines/Majority/model_benchmark.json,Majority,multiclass_table6_valence_3class,Table-6 Valence,pupil_only,Pupil left/right nodes with temporal graph relations only.,results/quick_v1_v2_comparison/2026-06-12_16-29-08/model_runs/pupil_only/2026-06-12_17-16-23,results/quick_v1_v2_comparison/2026-06-12_16-29-08/model_runs/pupil_only/2026-06-12_17-16-23/multiclass_table6_valence_3class_emotion-elicitation_2026-06-12_17-17-35,,,,,,,,,,,,,
SVM,0.6123595505617978,712,subject_kfold,cpu,,0.9401690517552197,skf_0_P1_P14_P2_P27,712,0.0679065070224719,tabular_predict_proba,6.790650702247191e-05,2136,0.145048299,0.5906409359064093,SVM,SVM,baseline,not_applicable_for_classical_model,table6-valence-3class,712,3,,0.00033221521263435323,,,2830,,150,1,results/quick_v1_v2_comparison/2026-06-12_16-29-08/model_runs/pupil_only/2026-06-12_17-16-23/multiclass_table6_valence_3class_emotion-elicitation_2026-06-12_17-17-35/subject_kfold/skf_0_P1_P14_P2_P27/baselines/SVM/model_benchmark.json,SVM,multiclass_table6_valence_3class,Table-6 Valence,pupil_only,Pupil left/right nodes with temporal graph relations only.,results/quick_v1_v2_comparison/2026-06-12_16-29-08/model_runs/pupil_only/2026-06-12_17-16-23,results/quick_v1_v2_comparison/2026-06-12_16-29-08/model_runs/pupil_only/2026-06-12_17-16-23/multiclass_table6_valence_3class_emotion-elicitation_2026-06-12_17-17-35,"{""n_features"": 27, ""n_support_by_class"": [1132, 1086]}",support_vectors,2218.0,,,,,,,,,,
SVM,0.6264591439688716,514,subject_kfold,cpu,,1.091611163225025,skf_1_P17_P20_P8,514,0.07514289364461738,tabular_predict_proba,7.514289364461738e-05,1542,0.115870342,0.6111461354179801,SVM,SVM,baseline,not_applicable_for_classical_model,table6-valence-3class,514,3,,0.00036582143539712635,,,2984,,194,1,results/quick_v1_v2_comparison/2026-06-12_16-29-08/model_runs/pupil_only/2026-06-12_17-16-23/multiclass_table6_valence_3class_emotion-elicitation_2026-06-12_17-17-35/subject_kfold/skf_1_P17_P20_P8/baselines/SVM/model_benchmark.json,SVM,multiclass_table6_valence_3class,Table-6 Valence,pupil_only,Pupil left/right nodes with temporal graph relations only.,results/quick_v1_v2_comparison/2026-06-12_16-29-08/model_runs/pupil_only/2026-06-12_17-16-23,results/quick_v1_v2_comparison/2026-06-12_16-29-08/model_runs/pupil_only/2026-06-12_17-16-23/multiclass_table6_valence_3class_emotion-elicitation_2026-06-12_17-17-35,"{""n_features"": 27, ""n_support_by_class"": [1199, 1158]}",support_vectors,2357.0,,,,,,,,,,
SVM,0.6386036960985626,487,subject_kfold,cpu,,1.1503479620441794,skf_2_P13_P28_P30,487,0.07419650376454484,tabular_predict_proba,7.419650376454484e-05,1461,0.108401092,0.6360239162929746,SVM,SVM,baseline,not_applicable_for_classical_model,table6-valence-3class,487,3,,0.0003774107487021586,,,3048,,157,1,results/quick_v1_v2_comparison/2026-06-12_16-29-08/model_runs/pupil_only/2026-06-12_17-16-23/multiclass_table6_valence_3class_emotion-elicitation_2026-06-12_17-17-35/subject_kfold/skf_2_P13_P28_P30/baselines/SVM/model_benchmark.json,SVM,multiclass_table6_valence_3class,Table-6 Valence,pupil_only,Pupil left/right nodes with temporal graph relations only.,results/quick_v1_v2_comparison/2026-06-12_16-29-08/model_runs/pupil_only/2026-06-12_17-16-23,results/quick_v1_v2_comparison/2026-06-12_16-29-08/model_runs/pupil_only/2026-06-12_17-16-23/multiclass_table6_valence_3class_emotion-elicitation_2026-06-12_17-17-35,"{""n_features"": 27, ""n_support_by_class"": [1239, 1188]}",support_vectors,2427.0,,,,,,,,,,
SVM,0.6518987341772152,474,subject_kfold,cpu,,1.165907096117735,skf_3_P19_P22_P4,474,0.07526516455696203,tabular_predict_proba,7.526516455696203e-05,1422,0.107027064,0.6518971848225215,SVM,SVM,baseline,not_applicable_for_classical_model,table6-valence-3class,474,3,,0.00038415390316894066,,,3035,,183,1,results/quick_v1_v2_comparison/2026-06-12_16-29-08/model_runs/pupil_only/2026-06-12_17-16-23/multiclass_table6_valence_3class_emotion-elicitation_2026-06-12_17-17-35/subject_kfold/skf_3_P19_P22_P4/baselines/SVM/model_benchmark.json,SVM,multiclass_table6_valence_3class,Table-6 Valence,pupil_only,Pupil left/right nodes with temporal graph relations only.,results/quick_v1_v2_comparison/2026-06-12_16-29-08/model_runs/pupil_only/2026-06-12_17-16-23,results/quick_v1_v2_comparison/2026-06-12_16-29-08/model_runs/pupil_only/2026-06-12_17-16-23/multiclass_table6_valence_3class_emotion-elicitation_2026-06-12_17-17-35,"{""n_features"": 27, ""n_support_by_class"": [1241, 1211]}",support_vectors,2452.0,,,,,,,,,,
SVM,0.5984251968503937,508,subject_kfold,cpu,,1.1337988120503724,skf_4_P10_P16_P5,508,0.07588243963254593,tabular_predict_proba,7.588243963254593e-05,1524,0.115644838,0.5978017883755589,SVM,SVM,baseline,not_applicable_for_classical_model,table6-valence-3class,508,3,,0.0003738209073690644,,,3033,,151,1,results/quick_v1_v2_comparison/2026-06-12_16-29-08/model_runs/pupil_only/2026-06-12_17-16-23/multiclass_table6_valence_3class_emotion-elicitation_2026-06-12_17-17-35/subject_kfold/skf_4_P10_P16_P5/baselines/SVM/model_benchmark.json,SVM,multiclass_table6_valence_3class,Table-6 Valence,pupil_only,Pupil left/right nodes with temporal graph relations only.,results/quick_v1_v2_comparison/2026-06-12_16-29-08/model_runs/pupil_only/2026-06-12_17-16-23,results/quick_v1_v2_comparison/2026-06-12_16-29-08/model_runs/pupil_only/2026-06-12_17-16-23/multiclass_table6_valence_3class_emotion-elicitation_2026-06-12_17-17-35,"{""n_features"": 27, ""n_support_by_class"": [1227, 1175]}",support_vectors,2402.0,,,,,,,,,,
SVM,0.5611650485436893,515,subject_kfold,cpu,,1.1170261921361089,skf_5_P21_P23_P24,515,0.07480178964401295,tabular_predict_proba,7.480178964401294e-05,1545,0.115568765,0.54213217938631,SVM,SVM,baseline,not_applicable_for_classical_model,table6-valence-3class,515,3,,0.00036902087615993027,,,3027,,150,1,results/quick_v1_v2_comparison/2026-06-12_16-29-08/model_runs/pupil_only/2026-06-12_17-16-23/multiclass_table6_valence_3class_emotion-elicitation_2026-06-12_17-17-35/subject_kfold/skf_5_P21_P23_P24/baselines/SVM/model_benchmark.json,SVM,multiclass_table6_valence_3class,Table-6 Valence,pupil_only,Pupil left/right nodes with temporal graph relations only.,results/quick_v1_v2_comparison/2026-06-12_16-29-08/model_runs/pupil_only/2026-06-12_17-16-23,results/quick_v1_v2_comparison/2026-06-12_16-29-08/model_runs/pupil_only/2026-06-12_17-16-23/multiclass_table6_valence_3class_emotion-elicitation_2026-06-12_17-17-35,"{""n_features"": 27, ""n_support_by_class"": [1187, 1141]}",support_vectors,2328.0,,,,,,,,,,
SVM,0.6556016597510373,482,subject_kfold,cpu,,1.1816183142364025,skf_6_P18_P29_P7,482,0.07834323029045642,tabular_predict_proba,7.834323029045643e-05,1446,0.113284311,0.620810585380649,SVM,SVM,baseline,not_applicable_for_classical_model,table6-valence-3class,482,3,,0.0003862760098844075,,,3059,,151,1,results/quick_v1_v2_comparison/2026-06-12_16-29-08/model_runs/pupil_only/2026-06-12_17-16-23/multiclass_table6_valence_3class_emotion-elicitation_2026-06-12_17-17-35/subject_kfold/skf_6_P18_P29_P7/baselines/SVM/model_benchmark.json,SVM,multiclass_table6_valence_3class,Table-6 Valence,pupil_only,Pupil left/right nodes with temporal graph relations only.,results/quick_v1_v2_comparison/2026-06-12_16-29-08/model_runs/pupil_only/2026-06-12_17-16-23,results/quick_v1_v2_comparison/2026-06-12_16-29-08/model_runs/pupil_only/2026-06-12_17-16-23/multiclass_table6_valence_3class_emotion-elicitation_2026-06-12_17-17-35,"{""n_features"": 27, ""n_support_by_class"": [1242, 1210]}",support_vectors,2452.0,,,,,,,,,,
LightGBM,0.5800561797752809,712,subject_kfold,cpu,,0.03142759716138244,skf_0_P1_P14_P2_P27,712,0.001131185393258427,tabular_predict_proba,1.131185393258427e-06,2136,0.002416212,0.5580146284850611,LightGBM,LightGBM,baseline,not_applicable_for_classical_model,table6-valence-3class,712,3,,1.110515800755563e-05,,,2830,,150,1,results/quick_v1_v2_comparison/2026-06-12_16-29-08/model_runs/pupil_only/2026-06-12_17-16-23/multiclass_table6_valence_3class_emotion-elicitation_2026-06-12_17-17-35/subject_kfold/skf_0_P1_P14_P2_P27/baselines/LightGBM/model_benchmark.json,LightGBM,multiclass_table6_valence_3class,Table-6 Valence,pupil_only,Pupil left/right nodes with temporal graph relations only.,results/quick_v1_v2_comparison/2026-06-12_16-29-08/model_runs/pupil_only/2026-06-12_17-16-23,results/quick_v1_v2_comparison/2026-06-12_16-29-08/model_runs/pupil_only/2026-06-12_17-16-23/multiclass_table6_valence_3class_emotion-elicitation_2026-06-12_17-17-35,"{""num_leaves_total"": 1890, ""num_trees"": 100}",trees,100.0,,,,,,,,,,
LightGBM,0.6478599221789884,514,subject_kfold,cpu,,0.3423455380834639,skf_1_P17_P20_P8,514,0.002661763294422827,tabular_predict_proba,2.661763294422827e-06,1542,0.004104439,0.6424890576304534,LightGBM,LightGBM,baseline,not_applicable_for_classical_model,table6-valence-3class,514,3,,0.00011472705699847986,,,2984,,194,1,results/quick_v1_v2_comparison/2026-06-12_16-29-08/model_runs/pupil_only/2026-06-12_17-16-23/multiclass_table6_valence_3class_emotion-elicitation_2026-06-12_17-17-35/subject_kfold/skf_1_P17_P20_P8/baselines/LightGBM/model_benchmark.json,LightGBM,multiclass_table6_valence_3class,Table-6 Valence,pupil_only,Pupil left/right nodes with temporal graph relations only.,results/quick_v1_v2_comparison/2026-06-12_16-29-08/model_runs/pupil_only/2026-06-12_17-16-23,results/quick_v1_v2_comparison/2026-06-12_16-29-08/model_runs/pupil_only/2026-06-12_17-16-23/multiclass_table6_valence_3class_emotion-elicitation_2026-06-12_17-17-35,"{""num_leaves_total"": 1921, ""num_trees"": 100}",trees,100.0,,,,,,,,,,
LightGBM,0.6550308008213552,487,subject_kfold,cpu,,0.4049869906157255,skf_2_P13_P28_P30,487,0.004057973990417523,tabular_predict_proba,4.057973990417523e-06,1461,0.0059287,0.6483754512635379,LightGBM,LightGBM,baseline,not_applicable_for_classical_model,table6-valence-3class,487,3,,0.00013286974757733777,,,3048,,157,1,results/quick_v1_v2_comparison/2026-06-12_16-29-08/model_runs/pupil_only/2026-06-12_17-16-23/multiclass_table6_valence_3class_emotion-elicitation_2026-06-12_17-17-35/subject_kfold/skf_2_P13_P28_P30/baselines/LightGBM/model_benchmark.json,LightGBM,multiclass_table6_valence_3class,Table-6 Valence,pupil_only,Pupil left/right nodes with temporal graph relations only.,results/quick_v1_v2_comparison/2026-06-12_16-29-08/model_runs/pupil_only/2026-06-12_17-16-23,results/quick_v1_v2_comparison/2026-06-12_16-29-08/model_runs/pupil_only/2026-06-12_17-16-23/multiclass_table6_valence_3class_emotion-elicitation_2026-06-12_17-17-35,"{""num_leaves_total"": 1809, ""num_trees"": 100}",trees,100.0,,,,,,,,,,
LightGBM,0.6350210970464135,474,subject_kfold,cpu,,0.4192076330073178,skf_3_P19_P22_P4,474,0.001953763009845288,tabular_predict_proba,1.9537630098452883e-06,1422,0.002778251,0.6344337204377772,LightGBM,LightGBM,baseline,not_applicable_for_classical_model,table6-valence-3class,474,3,,0.00013812442603206517,,,3035,,183,1,results/quick_v1_v2_comparison/2026-06-12_16-29-08/model_runs/pupil_only/2026-06-12_17-16-23/multiclass_table6_valence_3class_emotion-elicitation_2026-06-12_17-17-35/subject_kfold/skf_3_P19_P22_P4/baselines/LightGBM/model_benchmark.json,LightGBM,multiclass_table6_valence_3class,Table-6 Valence,pupil_only,Pupil left/right nodes with temporal graph relations only.,results/quick_v1_v2_comparison/2026-06-12_16-29-08/model_runs/pupil_only/2026-06-12_17-16-23,results/quick_v1_v2_comparison/2026-06-12_16-29-08/model_runs/pupil_only/2026-06-12_17-16-23/multiclass_table6_valence_3class_emotion-elicitation_2026-06-12_17-17-35,"{""num_leaves_total"": 1897, ""num_trees"": 100}",trees,100.0,,,,,,,,,,
LightGBM,0.65748031496063,508,subject_kfold,cpu,,0.45921119628474116,skf_4_P10_P16_P5,508,0.0033691345144356956,tabular_predict_proba,3.3691345144356957e-06,1524,0.005134561,0.6574325267025284,LightGBM,LightGBM,baseline,not_applicable_for_classical_model,table6-valence-3class,508,3,,0.0001514049443734722,,,3033,,151,1,results/quick_v1_v2_comparison/2026-06-12_16-29-08/model_runs/pupil_only/2026-06-12_17-16-23/multiclass_table6_valence_3class_emotion-elicitation_2026-06-12_17-17-35/subject_kfold/skf_4_P10_P16_P5/baselines/LightGBM/model_benchmark.json,LightGBM,multiclass_table6_valence_3class,Table-6 Valence,pupil_only,Pupil left/right nodes with temporal graph relations only.,results/quick_v1_v2_comparison/2026-06-12_16-29-08/model_runs/pupil_only/2026-06-12_17-16-23,results/quick_v1_v2_comparison/2026-06-12_16-29-08/model_runs/pupil_only/2026-06-12_17-16-23/multiclass_table6_valence_3class_emotion-elicitation_2026-06-12_17-17-35,"{""num_leaves_total"": 1814, ""num_trees"": 100}",trees,100.0,,,,,,,,,,
LightGBM,0.570873786407767,515,subject_kfold,cpu,,0.4136648769490421,skf_5_P21_P23_P24,515,0.005212495145631068,tabular_predict_proba,5.2124951456310685e-06,1545,0.008053305,0.5567278519712885,LightGBM,LightGBM,baseline,not_applicable_for_classical_model,table6-valence-3class,515,3,,0.0001366583670132283,,,3027,,150,1,results/quick_v1_v2_comparison/2026-06-12_16-29-08/model_runs/pupil_only/2026-06-12_17-16-23/multiclass_table6_valence_3class_emotion-elicitation_2026-06-12_17-17-35/subject_kfold/skf_5_P21_P23_P24/baselines/LightGBM/model_benchmark.json,LightGBM,multiclass_table6_valence_3class,Table-6 Valence,pupil_only,Pupil left/right nodes with temporal graph relations only.,results/quick_v1_v2_comparison/2026-06-12_16-29-08/model_runs/pupil_only/2026-06-12_17-16-23,results/quick_v1_v2_comparison/2026-06-12_16-29-08/model_runs/pupil_only/2026-06-12_17-16-23/multiclass_table6_valence_3class_emotion-elicitation_2026-06-12_17-17-35,"{""num_leaves_total"": 1868, ""num_trees"": 100}",trees,100.0,,,,,,,,,,
LightGBM,0.6680497925311203,482,subject_kfold,cpu,,0.3936677798628807,skf_6_P18_P29_P7,482,0.005146013831258644,tabular_predict_proba,5.146013831258644e-06,1446,0.007441136,0.6355180823109061,LightGBM,LightGBM,baseline,not_applicable_for_classical_model,table6-valence-3class,482,3,,0.00012869165735955563,,,3059,,151,1,results/quick_v1_v2_comparison/2026-06-12_16-29-08/model_runs/pupil_only/2026-06-12_17-16-23/multiclass_table6_valence_3class_emotion-elicitation_2026-06-12_17-17-35/subject_kfold/skf_6_P18_P29_P7/baselines/LightGBM/model_benchmark.json,LightGBM,multiclass_table6_valence_3class,Table-6 Valence,pupil_only,Pupil left/right nodes with temporal graph relations only.,results/quick_v1_v2_comparison/2026-06-12_16-29-08/model_runs/pupil_only/2026-06-12_17-16-23,results/quick_v1_v2_comparison/2026-06-12_16-29-08/model_runs/pupil_only/2026-06-12_17-16-23/multiclass_table6_valence_3class_emotion-elicitation_2026-06-12_17-17-35,"{""num_leaves_total"": 1842, ""num_trees"": 100}",trees,100.0,,,,,,,,,,
MLP,0.5786516853932584,128,subject_kfold,cuda,24,0.7177397129125893,skf_0_P1_P14_P2_P27,712,0.0006533370786516855,tabular_predict_proba,6.533370786516854e-07,2136,0.001395528,0.5236183594272715,MLP,MLP,baseline,torch_head,table6-valence-3class,712,3,6082,0.00025361827311398916,1.0567428046416214e-05,67920,2830,6082,150,1,results/quick_v1_v2_comparison/2026-06-12_16-29-08/model_runs/pupil_only/2026-06-12_17-16-23/multiclass_table6_valence_3class_emotion-elicitation_2026-06-12_17-17-35/subject_kfold/skf_0_P1_P14_P2_P27/baselines/MLP/model_benchmark.json,MLP,multiclass_table6_valence_3class,Table-6 Valence,pupil_only,Pupil left/right nodes with temporal graph relations only.,results/quick_v1_v2_comparison/2026-06-12_16-29-08/model_runs/pupil_only/2026-06-12_17-16-23,results/quick_v1_v2_comparison/2026-06-12_16-29-08/model_runs/pupil_only/2026-06-12_17-16-23/multiclass_table6_valence_3class_emotion-elicitation_2026-06-12_17-17-35,,,,,,,,,,,,,
MLP,0.6400778210116731,128,subject_kfold,cuda,28,0.8368793069384992,skf_1_P17_P20_P8,514,0.0008788534370946822,tabular_predict_proba,8.788534370946822e-07,1542,0.001355192,0.6294622155891625,MLP,MLP,baseline,torch_head,table6-valence-3class,514,3,6082,0.00028045553181585094,1.0016268993423248e-05,83552,2984,6082,194,1,results/quick_v1_v2_comparison/2026-06-12_16-29-08/model_runs/pupil_only/2026-06-12_17-16-23/multiclass_table6_valence_3class_emotion-elicitation_2026-06-12_17-17-35/subject_kfold/skf_1_P17_P20_P8/baselines/MLP/model_benchmark.json,MLP,multiclass_table6_valence_3class,Table-6 Valence,pupil_only,Pupil left/right nodes with temporal graph relations only.,results/quick_v1_v2_comparison/2026-06-12_16-29-08/model_runs/pupil_only/2026-06-12_17-16-23,results/quick_v1_v2_comparison/2026-06-12_16-29-08/model_runs/pupil_only/2026-06-12_17-16-23/multiclass_table6_valence_3class_emotion-elicitation_2026-06-12_17-17-35,,,,,,,,,,,,,
MLP,0.6119096509240246,128,subject_kfold,cuda,83,2.4540257859043777,skf_2_P13_P28_P30,487,0.0009279897330595483,tabular_predict_proba,9.279897330595483e-07,1461,0.001355793,0.6100087707033087,MLP,MLP,baseline,torch_head,table6-valence-3class,487,3,6082,0.0008051265701786016,9.700320122633754e-06,252984,3048,6082,157,1,results/quick_v1_v2_comparison/2026-06-12_16-29-08/model_runs/pupil_only/2026-06-12_17-16-23/multiclass_table6_valence_3class_emotion-elicitation_2026-06-12_17-17-35/subject_kfold/skf_2_P13_P28_P30/baselines/MLP/model_benchmark.json,MLP,multiclass_table6_valence_3class,Table-6 Valence,pupil_only,Pupil left/right nodes with temporal graph relations only.,results/quick_v1_v2_comparison/2026-06-12_16-29-08/model_runs/pupil_only/2026-06-12_17-16-23,results/quick_v1_v2_comparison/2026-06-12_16-29-08/model_runs/pupil_only/2026-06-12_17-16-23/multiclass_table6_valence_3class_emotion-elicitation_2026-06-12_17-17-35,,,,,,,,,,,,,
MLP,0.6392405063291139,128,subject_kfold,cuda,26,0.764931698795408,skf_3_P19_P22_P4,474,0.0009764092827004218,tabular_predict_proba,9.764092827004218e-07,1422,0.001388454,0.6392260545607499,MLP,MLP,baseline,torch_head,table6-valence-3class,474,3,6082,0.0002520368035569713,9.693723213729667e-06,78910,3035,6082,183,1,results/quick_v1_v2_comparison/2026-06-12_16-29-08/model_runs/pupil_only/2026-06-12_17-16-23/multiclass_table6_valence_3class_emotion-elicitation_2026-06-12_17-17-35/subject_kfold/skf_3_P19_P22_P4/baselines/MLP/model_benchmark.json,MLP,multiclass_table6_valence_3class,Table-6 Valence,pupil_only,Pupil left/right nodes with temporal graph relations only.,results/quick_v1_v2_comparison/2026-06-12_16-29-08/model_runs/pupil_only/2026-06-12_17-16-23,results/quick_v1_v2_comparison/2026-06-12_16-29-08/model_runs/pupil_only/2026-06-12_17-16-23/multiclass_table6_valence_3class_emotion-elicitation_2026-06-12_17-17-35,,,,,,,,,,,,,
MLP,0.6279527559055118,128,subject_kfold,cuda,16,0.471360944211483,skf_4_P10_P16_P5,508,0.0008991935695538058,tabular_predict_proba,8.991935695538058e-07,1524,0.001370371,0.626898789515612,MLP,MLP,baseline,torch_head,table6-valence-3class,508,3,6082,0.00015541079598136598,9.713174748835373e-06,48528,3033,6082,151,1,results/quick_v1_v2_comparison/2026-06-12_16-29-08/model_runs/pupil_only/2026-06-12_17-16-23/multiclass_table6_valence_3class_emotion-elicitation_2026-06-12_17-17-35/subject_kfold/skf_4_P10_P16_P5/baselines/MLP/model_benchmark.json,MLP,multiclass_table6_valence_3class,Table-6 Valence,pupil_only,Pupil left/right nodes with temporal graph relations only.,results/quick_v1_v2_comparison/2026-06-12_16-29-08/model_runs/pupil_only/2026-06-12_17-16-23,results/quick_v1_v2_comparison/2026-06-12_16-29-08/model_runs/pupil_only/2026-06-12_17-16-23/multiclass_table6_valence_3class_emotion-elicitation_2026-06-12_17-17-35,,,,,,,,,,,,,
MLP,0.5611650485436893,128,subject_kfold,cuda,26,0.7931290669366717,skf_5_P21_P23_P24,515,0.000882600647249191,tabular_predict_proba,8.82600647249191e-07,1545,0.001363618,0.5531436206155169,MLP,MLP,baseline,torch_head,table6-valence-3class,515,3,6082,0.0002620181919182926,1.0077622766088177e-05,78702,3027,6082,150,1,results/quick_v1_v2_comparison/2026-06-12_16-29-08/model_runs/pupil_only/2026-06-12_17-16-23/multiclass_table6_valence_3class_emotion-elicitation_2026-06-12_17-17-35/subject_kfold/skf_5_P21_P23_P24/baselines/MLP/model_benchmark.json,MLP,multiclass_table6_valence_3class,Table-6 Valence,pupil_only,Pupil left/right nodes with temporal graph relations only.,results/quick_v1_v2_comparison/2026-06-12_16-29-08/model_runs/pupil_only/2026-06-12_17-16-23,results/quick_v1_v2_comparison/2026-06-12_16-29-08/model_runs/pupil_only/2026-06-12_17-16-23/multiclass_table6_valence_3class_emotion-elicitation_2026-06-12_17-17-35,,,,,,,,,,,,,
MLP,0.6804979253112033,128,subject_kfold,cuda,18,0.5480078672990203,skf_6_P18_P29_P7,482,0.0009288727524204703,tabular_predict_proba,9.288727524204703e-07,1446,0.00134315,0.6386665887804973,MLP,MLP,baseline,torch_head,table6-valence-3class,482,3,6082,0.00017914608280451792,9.952560155806551e-06,55062,3059,6082,151,1,results/quick_v1_v2_comparison/2026-06-12_16-29-08/model_runs/pupil_only/2026-06-12_17-16-23/multiclass_table6_valence_3class_emotion-elicitation_2026-06-12_17-17-35/subject_kfold/skf_6_P18_P29_P7/baselines/MLP/model_benchmark.json,MLP,multiclass_table6_valence_3class,Table-6 Valence,pupil_only,Pupil left/right nodes with temporal graph relations only.,results/quick_v1_v2_comparison/2026-06-12_16-29-08/model_runs/pupil_only/2026-06-12_17-16-23,results/quick_v1_v2_comparison/2026-06-12_16-29-08/model_runs/pupil_only/2026-06-12_17-16-23/multiclass_table6_valence_3class_emotion-elicitation_2026-06-12_17-17-35,,,,,,,,,,,,,
MOMENT_pupil,0.6348314606741573,128,subject_kfold,cuda,23,0.7068387470208108,skf_0_P1_P14_P2_P27,712,0.0007259260299625469,cached_frozen_embedding_mlp_head_predict_proba,7.259260299625468e-07,2136,0.001550578,0.633556356150283,MOMENT_pupil,MOMENT_pupil,baseline,frozen_moment_encoder_plus_trainable_mlp_head,table6-valence-3class,712,3,125115202,0.00024976634170346674,1.0859406161020292e-05,65090,2830,115202,150,1,results/quick_v1_v2_comparison/2026-06-12_16-29-08/model_runs/pupil_only/2026-06-12_17-16-23/multiclass_table6_valence_3class_emotion-elicitation_2026-06-12_17-17-35/subject_kfold/skf_0_P1_P14_P2_P27/baselines/MOMENT_pupil/model_benchmark.json,MOMENT_pupil,multiclass_table6_valence_3class,Table-6 Valence,pupil_only,Pupil left/right nodes with temporal graph relations only.,results/quick_v1_v2_comparison/2026-06-12_16-29-08/model_runs/pupil_only/2026-06-12_17-16-23,results/quick_v1_v2_comparison/2026-06-12_16-29-08/model_runs/pupil_only/2026-06-12_17-16-23/multiclass_table6_valence_3class_emotion-elicitation_2026-06-12_17-17-35,,,,125000000.0,115202.0,,,,,,,,
MOMENT_pupil,0.6070038910505836,128,subject_kfold,cuda,20,0.6688547725789249,skf_1_P17_P20_P8,514,0.0008818424124513618,cached_frozen_embedding_mlp_head_predict_proba,8.818424124513618e-07,1542,0.001359801,0.5908933299709999,MOMENT_pupil,MOMENT_pupil,baseline,frozen_moment_encoder_plus_trainable_mlp_head,table6-valence-3class,514,3,125115202,0.00022414704174896947,1.1207352087448473e-05,59680,2984,115202,194,1,results/quick_v1_v2_comparison/2026-06-12_16-29-08/model_runs/pupil_only/2026-06-12_17-16-23/multiclass_table6_valence_3class_emotion-elicitation_2026-06-12_17-17-35/subject_kfold/skf_1_P17_P20_P8/baselines/MOMENT_pupil/model_benchmark.json,MOMENT_pupil,multiclass_table6_valence_3class,Table-6 Valence,pupil_only,Pupil left/right nodes with temporal graph relations only.,results/quick_v1_v2_comparison/2026-06-12_16-29-08/model_runs/pupil_only/2026-06-12_17-16-23,results/quick_v1_v2_comparison/2026-06-12_16-29-08/model_runs/pupil_only/2026-06-12_17-16-23/multiclass_table6_valence_3class_emotion-elicitation_2026-06-12_17-17-35,,,,125000000.0,115202.0,,,,,,,,
MOMENT_pupil,0.6180698151950719,128,subject_kfold,cuda,17,0.5925148660317063,skf_2_P13_P28_P30,487,0.0009296214921286789,cached_frozen_embedding_mlp_head_predict_proba,9.296214921286789e-07,1461,0.001358177,0.6163080311758726,MOMENT_pupil,MOMENT_pupil,baseline,frozen_moment_encoder_plus_trainable_mlp_head,table6-valence-3class,487,3,125115202,0.00019439464108651782,1.1434978887442226e-05,51816,3048,115202,157,1,results/quick_v1_v2_comparison/2026-06-12_16-29-08/model_runs/pupil_only/2026-06-12_17-16-23/multiclass_table6_valence_3class_emotion-elicitation_2026-06-12_17-17-35/subject_kfold/skf_2_P13_P28_P30/baselines/MOMENT_pupil/model_benchmark.json,MOMENT_pupil,multiclass_table6_valence_3class,Table-6 Valence,pupil_only,Pupil left/right nodes with temporal graph relations only.,results/quick_v1_v2_comparison/2026-06-12_16-29-08/model_runs/pupil_only/2026-06-12_17-16-23,results/quick_v1_v2_comparison/2026-06-12_16-29-08/model_runs/pupil_only/2026-06-12_17-16-23/multiclass_table6_valence_3class_emotion-elicitation_2026-06-12_17-17-35,,,,125000000.0,115202.0,,,,,,,,
MOMENT_pupil,0.5843881856540084,128,subject_kfold,cuda,22,0.7515346114523709,skf_3_P19_P22_P4,474,0.001021627988748242,cached_frozen_embedding_mlp_head_predict_proba,1.021627988748242e-06,1422,0.001452755,0.5843419348233482,MOMENT_pupil,MOMENT_pupil,baseline,frozen_moment_encoder_plus_trainable_mlp_head,table6-valence-3class,474,3,125115202,0.0002476226067388372,1.1255573033583508e-05,66770,3035,115202,183,1,results/quick_v1_v2_comparison/2026-06-12_16-29-08/model_runs/pupil_only/2026-06-12_17-16-23/multiclass_table6_valence_3class_emotion-elicitation_2026-06-12_17-17-35/subject_kfold/skf_3_P19_P22_P4/baselines/MOMENT_pupil/model_benchmark.json,MOMENT_pupil,multiclass_table6_valence_3class,Table-6 Valence,pupil_only,Pupil left/right nodes with temporal graph relations only.,results/quick_v1_v2_comparison/2026-06-12_16-29-08/model_runs/pupil_only/2026-06-12_17-16-23,results/quick_v1_v2_comparison/2026-06-12_16-29-08/model_runs/pupil_only/2026-06-12_17-16-23/multiclass_table6_valence_3class_emotion-elicitation_2026-06-12_17-17-35,,,,125000000.0,115202.0,,,,,,,,
MOMENT_pupil,0.5610236220472441,128,subject_kfold,cuda,24,0.8366777179762721,skf_4_P10_P16_P5,508,0.0009005800524934383,cached_frozen_embedding_mlp_head_predict_proba,9.005800524934383e-07,1524,0.001372484,0.5609810920054721,MOMENT_pupil,MOMENT_pupil,baseline,frozen_moment_encoder_plus_trainable_mlp_head,table6-valence-3class,508,3,125115202,0.0002758581331936275,1.149408888306781e-05,72792,3033,115202,151,1,results/quick_v1_v2_comparison/2026-06-12_16-29-08/model_runs/pupil_only/2026-06-12_17-16-23/multiclass_table6_valence_3class_emotion-elicitation_2026-06-12_17-17-35/subject_kfold/skf_4_P10_P16_P5/baselines/MOMENT_pupil/model_benchmark.json,MOMENT_pupil,multiclass_table6_valence_3class,Table-6 Valence,pupil_only,Pupil left/right nodes with temporal graph relations only.,results/quick_v1_v2_comparison/2026-06-12_16-29-08/model_runs/pupil_only/2026-06-12_17-16-23,results/quick_v1_v2_comparison/2026-06-12_16-29-08/model_runs/pupil_only/2026-06-12_17-16-23/multiclass_table6_valence_3class_emotion-elicitation_2026-06-12_17-17-35,,,,125000000.0,115202.0,,,,,,,,
MOMENT_pupil,0.6077669902912621,128,subject_kfold,cuda,16,0.5496372128836811,skf_5_P21_P23_P24,515,0.0009004977346278318,cached_frozen_embedding_mlp_head_predict_proba,9.004977346278318e-07,1545,0.001391269,0.605265154964636,MOMENT_pupil,MOMENT_pupil,baseline,frozen_moment_encoder_plus_trainable_mlp_head,table6-valence-3class,515,3,125115202,0.000181578200490149,1.1348637530634313e-05,48432,3027,115202,150,1,results/quick_v1_v2_comparison/2026-06-12_16-29-08/model_runs/pupil_only/2026-06-12_17-16-23/multiclass_table6_valence_3class_emotion-elicitation_2026-06-12_17-17-35/subject_kfold/skf_5_P21_P23_P24/baselines/MOMENT_pupil/model_benchmark.json,MOMENT_pupil,multiclass_table6_valence_3class,Table-6 Valence,pupil_only,Pupil left/right nodes with temporal graph relations only.,results/quick_v1_v2_comparison/2026-06-12_16-29-08/model_runs/pupil_only/2026-06-12_17-16-23,results/quick_v1_v2_comparison/2026-06-12_16-29-08/model_runs/pupil_only/2026-06-12_17-16-23/multiclass_table6_valence_3class_emotion-elicitation_2026-06-12_17-17-35,,,,125000000.0,115202.0,,,,,,,,
MOMENT_pupil,0.6203319502074689,128,subject_kfold,cuda,24,0.8426523450762033,skf_6_P18_P29_P7,482,0.0009401659751037344,cached_frozen_embedding_mlp_head_predict_proba,9.401659751037344e-07,1446,0.00135948,0.6145567048150916,MOMENT_pupil,MOMENT_pupil,baseline,frozen_moment_encoder_plus_trainable_mlp_head,table6-valence-3class,482,3,125115202,0.000275466605124617,1.1477775213525707e-05,73416,3059,115202,151,1,results/quick_v1_v2_comparison/2026-06-12_16-29-08/model_runs/pupil_only/2026-06-12_17-16-23/multiclass_table6_valence_3class_emotion-elicitation_2026-06-12_17-17-35/subject_kfold/skf_6_P18_P29_P7/baselines/MOMENT_pupil/model_benchmark.json,MOMENT_pupil,multiclass_table6_valence_3class,Table-6 Valence,pupil_only,Pupil left/right nodes with temporal graph relations only.,results/quick_v1_v2_comparison/2026-06-12_16-29-08/model_runs/pupil_only/2026-06-12_17-16-23,results/quick_v1_v2_comparison/2026-06-12_16-29-08/model_runs/pupil_only/2026-06-12_17-16-23/multiclass_table6_valence_3class_emotion-elicitation_2026-06-12_17-17-35,,,,125000000.0,115202.0,,,,,,,,
BasicGCN,0.5912921348314607,256,subject_kfold,cuda,24,10.004940877202898,skf_0_P1_P14_P2_P27,712,0.1047438918539326,materialized_graph_loader_forward_softmax,0.0001047438918539326,2136,0.223732953,0.5311538992439792,BasicGCN,BasicGCN,gnn,torch_model,table6-valence-3class,712,3,25923,0.0035353147975981975,0.0001473047832332582,67920,2830,25923,150,1,results/quick_v1_v2_comparison/2026-06-12_16-29-08/model_runs/pupil_only/2026-06-12_17-16-23/multiclass_table6_valence_3class_emotion-elicitation_2026-06-12_17-17-35/subject_kfold/skf_0_P1_P14_P2_P27/gnn/BasicGCN/model_benchmark.json,BasicGCN,multiclass_table6_valence_3class,Table-6 Valence,pupil_only,Pupil left/right nodes with temporal graph relations only.,results/quick_v1_v2_comparison/2026-06-12_16-29-08/model_runs/pupil_only/2026-06-12_17-16-23,results/quick_v1_v2_comparison/2026-06-12_16-29-08/model_runs/pupil_only/2026-06-12_17-16-23/multiclass_table6_valence_3class_emotion-elicitation_2026-06-12_17-17-35,,,,,,4.0,,,,,,,
BasicGCN,0.622568093385214,256,subject_kfold,cuda,26,11.199847974814475,skf_1_P17_P20_P8,514,0.13251831712062256,materialized_graph_loader_forward_softmax,0.00013251831712062258,1542,0.204343245,0.5959184996677095,BasicGCN,BasicGCN,gnn,torch_model,table6-valence-3class,514,3,25923,0.0037533002596563253,0.00014435770229447405,77584,2984,25923,194,1,results/quick_v1_v2_comparison/2026-06-12_16-29-08/model_runs/pupil_only/2026-06-12_17-16-23/multiclass_table6_valence_3class_emotion-elicitation_2026-06-12_17-17-35/subject_kfold/skf_1_P17_P20_P8/gnn/BasicGCN/model_benchmark.json,BasicGCN,multiclass_table6_valence_3class,Table-6 Valence,pupil_only,Pupil left/right nodes with temporal graph relations only.,results/quick_v1_v2_comparison/2026-06-12_16-29-08/model_runs/pupil_only/2026-06-12_17-16-23,results/quick_v1_v2_comparison/2026-06-12_16-29-08/model_runs/pupil_only/2026-06-12_17-16-23/multiclass_table6_valence_3class_emotion-elicitation_2026-06-12_17-17-35,,,,,,6.0,,,,,,,
BasicGCN,0.6098562628336756,256,subject_kfold,cuda,22,9.677957222331315,skf_2_P13_P28_P30,487,0.127146681724846,materialized_graph_loader_forward_softmax,0.000127146681724846,1461,0.185761302,0.5520082887907661,BasicGCN,BasicGCN,gnn,torch_model,table6-valence-3class,487,3,25923,0.003175182815725497,0.00014432649162388623,67056,3048,25923,157,1,results/quick_v1_v2_comparison/2026-06-12_16-29-08/model_runs/pupil_only/2026-06-12_17-16-23/multiclass_table6_valence_3class_emotion-elicitation_2026-06-12_17-17-35/subject_kfold/skf_2_P13_P28_P30/gnn/BasicGCN/model_benchmark.json,BasicGCN,multiclass_table6_valence_3class,Table-6 Valence,pupil_only,Pupil left/right nodes with temporal graph relations only.,results/quick_v1_v2_comparison/2026-06-12_16-29-08/model_runs/pupil_only/2026-06-12_17-16-23,results/quick_v1_v2_comparison/2026-06-12_16-29-08/model_runs/pupil_only/2026-06-12_17-16-23/multiclass_table6_valence_3class_emotion-elicitation_2026-06-12_17-17-35,,,,,,2.0,,,,,,,
BasicGCN,0.6075949367088608,256,subject_kfold,cuda,93,38.51265173172578,skf_3_P19_P22_P4,474,0.12738613853727146,materialized_graph_loader_forward_softmax,0.00012738613853727145,1422,0.181143089,0.607587950434411,BasicGCN,BasicGCN,gnn,torch_model,table6-valence-3class,474,3,25923,0.012689506336647704,0.0001364463046951366,282255,3035,25923,183,1,results/quick_v1_v2_comparison/2026-06-12_16-29-08/model_runs/pupil_only/2026-06-12_17-16-23/multiclass_table6_valence_3class_emotion-elicitation_2026-06-12_17-17-35/subject_kfold/skf_3_P19_P22_P4/gnn/BasicGCN/model_benchmark.json,BasicGCN,multiclass_table6_valence_3class,Table-6 Valence,pupil_only,Pupil left/right nodes with temporal graph relations only.,results/quick_v1_v2_comparison/2026-06-12_16-29-08/model_runs/pupil_only/2026-06-12_17-16-23,results/quick_v1_v2_comparison/2026-06-12_16-29-08/model_runs/pupil_only/2026-06-12_17-16-23/multiclass_table6_valence_3class_emotion-elicitation_2026-06-12_17-17-35,,,,,,73.0,,,,,,,
BasicGCN,0.6535433070866141,256,subject_kfold,cuda,30,12.70869414228946,skf_4_P10_P16_P5,508,0.13134825196850394,materialized_graph_loader_forward_softmax,0.00013134825196850394,1524,0.200174736,0.6532799726992105,BasicGCN,BasicGCN,gnn,torch_model,table6-valence-3class,508,3,25923,0.004190139842495701,0.00013967132808319002,90990,3033,25923,151,1,results/quick_v1_v2_comparison/2026-06-12_16-29-08/model_runs/pupil_only/2026-06-12_17-16-23/multiclass_table6_valence_3class_emotion-elicitation_2026-06-12_17-17-35/subject_kfold/skf_4_P10_P16_P5/gnn/BasicGCN/model_benchmark.json,BasicGCN,multiclass_table6_valence_3class,Table-6 Valence,pupil_only,Pupil left/right nodes with temporal graph relations only.,results/quick_v1_v2_comparison/2026-06-12_16-29-08/model_runs/pupil_only/2026-06-12_17-16-23,results/quick_v1_v2_comparison/2026-06-12_16-29-08/model_runs/pupil_only/2026-06-12_17-16-23/multiclass_table6_valence_3class_emotion-elicitation_2026-06-12_17-17-35,,,,,,10.0,,,,,,,
BasicGCN,0.5495145631067961,256,subject_kfold,cuda,23,10.069949118886143,skf_5_P21_P23_P24,515,0.12450126084142396,materialized_graph_loader_forward_softmax,0.00012450126084142396,1545,0.192354448,0.5426707903359157,BasicGCN,BasicGCN,gnn,torch_model,table6-valence-3class,515,3,25923,0.0033267093223938366,0.00014463953575625377,69621,3027,25923,150,1,results/quick_v1_v2_comparison/2026-06-12_16-29-08/model_runs/pupil_only/2026-06-12_17-16-23/multiclass_table6_valence_3class_emotion-elicitation_2026-06-12_17-17-35/subject_kfold/skf_5_P21_P23_P24/gnn/BasicGCN/model_benchmark.json,BasicGCN,multiclass_table6_valence_3class,Table-6 Valence,pupil_only,Pupil left/right nodes with temporal graph relations only.,results/quick_v1_v2_comparison/2026-06-12_16-29-08/model_runs/pupil_only/2026-06-12_17-16-23,results/quick_v1_v2_comparison/2026-06-12_16-29-08/model_runs/pupil_only/2026-06-12_17-16-23/multiclass_table6_valence_3class_emotion-elicitation_2026-06-12_17-17-35,,,,,,3.0,,,,,,,
BasicGCN,0.6390041493775933,256,subject_kfold,cuda,35,15.095860112924129,skf_6_P18_P29_P7,482,0.12923415352697096,materialized_graph_loader_forward_softmax,0.00012923415352697097,1446,0.186872586,0.6025363967242948,BasicGCN,BasicGCN,gnn,torch_model,table6-valence-3class,482,3,25923,0.004934900331129169,0.00014099715231797626,107065,3059,25923,151,1,results/quick_v1_v2_comparison/2026-06-12_16-29-08/model_runs/pupil_only/2026-06-12_17-16-23/multiclass_table6_valence_3class_emotion-elicitation_2026-06-12_17-17-35/subject_kfold/skf_6_P18_P29_P7/gnn/BasicGCN/model_benchmark.json,BasicGCN,multiclass_table6_valence_3class,Table-6 Valence,pupil_only,Pupil left/right nodes with temporal graph relations only.,results/quick_v1_v2_comparison/2026-06-12_16-29-08/model_runs/pupil_only/2026-06-12_17-16-23,results/quick_v1_v2_comparison/2026-06-12_16-29-08/model_runs/pupil_only/2026-06-12_17-16-23/multiclass_table6_valence_3class_emotion-elicitation_2026-06-12_17-17-35,,,,,,15.0,,,,,,,
HeteroGCNMean,0.5688202247191011,256,subject_kfold,cuda,27,12.650579399894923,skf_0_P1_P14_P2_P27,712,0.12029637734082398,materialized_graph_loader_forward_softmax,0.00012029637734082398,2136,0.256953062,0.4945041221974261,HeteroGCNMean,HeteroGCNMean,gnn,torch_model,table6-valence-3class,712,3,34243,0.004470169399256156,0.00016556182960207987,76410,2830,34243,150,1,results/quick_v1_v2_comparison/2026-06-12_16-29-08/model_runs/pupil_only/2026-06-12_17-16-23/multiclass_table6_valence_3class_emotion-elicitation_2026-06-12_17-17-35/subject_kfold/skf_0_P1_P14_P2_P27/gnn/HeteroGCNMean/model_benchmark.json,HeteroGCNMean,multiclass_table6_valence_3class,Table-6 Valence,pupil_only,Pupil left/right nodes with temporal graph relations only.,results/quick_v1_v2_comparison/2026-06-12_16-29-08/model_runs/pupil_only/2026-06-12_17-16-23,results/quick_v1_v2_comparison/2026-06-12_16-29-08/model_runs/pupil_only/2026-06-12_17-16-23/multiclass_table6_valence_3class_emotion-elicitation_2026-06-12_17-17-35,,,,,,7.0,,,,,,,
HeteroGCNMean,0.5583657587548638,256,subject_kfold,cuda,21,10.368165637366474,skf_1_P17_P20_P8,514,0.1481225784695201,materialized_graph_loader_forward_softmax,0.0001481225784695201,1542,0.228405016,0.49099364385521777,HeteroGCNMean,HeteroGCNMean,gnn,torch_model,table6-valence-3class,514,3,34243,0.0034745863396000247,0.00016545649236190594,62664,2984,34243,194,1,results/quick_v1_v2_comparison/2026-06-12_16-29-08/model_runs/pupil_only/2026-06-12_17-16-23/multiclass_table6_valence_3class_emotion-elicitation_2026-06-12_17-17-35/subject_kfold/skf_1_P17_P20_P8/gnn/HeteroGCNMean/model_benchmark.json,HeteroGCNMean,multiclass_table6_valence_3class,Table-6 Valence,pupil_only,Pupil left/right nodes with temporal graph relations only.,results/quick_v1_v2_comparison/2026-06-12_16-29-08/model_runs/pupil_only/2026-06-12_17-16-23,results/quick_v1_v2_comparison/2026-06-12_16-29-08/model_runs/pupil_only/2026-06-12_17-16-23/multiclass_table6_valence_3class_emotion-elicitation_2026-06-12_17-17-35,,,,,,1.0,,,,,,,
HeteroGCNMean,0.6016427104722792,256,subject_kfold,cuda,41,20.595641017891467,skf_2_P13_P28_P30,487,0.14692785694729638,materialized_graph_loader_forward_softmax,0.00014692785694729637,1461,0.214661599,0.5957088083256308,HeteroGCNMean,HeteroGCNMean,gnn,torch_model,table6-valence-3class,487,3,34243,0.006757100071486701,0.00016480731881674882,124968,3048,34243,157,1,results/quick_v1_v2_comparison/2026-06-12_16-29-08/model_runs/pupil_only/2026-06-12_17-16-23/multiclass_table6_valence_3class_emotion-elicitation_2026-06-12_17-17-35/subject_kfold/skf_2_P13_P28_P30/gnn/HeteroGCNMean/model_benchmark.json,HeteroGCNMean,multiclass_table6_valence_3class,Table-6 Valence,pupil_only,Pupil left/right nodes with temporal graph relations only.,results/quick_v1_v2_comparison/2026-06-12_16-29-08/model_runs/pupil_only/2026-06-12_17-16-23,results/quick_v1_v2_comparison/2026-06-12_16-29-08/model_runs/pupil_only/2026-06-12_17-16-23/multiclass_table6_valence_3class_emotion-elicitation_2026-06-12_17-17-35,,,,,,21.0,,,,,,,
HeteroGCNMean,0.5675105485232067,256,subject_kfold,cuda,98,48.57588746864349,skf_3_P19_P22_P4,474,0.14370111462728552,materialized_graph_loader_forward_softmax,0.0001437011146272855,1422,0.204342985,0.5672775043975863,HeteroGCNMean,HeteroGCNMean,gnn,torch_model,table6-valence-3class,474,3,34243,0.01600523475078863,0.00016331872194682274,297430,3035,34243,183,1,results/quick_v1_v2_comparison/2026-06-12_16-29-08/model_runs/pupil_only/2026-06-12_17-16-23/multiclass_table6_valence_3class_emotion-elicitation_2026-06-12_17-17-35/subject_kfold/skf_3_P19_P22_P4/gnn/HeteroGCNMean/model_benchmark.json,HeteroGCNMean,multiclass_table6_valence_3class,Table-6 Valence,pupil_only,Pupil left/right nodes with temporal graph relations only.,results/quick_v1_v2_comparison/2026-06-12_16-29-08/model_runs/pupil_only/2026-06-12_17-16-23,results/quick_v1_v2_comparison/2026-06-12_16-29-08/model_runs/pupil_only/2026-06-12_17-16-23/multiclass_table6_valence_3class_emotion-elicitation_2026-06-12_17-17-35,,,,,,78.0,,,,,,,
HeteroGCNMean,0.6496062992125984,256,subject_kfold,cuda,56,27.159925711806864,skf_4_P10_P16_P5,508,0.14090759317585302,materialized_graph_loader_forward_softmax,0.000140907593175853,1524,0.214743172,0.6482103952692189,HeteroGCNMean,HeteroGCNMean,gnn,torch_model,table6-valence-3class,508,3,34243,0.008954805707816309,0.00015990724478243408,169848,3033,34243,151,1,results/quick_v1_v2_comparison/2026-06-12_16-29-08/model_runs/pupil_only/2026-06-12_17-16-23/multiclass_table6_valence_3class_emotion-elicitation_2026-06-12_17-17-35/subject_kfold/skf_4_P10_P16_P5/gnn/HeteroGCNMean/model_benchmark.json,HeteroGCNMean,multiclass_table6_valence_3class,Table-6 Valence,pupil_only,Pupil left/right nodes with temporal graph relations only.,results/quick_v1_v2_comparison/2026-06-12_16-29-08/model_runs/pupil_only/2026-06-12_17-16-23,results/quick_v1_v2_comparison/2026-06-12_16-29-08/model_runs/pupil_only/2026-06-12_17-16-23/multiclass_table6_valence_3class_emotion-elicitation_2026-06-12_17-17-35,,,,,,36.0,,,,,,,
HeteroGCNMean,0.5281553398058253,256,subject_kfold,cuda,25,12.630986801348627,skf_5_P21_P23_P24,515,0.14682574174757282,materialized_graph_loader_forward_softmax,0.00014682574174757282,1545,0.226845771,0.508095232479983,HeteroGCNMean,HeteroGCNMean,gnn,torch_model,table6-valence-3class,515,3,34243,0.004172773968070243,0.00016691095872280973,75675,3027,34243,150,1,results/quick_v1_v2_comparison/2026-06-12_16-29-08/model_runs/pupil_only/2026-06-12_17-16-23/multiclass_table6_valence_3class_emotion-elicitation_2026-06-12_17-17-35/subject_kfold/skf_5_P21_P23_P24/gnn/HeteroGCNMean/model_benchmark.json,HeteroGCNMean,multiclass_table6_valence_3class,Table-6 Valence,pupil_only,Pupil left/right nodes with temporal graph relations only.,results/quick_v1_v2_comparison/2026-06-12_16-29-08/model_runs/pupil_only/2026-06-12_17-16-23,results/quick_v1_v2_comparison/2026-06-12_16-29-08/model_runs/pupil_only/2026-06-12_17-16-23/multiclass_table6_valence_3class_emotion-elicitation_2026-06-12_17-17-35,,,,,,5.0,,,,,,,
HeteroGCNMean,0.6265560165975104,256,subject_kfold,cuda,58,28.57164639607072,skf_6_P18_P29_P7,482,0.14371564522821575,materialized_graph_loader_forward_softmax,0.00014371564522821576,1446,0.207812823,0.5962773382968822,HeteroGCNMean,HeteroGCNMean,gnn,torch_model,table6-valence-3class,482,3,34243,0.009340191695348388,0.00016103778785083426,177422,3059,34243,151,1,results/quick_v1_v2_comparison/2026-06-12_16-29-08/model_runs/pupil_only/2026-06-12_17-16-23/multiclass_table6_valence_3class_emotion-elicitation_2026-06-12_17-17-35/subject_kfold/skf_6_P18_P29_P7/gnn/HeteroGCNMean/model_benchmark.json,HeteroGCNMean,multiclass_table6_valence_3class,Table-6 Valence,pupil_only,Pupil left/right nodes with temporal graph relations only.,results/quick_v1_v2_comparison/2026-06-12_16-29-08/model_runs/pupil_only/2026-06-12_17-16-23,results/quick_v1_v2_comparison/2026-06-12_16-29-08/model_runs/pupil_only/2026-06-12_17-16-23/multiclass_table6_valence_3class_emotion-elicitation_2026-06-12_17-17-35,,,,,,38.0,,,,,,,
HeteroGCNMLP,0.5632022471910112,256,subject_kfold,cuda,39,19.979454040993005,skf_0_P1_P14_P2_P27,712,0.12279279634831461,materialized_graph_loader_forward_softmax,0.00012279279634831462,2136,0.262285413,0.48396538826342395,HeteroGCNMLP,HeteroGCNMLP,gnn,torch_model,table6-valence-3class,712,3,59075,0.007059877753001062,0.00018102250648720672,110370,2830,59075,150,1,results/quick_v1_v2_comparison/2026-06-12_16-29-08/model_runs/pupil_only/2026-06-12_17-16-23/multiclass_table6_valence_3class_emotion-elicitation_2026-06-12_17-17-35/subject_kfold/skf_0_P1_P14_P2_P27/gnn/HeteroGCNMLP/model_benchmark.json,HeteroGCNMLP,multiclass_table6_valence_3class,Table-6 Valence,pupil_only,Pupil left/right nodes with temporal graph relations only.,results/quick_v1_v2_comparison/2026-06-12_16-29-08/model_runs/pupil_only/2026-06-12_17-16-23,results/quick_v1_v2_comparison/2026-06-12_16-29-08/model_runs/pupil_only/2026-06-12_17-16-23/multiclass_table6_valence_3class_emotion-elicitation_2026-06-12_17-17-35,,,,,,19.0,,,,,,,
HeteroGCNMLP,0.5817120622568094,256,subject_kfold,cuda,21,11.127872264944017,skf_1_P17_P20_P8,514,0.15191517250324255,materialized_graph_loader_forward_softmax,0.00015191517250324254,1542,0.234253196,0.5113874015678402,HeteroGCNMLP,HeteroGCNMLP,gnn,torch_model,table6-valence-3class,514,3,59075,0.0037291797134530887,0.000177579986354909,62664,2984,59075,194,1,results/quick_v1_v2_comparison/2026-06-12_16-29-08/model_runs/pupil_only/2026-06-12_17-16-23/multiclass_table6_valence_3class_emotion-elicitation_2026-06-12_17-17-35/subject_kfold/skf_1_P17_P20_P8/gnn/HeteroGCNMLP/model_benchmark.json,HeteroGCNMLP,multiclass_table6_valence_3class,Table-6 Valence,pupil_only,Pupil left/right nodes with temporal graph relations only.,results/quick_v1_v2_comparison/2026-06-12_16-29-08/model_runs/pupil_only/2026-06-12_17-16-23,results/quick_v1_v2_comparison/2026-06-12_16-29-08/model_runs/pupil_only/2026-06-12_17-16-23/multiclass_table6_valence_3class_emotion-elicitation_2026-06-12_17-17-35,,,,,,1.0,,,,,,,
HeteroGCNMLP,0.5790554414784395,256,subject_kfold,cuda,48,26.065213582944125,skf_2_P13_P28_P30,487,0.1456147645448323,materialized_graph_loader_forward_softmax,0.0001456147645448323,1461,0.212743171,0.5742008402106924,HeteroGCNMLP,HeteroGCNMLP,gnn,torch_model,table6-valence-3class,487,3,59075,0.008551579259496104,0.00017815790123950216,146304,3048,59075,157,1,results/quick_v1_v2_comparison/2026-06-12_16-29-08/model_runs/pupil_only/2026-06-12_17-16-23/multiclass_table6_valence_3class_emotion-elicitation_2026-06-12_17-17-35/subject_kfold/skf_2_P13_P28_P30/gnn/HeteroGCNMLP/model_benchmark.json,HeteroGCNMLP,multiclass_table6_valence_3class,Table-6 Valence,pupil_only,Pupil left/right nodes with temporal graph relations only.,results/quick_v1_v2_comparison/2026-06-12_16-29-08/model_runs/pupil_only/2026-06-12_17-16-23,results/quick_v1_v2_comparison/2026-06-12_16-29-08/model_runs/pupil_only/2026-06-12_17-16-23/multiclass_table6_valence_3class_emotion-elicitation_2026-06-12_17-17-35,,,,,,28.0,,,,,,,
HeteroGCNMLP,0.5822784810126582,256,subject_kfold,cuda,113,60.874032728374004,skf_3_P19_P22_P4,474,0.1453827770745429,materialized_graph_loader_forward_softmax,0.0001453827770745429,1422,0.206734309,0.5821594571973002,HeteroGCNMLP,HeteroGCNMLP,gnn,torch_model,table6-valence-3class,474,3,59075,0.02005734192038682,0.0001774986010653701,342955,3035,59075,183,1,results/quick_v1_v2_comparison/2026-06-12_16-29-08/model_runs/pupil_only/2026-06-12_17-16-23/multiclass_table6_valence_3class_emotion-elicitation_2026-06-12_17-17-35/subject_kfold/skf_3_P19_P22_P4/gnn/HeteroGCNMLP/model_benchmark.json,HeteroGCNMLP,multiclass_table6_valence_3class,Table-6 Valence,pupil_only,Pupil left/right nodes with temporal graph relations only.,results/quick_v1_v2_comparison/2026-06-12_16-29-08/model_runs/pupil_only/2026-06-12_17-16-23,results/quick_v1_v2_comparison/2026-06-12_16-29-08/model_runs/pupil_only/2026-06-12_17-16-23/multiclass_table6_valence_3class_emotion-elicitation_2026-06-12_17-17-35,,,,,,93.0,,,,,,,
HeteroGCNMLP,0.6594488188976378,256,subject_kfold,cuda,55,29.10208858596161,skf_4_P10_P16_P5,508,0.15085972375328086,materialized_graph_loader_forward_softmax,0.00015085972375328084,1524,0.229910219,0.6581759061543428,HeteroGCNMLP,HeteroGCNMLP,gnn,torch_model,table6-valence-3class,508,3,59075,0.009595149550267593,0.00017445726455031987,166815,3033,59075,151,1,results/quick_v1_v2_comparison/2026-06-12_16-29-08/model_runs/pupil_only/2026-06-12_17-16-23/multiclass_table6_valence_3class_emotion-elicitation_2026-06-12_17-17-35/subject_kfold/skf_4_P10_P16_P5/gnn/HeteroGCNMLP/model_benchmark.json,HeteroGCNMLP,multiclass_table6_valence_3class,Table-6 Valence,pupil_only,Pupil left/right nodes with temporal graph relations only.,results/quick_v1_v2_comparison/2026-06-12_16-29-08/model_runs/pupil_only/2026-06-12_17-16-23,results/quick_v1_v2_comparison/2026-06-12_16-29-08/model_runs/pupil_only/2026-06-12_17-16-23/multiclass_table6_valence_3class_emotion-elicitation_2026-06-12_17-17-35,,,,,,35.0,,,,,,,
HeteroGCNMLP,0.5398058252427185,256,subject_kfold,cuda,22,12.033983787056059,skf_5_P21_P23_P24,515,0.14702618964401296,materialized_graph_loader_forward_softmax,0.00014702618964401295,1545,0.227155463,0.5133858267716536,HeteroGCNMLP,HeteroGCNMLP,gnn,torch_model,table6-valence-3class,515,3,59075,0.003975547997045279,0.00018070672713842175,66594,3027,59075,150,1,results/quick_v1_v2_comparison/2026-06-12_16-29-08/model_runs/pupil_only/2026-06-12_17-16-23/multiclass_table6_valence_3class_emotion-elicitation_2026-06-12_17-17-35/subject_kfold/skf_5_P21_P23_P24/gnn/HeteroGCNMLP/model_benchmark.json,HeteroGCNMLP,multiclass_table6_valence_3class,Table-6 Valence,pupil_only,Pupil left/right nodes with temporal graph relations only.,results/quick_v1_v2_comparison/2026-06-12_16-29-08/model_runs/pupil_only/2026-06-12_17-16-23,results/quick_v1_v2_comparison/2026-06-12_16-29-08/model_runs/pupil_only/2026-06-12_17-16-23/multiclass_table6_valence_3class_emotion-elicitation_2026-06-12_17-17-35,,,,,,2.0,,,,,,,
HeteroGCNMLP,0.6348547717842323,256,subject_kfold,cuda,57,30.533448395784944,skf_6_P18_P29_P7,482,0.14912023582295988,materialized_graph_loader_forward_softmax,0.00014912023582295988,1446,0.215627861,0.5990698905419967,HeteroGCNMLP,HeteroGCNMLP,gnn,torch_model,table6-valence-3class,482,3,59075,0.009981513042100341,0.00017511426389649722,174363,3059,59075,151,1,results/quick_v1_v2_comparison/2026-06-12_16-29-08/model_runs/pupil_only/2026-06-12_17-16-23/multiclass_table6_valence_3class_emotion-elicitation_2026-06-12_17-17-35/subject_kfold/skf_6_P18_P29_P7/gnn/HeteroGCNMLP/model_benchmark.json,HeteroGCNMLP,multiclass_table6_valence_3class,Table-6 Valence,pupil_only,Pupil left/right nodes with temporal graph relations only.,results/quick_v1_v2_comparison/2026-06-12_16-29-08/model_runs/pupil_only/2026-06-12_17-16-23,results/quick_v1_v2_comparison/2026-06-12_16-29-08/model_runs/pupil_only/2026-06-12_17-16-23/multiclass_table6_valence_3class_emotion-elicitation_2026-06-12_17-17-35,,,,,,37.0,,,,,,,
HeteroGCNMLPWeights,0.5617977528089888,256,subject_kfold,cuda,37,18.477630476932973,skf_0_P1_P14_P2_P27,712,0.11933448923220975,materialized_graph_loader_forward_softmax,0.00011933448923220975,2136,0.254898469,0.48163082437275984,HeteroGCNMLPWeights,HeteroGCNMLPWeights,gnn,torch_model,table6-valence-3class,712,3,59312,0.006529198048386209,0.0001764648121185462,104710,2830,59312,150,1,results/quick_v1_v2_comparison/2026-06-12_16-29-08/model_runs/pupil_only/2026-06-12_17-16-23/multiclass_table6_valence_3class_emotion-elicitation_2026-06-12_17-17-35/subject_kfold/skf_0_P1_P14_P2_P27/gnn/HeteroGCNMLPWeights/model_benchmark.json,HeteroGCNMLPWeights,multiclass_table6_valence_3class,Table-6 Valence,pupil_only,Pupil left/right nodes with temporal graph relations only.,results/quick_v1_v2_comparison/2026-06-12_16-29-08/model_runs/pupil_only/2026-06-12_17-16-23,results/quick_v1_v2_comparison/2026-06-12_16-29-08/model_runs/pupil_only/2026-06-12_17-16-23/multiclass_table6_valence_3class_emotion-elicitation_2026-06-12_17-17-35,,,,,,17.0,,,,,,,
HeteroGCNMLPWeights,0.5525291828793775,256,subject_kfold,cuda,21,10.910301249008626,skf_1_P17_P20_P8,514,0.1389135551232166,materialized_graph_loader_forward_softmax,0.0001389135551232166,1542,0.214204702,0.4429155749910467,HeteroGCNMLPWeights,HeteroGCNMLPWeights,gnn,torch_model,table6-valence-3class,514,3,59312,0.0036562671746007457,0.0001741079606952736,62664,2984,59312,194,1,results/quick_v1_v2_comparison/2026-06-12_16-29-08/model_runs/pupil_only/2026-06-12_17-16-23/multiclass_table6_valence_3class_emotion-elicitation_2026-06-12_17-17-35/subject_kfold/skf_1_P17_P20_P8/gnn/HeteroGCNMLPWeights/model_benchmark.json,HeteroGCNMLPWeights,multiclass_table6_valence_3class,Table-6 Valence,pupil_only,Pupil left/right nodes with temporal graph relations only.,results/quick_v1_v2_comparison/2026-06-12_16-29-08/model_runs/pupil_only/2026-06-12_17-16-23,results/quick_v1_v2_comparison/2026-06-12_16-29-08/model_runs/pupil_only/2026-06-12_17-16-23/multiclass_table6_valence_3class_emotion-elicitation_2026-06-12_17-17-35,,,,,,1.0,,,,,,,
HeteroGCNMLPWeights,0.5975359342915811,256,subject_kfold,cuda,39,20.358135802671313,skf_2_P13_P28_P30,487,0.13722716974674878,materialized_graph_loader_forward_softmax,0.0001372271697467488,1461,0.200488895,0.5919459644322845,HeteroGCNMLPWeights,HeteroGCNMLPWeights,gnn,torch_model,table6-valence-3class,487,3,59312,0.006679178412949906,0.0001712609849474335,118872,3048,59312,157,1,results/quick_v1_v2_comparison/2026-06-12_16-29-08/model_runs/pupil_only/2026-06-12_17-16-23/multiclass_table6_valence_3class_emotion-elicitation_2026-06-12_17-17-35/subject_kfold/skf_2_P13_P28_P30/gnn/HeteroGCNMLPWeights/model_benchmark.json,HeteroGCNMLPWeights,multiclass_table6_valence_3class,Table-6 Valence,pupil_only,Pupil left/right nodes with temporal graph relations only.,results/quick_v1_v2_comparison/2026-06-12_16-29-08/model_runs/pupil_only/2026-06-12_17-16-23,results/quick_v1_v2_comparison/2026-06-12_16-29-08/model_runs/pupil_only/2026-06-12_17-16-23/multiclass_table6_valence_3class_emotion-elicitation_2026-06-12_17-17-35,,,,,,19.0,,,,,,,
HeteroGCNMLPWeights,0.5886075949367089,256,subject_kfold,cuda,113,59.086675925180316,skf_3_P19_P22_P4,474,0.13702692897327706,materialized_graph_loader_forward_softmax,0.00013702692897327707,1422,0.194852293,0.588591114849978,HeteroGCNMLPWeights,HeteroGCNMLPWeights,gnn,torch_model,table6-valence-3class,474,3,59312,0.019468426993469626,0.00017228696454397899,342955,3035,59312,183,1,results/quick_v1_v2_comparison/2026-06-12_16-29-08/model_runs/pupil_only/2026-06-12_17-16-23/multiclass_table6_valence_3class_emotion-elicitation_2026-06-12_17-17-35/subject_kfold/skf_3_P19_P22_P4/gnn/HeteroGCNMLPWeights/model_benchmark.json,HeteroGCNMLPWeights,multiclass_table6_valence_3class,Table-6 Valence,pupil_only,Pupil left/right nodes with temporal graph relations only.,results/quick_v1_v2_comparison/2026-06-12_16-29-08/model_runs/pupil_only/2026-06-12_17-16-23,results/quick_v1_v2_comparison/2026-06-12_16-29-08/model_runs/pupil_only/2026-06-12_17-16-23/multiclass_table6_valence_3class_emotion-elicitation_2026-06-12_17-17-35,,,,,,93.0,,,,,,,
HeteroGCNMLPWeights,0.6259842519685039,256,subject_kfold,cuda,24,12.67886596499011,skf_4_P10_P16_P5,508,0.1350600564304462,materialized_graph_loader_forward_softmax,0.0001350600564304462,1524,0.205831526,0.6256999705275568,HeteroGCNMLPWeights,HeteroGCNMLPWeights,gnn,torch_model,table6-valence-3class,508,3,59312,0.004180305296732644,0.00017417938736386017,72792,3033,59312,151,1,results/quick_v1_v2_comparison/2026-06-12_16-29-08/model_runs/pupil_only/2026-06-12_17-16-23/multiclass_table6_valence_3class_emotion-elicitation_2026-06-12_17-17-35/subject_kfold/skf_4_P10_P16_P5/gnn/HeteroGCNMLPWeights/model_benchmark.json,HeteroGCNMLPWeights,multiclass_table6_valence_3class,Table-6 Valence,pupil_only,Pupil left/right nodes with temporal graph relations only.,results/quick_v1_v2_comparison/2026-06-12_16-29-08/model_runs/pupil_only/2026-06-12_17-16-23,results/quick_v1_v2_comparison/2026-06-12_16-29-08/model_runs/pupil_only/2026-06-12_17-16-23/multiclass_table6_valence_3class_emotion-elicitation_2026-06-12_17-17-35,,,,,,4.0,,,,,,,
HeteroGCNMLPWeights,0.5242718446601942,256,subject_kfold,cuda,23,12.064602014608681,skf_5_P21_P23_P24,515,0.13344673851132685,materialized_graph_loader_forward_softmax,0.00013344673851132686,1545,0.206175211,0.4762110349580097,HeteroGCNMLPWeights,HeteroGCNMLPWeights,gnn,torch_model,table6-valence-3class,515,3,59312,0.003985663037531774,0.0001732896972839902,69621,3027,59312,150,1,results/quick_v1_v2_comparison/2026-06-12_16-29-08/model_runs/pupil_only/2026-06-12_17-16-23/multiclass_table6_valence_3class_emotion-elicitation_2026-06-12_17-17-35/subject_kfold/skf_5_P21_P23_P24/gnn/HeteroGCNMLPWeights/model_benchmark.json,HeteroGCNMLPWeights,multiclass_table6_valence_3class,Table-6 Valence,pupil_only,Pupil left/right nodes with temporal graph relations only.,results/quick_v1_v2_comparison/2026-06-12_16-29-08/model_runs/pupil_only/2026-06-12_17-16-23,results/quick_v1_v2_comparison/2026-06-12_16-29-08/model_runs/pupil_only/2026-06-12_17-16-23/multiclass_table6_valence_3class_emotion-elicitation_2026-06-12_17-17-35,,,,,,3.0,,,,,,,
HeteroGCNMLPWeights,0.6390041493775933,256,subject_kfold,cuda,55,29.037323348689824,skf_6_P18_P29_P7,482,0.14005718533886582,materialized_graph_loader_forward_softmax,0.00014005718533886583,1446,0.20252269,0.6057426524510634,HeteroGCNMLPWeights,HeteroGCNMLPWeights,gnn,torch_model,table6-valence-3class,482,3,59312,0.009492423454949273,0.00017258951736271404,168245,3059,59312,151,1,results/quick_v1_v2_comparison/2026-06-12_16-29-08/model_runs/pupil_only/2026-06-12_17-16-23/multiclass_table6_valence_3class_emotion-elicitation_2026-06-12_17-17-35/subject_kfold/skf_6_P18_P29_P7/gnn/HeteroGCNMLPWeights/model_benchmark.json,HeteroGCNMLPWeights,multiclass_table6_valence_3class,Table-6 Valence,pupil_only,Pupil left/right nodes with temporal graph relations only.,results/quick_v1_v2_comparison/2026-06-12_16-29-08/model_runs/pupil_only/2026-06-12_17-16-23,results/quick_v1_v2_comparison/2026-06-12_16-29-08/model_runs/pupil_only/2026-06-12_17-16-23/multiclass_table6_valence_3class_emotion-elicitation_2026-06-12_17-17-35,,,,,,35.0,,,,,,,
