signal_set,signal_set_description,experiment_id,experiment_display_name,cv_strategy,summary_model_name,model,fold_id,suite_run_dir,trainer_run_dir,diagnostics_path,split,logit_mean,logit_std,logit_min,logit_max,logit_range,prediction_entropy_mean,prediction_entropy_std,prediction_entropy_min,prediction_entropy_max,graph_embedding_variance,graph_embedding_mean_pairwise_cosine_similarity,graph_embedding_pair_count,temporal_forward_edge_weight_mean,temporal_forward_edge_weight_std,temporal_forward_edge_weight_min,temporal_forward_edge_weight_max,temporal_backward_edge_weight_mean,temporal_backward_edge_weight_std,temporal_backward_edge_weight_min,temporal_backward_edge_weight_max,spatial_edge_weight_mean,spatial_edge_weight_std,spatial_edge_weight_min,spatial_edge_weight_max,fixation_edge_weight_mean,fixation_edge_weight_std,fixation_edge_weight_min,fixation_edge_weight_max,best_epoch,best_val_loss,early_stopped
all_signals,"Gaze, pupil, screen distance, and fixation-duration nodes with all graph relations.",multiclass_table6_valence_3class,Table-6 Valence,subject_kfold,BasicGCN,BasicGCN,skf_0_P1_P14_P2_P27,results/quick_v1_v2_comparison/2026-06-12_16-29-08/model_runs/all_signals/2026-06-12_18-09-29,results/quick_v1_v2_comparison/2026-06-12_16-29-08/model_runs/all_signals/2026-06-12_18-09-29/multiclass_table6_valence_3class_emotion-elicitation_2026-06-12_18-10-59,results/quick_v1_v2_comparison/2026-06-12_16-29-08/model_runs/all_signals/2026-06-12_18-09-29/multiclass_table6_valence_3class_emotion-elicitation_2026-06-12_18-10-59/subject_kfold/skf_0_P1_P14_P2_P27/gnn/BasicGCN/gnn_fold_diagnostics.csv,train,-0.0497795343399047,0.6504918336868286,-1.9339830875396729,2.0776207447052,4.011603832244873,0.559589147567749,0.141536459326744,0.1357772946357727,0.6931471824645996,0.5056326985359192,0.2016656249761581,10000,,,,,,,,,,,,,,,,,105,0.5651459693908691,1
all_signals,"Gaze, pupil, screen distance, and fixation-duration nodes with all graph relations.",multiclass_table6_valence_3class,Table-6 Valence,subject_kfold,BasicGCN,BasicGCN,skf_0_P1_P14_P2_P27,results/quick_v1_v2_comparison/2026-06-12_16-29-08/model_runs/all_signals/2026-06-12_18-09-29,results/quick_v1_v2_comparison/2026-06-12_16-29-08/model_runs/all_signals/2026-06-12_18-09-29/multiclass_table6_valence_3class_emotion-elicitation_2026-06-12_18-10-59,results/quick_v1_v2_comparison/2026-06-12_16-29-08/model_runs/all_signals/2026-06-12_18-09-29/multiclass_table6_valence_3class_emotion-elicitation_2026-06-12_18-10-59/subject_kfold/skf_0_P1_P14_P2_P27/gnn/BasicGCN/gnn_fold_diagnostics.csv,val,0.0389025025069713,0.7624122500419617,-1.6572413444519043,2.108736276626587,3.765977621078491,0.5223535299301147,0.1592900305986404,0.1218236759305,0.6931371688842773,0.3636503517627716,0.4654569923877716,11175,,,,,,,,,,,,,,,,,105,0.5651459693908691,1
all_signals,"Gaze, pupil, screen distance, and fixation-duration nodes with all graph relations.",multiclass_table6_valence_3class,Table-6 Valence,subject_kfold,BasicGCN,BasicGCN,skf_0_P1_P14_P2_P27,results/quick_v1_v2_comparison/2026-06-12_16-29-08/model_runs/all_signals/2026-06-12_18-09-29,results/quick_v1_v2_comparison/2026-06-12_16-29-08/model_runs/all_signals/2026-06-12_18-09-29/multiclass_table6_valence_3class_emotion-elicitation_2026-06-12_18-10-59,results/quick_v1_v2_comparison/2026-06-12_16-29-08/model_runs/all_signals/2026-06-12_18-09-29/multiclass_table6_valence_3class_emotion-elicitation_2026-06-12_18-10-59/subject_kfold/skf_0_P1_P14_P2_P27/gnn/BasicGCN/gnn_fold_diagnostics.csv,test,-0.1510707736015319,0.62929767370224,-1.9744138717651367,2.0099852085113525,3.984399080276489,0.560463011264801,0.1310898065567016,0.1407581865787506,0.6931467056274414,0.4661151468753814,0.3220681250095367,250986,,,,,,,,,,,,,,,,,105,0.5651459693908691,1
all_signals,"Gaze, pupil, screen distance, and fixation-duration nodes with all graph relations.",multiclass_table6_valence_3class,Table-6 Valence,subject_kfold,BasicGCN,BasicGCN,skf_1_P17_P20_P8,results/quick_v1_v2_comparison/2026-06-12_16-29-08/model_runs/all_signals/2026-06-12_18-09-29,results/quick_v1_v2_comparison/2026-06-12_16-29-08/model_runs/all_signals/2026-06-12_18-09-29/multiclass_table6_valence_3class_emotion-elicitation_2026-06-12_18-10-59,results/quick_v1_v2_comparison/2026-06-12_16-29-08/model_runs/all_signals/2026-06-12_18-09-29/multiclass_table6_valence_3class_emotion-elicitation_2026-06-12_18-10-59/subject_kfold/skf_1_P17_P20_P8/gnn/BasicGCN/gnn_fold_diagnostics.csv,train,-0.087653249502182,0.0906753838062286,-0.423350989818573,0.258891224861145,0.682242214679718,0.6916170716285706,0.0021650686394423,0.6714403629302979,0.6931471824645996,0.3744849562644958,0.327060341835022,10000,,,,,,,,,,,,,,,,,1,0.6899392604827881,1
all_signals,"Gaze, pupil, screen distance, and fixation-duration nodes with all graph relations.",multiclass_table6_valence_3class,Table-6 Valence,subject_kfold,BasicGCN,BasicGCN,skf_1_P17_P20_P8,results/quick_v1_v2_comparison/2026-06-12_16-29-08/model_runs/all_signals/2026-06-12_18-09-29,results/quick_v1_v2_comparison/2026-06-12_16-29-08/model_runs/all_signals/2026-06-12_18-09-29/multiclass_table6_valence_3class_emotion-elicitation_2026-06-12_18-10-59,results/quick_v1_v2_comparison/2026-06-12_16-29-08/model_runs/all_signals/2026-06-12_18-09-29/multiclass_table6_valence_3class_emotion-elicitation_2026-06-12_18-10-59/subject_kfold/skf_1_P17_P20_P8/gnn/BasicGCN/gnn_fold_diagnostics.csv,val,-0.1099188327789306,0.0799869671463966,-0.3709383010864258,0.1917447000741958,0.5626830011606216,0.6914879083633423,0.0016878666356205,0.6859363913536072,0.6931471824645996,0.1920731365680694,0.6470269560813904,18528,,,,,,,,,,,,,,,,,1,0.6899392604827881,1
all_signals,"Gaze, pupil, screen distance, and fixation-duration nodes with all graph relations.",multiclass_table6_valence_3class,Table-6 Valence,subject_kfold,BasicGCN,BasicGCN,skf_1_P17_P20_P8,results/quick_v1_v2_comparison/2026-06-12_16-29-08/model_runs/all_signals/2026-06-12_18-09-29,results/quick_v1_v2_comparison/2026-06-12_16-29-08/model_runs/all_signals/2026-06-12_18-09-29/multiclass_table6_valence_3class_emotion-elicitation_2026-06-12_18-10-59,results/quick_v1_v2_comparison/2026-06-12_16-29-08/model_runs/all_signals/2026-06-12_18-09-29/multiclass_table6_valence_3class_emotion-elicitation_2026-06-12_18-10-59/subject_kfold/skf_1_P17_P20_P8/gnn/BasicGCN/gnn_fold_diagnostics.csv,test,-0.0850656479597091,0.0813211128115654,-0.4212096333503723,0.2094441503286361,0.6306537836790085,0.6917741894721985,0.0022388189099729,0.6769206523895264,0.6931471824645996,0.2976589202880859,0.4331401586532593,130816,,,,,,,,,,,,,,,,,1,0.6899392604827881,1
all_signals,"Gaze, pupil, screen distance, and fixation-duration nodes with all graph relations.",multiclass_table6_valence_3class,Table-6 Valence,subject_kfold,BasicGCN,BasicGCN,skf_2_P13_P28_P30,results/quick_v1_v2_comparison/2026-06-12_16-29-08/model_runs/all_signals/2026-06-12_18-09-29,results/quick_v1_v2_comparison/2026-06-12_16-29-08/model_runs/all_signals/2026-06-12_18-09-29/multiclass_table6_valence_3class_emotion-elicitation_2026-06-12_18-10-59,results/quick_v1_v2_comparison/2026-06-12_16-29-08/model_runs/all_signals/2026-06-12_18-09-29/multiclass_table6_valence_3class_emotion-elicitation_2026-06-12_18-10-59/subject_kfold/skf_2_P13_P28_P30/gnn/BasicGCN/gnn_fold_diagnostics.csv,train,-0.0438247509300708,0.5196563005447388,-1.6047788858413696,1.6387343406677246,3.2435132265090942,0.5943078398704529,0.1011234074831008,0.2518471479415893,0.6931471228599548,0.4471632242202759,0.3033312857151031,10000,,,,,,,,,,,,,,,,,57,0.6003361940383911,1
all_signals,"Gaze, pupil, screen distance, and fixation-duration nodes with all graph relations.",multiclass_table6_valence_3class,Table-6 Valence,subject_kfold,BasicGCN,BasicGCN,skf_2_P13_P28_P30,results/quick_v1_v2_comparison/2026-06-12_16-29-08/model_runs/all_signals/2026-06-12_18-09-29,results/quick_v1_v2_comparison/2026-06-12_16-29-08/model_runs/all_signals/2026-06-12_18-09-29/multiclass_table6_valence_3class_emotion-elicitation_2026-06-12_18-10-59,results/quick_v1_v2_comparison/2026-06-12_16-29-08/model_runs/all_signals/2026-06-12_18-09-29/multiclass_table6_valence_3class_emotion-elicitation_2026-06-12_18-10-59/subject_kfold/skf_2_P13_P28_P30/gnn/BasicGCN/gnn_fold_diagnostics.csv,val,-0.0463138669729232,0.3663940131664276,-1.0258461236953735,1.0401239395141602,2.0659700632095337,0.6382656097412109,0.0656769871711731,0.405382752418518,0.693140983581543,0.2932653129100799,0.5283709764480591,11935,,,,,,,,,,,,,,,,,57,0.6003361940383911,1
all_signals,"Gaze, pupil, screen distance, and fixation-duration nodes with all graph relations.",multiclass_table6_valence_3class,Table-6 Valence,subject_kfold,BasicGCN,BasicGCN,skf_2_P13_P28_P30,results/quick_v1_v2_comparison/2026-06-12_16-29-08/model_runs/all_signals/2026-06-12_18-09-29,results/quick_v1_v2_comparison/2026-06-12_16-29-08/model_runs/all_signals/2026-06-12_18-09-29/multiclass_table6_valence_3class_emotion-elicitation_2026-06-12_18-10-59,results/quick_v1_v2_comparison/2026-06-12_16-29-08/model_runs/all_signals/2026-06-12_18-09-29/multiclass_table6_valence_3class_emotion-elicitation_2026-06-12_18-10-59/subject_kfold/skf_2_P13_P28_P30/gnn/BasicGCN/gnn_fold_diagnostics.csv,test,-0.1222899183630943,0.5864166617393494,-1.5317143201828003,1.4204689264297483,2.952183246612549,0.5671794414520264,0.1092160120606422,0.2630349993705749,0.6931471824645996,0.4562206268310547,0.3203024268150329,117855,,,,,,,,,,,,,,,,,57,0.6003361940383911,1
all_signals,"Gaze, pupil, screen distance, and fixation-duration nodes with all graph relations.",multiclass_table6_valence_3class,Table-6 Valence,subject_kfold,BasicGCN,BasicGCN,skf_3_P19_P22_P4,results/quick_v1_v2_comparison/2026-06-12_16-29-08/model_runs/all_signals/2026-06-12_18-09-29,results/quick_v1_v2_comparison/2026-06-12_16-29-08/model_runs/all_signals/2026-06-12_18-09-29/multiclass_table6_valence_3class_emotion-elicitation_2026-06-12_18-10-59,results/quick_v1_v2_comparison/2026-06-12_16-29-08/model_runs/all_signals/2026-06-12_18-09-29/multiclass_table6_valence_3class_emotion-elicitation_2026-06-12_18-10-59/subject_kfold/skf_3_P19_P22_P4/gnn/BasicGCN/gnn_fold_diagnostics.csv,train,-0.0247357189655303,0.4611513614654541,-1.4807696342468262,1.316604495048523,2.797374129295349,0.6103119254112244,0.085187129676342,0.2803059220314026,0.6931471824645996,0.4459466338157654,0.3254472613334656,10000,,,,,,,,,,,,,,,,,49,0.5465885996818542,1
all_signals,"Gaze, pupil, screen distance, and fixation-duration nodes with all graph relations.",multiclass_table6_valence_3class,Table-6 Valence,subject_kfold,BasicGCN,BasicGCN,skf_3_P19_P22_P4,results/quick_v1_v2_comparison/2026-06-12_16-29-08/model_runs/all_signals/2026-06-12_18-09-29,results/quick_v1_v2_comparison/2026-06-12_16-29-08/model_runs/all_signals/2026-06-12_18-09-29/multiclass_table6_valence_3class_emotion-elicitation_2026-06-12_18-10-59,results/quick_v1_v2_comparison/2026-06-12_16-29-08/model_runs/all_signals/2026-06-12_18-09-29/multiclass_table6_valence_3class_emotion-elicitation_2026-06-12_18-10-59/subject_kfold/skf_3_P19_P22_P4/gnn/BasicGCN/gnn_fold_diagnostics.csv,val,0.044861551374197,0.5259395837783813,-1.1275558471679688,1.270380973815918,2.3979368209838867,0.5860792398452759,0.0915740579366684,0.347876489162445,0.6928607225418091,0.3291417062282562,0.4886291325092315,16290,,,,,,,,,,,,,,,,,49,0.5465885996818542,1
all_signals,"Gaze, pupil, screen distance, and fixation-duration nodes with all graph relations.",multiclass_table6_valence_3class,Table-6 Valence,subject_kfold,BasicGCN,BasicGCN,skf_3_P19_P22_P4,results/quick_v1_v2_comparison/2026-06-12_16-29-08/model_runs/all_signals/2026-06-12_18-09-29,results/quick_v1_v2_comparison/2026-06-12_16-29-08/model_runs/all_signals/2026-06-12_18-09-29/multiclass_table6_valence_3class_emotion-elicitation_2026-06-12_18-10-59,results/quick_v1_v2_comparison/2026-06-12_16-29-08/model_runs/all_signals/2026-06-12_18-09-29/multiclass_table6_valence_3class_emotion-elicitation_2026-06-12_18-10-59/subject_kfold/skf_3_P19_P22_P4/gnn/BasicGCN/gnn_fold_diagnostics.csv,test,-0.0153828989714384,0.4144638180732727,-1.198650598526001,1.0982822179794312,2.296932816505432,0.6235870718955994,0.0727044716477394,0.3306117057800293,0.6931469440460205,0.4240704178810119,0.2970354855060577,109278,,,,,,,,,,,,,,,,,49,0.5465885996818542,1
all_signals,"Gaze, pupil, screen distance, and fixation-duration nodes with all graph relations.",multiclass_table6_valence_3class,Table-6 Valence,subject_kfold,BasicGCN,BasicGCN,skf_4_P10_P16_P5,results/quick_v1_v2_comparison/2026-06-12_16-29-08/model_runs/all_signals/2026-06-12_18-09-29,results/quick_v1_v2_comparison/2026-06-12_16-29-08/model_runs/all_signals/2026-06-12_18-09-29/multiclass_table6_valence_3class_emotion-elicitation_2026-06-12_18-10-59,results/quick_v1_v2_comparison/2026-06-12_16-29-08/model_runs/all_signals/2026-06-12_18-09-29/multiclass_table6_valence_3class_emotion-elicitation_2026-06-12_18-10-59/subject_kfold/skf_4_P10_P16_P5/gnn/BasicGCN/gnn_fold_diagnostics.csv,train,-0.0025745916645973,0.8553214073181152,-2.7501018047332764,3.573203086853028,6.323304891586304,0.5169023871421814,0.1814783066511154,0.0202740784734487,0.6931471824645996,0.5450410842895508,0.1338469237089157,10000,,,,,,,,,,,,,,,,,197,0.504867672920227,1
all_signals,"Gaze, pupil, screen distance, and fixation-duration nodes with all graph relations.",multiclass_table6_valence_3class,Table-6 Valence,subject_kfold,BasicGCN,BasicGCN,skf_4_P10_P16_P5,results/quick_v1_v2_comparison/2026-06-12_16-29-08/model_runs/all_signals/2026-06-12_18-09-29,results/quick_v1_v2_comparison/2026-06-12_16-29-08/model_runs/all_signals/2026-06-12_18-09-29/multiclass_table6_valence_3class_emotion-elicitation_2026-06-12_18-10-59,results/quick_v1_v2_comparison/2026-06-12_16-29-08/model_runs/all_signals/2026-06-12_18-09-29/multiclass_table6_valence_3class_emotion-elicitation_2026-06-12_18-10-59/subject_kfold/skf_4_P10_P16_P5/gnn/BasicGCN/gnn_fold_diagnostics.csv,val,-0.0533617846667766,0.9257269501686096,-2.1955082416534424,3.3842861652374268,5.579794406890869,0.4904752969741821,0.187647745013237,0.0247415509074926,0.6930561065673828,0.389497846364975,0.3964166343212127,11175,,,,,,,,,,,,,,,,,197,0.504867672920227,1
all_signals,"Gaze, pupil, screen distance, and fixation-duration nodes with all graph relations.",multiclass_table6_valence_3class,Table-6 Valence,subject_kfold,BasicGCN,BasicGCN,skf_4_P10_P16_P5,results/quick_v1_v2_comparison/2026-06-12_16-29-08/model_runs/all_signals/2026-06-12_18-09-29,results/quick_v1_v2_comparison/2026-06-12_16-29-08/model_runs/all_signals/2026-06-12_18-09-29/multiclass_table6_valence_3class_emotion-elicitation_2026-06-12_18-10-59,results/quick_v1_v2_comparison/2026-06-12_16-29-08/model_runs/all_signals/2026-06-12_18-09-29/multiclass_table6_valence_3class_emotion-elicitation_2026-06-12_18-10-59/subject_kfold/skf_4_P10_P16_P5/gnn/BasicGCN/gnn_fold_diagnostics.csv,test,0.0266444236040115,0.8715097308158875,-2.4824676513671875,3.236470460891724,5.718938112258911,0.5075650811195374,0.1850970089435577,0.0219927318394184,0.6931469440460205,0.465926319360733,0.2586129009723663,128271,,,,,,,,,,,,,,,,,197,0.504867672920227,1
all_signals,"Gaze, pupil, screen distance, and fixation-duration nodes with all graph relations.",multiclass_table6_valence_3class,Table-6 Valence,subject_kfold,BasicGCN,BasicGCN,skf_5_P21_P23_P24,results/quick_v1_v2_comparison/2026-06-12_16-29-08/model_runs/all_signals/2026-06-12_18-09-29,results/quick_v1_v2_comparison/2026-06-12_16-29-08/model_runs/all_signals/2026-06-12_18-09-29/multiclass_table6_valence_3class_emotion-elicitation_2026-06-12_18-10-59,results/quick_v1_v2_comparison/2026-06-12_16-29-08/model_runs/all_signals/2026-06-12_18-09-29/multiclass_table6_valence_3class_emotion-elicitation_2026-06-12_18-10-59/subject_kfold/skf_5_P21_P23_P24/gnn/BasicGCN/gnn_fold_diagnostics.csv,train,-0.0149228004738688,0.5374509692192078,-1.545656681060791,1.675727128982544,3.221383810043335,0.5874491333961487,0.1074064970016479,0.2371417880058288,0.6931471824645996,0.4606131911277771,0.2752952873706817,10000,,,,,,,,,,,,,,,,,58,0.6147747039794922,1
all_signals,"Gaze, pupil, screen distance, and fixation-duration nodes with all graph relations.",multiclass_table6_valence_3class,Table-6 Valence,subject_kfold,BasicGCN,BasicGCN,skf_5_P21_P23_P24,results/quick_v1_v2_comparison/2026-06-12_16-29-08/model_runs/all_signals/2026-06-12_18-09-29,results/quick_v1_v2_comparison/2026-06-12_16-29-08/model_runs/all_signals/2026-06-12_18-09-29/multiclass_table6_valence_3class_emotion-elicitation_2026-06-12_18-10-59,results/quick_v1_v2_comparison/2026-06-12_16-29-08/model_runs/all_signals/2026-06-12_18-09-29/multiclass_table6_valence_3class_emotion-elicitation_2026-06-12_18-10-59/subject_kfold/skf_5_P21_P23_P24/gnn/BasicGCN/gnn_fold_diagnostics.csv,val,0.0589168481528759,0.6323518753051758,-1.302804708480835,1.6115214824676514,2.9143261909484863,0.5569453239440918,0.1292819529771804,0.2424906492233276,0.6931014060974121,0.382056713104248,0.4294163882732391,11175,,,,,,,,,,,,,,,,,58,0.6147747039794922,1
all_signals,"Gaze, pupil, screen distance, and fixation-duration nodes with all graph relations.",multiclass_table6_valence_3class,Table-6 Valence,subject_kfold,BasicGCN,BasicGCN,skf_5_P21_P23_P24,results/quick_v1_v2_comparison/2026-06-12_16-29-08/model_runs/all_signals/2026-06-12_18-09-29,results/quick_v1_v2_comparison/2026-06-12_16-29-08/model_runs/all_signals/2026-06-12_18-09-29/multiclass_table6_valence_3class_emotion-elicitation_2026-06-12_18-10-59,results/quick_v1_v2_comparison/2026-06-12_16-29-08/model_runs/all_signals/2026-06-12_18-09-29/multiclass_table6_valence_3class_emotion-elicitation_2026-06-12_18-10-59/subject_kfold/skf_5_P21_P23_P24/gnn/BasicGCN/gnn_fold_diagnostics.csv,test,0.0378173664212226,0.6438203454017639,-1.2719357013702393,1.5985267162322998,2.870462417602539,0.5459409356117249,0.1193933188915252,0.2582130134105682,0.6931439638137817,0.4265137016773224,0.3952242136001587,129795,,,,,,,,,,,,,,,,,58,0.6147747039794922,1
all_signals,"Gaze, pupil, screen distance, and fixation-duration nodes with all graph relations.",multiclass_table6_valence_3class,Table-6 Valence,subject_kfold,BasicGCN,BasicGCN,skf_6_P18_P29_P7,results/quick_v1_v2_comparison/2026-06-12_16-29-08/model_runs/all_signals/2026-06-12_18-09-29,results/quick_v1_v2_comparison/2026-06-12_16-29-08/model_runs/all_signals/2026-06-12_18-09-29/multiclass_table6_valence_3class_emotion-elicitation_2026-06-12_18-10-59,results/quick_v1_v2_comparison/2026-06-12_16-29-08/model_runs/all_signals/2026-06-12_18-09-29/multiclass_table6_valence_3class_emotion-elicitation_2026-06-12_18-10-59/subject_kfold/skf_6_P18_P29_P7/gnn/BasicGCN/gnn_fold_diagnostics.csv,train,-0.0480577684938907,0.6981131434440613,-2.5767006874084477,2.567918300628662,5.144618988037109,0.5513613224029541,0.1542052924633026,0.0750534981489181,0.6931471824645996,0.5057635307312012,0.1556292474269867,10000,,,,,,,,,,,,,,,,,149,0.5241684913635254,1
all_signals,"Gaze, pupil, screen distance, and fixation-duration nodes with all graph relations.",multiclass_table6_valence_3class,Table-6 Valence,subject_kfold,BasicGCN,BasicGCN,skf_6_P18_P29_P7,results/quick_v1_v2_comparison/2026-06-12_16-29-08/model_runs/all_signals/2026-06-12_18-09-29,results/quick_v1_v2_comparison/2026-06-12_16-29-08/model_runs/all_signals/2026-06-12_18-09-29/multiclass_table6_valence_3class_emotion-elicitation_2026-06-12_18-10-59,results/quick_v1_v2_comparison/2026-06-12_16-29-08/model_runs/all_signals/2026-06-12_18-09-29/multiclass_table6_valence_3class_emotion-elicitation_2026-06-12_18-10-59/subject_kfold/skf_6_P18_P29_P7/gnn/BasicGCN/gnn_fold_diagnostics.csv,val,-0.0546993128955364,0.8653437495231628,-2.1842026710510254,2.1916990280151367,4.375901699066162,0.4992051124572754,0.1841845065355301,0.1177358478307724,0.693141520023346,0.3868266940116882,0.3423898816108703,11175,,,,,,,,,,,,,,,,,149,0.5241684913635254,1
all_signals,"Gaze, pupil, screen distance, and fixation-duration nodes with all graph relations.",multiclass_table6_valence_3class,Table-6 Valence,subject_kfold,BasicGCN,BasicGCN,skf_6_P18_P29_P7,results/quick_v1_v2_comparison/2026-06-12_16-29-08/model_runs/all_signals/2026-06-12_18-09-29,results/quick_v1_v2_comparison/2026-06-12_16-29-08/model_runs/all_signals/2026-06-12_18-09-29/multiclass_table6_valence_3class_emotion-elicitation_2026-06-12_18-10-59,results/quick_v1_v2_comparison/2026-06-12_16-29-08/model_runs/all_signals/2026-06-12_18-09-29/multiclass_table6_valence_3class_emotion-elicitation_2026-06-12_18-10-59/subject_kfold/skf_6_P18_P29_P7/gnn/BasicGCN/gnn_fold_diagnostics.csv,test,0.1043289899826049,0.917165994644165,-2.236788034439087,2.62650203704834,4.863290071487427,0.4830507338047027,0.1894731372594833,0.0788575634360313,0.6931443214416504,0.4003479480743408,0.3230167627334595,114960,,,,,,,,,,,,,,,,,149,0.5241684913635254,1
all_signals,"Gaze, pupil, screen distance, and fixation-duration nodes with all graph relations.",multiclass_table6_valence_3class,Table-6 Valence,subject_kfold,HeteroGCNMean,HeteroGCNMean,skf_0_P1_P14_P2_P27,results/quick_v1_v2_comparison/2026-06-12_16-29-08/model_runs/all_signals/2026-06-12_18-09-29,results/quick_v1_v2_comparison/2026-06-12_16-29-08/model_runs/all_signals/2026-06-12_18-09-29/multiclass_table6_valence_3class_emotion-elicitation_2026-06-12_18-10-59,results/quick_v1_v2_comparison/2026-06-12_16-29-08/model_runs/all_signals/2026-06-12_18-09-29/multiclass_table6_valence_3class_emotion-elicitation_2026-06-12_18-10-59/subject_kfold/skf_0_P1_P14_P2_P27/gnn/HeteroGCNMean/gnn_fold_diagnostics.csv,train,0.0015670432476326,0.6592555642127991,-2.1185555458068848,2.0548040866851807,4.173359632492065,0.5571646094322205,0.1443964093923568,0.0968501642346382,0.6931471824645996,0.5125773549079895,0.1784185767173767,10000,,,,,,,,,,,,,,,,,100,0.540562093257904,1
all_signals,"Gaze, pupil, screen distance, and fixation-duration nodes with all graph relations.",multiclass_table6_valence_3class,Table-6 Valence,subject_kfold,HeteroGCNMean,HeteroGCNMean,skf_0_P1_P14_P2_P27,results/quick_v1_v2_comparison/2026-06-12_16-29-08/model_runs/all_signals/2026-06-12_18-09-29,results/quick_v1_v2_comparison/2026-06-12_16-29-08/model_runs/all_signals/2026-06-12_18-09-29/multiclass_table6_valence_3class_emotion-elicitation_2026-06-12_18-10-59,results/quick_v1_v2_comparison/2026-06-12_16-29-08/model_runs/all_signals/2026-06-12_18-09-29/multiclass_table6_valence_3class_emotion-elicitation_2026-06-12_18-10-59/subject_kfold/skf_0_P1_P14_P2_P27/gnn/HeteroGCNMean/gnn_fold_diagnostics.csv,val,0.0224338062107563,0.7811775803565979,-1.897980809211731,1.978744626045227,3.876725435256958,0.5155887007713318,0.165026843547821,0.099196657538414,0.6931425333023071,0.344733864068985,0.4864360094070434,11175,,,,,,,,,,,,,,,,,100,0.540562093257904,1
all_signals,"Gaze, pupil, screen distance, and fixation-duration nodes with all graph relations.",multiclass_table6_valence_3class,Table-6 Valence,subject_kfold,HeteroGCNMean,HeteroGCNMean,skf_0_P1_P14_P2_P27,results/quick_v1_v2_comparison/2026-06-12_16-29-08/model_runs/all_signals/2026-06-12_18-09-29,results/quick_v1_v2_comparison/2026-06-12_16-29-08/model_runs/all_signals/2026-06-12_18-09-29/multiclass_table6_valence_3class_emotion-elicitation_2026-06-12_18-10-59,results/quick_v1_v2_comparison/2026-06-12_16-29-08/model_runs/all_signals/2026-06-12_18-09-29/multiclass_table6_valence_3class_emotion-elicitation_2026-06-12_18-10-59/subject_kfold/skf_0_P1_P14_P2_P27/gnn/HeteroGCNMean/gnn_fold_diagnostics.csv,test,-0.0055728745646774,0.6956746578216553,-2.050710678100586,1.6549180746078491,3.705628752708435,0.5439813733100891,0.1502504795789718,0.123157724738121,0.6931471824645996,0.4613334238529205,0.3217100501060486,250986,,,,,,,,,,,,,,,,,100,0.540562093257904,1
all_signals,"Gaze, pupil, screen distance, and fixation-duration nodes with all graph relations.",multiclass_table6_valence_3class,Table-6 Valence,subject_kfold,HeteroGCNMean,HeteroGCNMean,skf_1_P17_P20_P8,results/quick_v1_v2_comparison/2026-06-12_16-29-08/model_runs/all_signals/2026-06-12_18-09-29,results/quick_v1_v2_comparison/2026-06-12_16-29-08/model_runs/all_signals/2026-06-12_18-09-29/multiclass_table6_valence_3class_emotion-elicitation_2026-06-12_18-10-59,results/quick_v1_v2_comparison/2026-06-12_16-29-08/model_runs/all_signals/2026-06-12_18-09-29/multiclass_table6_valence_3class_emotion-elicitation_2026-06-12_18-10-59/subject_kfold/skf_1_P17_P20_P8/gnn/HeteroGCNMean/gnn_fold_diagnostics.csv,train,0.1079274863004684,0.0971817374229431,-0.2442412674427032,0.5051627159118652,0.7494039833545685,0.6896790266036987,0.005349785555154,0.6567382216453552,0.6931471824645996,0.3469402492046356,0.4592885673046112,10000,,,,,,,,,,,,,,,,,1,0.685458242893219,1
all_signals,"Gaze, pupil, screen distance, and fixation-duration nodes with all graph relations.",multiclass_table6_valence_3class,Table-6 Valence,subject_kfold,HeteroGCNMean,HeteroGCNMean,skf_1_P17_P20_P8,results/quick_v1_v2_comparison/2026-06-12_16-29-08/model_runs/all_signals/2026-06-12_18-09-29,results/quick_v1_v2_comparison/2026-06-12_16-29-08/model_runs/all_signals/2026-06-12_18-09-29/multiclass_table6_valence_3class_emotion-elicitation_2026-06-12_18-10-59,results/quick_v1_v2_comparison/2026-06-12_16-29-08/model_runs/all_signals/2026-06-12_18-09-29/multiclass_table6_valence_3class_emotion-elicitation_2026-06-12_18-10-59/subject_kfold/skf_1_P17_P20_P8/gnn/HeteroGCNMean/gnn_fold_diagnostics.csv,val,0.1185769662261009,0.0650878995656967,-0.1015208959579467,0.3865991532802582,0.4881200492382049,0.6919894814491272,0.0015056516276672,0.6808979511260986,0.6931467056274414,0.1590228080749511,0.7486826181411743,18528,,,,,,,,,,,,,,,,,1,0.685458242893219,1
all_signals,"Gaze, pupil, screen distance, and fixation-duration nodes with all graph relations.",multiclass_table6_valence_3class,Table-6 Valence,subject_kfold,HeteroGCNMean,HeteroGCNMean,skf_1_P17_P20_P8,results/quick_v1_v2_comparison/2026-06-12_16-29-08/model_runs/all_signals/2026-06-12_18-09-29,results/quick_v1_v2_comparison/2026-06-12_16-29-08/model_runs/all_signals/2026-06-12_18-09-29/multiclass_table6_valence_3class_emotion-elicitation_2026-06-12_18-10-59,results/quick_v1_v2_comparison/2026-06-12_16-29-08/model_runs/all_signals/2026-06-12_18-09-29/multiclass_table6_valence_3class_emotion-elicitation_2026-06-12_18-10-59/subject_kfold/skf_1_P17_P20_P8/gnn/HeteroGCNMean/gnn_fold_diagnostics.csv,test,0.1216108128428459,0.0910790264606475,-0.1366602778434753,0.4198185205459595,0.5564787983894348,0.690207839012146,0.00399254495278,0.6644994616508484,0.6931471228599548,0.2104793041944503,0.6696875095367432,130816,,,,,,,,,,,,,,,,,1,0.685458242893219,1
all_signals,"Gaze, pupil, screen distance, and fixation-duration nodes with all graph relations.",multiclass_table6_valence_3class,Table-6 Valence,subject_kfold,HeteroGCNMean,HeteroGCNMean,skf_2_P13_P28_P30,results/quick_v1_v2_comparison/2026-06-12_16-29-08/model_runs/all_signals/2026-06-12_18-09-29,results/quick_v1_v2_comparison/2026-06-12_16-29-08/model_runs/all_signals/2026-06-12_18-09-29/multiclass_table6_valence_3class_emotion-elicitation_2026-06-12_18-10-59,results/quick_v1_v2_comparison/2026-06-12_16-29-08/model_runs/all_signals/2026-06-12_18-09-29/multiclass_table6_valence_3class_emotion-elicitation_2026-06-12_18-10-59/subject_kfold/skf_2_P13_P28_P30/gnn/HeteroGCNMean/gnn_fold_diagnostics.csv,train,-0.0872055664658546,0.6277620792388916,-2.4053773880004883,1.5393112897872925,3.9446886777877808,0.567539632320404,0.1341795474290847,0.1069898307323455,0.6931471824645996,0.4645167887210846,0.2177223563194275,10000,,,,,,,,,,,,,,,,,79,0.5930933952331543,1
all_signals,"Gaze, pupil, screen distance, and fixation-duration nodes with all graph relations.",multiclass_table6_valence_3class,Table-6 Valence,subject_kfold,HeteroGCNMean,HeteroGCNMean,skf_2_P13_P28_P30,results/quick_v1_v2_comparison/2026-06-12_16-29-08/model_runs/all_signals/2026-06-12_18-09-29,results/quick_v1_v2_comparison/2026-06-12_16-29-08/model_runs/all_signals/2026-06-12_18-09-29/multiclass_table6_valence_3class_emotion-elicitation_2026-06-12_18-10-59,results/quick_v1_v2_comparison/2026-06-12_16-29-08/model_runs/all_signals/2026-06-12_18-09-29/multiclass_table6_valence_3class_emotion-elicitation_2026-06-12_18-10-59/subject_kfold/skf_2_P13_P28_P30/gnn/HeteroGCNMean/gnn_fold_diagnostics.csv,val,-0.0607204735279083,0.4363564550876617,-1.473739504814148,1.0746264457702637,2.548365950584412,0.6233199834823608,0.0915158465504646,0.3081754148006439,0.6931471824645996,0.3344232439994812,0.3798123598098755,11935,,,,,,,,,,,,,,,,,79,0.5930933952331543,1
all_signals,"Gaze, pupil, screen distance, and fixation-duration nodes with all graph relations.",multiclass_table6_valence_3class,Table-6 Valence,subject_kfold,HeteroGCNMean,HeteroGCNMean,skf_2_P13_P28_P30,results/quick_v1_v2_comparison/2026-06-12_16-29-08/model_runs/all_signals/2026-06-12_18-09-29,results/quick_v1_v2_comparison/2026-06-12_16-29-08/model_runs/all_signals/2026-06-12_18-09-29/multiclass_table6_valence_3class_emotion-elicitation_2026-06-12_18-10-59,results/quick_v1_v2_comparison/2026-06-12_16-29-08/model_runs/all_signals/2026-06-12_18-09-29/multiclass_table6_valence_3class_emotion-elicitation_2026-06-12_18-10-59/subject_kfold/skf_2_P13_P28_P30/gnn/HeteroGCNMean/gnn_fold_diagnostics.csv,test,-0.0805690661072731,0.7382190227508545,-2.09256362915039,1.3878015279769895,3.4803651571273804,0.5164018869400024,0.1356990933418274,0.1533231735229492,0.6931459903717041,0.4395775496959686,0.3330227732658386,117855,,,,,,,,,,,,,,,,,79,0.5930933952331543,1
all_signals,"Gaze, pupil, screen distance, and fixation-duration nodes with all graph relations.",multiclass_table6_valence_3class,Table-6 Valence,subject_kfold,HeteroGCNMean,HeteroGCNMean,skf_3_P19_P22_P4,results/quick_v1_v2_comparison/2026-06-12_16-29-08/model_runs/all_signals/2026-06-12_18-09-29,results/quick_v1_v2_comparison/2026-06-12_16-29-08/model_runs/all_signals/2026-06-12_18-09-29/multiclass_table6_valence_3class_emotion-elicitation_2026-06-12_18-10-59,results/quick_v1_v2_comparison/2026-06-12_16-29-08/model_runs/all_signals/2026-06-12_18-09-29/multiclass_table6_valence_3class_emotion-elicitation_2026-06-12_18-10-59/subject_kfold/skf_3_P19_P22_P4/gnn/HeteroGCNMean/gnn_fold_diagnostics.csv,train,-0.0379966609179973,0.4359613358974457,-1.395208716392517,1.348827600479126,2.744036316871643,0.6204240918159485,0.0788842961192131,0.23818239569664,0.6931471824645996,0.4452871680259704,0.2695208191871643,10000,,,,,,,,,,,,,,,,,35,0.5381908416748047,1
all_signals,"Gaze, pupil, screen distance, and fixation-duration nodes with all graph relations.",multiclass_table6_valence_3class,Table-6 Valence,subject_kfold,HeteroGCNMean,HeteroGCNMean,skf_3_P19_P22_P4,results/quick_v1_v2_comparison/2026-06-12_16-29-08/model_runs/all_signals/2026-06-12_18-09-29,results/quick_v1_v2_comparison/2026-06-12_16-29-08/model_runs/all_signals/2026-06-12_18-09-29/multiclass_table6_valence_3class_emotion-elicitation_2026-06-12_18-10-59,results/quick_v1_v2_comparison/2026-06-12_16-29-08/model_runs/all_signals/2026-06-12_18-09-29/multiclass_table6_valence_3class_emotion-elicitation_2026-06-12_18-10-59/subject_kfold/skf_3_P19_P22_P4/gnn/HeteroGCNMean/gnn_fold_diagnostics.csv,val,0.0627608969807624,0.463936299085617,-1.0315582752227783,1.1795231103897097,2.211081385612488,0.6089181900024414,0.0908694565296173,0.3373181521892547,0.6931455731391907,0.2944250404834747,0.4829561114311218,16290,,,,,,,,,,,,,,,,,35,0.5381908416748047,1
all_signals,"Gaze, pupil, screen distance, and fixation-duration nodes with all graph relations.",multiclass_table6_valence_3class,Table-6 Valence,subject_kfold,HeteroGCNMean,HeteroGCNMean,skf_3_P19_P22_P4,results/quick_v1_v2_comparison/2026-06-12_16-29-08/model_runs/all_signals/2026-06-12_18-09-29,results/quick_v1_v2_comparison/2026-06-12_16-29-08/model_runs/all_signals/2026-06-12_18-09-29/multiclass_table6_valence_3class_emotion-elicitation_2026-06-12_18-10-59,results/quick_v1_v2_comparison/2026-06-12_16-29-08/model_runs/all_signals/2026-06-12_18-09-29/multiclass_table6_valence_3class_emotion-elicitation_2026-06-12_18-10-59/subject_kfold/skf_3_P19_P22_P4/gnn/HeteroGCNMean/gnn_fold_diagnostics.csv,test,-0.0272003933787345,0.4219613969326019,-1.1342170238494873,1.1518542766571045,2.286071300506592,0.6241574287414551,0.0781510472297668,0.3488959670066833,0.6931442022323608,0.418433129787445,0.2775570154190063,109278,,,,,,,,,,,,,,,,,35,0.5381908416748047,1
all_signals,"Gaze, pupil, screen distance, and fixation-duration nodes with all graph relations.",multiclass_table6_valence_3class,Table-6 Valence,subject_kfold,HeteroGCNMean,HeteroGCNMean,skf_4_P10_P16_P5,results/quick_v1_v2_comparison/2026-06-12_16-29-08/model_runs/all_signals/2026-06-12_18-09-29,results/quick_v1_v2_comparison/2026-06-12_16-29-08/model_runs/all_signals/2026-06-12_18-09-29/multiclass_table6_valence_3class_emotion-elicitation_2026-06-12_18-10-59,results/quick_v1_v2_comparison/2026-06-12_16-29-08/model_runs/all_signals/2026-06-12_18-09-29/multiclass_table6_valence_3class_emotion-elicitation_2026-06-12_18-10-59/subject_kfold/skf_4_P10_P16_P5/gnn/HeteroGCNMean/gnn_fold_diagnostics.csv,train,0.0163240656256675,0.7275025248527527,-2.341001272201538,2.867230176925659,5.208231449127197,0.5458880066871643,0.1572833210229873,0.0351815037429332,0.6931471824645996,0.4990564882755279,0.1530052870512008,10000,,,,,,,,,,,,,,,,,133,0.496318906545639,1
all_signals,"Gaze, pupil, screen distance, and fixation-duration nodes with all graph relations.",multiclass_table6_valence_3class,Table-6 Valence,subject_kfold,HeteroGCNMean,HeteroGCNMean,skf_4_P10_P16_P5,results/quick_v1_v2_comparison/2026-06-12_16-29-08/model_runs/all_signals/2026-06-12_18-09-29,results/quick_v1_v2_comparison/2026-06-12_16-29-08/model_runs/all_signals/2026-06-12_18-09-29/multiclass_table6_valence_3class_emotion-elicitation_2026-06-12_18-10-59,results/quick_v1_v2_comparison/2026-06-12_16-29-08/model_runs/all_signals/2026-06-12_18-09-29/multiclass_table6_valence_3class_emotion-elicitation_2026-06-12_18-10-59/subject_kfold/skf_4_P10_P16_P5/gnn/HeteroGCNMean/gnn_fold_diagnostics.csv,val,-0.100492313504219,0.8339732885360718,-2.095827341079712,2.568650245666504,4.664477586746216,0.4989895224571228,0.1624737083911895,0.052928514778614,0.6928187608718872,0.4099522829055786,0.3414897322654724,11175,,,,,,,,,,,,,,,,,133,0.496318906545639,1
all_signals,"Gaze, pupil, screen distance, and fixation-duration nodes with all graph relations.",multiclass_table6_valence_3class,Table-6 Valence,subject_kfold,HeteroGCNMean,HeteroGCNMean,skf_4_P10_P16_P5,results/quick_v1_v2_comparison/2026-06-12_16-29-08/model_runs/all_signals/2026-06-12_18-09-29,results/quick_v1_v2_comparison/2026-06-12_16-29-08/model_runs/all_signals/2026-06-12_18-09-29/multiclass_table6_valence_3class_emotion-elicitation_2026-06-12_18-10-59,results/quick_v1_v2_comparison/2026-06-12_16-29-08/model_runs/all_signals/2026-06-12_18-09-29/multiclass_table6_valence_3class_emotion-elicitation_2026-06-12_18-10-59/subject_kfold/skf_4_P10_P16_P5/gnn/HeteroGCNMean/gnn_fold_diagnostics.csv,test,0.0198332760483026,0.7388311624526978,-2.2738301753997803,3.0141360759735107,5.287966251373291,0.5424824357032776,0.1590587645769119,0.031619906425476,0.6931267976760864,0.4029031991958618,0.2579127252101898,128271,,,,,,,,,,,,,,,,,133,0.496318906545639,1
all_signals,"Gaze, pupil, screen distance, and fixation-duration nodes with all graph relations.",multiclass_table6_valence_3class,Table-6 Valence,subject_kfold,HeteroGCNMean,HeteroGCNMean,skf_5_P21_P23_P24,results/quick_v1_v2_comparison/2026-06-12_16-29-08/model_runs/all_signals/2026-06-12_18-09-29,results/quick_v1_v2_comparison/2026-06-12_16-29-08/model_runs/all_signals/2026-06-12_18-09-29/multiclass_table6_valence_3class_emotion-elicitation_2026-06-12_18-10-59,results/quick_v1_v2_comparison/2026-06-12_16-29-08/model_runs/all_signals/2026-06-12_18-09-29/multiclass_table6_valence_3class_emotion-elicitation_2026-06-12_18-10-59/subject_kfold/skf_5_P21_P23_P24/gnn/HeteroGCNMean/gnn_fold_diagnostics.csv,train,-0.0124560222029685,0.6057525873184204,-1.998278260231018,1.6434009075164795,3.6416791677474976,0.5741866230964661,0.1251479834318161,0.1314856708049774,0.6931471824645996,0.4174056351184845,0.2967858910560608,10000,,,,,,,,,,,,,,,,,73,0.6028764843940735,1
all_signals,"Gaze, pupil, screen distance, and fixation-duration nodes with all graph relations.",multiclass_table6_valence_3class,Table-6 Valence,subject_kfold,HeteroGCNMean,HeteroGCNMean,skf_5_P21_P23_P24,results/quick_v1_v2_comparison/2026-06-12_16-29-08/model_runs/all_signals/2026-06-12_18-09-29,results/quick_v1_v2_comparison/2026-06-12_16-29-08/model_runs/all_signals/2026-06-12_18-09-29/multiclass_table6_valence_3class_emotion-elicitation_2026-06-12_18-10-59,results/quick_v1_v2_comparison/2026-06-12_16-29-08/model_runs/all_signals/2026-06-12_18-09-29/multiclass_table6_valence_3class_emotion-elicitation_2026-06-12_18-10-59/subject_kfold/skf_5_P21_P23_P24/gnn/HeteroGCNMean/gnn_fold_diagnostics.csv,val,0.045190542936325,0.7442954778671265,-2.0572292804718018,1.472962498664856,3.5301917791366577,0.5329510569572449,0.1607794016599655,0.1311266422271728,0.6929720044136047,0.3557252883911133,0.4553936421871185,11175,,,,,,,,,,,,,,,,,73,0.6028764843940735,1
all_signals,"Gaze, pupil, screen distance, and fixation-duration nodes with all graph relations.",multiclass_table6_valence_3class,Table-6 Valence,subject_kfold,HeteroGCNMean,HeteroGCNMean,skf_5_P21_P23_P24,results/quick_v1_v2_comparison/2026-06-12_16-29-08/model_runs/all_signals/2026-06-12_18-09-29,results/quick_v1_v2_comparison/2026-06-12_16-29-08/model_runs/all_signals/2026-06-12_18-09-29/multiclass_table6_valence_3class_emotion-elicitation_2026-06-12_18-10-59,results/quick_v1_v2_comparison/2026-06-12_16-29-08/model_runs/all_signals/2026-06-12_18-09-29/multiclass_table6_valence_3class_emotion-elicitation_2026-06-12_18-10-59/subject_kfold/skf_5_P21_P23_P24/gnn/HeteroGCNMean/gnn_fold_diagnostics.csv,test,-0.0476187169551849,0.7203412652015686,-2.035573482513428,1.4909483194351196,3.526521801948548,0.5290195941925049,0.1425050795078277,0.1335942447185516,0.6931471824645996,0.3962545990943908,0.3972586691379547,129795,,,,,,,,,,,,,,,,,73,0.6028764843940735,1
all_signals,"Gaze, pupil, screen distance, and fixation-duration nodes with all graph relations.",multiclass_table6_valence_3class,Table-6 Valence,subject_kfold,HeteroGCNMean,HeteroGCNMean,skf_6_P18_P29_P7,results/quick_v1_v2_comparison/2026-06-12_16-29-08/model_runs/all_signals/2026-06-12_18-09-29,results/quick_v1_v2_comparison/2026-06-12_16-29-08/model_runs/all_signals/2026-06-12_18-09-29/multiclass_table6_valence_3class_emotion-elicitation_2026-06-12_18-10-59,results/quick_v1_v2_comparison/2026-06-12_16-29-08/model_runs/all_signals/2026-06-12_18-09-29/multiclass_table6_valence_3class_emotion-elicitation_2026-06-12_18-10-59/subject_kfold/skf_6_P18_P29_P7/gnn/HeteroGCNMean/gnn_fold_diagnostics.csv,train,0.0753594860434532,0.9118670225143432,-3.4953174591064453,3.5423672199249268,7.037684679031372,0.5021090507507324,0.1901358217000961,0.0080818310379982,0.6931471824645996,0.4870599508285522,0.143690750002861,10000,,,,,,,,,,,,,,,,,259,0.521683931350708,1
all_signals,"Gaze, pupil, screen distance, and fixation-duration nodes with all graph relations.",multiclass_table6_valence_3class,Table-6 Valence,subject_kfold,HeteroGCNMean,HeteroGCNMean,skf_6_P18_P29_P7,results/quick_v1_v2_comparison/2026-06-12_16-29-08/model_runs/all_signals/2026-06-12_18-09-29,results/quick_v1_v2_comparison/2026-06-12_16-29-08/model_runs/all_signals/2026-06-12_18-09-29/multiclass_table6_valence_3class_emotion-elicitation_2026-06-12_18-10-59,results/quick_v1_v2_comparison/2026-06-12_16-29-08/model_runs/all_signals/2026-06-12_18-09-29/multiclass_table6_valence_3class_emotion-elicitation_2026-06-12_18-10-59/subject_kfold/skf_6_P18_P29_P7/gnn/HeteroGCNMean/gnn_fold_diagnostics.csv,val,0.065817005932331,1.0147509574890137,-2.9980502128601074,2.858872413635254,5.856922626495361,0.4722212851047516,0.2004355639219284,0.0236967094242572,0.6931100487709045,0.3973015248775482,0.3358144462108612,11175,,,,,,,,,,,,,,,,,259,0.521683931350708,1
all_signals,"Gaze, pupil, screen distance, and fixation-duration nodes with all graph relations.",multiclass_table6_valence_3class,Table-6 Valence,subject_kfold,HeteroGCNMean,HeteroGCNMean,skf_6_P18_P29_P7,results/quick_v1_v2_comparison/2026-06-12_16-29-08/model_runs/all_signals/2026-06-12_18-09-29,results/quick_v1_v2_comparison/2026-06-12_16-29-08/model_runs/all_signals/2026-06-12_18-09-29/multiclass_table6_valence_3class_emotion-elicitation_2026-06-12_18-10-59,results/quick_v1_v2_comparison/2026-06-12_16-29-08/model_runs/all_signals/2026-06-12_18-09-29/multiclass_table6_valence_3class_emotion-elicitation_2026-06-12_18-10-59/subject_kfold/skf_6_P18_P29_P7/gnn/HeteroGCNMean/gnn_fold_diagnostics.csv,test,0.0319285541772842,1.2057559490203855,-3.40295934677124,3.5044755935668945,6.907434940338135,0.4310430884361267,0.2227065861225128,0.0081632826477289,0.6931467056274414,0.3916719555854797,0.290630578994751,114960,,,,,,,,,,,,,,,,,259,0.521683931350708,1
all_signals,"Gaze, pupil, screen distance, and fixation-duration nodes with all graph relations.",multiclass_table6_valence_3class,Table-6 Valence,subject_kfold,HeteroGCNMLP,HeteroGCNMLP,skf_0_P1_P14_P2_P27,results/quick_v1_v2_comparison/2026-06-12_16-29-08/model_runs/all_signals/2026-06-12_18-09-29,results/quick_v1_v2_comparison/2026-06-12_16-29-08/model_runs/all_signals/2026-06-12_18-09-29/multiclass_table6_valence_3class_emotion-elicitation_2026-06-12_18-10-59,results/quick_v1_v2_comparison/2026-06-12_16-29-08/model_runs/all_signals/2026-06-12_18-09-29/multiclass_table6_valence_3class_emotion-elicitation_2026-06-12_18-10-59/subject_kfold/skf_0_P1_P14_P2_P27/gnn/HeteroGCNMLP/gnn_fold_diagnostics.csv,train,-0.0550666972994804,0.610033392906189,-1.687557816505432,1.912555694580078,3.6001135110855103,0.5689364671707153,0.128138929605484,0.1268286406993866,0.6931471824645996,0.4509423375129699,0.2525440454483032,10000,,,,,,,,,,,,,,,,,64,0.5912625789642334,1
all_signals,"Gaze, pupil, screen distance, and fixation-duration nodes with all graph relations.",multiclass_table6_valence_3class,Table-6 Valence,subject_kfold,HeteroGCNMLP,HeteroGCNMLP,skf_0_P1_P14_P2_P27,results/quick_v1_v2_comparison/2026-06-12_16-29-08/model_runs/all_signals/2026-06-12_18-09-29,results/quick_v1_v2_comparison/2026-06-12_16-29-08/model_runs/all_signals/2026-06-12_18-09-29/multiclass_table6_valence_3class_emotion-elicitation_2026-06-12_18-10-59,results/quick_v1_v2_comparison/2026-06-12_16-29-08/model_runs/all_signals/2026-06-12_18-09-29/multiclass_table6_valence_3class_emotion-elicitation_2026-06-12_18-10-59/subject_kfold/skf_0_P1_P14_P2_P27/gnn/HeteroGCNMLP/gnn_fold_diagnostics.csv,val,-0.0514533184468746,0.7638429403305054,-1.6899253129959106,1.9338897466659544,3.623815059661865,0.5224035382270813,0.1607092767953872,0.1205042526125907,0.6931408643722534,0.395400732755661,0.299240380525589,11175,,,,,,,,,,,,,,,,,64,0.5912625789642334,1
all_signals,"Gaze, pupil, screen distance, and fixation-duration nodes with all graph relations.",multiclass_table6_valence_3class,Table-6 Valence,subject_kfold,HeteroGCNMLP,HeteroGCNMLP,skf_0_P1_P14_P2_P27,results/quick_v1_v2_comparison/2026-06-12_16-29-08/model_runs/all_signals/2026-06-12_18-09-29,results/quick_v1_v2_comparison/2026-06-12_16-29-08/model_runs/all_signals/2026-06-12_18-09-29/multiclass_table6_valence_3class_emotion-elicitation_2026-06-12_18-10-59,results/quick_v1_v2_comparison/2026-06-12_16-29-08/model_runs/all_signals/2026-06-12_18-09-29/multiclass_table6_valence_3class_emotion-elicitation_2026-06-12_18-10-59/subject_kfold/skf_0_P1_P14_P2_P27/gnn/HeteroGCNMLP/gnn_fold_diagnostics.csv,test,-0.0175984036177396,0.616081953048706,-1.501579761505127,1.8651278018951416,3.366707563400269,0.5542266368865967,0.1099271029233932,0.1462085992097854,0.6931456923484802,0.4475621879100799,0.3213854432106018,250986,,,,,,,,,,,,,,,,,64,0.5912625789642334,1
all_signals,"Gaze, pupil, screen distance, and fixation-duration nodes with all graph relations.",multiclass_table6_valence_3class,Table-6 Valence,subject_kfold,HeteroGCNMLP,HeteroGCNMLP,skf_1_P17_P20_P8,results/quick_v1_v2_comparison/2026-06-12_16-29-08/model_runs/all_signals/2026-06-12_18-09-29,results/quick_v1_v2_comparison/2026-06-12_16-29-08/model_runs/all_signals/2026-06-12_18-09-29/multiclass_table6_valence_3class_emotion-elicitation_2026-06-12_18-10-59,results/quick_v1_v2_comparison/2026-06-12_16-29-08/model_runs/all_signals/2026-06-12_18-09-29/multiclass_table6_valence_3class_emotion-elicitation_2026-06-12_18-10-59/subject_kfold/skf_1_P17_P20_P8/gnn/HeteroGCNMLP/gnn_fold_diagnostics.csv,train,-0.0153018245473504,0.1381030231714248,-0.3755501508712768,0.4297276735305786,0.8052778244018555,0.688622236251831,0.0042600436136126,0.6600720882415771,0.6931471228599548,0.3794438540935516,0.3866084516048431,10000,,,,,,,,,,,,,,,,,1,0.6788668632507324,1
all_signals,"Gaze, pupil, screen distance, and fixation-duration nodes with all graph relations.",multiclass_table6_valence_3class,Table-6 Valence,subject_kfold,HeteroGCNMLP,HeteroGCNMLP,skf_1_P17_P20_P8,results/quick_v1_v2_comparison/2026-06-12_16-29-08/model_runs/all_signals/2026-06-12_18-09-29,results/quick_v1_v2_comparison/2026-06-12_16-29-08/model_runs/all_signals/2026-06-12_18-09-29/multiclass_table6_valence_3class_emotion-elicitation_2026-06-12_18-10-59,results/quick_v1_v2_comparison/2026-06-12_16-29-08/model_runs/all_signals/2026-06-12_18-09-29/multiclass_table6_valence_3class_emotion-elicitation_2026-06-12_18-10-59/subject_kfold/skf_1_P17_P20_P8/gnn/HeteroGCNMLP/gnn_fold_diagnostics.csv,val,-0.0870708376169204,0.0672742575407028,-0.2796002626419067,0.1212899535894393,0.4008902162313461,0.6921377778053284,0.0008951948257163,0.6875393390655518,0.6931455135345459,0.2073655277490615,0.6676329374313354,18528,,,,,,,,,,,,,,,,,1,0.6788668632507324,1
all_signals,"Gaze, pupil, screen distance, and fixation-duration nodes with all graph relations.",multiclass_table6_valence_3class,Table-6 Valence,subject_kfold,HeteroGCNMLP,HeteroGCNMLP,skf_1_P17_P20_P8,results/quick_v1_v2_comparison/2026-06-12_16-29-08/model_runs/all_signals/2026-06-12_18-09-29,results/quick_v1_v2_comparison/2026-06-12_16-29-08/model_runs/all_signals/2026-06-12_18-09-29/multiclass_table6_valence_3class_emotion-elicitation_2026-06-12_18-10-59,results/quick_v1_v2_comparison/2026-06-12_16-29-08/model_runs/all_signals/2026-06-12_18-09-29/multiclass_table6_valence_3class_emotion-elicitation_2026-06-12_18-10-59/subject_kfold/skf_1_P17_P20_P8/gnn/HeteroGCNMLP/gnn_fold_diagnostics.csv,test,-0.1202248334884643,0.0884514078497886,-0.3192881047725677,0.1302762925624847,0.4495643973350525,0.691002368927002,0.0018960583256557,0.6787045001983643,0.6931471824645996,0.2371482402086258,0.6187642216682434,130816,,,,,,,,,,,,,,,,,1,0.6788668632507324,1
all_signals,"Gaze, pupil, screen distance, and fixation-duration nodes with all graph relations.",multiclass_table6_valence_3class,Table-6 Valence,subject_kfold,HeteroGCNMLP,HeteroGCNMLP,skf_2_P13_P28_P30,results/quick_v1_v2_comparison/2026-06-12_16-29-08/model_runs/all_signals/2026-06-12_18-09-29,results/quick_v1_v2_comparison/2026-06-12_16-29-08/model_runs/all_signals/2026-06-12_18-09-29/multiclass_table6_valence_3class_emotion-elicitation_2026-06-12_18-10-59,results/quick_v1_v2_comparison/2026-06-12_16-29-08/model_runs/all_signals/2026-06-12_18-09-29/multiclass_table6_valence_3class_emotion-elicitation_2026-06-12_18-10-59/subject_kfold/skf_2_P13_P28_P30/gnn/HeteroGCNMLP/gnn_fold_diagnostics.csv,train,-0.2063365578651428,0.8872683048248291,-2.785876989364624,2.6145496368408203,5.400426626205444,0.5021628737449646,0.1859937012195587,0.0378461591899395,0.6931471824645996,0.4301401376724243,0.1948248594999313,10000,,,,,,,,,,,,,,,,,107,0.5673408508300781,1
all_signals,"Gaze, pupil, screen distance, and fixation-duration nodes with all graph relations.",multiclass_table6_valence_3class,Table-6 Valence,subject_kfold,HeteroGCNMLP,HeteroGCNMLP,skf_2_P13_P28_P30,results/quick_v1_v2_comparison/2026-06-12_16-29-08/model_runs/all_signals/2026-06-12_18-09-29,results/quick_v1_v2_comparison/2026-06-12_16-29-08/model_runs/all_signals/2026-06-12_18-09-29/multiclass_table6_valence_3class_emotion-elicitation_2026-06-12_18-10-59,results/quick_v1_v2_comparison/2026-06-12_16-29-08/model_runs/all_signals/2026-06-12_18-09-29/multiclass_table6_valence_3class_emotion-elicitation_2026-06-12_18-10-59/subject_kfold/skf_2_P13_P28_P30/gnn/HeteroGCNMLP/gnn_fold_diagnostics.csv,val,-0.1543423384428024,0.6118422150611877,-2.457390308380127,1.7656149864196775,4.223005294799805,0.577164888381958,0.1328324377536773,0.0965484902262687,0.6931319236755371,0.3167630732059479,0.2522426247596741,11935,,,,,,,,,,,,,,,,,107,0.5673408508300781,1
all_signals,"Gaze, pupil, screen distance, and fixation-duration nodes with all graph relations.",multiclass_table6_valence_3class,Table-6 Valence,subject_kfold,HeteroGCNMLP,HeteroGCNMLP,skf_2_P13_P28_P30,results/quick_v1_v2_comparison/2026-06-12_16-29-08/model_runs/all_signals/2026-06-12_18-09-29,results/quick_v1_v2_comparison/2026-06-12_16-29-08/model_runs/all_signals/2026-06-12_18-09-29/multiclass_table6_valence_3class_emotion-elicitation_2026-06-12_18-10-59,results/quick_v1_v2_comparison/2026-06-12_16-29-08/model_runs/all_signals/2026-06-12_18-09-29/multiclass_table6_valence_3class_emotion-elicitation_2026-06-12_18-10-59/subject_kfold/skf_2_P13_P28_P30/gnn/HeteroGCNMLP/gnn_fold_diagnostics.csv,test,-0.2946594059467315,1.1093862056732178,-3.2580275535583496,2.4796459674835205,5.73767352104187,0.4187631905078888,0.2017770409584045,0.0397900193929672,0.6931267976760864,0.4556481540203094,0.2651159763336181,117855,,,,,,,,,,,,,,,,,107,0.5673408508300781,1
all_signals,"Gaze, pupil, screen distance, and fixation-duration nodes with all graph relations.",multiclass_table6_valence_3class,Table-6 Valence,subject_kfold,HeteroGCNMLP,HeteroGCNMLP,skf_3_P19_P22_P4,results/quick_v1_v2_comparison/2026-06-12_16-29-08/model_runs/all_signals/2026-06-12_18-09-29,results/quick_v1_v2_comparison/2026-06-12_16-29-08/model_runs/all_signals/2026-06-12_18-09-29/multiclass_table6_valence_3class_emotion-elicitation_2026-06-12_18-10-59,results/quick_v1_v2_comparison/2026-06-12_16-29-08/model_runs/all_signals/2026-06-12_18-09-29/multiclass_table6_valence_3class_emotion-elicitation_2026-06-12_18-10-59/subject_kfold/skf_3_P19_P22_P4/gnn/HeteroGCNMLP/gnn_fold_diagnostics.csv,train,-0.0844514742493629,0.424033373594284,-1.3083384037017822,0.936427116394043,2.244765520095825,0.624424159526825,0.0690424367785453,0.3600912690162658,0.6931471824645996,0.4175418615341186,0.3290529251098633,10000,,,,,,,,,,,,,,,,,24,0.5385946035385132,1
all_signals,"Gaze, pupil, screen distance, and fixation-duration nodes with all graph relations.",multiclass_table6_valence_3class,Table-6 Valence,subject_kfold,HeteroGCNMLP,HeteroGCNMLP,skf_3_P19_P22_P4,results/quick_v1_v2_comparison/2026-06-12_16-29-08/model_runs/all_signals/2026-06-12_18-09-29,results/quick_v1_v2_comparison/2026-06-12_16-29-08/model_runs/all_signals/2026-06-12_18-09-29/multiclass_table6_valence_3class_emotion-elicitation_2026-06-12_18-10-59,results/quick_v1_v2_comparison/2026-06-12_16-29-08/model_runs/all_signals/2026-06-12_18-09-29/multiclass_table6_valence_3class_emotion-elicitation_2026-06-12_18-10-59/subject_kfold/skf_3_P19_P22_P4/gnn/HeteroGCNMLP/gnn_fold_diagnostics.csv,val,-0.0948204323649406,0.4754121303558349,-1.1840577125549316,0.8607528805732727,2.0448105931282043,0.6053116321563721,0.0821229815483093,0.3873902559280395,0.6931447982788086,0.2448121160268783,0.6157835125923157,16290,,,,,,,,,,,,,,,,,24,0.5385946035385132,1
all_signals,"Gaze, pupil, screen distance, and fixation-duration nodes with all graph relations.",multiclass_table6_valence_3class,Table-6 Valence,subject_kfold,HeteroGCNMLP,HeteroGCNMLP,skf_3_P19_P22_P4,results/quick_v1_v2_comparison/2026-06-12_16-29-08/model_runs/all_signals/2026-06-12_18-09-29,results/quick_v1_v2_comparison/2026-06-12_16-29-08/model_runs/all_signals/2026-06-12_18-09-29/multiclass_table6_valence_3class_emotion-elicitation_2026-06-12_18-10-59,results/quick_v1_v2_comparison/2026-06-12_16-29-08/model_runs/all_signals/2026-06-12_18-09-29/multiclass_table6_valence_3class_emotion-elicitation_2026-06-12_18-10-59/subject_kfold/skf_3_P19_P22_P4/gnn/HeteroGCNMLP/gnn_fold_diagnostics.csv,test,-0.0525378212332725,0.4162662327289581,-1.186821699142456,0.90076744556427,2.087589144706726,0.6255211234092712,0.0698633715510368,0.3990361094474792,0.6931471824645996,0.3336937129497528,0.4167946279048919,109278,,,,,,,,,,,,,,,,,24,0.5385946035385132,1
all_signals,"Gaze, pupil, screen distance, and fixation-duration nodes with all graph relations.",multiclass_table6_valence_3class,Table-6 Valence,subject_kfold,HeteroGCNMLP,HeteroGCNMLP,skf_4_P10_P16_P5,results/quick_v1_v2_comparison/2026-06-12_16-29-08/model_runs/all_signals/2026-06-12_18-09-29,results/quick_v1_v2_comparison/2026-06-12_16-29-08/model_runs/all_signals/2026-06-12_18-09-29/multiclass_table6_valence_3class_emotion-elicitation_2026-06-12_18-10-59,results/quick_v1_v2_comparison/2026-06-12_16-29-08/model_runs/all_signals/2026-06-12_18-09-29/multiclass_table6_valence_3class_emotion-elicitation_2026-06-12_18-10-59/subject_kfold/skf_4_P10_P16_P5/gnn/HeteroGCNMLP/gnn_fold_diagnostics.csv,train,-0.0347059108316898,0.8584465384483337,-2.405705690383911,3.0799784660339355,5.485684156417847,0.5018773078918457,0.1800416857004165,0.0333669818937778,0.6931470632553101,0.4161178469657898,0.1768531948328018,10000,,,,,,,,,,,,,,,,,113,0.4904921352863312,1
all_signals,"Gaze, pupil, screen distance, and fixation-duration nodes with all graph relations.",multiclass_table6_valence_3class,Table-6 Valence,subject_kfold,HeteroGCNMLP,HeteroGCNMLP,skf_4_P10_P16_P5,results/quick_v1_v2_comparison/2026-06-12_16-29-08/model_runs/all_signals/2026-06-12_18-09-29,results/quick_v1_v2_comparison/2026-06-12_16-29-08/model_runs/all_signals/2026-06-12_18-09-29/multiclass_table6_valence_3class_emotion-elicitation_2026-06-12_18-10-59,results/quick_v1_v2_comparison/2026-06-12_16-29-08/model_runs/all_signals/2026-06-12_18-09-29/multiclass_table6_valence_3class_emotion-elicitation_2026-06-12_18-10-59/subject_kfold/skf_4_P10_P16_P5/gnn/HeteroGCNMLP/gnn_fold_diagnostics.csv,val,-0.1189853549003601,0.882249653339386,-2.354860544204712,2.830408334732056,5.185268878936768,0.4834741353988647,0.1680716723203659,0.0450385101139545,0.6931442022323608,0.3138360381126404,0.449972003698349,11175,,,,,,,,,,,,,,,,,113,0.4904921352863312,1
all_signals,"Gaze, pupil, screen distance, and fixation-duration nodes with all graph relations.",multiclass_table6_valence_3class,Table-6 Valence,subject_kfold,HeteroGCNMLP,HeteroGCNMLP,skf_4_P10_P16_P5,results/quick_v1_v2_comparison/2026-06-12_16-29-08/model_runs/all_signals/2026-06-12_18-09-29,results/quick_v1_v2_comparison/2026-06-12_16-29-08/model_runs/all_signals/2026-06-12_18-09-29/multiclass_table6_valence_3class_emotion-elicitation_2026-06-12_18-10-59,results/quick_v1_v2_comparison/2026-06-12_16-29-08/model_runs/all_signals/2026-06-12_18-09-29/multiclass_table6_valence_3class_emotion-elicitation_2026-06-12_18-10-59/subject_kfold/skf_4_P10_P16_P5/gnn/HeteroGCNMLP/gnn_fold_diagnostics.csv,test,-0.068660169839859,0.8165842294692993,-2.1186347007751465,2.9448118209838867,5.063446521759033,0.5169103741645813,0.1692861020565033,0.0393560715019702,0.6931416988372803,0.3474273979663849,0.3194125294685364,128271,,,,,,,,,,,,,,,,,113,0.4904921352863312,1
all_signals,"Gaze, pupil, screen distance, and fixation-duration nodes with all graph relations.",multiclass_table6_valence_3class,Table-6 Valence,subject_kfold,HeteroGCNMLP,HeteroGCNMLP,skf_5_P21_P23_P24,results/quick_v1_v2_comparison/2026-06-12_16-29-08/model_runs/all_signals/2026-06-12_18-09-29,results/quick_v1_v2_comparison/2026-06-12_16-29-08/model_runs/all_signals/2026-06-12_18-09-29/multiclass_table6_valence_3class_emotion-elicitation_2026-06-12_18-10-59,results/quick_v1_v2_comparison/2026-06-12_16-29-08/model_runs/all_signals/2026-06-12_18-09-29/multiclass_table6_valence_3class_emotion-elicitation_2026-06-12_18-10-59/subject_kfold/skf_5_P21_P23_P24/gnn/HeteroGCNMLP/gnn_fold_diagnostics.csv,train,-0.0271162688732147,0.5350497364997864,-1.5651651620864868,1.1602107286453247,2.7253758907318115,0.5874895453453064,0.1062468364834785,0.2411453127861023,0.6931471824645996,0.3862924575805664,0.3205159306526184,10000,,,,,,,,,,,,,,,,,34,0.6125892400741577,1
all_signals,"Gaze, pupil, screen distance, and fixation-duration nodes with all graph relations.",multiclass_table6_valence_3class,Table-6 Valence,subject_kfold,HeteroGCNMLP,HeteroGCNMLP,skf_5_P21_P23_P24,results/quick_v1_v2_comparison/2026-06-12_16-29-08/model_runs/all_signals/2026-06-12_18-09-29,results/quick_v1_v2_comparison/2026-06-12_16-29-08/model_runs/all_signals/2026-06-12_18-09-29/multiclass_table6_valence_3class_emotion-elicitation_2026-06-12_18-10-59,results/quick_v1_v2_comparison/2026-06-12_16-29-08/model_runs/all_signals/2026-06-12_18-09-29/multiclass_table6_valence_3class_emotion-elicitation_2026-06-12_18-10-59/subject_kfold/skf_5_P21_P23_P24/gnn/HeteroGCNMLP/gnn_fold_diagnostics.csv,val,-0.0553869493305683,0.6215627789497375,-1.5756239891052246,1.081944227218628,2.6575682163238525,0.5610779523849487,0.1311960816383361,0.2448057383298874,0.693138599395752,0.2969270646572113,0.4991050660610199,11175,,,,,,,,,,,,,,,,,34,0.6125892400741577,1
all_signals,"Gaze, pupil, screen distance, and fixation-duration nodes with all graph relations.",multiclass_table6_valence_3class,Table-6 Valence,subject_kfold,HeteroGCNMLP,HeteroGCNMLP,skf_5_P21_P23_P24,results/quick_v1_v2_comparison/2026-06-12_16-29-08/model_runs/all_signals/2026-06-12_18-09-29,results/quick_v1_v2_comparison/2026-06-12_16-29-08/model_runs/all_signals/2026-06-12_18-09-29/multiclass_table6_valence_3class_emotion-elicitation_2026-06-12_18-10-59,results/quick_v1_v2_comparison/2026-06-12_16-29-08/model_runs/all_signals/2026-06-12_18-09-29/multiclass_table6_valence_3class_emotion-elicitation_2026-06-12_18-10-59/subject_kfold/skf_5_P21_P23_P24/gnn/HeteroGCNMLP/gnn_fold_diagnostics.csv,test,-0.0517208464443683,0.7148939371109009,-1.7124640941619873,1.1369669437408447,2.849431037902832,0.5228126645088196,0.1347808837890625,0.2156671583652496,0.6931471824645996,0.3536544740200043,0.4150193333625793,129795,,,,,,,,,,,,,,,,,34,0.6125892400741577,1
all_signals,"Gaze, pupil, screen distance, and fixation-duration nodes with all graph relations.",multiclass_table6_valence_3class,Table-6 Valence,subject_kfold,HeteroGCNMLP,HeteroGCNMLP,skf_6_P18_P29_P7,results/quick_v1_v2_comparison/2026-06-12_16-29-08/model_runs/all_signals/2026-06-12_18-09-29,results/quick_v1_v2_comparison/2026-06-12_16-29-08/model_runs/all_signals/2026-06-12_18-09-29/multiclass_table6_valence_3class_emotion-elicitation_2026-06-12_18-10-59,results/quick_v1_v2_comparison/2026-06-12_16-29-08/model_runs/all_signals/2026-06-12_18-09-29/multiclass_table6_valence_3class_emotion-elicitation_2026-06-12_18-10-59/subject_kfold/skf_6_P18_P29_P7/gnn/HeteroGCNMLP/gnn_fold_diagnostics.csv,train,0.126109629869461,0.7713725566864014,-2.4552602767944336,2.837780475616455,5.293040752410889,0.5281444191932678,0.1669455170631408,0.031486015766859,0.6931471228599548,0.4340154826641083,0.2302297055721283,10000,,,,,,,,,,,,,,,,,111,0.5167500972747803,1
all_signals,"Gaze, pupil, screen distance, and fixation-duration nodes with all graph relations.",multiclass_table6_valence_3class,Table-6 Valence,subject_kfold,HeteroGCNMLP,HeteroGCNMLP,skf_6_P18_P29_P7,results/quick_v1_v2_comparison/2026-06-12_16-29-08/model_runs/all_signals/2026-06-12_18-09-29,results/quick_v1_v2_comparison/2026-06-12_16-29-08/model_runs/all_signals/2026-06-12_18-09-29/multiclass_table6_valence_3class_emotion-elicitation_2026-06-12_18-10-59,results/quick_v1_v2_comparison/2026-06-12_16-29-08/model_runs/all_signals/2026-06-12_18-09-29/multiclass_table6_valence_3class_emotion-elicitation_2026-06-12_18-10-59/subject_kfold/skf_6_P18_P29_P7/gnn/HeteroGCNMLP/gnn_fold_diagnostics.csv,val,0.1230690404772758,0.9070401191711426,-2.12715482711792,2.466923475265503,4.594078302383423,0.4804274439811706,0.1844614595174789,0.0560489892959594,0.6930737495422363,0.3320424258708954,0.4236237704753876,11175,,,,,,,,,,,,,,,,,111,0.5167500972747803,1
all_signals,"Gaze, pupil, screen distance, and fixation-duration nodes with all graph relations.",multiclass_table6_valence_3class,Table-6 Valence,subject_kfold,HeteroGCNMLP,HeteroGCNMLP,skf_6_P18_P29_P7,results/quick_v1_v2_comparison/2026-06-12_16-29-08/model_runs/all_signals/2026-06-12_18-09-29,results/quick_v1_v2_comparison/2026-06-12_16-29-08/model_runs/all_signals/2026-06-12_18-09-29/multiclass_table6_valence_3class_emotion-elicitation_2026-06-12_18-10-59,results/quick_v1_v2_comparison/2026-06-12_16-29-08/model_runs/all_signals/2026-06-12_18-09-29/multiclass_table6_valence_3class_emotion-elicitation_2026-06-12_18-10-59/subject_kfold/skf_6_P18_P29_P7/gnn/HeteroGCNMLP/gnn_fold_diagnostics.csv,test,0.0412433184683322,1.0371270179748535,-2.432582378387451,2.7341949939727783,5.1667773723602295,0.4600276350975036,0.2093540728092193,0.0386091470718383,0.6931471228599548,0.3455994725227356,0.3631572127342224,114960,,,,,,,,,,,,,,,,,111,0.5167500972747803,1
all_signals,"Gaze, pupil, screen distance, and fixation-duration nodes with all graph relations.",multiclass_table6_valence_3class,Table-6 Valence,subject_kfold,HeteroGCNMLPWeights,HeteroGCNMLPWeights,skf_0_P1_P14_P2_P27,results/quick_v1_v2_comparison/2026-06-12_16-29-08/model_runs/all_signals/2026-06-12_18-09-29,results/quick_v1_v2_comparison/2026-06-12_16-29-08/model_runs/all_signals/2026-06-12_18-09-29/multiclass_table6_valence_3class_emotion-elicitation_2026-06-12_18-10-59,results/quick_v1_v2_comparison/2026-06-12_16-29-08/model_runs/all_signals/2026-06-12_18-09-29/multiclass_table6_valence_3class_emotion-elicitation_2026-06-12_18-10-59/subject_kfold/skf_0_P1_P14_P2_P27/gnn/HeteroGCNMLPWeights/gnn_fold_diagnostics.csv,train,-0.1252622008323669,0.6579722166061401,-2.2351391315460205,1.4599339962005615,3.695073127746582,0.5527650713920593,0.1412415206432342,0.121587298810482,0.6931471824645996,0.4353106021881103,0.2187590599060058,10000,-0.9979975819587708,0.0632516741752624,-1.0,1.0,-0.998354434967041,0.0573448725044727,-1.0,1.0,-0.6764689087867737,0.2814088463783264,-1.0,1.0,0.1689960211515426,0.0235444735735654,0.1514695733785629,1.0,75,0.557776689529419,1
all_signals,"Gaze, pupil, screen distance, and fixation-duration nodes with all graph relations.",multiclass_table6_valence_3class,Table-6 Valence,subject_kfold,HeteroGCNMLPWeights,HeteroGCNMLPWeights,skf_0_P1_P14_P2_P27,results/quick_v1_v2_comparison/2026-06-12_16-29-08/model_runs/all_signals/2026-06-12_18-09-29,results/quick_v1_v2_comparison/2026-06-12_16-29-08/model_runs/all_signals/2026-06-12_18-09-29/multiclass_table6_valence_3class_emotion-elicitation_2026-06-12_18-10-59,results/quick_v1_v2_comparison/2026-06-12_16-29-08/model_runs/all_signals/2026-06-12_18-09-29/multiclass_table6_valence_3class_emotion-elicitation_2026-06-12_18-10-59/subject_kfold/skf_0_P1_P14_P2_P27/gnn/HeteroGCNMLPWeights/gnn_fold_diagnostics.csv,val,-0.1425746083259582,0.7787168025970459,-2.125463485717773,1.3964216709136963,3.5218851566314697,0.5116639733314514,0.1554968208074569,0.1432122439146042,0.6931412220001221,0.3730005621910095,0.3700808882713318,11175,-0.9996195435523988,0.0275810863822698,-1.0,1.0,-0.9995688199996948,0.0293619316071271,-1.0,0.9999999403953552,-0.6729082465171814,0.2827655673027038,-1.0,0.9999998807907104,0.1688847094774246,0.0226340349763631,0.161947563290596,1.0,75,0.557776689529419,1
all_signals,"Gaze, pupil, screen distance, and fixation-duration nodes with all graph relations.",multiclass_table6_valence_3class,Table-6 Valence,subject_kfold,HeteroGCNMLPWeights,HeteroGCNMLPWeights,skf_0_P1_P14_P2_P27,results/quick_v1_v2_comparison/2026-06-12_16-29-08/model_runs/all_signals/2026-06-12_18-09-29,results/quick_v1_v2_comparison/2026-06-12_16-29-08/model_runs/all_signals/2026-06-12_18-09-29/multiclass_table6_valence_3class_emotion-elicitation_2026-06-12_18-10-59,results/quick_v1_v2_comparison/2026-06-12_16-29-08/model_runs/all_signals/2026-06-12_18-09-29/multiclass_table6_valence_3class_emotion-elicitation_2026-06-12_18-10-59/subject_kfold/skf_0_P1_P14_P2_P27/gnn/HeteroGCNMLPWeights/gnn_fold_diagnostics.csv,test,-0.1335941404104232,0.7389565706253052,-1.9033427238464355,1.4297654628753662,3.3331081867218018,0.518312931060791,0.1496534049510955,0.1747365146875381,0.6931471824645996,0.4065218567848205,0.3584495782852173,250986,-0.9995133876800536,0.0311932303011417,-1.0,1.0,-0.9995133876800536,0.0311932321637868,-1.0,1.0,-0.6769461631774902,0.2809182107448578,-1.0,1.0,0.1695538461208343,0.0263490471988916,0.1593752205371856,1.0,75,0.557776689529419,1
all_signals,"Gaze, pupil, screen distance, and fixation-duration nodes with all graph relations.",multiclass_table6_valence_3class,Table-6 Valence,subject_kfold,HeteroGCNMLPWeights,HeteroGCNMLPWeights,skf_1_P17_P20_P8,results/quick_v1_v2_comparison/2026-06-12_16-29-08/model_runs/all_signals/2026-06-12_18-09-29,results/quick_v1_v2_comparison/2026-06-12_16-29-08/model_runs/all_signals/2026-06-12_18-09-29/multiclass_table6_valence_3class_emotion-elicitation_2026-06-12_18-10-59,results/quick_v1_v2_comparison/2026-06-12_16-29-08/model_runs/all_signals/2026-06-12_18-09-29/multiclass_table6_valence_3class_emotion-elicitation_2026-06-12_18-10-59/subject_kfold/skf_1_P17_P20_P8/gnn/HeteroGCNMLPWeights/gnn_fold_diagnostics.csv,train,0.0949700623750686,0.2366444766521453,-0.7864991426467896,0.5985732078552246,1.3850723505020142,0.6740506291389465,0.0249582286924123,0.5484638214111328,0.6931471824645996,0.3793028593063354,0.3976654708385467,10000,-0.9999880194664,0.0048899529501795,-1.0,0.9999999403953552,-0.9998990297317504,0.0142095610499382,-1.0,1.0,0.6776077151298523,0.2819419205188751,0.0785556435585022,1.0,0.1690622866153717,0.0238909889012575,-0.1326300650835037,1.0,3,0.6854687333106995,1
all_signals,"Gaze, pupil, screen distance, and fixation-duration nodes with all graph relations.",multiclass_table6_valence_3class,Table-6 Valence,subject_kfold,HeteroGCNMLPWeights,HeteroGCNMLPWeights,skf_1_P17_P20_P8,results/quick_v1_v2_comparison/2026-06-12_16-29-08/model_runs/all_signals/2026-06-12_18-09-29,results/quick_v1_v2_comparison/2026-06-12_16-29-08/model_runs/all_signals/2026-06-12_18-09-29/multiclass_table6_valence_3class_emotion-elicitation_2026-06-12_18-10-59,results/quick_v1_v2_comparison/2026-06-12_16-29-08/model_runs/all_signals/2026-06-12_18-09-29/multiclass_table6_valence_3class_emotion-elicitation_2026-06-12_18-10-59/subject_kfold/skf_1_P17_P20_P8/gnn/HeteroGCNMLPWeights/gnn_fold_diagnostics.csv,val,0.1542108207941055,0.161989226937294,-0.4679828286170959,0.4834725260734558,0.9514553546905518,0.6830120086669922,0.009939145296812,0.6303905248641968,0.6931465864181519,0.1761454343795776,0.719488263130188,18528,-1.0,5.976357897452544e-08,-1.0,-0.999999701976776,-0.9999392032623292,0.0110268564894795,-1.0,1.0,0.6741871237754822,0.2829563021659851,0.1108835488557815,1.0,0.169921800494194,0.027456659823656,0.132259801030159,1.0,3,0.6854687333106995,1
all_signals,"Gaze, pupil, screen distance, and fixation-duration nodes with all graph relations.",multiclass_table6_valence_3class,Table-6 Valence,subject_kfold,HeteroGCNMLPWeights,HeteroGCNMLPWeights,skf_1_P17_P20_P8,results/quick_v1_v2_comparison/2026-06-12_16-29-08/model_runs/all_signals/2026-06-12_18-09-29,results/quick_v1_v2_comparison/2026-06-12_16-29-08/model_runs/all_signals/2026-06-12_18-09-29/multiclass_table6_valence_3class_emotion-elicitation_2026-06-12_18-10-59,results/quick_v1_v2_comparison/2026-06-12_16-29-08/model_runs/all_signals/2026-06-12_18-09-29/multiclass_table6_valence_3class_emotion-elicitation_2026-06-12_18-10-59/subject_kfold/skf_1_P17_P20_P8/gnn/HeteroGCNMLPWeights/gnn_fold_diagnostics.csv,test,0.0487044900655746,0.2037204504013061,-0.5899703502655029,0.4264916777610779,1.0164620280265808,0.6767702102661133,0.0203392021358013,0.5880498886108398,0.6931471824645996,0.2222973108291626,0.6603015661239624,130816,-0.9999846816062928,0.0055311326868832,-1.0,0.9999998807907104,-0.999877631664276,0.0156440176069736,-1.0,1.0,0.6711211800575256,0.2852323353290558,0.0860607326030731,1.0,0.1690004020929336,0.0241795666515827,0.0839789658784866,1.0,3,0.6854687333106995,1
all_signals,"Gaze, pupil, screen distance, and fixation-duration nodes with all graph relations.",multiclass_table6_valence_3class,Table-6 Valence,subject_kfold,HeteroGCNMLPWeights,HeteroGCNMLPWeights,skf_2_P13_P28_P30,results/quick_v1_v2_comparison/2026-06-12_16-29-08/model_runs/all_signals/2026-06-12_18-09-29,results/quick_v1_v2_comparison/2026-06-12_16-29-08/model_runs/all_signals/2026-06-12_18-09-29/multiclass_table6_valence_3class_emotion-elicitation_2026-06-12_18-10-59,results/quick_v1_v2_comparison/2026-06-12_16-29-08/model_runs/all_signals/2026-06-12_18-09-29/multiclass_table6_valence_3class_emotion-elicitation_2026-06-12_18-10-59/subject_kfold/skf_2_P13_P28_P30/gnn/HeteroGCNMLPWeights/gnn_fold_diagnostics.csv,train,0.043580874800682,0.7794823050498962,-2.4429402351379395,2.564699649810791,5.0076398849487305,0.5273259282112122,0.1696162819862365,0.0402889885008335,0.6931471824645996,0.4171704351902008,0.2532141208648681,10000,1.0,4.7870089836532514e-11,0.9999999403953552,1.0,1.0,0.0,1.0,1.0,-0.6758150458335876,0.284736156463623,-1.0,1.0,-0.1687492132186889,0.0273207537829875,-1.0,1.0,94,0.5800541043281555,1
all_signals,"Gaze, pupil, screen distance, and fixation-duration nodes with all graph relations.",multiclass_table6_valence_3class,Table-6 Valence,subject_kfold,HeteroGCNMLPWeights,HeteroGCNMLPWeights,skf_2_P13_P28_P30,results/quick_v1_v2_comparison/2026-06-12_16-29-08/model_runs/all_signals/2026-06-12_18-09-29,results/quick_v1_v2_comparison/2026-06-12_16-29-08/model_runs/all_signals/2026-06-12_18-09-29/multiclass_table6_valence_3class_emotion-elicitation_2026-06-12_18-10-59,results/quick_v1_v2_comparison/2026-06-12_16-29-08/model_runs/all_signals/2026-06-12_18-09-29/multiclass_table6_valence_3class_emotion-elicitation_2026-06-12_18-10-59/subject_kfold/skf_2_P13_P28_P30/gnn/HeteroGCNMLPWeights/gnn_fold_diagnostics.csv,val,0.0309476982802152,0.5997562408447266,-1.8511754274368288,1.931712627410889,3.782888054847717,0.574789822101593,0.1330919414758682,0.111517958343029,0.693092942237854,0.3100188076496124,0.3722950518131256,11935,1.0,0.0,1.0,1.0,1.0,0.0,1.0,1.0,-0.6576945781707764,0.2943665981292724,-1.0,1.0,-0.1694607436656952,0.0287329014390707,-1.0,0.6593508720397949,94,0.5800541043281555,1
all_signals,"Gaze, pupil, screen distance, and fixation-duration nodes with all graph relations.",multiclass_table6_valence_3class,Table-6 Valence,subject_kfold,HeteroGCNMLPWeights,HeteroGCNMLPWeights,skf_2_P13_P28_P30,results/quick_v1_v2_comparison/2026-06-12_16-29-08/model_runs/all_signals/2026-06-12_18-09-29,results/quick_v1_v2_comparison/2026-06-12_16-29-08/model_runs/all_signals/2026-06-12_18-09-29/multiclass_table6_valence_3class_emotion-elicitation_2026-06-12_18-10-59,results/quick_v1_v2_comparison/2026-06-12_16-29-08/model_runs/all_signals/2026-06-12_18-09-29/multiclass_table6_valence_3class_emotion-elicitation_2026-06-12_18-10-59/subject_kfold/skf_2_P13_P28_P30/gnn/HeteroGCNMLPWeights/gnn_fold_diagnostics.csv,test,0.0710206478834152,0.9016647338867188,-2.330191135406494,2.4477479457855225,4.777939081192017,0.4698233008384704,0.1758245825767517,0.0482410565018653,0.6931405663490295,0.3892820179462433,0.3603502511978149,117855,1.0,0.0,1.0,1.0,1.0,0.0,1.0,1.0,-0.6776254773139954,0.2834509313106537,-1.0,1.0,-0.1693153828382492,0.0250376779586076,-1.0,0.6065754890441895,94,0.5800541043281555,1
all_signals,"Gaze, pupil, screen distance, and fixation-duration nodes with all graph relations.",multiclass_table6_valence_3class,Table-6 Valence,subject_kfold,HeteroGCNMLPWeights,HeteroGCNMLPWeights,skf_3_P19_P22_P4,results/quick_v1_v2_comparison/2026-06-12_16-29-08/model_runs/all_signals/2026-06-12_18-09-29,results/quick_v1_v2_comparison/2026-06-12_16-29-08/model_runs/all_signals/2026-06-12_18-09-29/multiclass_table6_valence_3class_emotion-elicitation_2026-06-12_18-10-59,results/quick_v1_v2_comparison/2026-06-12_16-29-08/model_runs/all_signals/2026-06-12_18-09-29/multiclass_table6_valence_3class_emotion-elicitation_2026-06-12_18-10-59/subject_kfold/skf_3_P19_P22_P4/gnn/HeteroGCNMLPWeights/gnn_fold_diagnostics.csv,train,0.233209878206253,0.4810521602630615,-1.176912546157837,1.501571536064148,2.678484082221985,0.6051182746887207,0.0892073661088943,0.2659708559513092,0.6931471824645996,0.4309633374214172,0.2410047799348831,10000,-0.9961247444152832,0.0879511833190918,-1.0,0.9999999403953552,-0.995540201663971,0.0943379029631614,-1.0,0.9999999403953552,0.6759536862373352,0.2812241315841675,0.1097120270133018,1.0,-0.1690528243780136,0.0274096615612506,-1.0,-0.0479698218405246,37,0.5658811926841736,1
all_signals,"Gaze, pupil, screen distance, and fixation-duration nodes with all graph relations.",multiclass_table6_valence_3class,Table-6 Valence,subject_kfold,HeteroGCNMLPWeights,HeteroGCNMLPWeights,skf_3_P19_P22_P4,results/quick_v1_v2_comparison/2026-06-12_16-29-08/model_runs/all_signals/2026-06-12_18-09-29,results/quick_v1_v2_comparison/2026-06-12_16-29-08/model_runs/all_signals/2026-06-12_18-09-29/multiclass_table6_valence_3class_emotion-elicitation_2026-06-12_18-10-59,results/quick_v1_v2_comparison/2026-06-12_16-29-08/model_runs/all_signals/2026-06-12_18-09-29/multiclass_table6_valence_3class_emotion-elicitation_2026-06-12_18-10-59/subject_kfold/skf_3_P19_P22_P4/gnn/HeteroGCNMLPWeights/gnn_fold_diagnostics.csv,val,0.2468987703323364,0.5175641775131226,-1.0492991209030151,1.3072514533996582,2.3565505743026733,0.591372013092041,0.0957167893648147,0.3143824934959411,0.6931408643722534,0.3130421936511993,0.4259067177772522,16290,-0.9558355808258056,0.2938921451568603,-1.0,0.9999999403953552,-0.9520453810691832,0.3059563040733337,-1.0,0.9999999403953552,0.6942510008811951,0.2745096385478973,0.1612503230571746,1.0,-0.1706720143556594,0.0383382625877857,-1.0,-0.0266335811465978,37,0.5658811926841736,1
all_signals,"Gaze, pupil, screen distance, and fixation-duration nodes with all graph relations.",multiclass_table6_valence_3class,Table-6 Valence,subject_kfold,HeteroGCNMLPWeights,HeteroGCNMLPWeights,skf_3_P19_P22_P4,results/quick_v1_v2_comparison/2026-06-12_16-29-08/model_runs/all_signals/2026-06-12_18-09-29,results/quick_v1_v2_comparison/2026-06-12_16-29-08/model_runs/all_signals/2026-06-12_18-09-29/multiclass_table6_valence_3class_emotion-elicitation_2026-06-12_18-10-59,results/quick_v1_v2_comparison/2026-06-12_16-29-08/model_runs/all_signals/2026-06-12_18-09-29/multiclass_table6_valence_3class_emotion-elicitation_2026-06-12_18-10-59/subject_kfold/skf_3_P19_P22_P4/gnn/HeteroGCNMLPWeights/gnn_fold_diagnostics.csv,test,0.1961437612771988,0.4701186418533325,-1.168297290802002,1.325603723526001,2.493901014328003,0.6097508072853088,0.0918196812272071,0.2789829075336456,0.6931406259536743,0.3697004020214081,0.3098456859588623,109278,-0.9970256686210632,0.0770700052380561,-1.0,0.9999999403953552,-0.995695412158966,0.0926848277449607,-1.0,0.9999999403953552,0.6735585927963257,0.281771719455719,0.1218590512871742,1.0,-0.1688000112771988,0.0264110881835222,-1.0,-0.0434697903692722,37,0.5658811926841736,1
all_signals,"Gaze, pupil, screen distance, and fixation-duration nodes with all graph relations.",multiclass_table6_valence_3class,Table-6 Valence,subject_kfold,HeteroGCNMLPWeights,HeteroGCNMLPWeights,skf_4_P10_P16_P5,results/quick_v1_v2_comparison/2026-06-12_16-29-08/model_runs/all_signals/2026-06-12_18-09-29,results/quick_v1_v2_comparison/2026-06-12_16-29-08/model_runs/all_signals/2026-06-12_18-09-29/multiclass_table6_valence_3class_emotion-elicitation_2026-06-12_18-10-59,results/quick_v1_v2_comparison/2026-06-12_16-29-08/model_runs/all_signals/2026-06-12_18-09-29/multiclass_table6_valence_3class_emotion-elicitation_2026-06-12_18-10-59/subject_kfold/skf_4_P10_P16_P5/gnn/HeteroGCNMLPWeights/gnn_fold_diagnostics.csv,train,-0.2224871665239334,0.7690716981887817,-2.5712215900421143,2.299281358718872,4.870502948760986,0.526276707649231,0.1655116081237793,0.0468413904309272,0.6931471824645996,0.449930340051651,0.2082793265581131,10000,1.0,0.0,1.0,1.0,1.0,0.0,1.0,1.0,0.6761198043823242,0.2812742292881012,0.1110222488641738,1.0,0.1691916584968567,0.0248837806284427,0.0883781686425209,1.0,92,0.4954366981983185,1
all_signals,"Gaze, pupil, screen distance, and fixation-duration nodes with all graph relations.",multiclass_table6_valence_3class,Table-6 Valence,subject_kfold,HeteroGCNMLPWeights,HeteroGCNMLPWeights,skf_4_P10_P16_P5,results/quick_v1_v2_comparison/2026-06-12_16-29-08/model_runs/all_signals/2026-06-12_18-09-29,results/quick_v1_v2_comparison/2026-06-12_16-29-08/model_runs/all_signals/2026-06-12_18-09-29/multiclass_table6_valence_3class_emotion-elicitation_2026-06-12_18-10-59,results/quick_v1_v2_comparison/2026-06-12_16-29-08/model_runs/all_signals/2026-06-12_18-09-29/multiclass_table6_valence_3class_emotion-elicitation_2026-06-12_18-10-59/subject_kfold/skf_4_P10_P16_P5/gnn/HeteroGCNMLPWeights/gnn_fold_diagnostics.csv,val,-0.2395138293504715,0.8666390776634216,-2.301537275314331,2.1612274646759038,4.462764739990234,0.4816158413887024,0.1685397028923034,0.0623355209827423,0.6931411027908325,0.3904075622558594,0.3594897985458374,11175,1.0,0.0,1.0,1.0,1.0,0.0,1.0,1.0,0.6724058985710144,0.2818263471126556,0.1427450031042099,1.0,0.1697275787591934,0.0262538213282823,0.1099182441830635,1.0,92,0.4954366981983185,1
all_signals,"Gaze, pupil, screen distance, and fixation-duration nodes with all graph relations.",multiclass_table6_valence_3class,Table-6 Valence,subject_kfold,HeteroGCNMLPWeights,HeteroGCNMLPWeights,skf_4_P10_P16_P5,results/quick_v1_v2_comparison/2026-06-12_16-29-08/model_runs/all_signals/2026-06-12_18-09-29,results/quick_v1_v2_comparison/2026-06-12_16-29-08/model_runs/all_signals/2026-06-12_18-09-29/multiclass_table6_valence_3class_emotion-elicitation_2026-06-12_18-10-59,results/quick_v1_v2_comparison/2026-06-12_16-29-08/model_runs/all_signals/2026-06-12_18-09-29/multiclass_table6_valence_3class_emotion-elicitation_2026-06-12_18-10-59/subject_kfold/skf_4_P10_P16_P5/gnn/HeteroGCNMLPWeights/gnn_fold_diagnostics.csv,test,-0.2393455952405929,0.7451013922691345,-2.594121217727661,2.315788984298706,4.909910202026367,0.5376588106155396,0.1620819270610809,0.043282613158226,0.6931465864181519,0.3981063961982727,0.2799856960773468,128271,1.0,0.0,1.0,1.0,1.0,0.0,1.0,1.0,0.6798543930053711,0.278809905052185,0.1424334496259689,1.0,0.1684153825044632,0.0212771799415349,0.1001221388578414,1.0,92,0.4954366981983185,1
all_signals,"Gaze, pupil, screen distance, and fixation-duration nodes with all graph relations.",multiclass_table6_valence_3class,Table-6 Valence,subject_kfold,HeteroGCNMLPWeights,HeteroGCNMLPWeights,skf_5_P21_P23_P24,results/quick_v1_v2_comparison/2026-06-12_16-29-08/model_runs/all_signals/2026-06-12_18-09-29,results/quick_v1_v2_comparison/2026-06-12_16-29-08/model_runs/all_signals/2026-06-12_18-09-29/multiclass_table6_valence_3class_emotion-elicitation_2026-06-12_18-10-59,results/quick_v1_v2_comparison/2026-06-12_16-29-08/model_runs/all_signals/2026-06-12_18-09-29/multiclass_table6_valence_3class_emotion-elicitation_2026-06-12_18-10-59/subject_kfold/skf_5_P21_P23_P24/gnn/HeteroGCNMLPWeights/gnn_fold_diagnostics.csv,train,0.1036529541015625,0.5596888065338135,-1.2886236906051636,1.5481363534927368,2.8367600440979004,0.5801950693130493,0.1093542575836181,0.2544307708740234,0.6931471824645996,0.3987103700637817,0.355550467967987,10000,1.0,0.0,1.0,1.0,1.0,0.0,1.0,1.0,-0.6746047735214233,0.2902909815311432,-1.0,1.0,-0.1691142618656158,0.0251200776547193,-1.0,1.0,38,0.5967138409614563,1
all_signals,"Gaze, pupil, screen distance, and fixation-duration nodes with all graph relations.",multiclass_table6_valence_3class,Table-6 Valence,subject_kfold,HeteroGCNMLPWeights,HeteroGCNMLPWeights,skf_5_P21_P23_P24,results/quick_v1_v2_comparison/2026-06-12_16-29-08/model_runs/all_signals/2026-06-12_18-09-29,results/quick_v1_v2_comparison/2026-06-12_16-29-08/model_runs/all_signals/2026-06-12_18-09-29/multiclass_table6_valence_3class_emotion-elicitation_2026-06-12_18-10-59,results/quick_v1_v2_comparison/2026-06-12_16-29-08/model_runs/all_signals/2026-06-12_18-09-29/multiclass_table6_valence_3class_emotion-elicitation_2026-06-12_18-10-59/subject_kfold/skf_5_P21_P23_P24/gnn/HeteroGCNMLPWeights/gnn_fold_diagnostics.csv,val,0.0803550481796264,0.6309735774993896,-0.9805326461791992,1.6393271684646606,2.61985981464386,0.5579376220703125,0.1276493966579437,0.2729383409023285,0.6931464672088623,0.3475721180438995,0.460282564163208,11175,1.0,0.0,1.0,1.0,1.0,0.0,1.0,1.0,-0.6716206669807434,0.2895973622798919,-1.0,0.999999701976776,-0.168874517083168,0.0234910193830728,-1.0,0.3966276049613952,38,0.5967138409614563,1
all_signals,"Gaze, pupil, screen distance, and fixation-duration nodes with all graph relations.",multiclass_table6_valence_3class,Table-6 Valence,subject_kfold,HeteroGCNMLPWeights,HeteroGCNMLPWeights,skf_5_P21_P23_P24,results/quick_v1_v2_comparison/2026-06-12_16-29-08/model_runs/all_signals/2026-06-12_18-09-29,results/quick_v1_v2_comparison/2026-06-12_16-29-08/model_runs/all_signals/2026-06-12_18-09-29/multiclass_table6_valence_3class_emotion-elicitation_2026-06-12_18-10-59,results/quick_v1_v2_comparison/2026-06-12_16-29-08/model_runs/all_signals/2026-06-12_18-09-29/multiclass_table6_valence_3class_emotion-elicitation_2026-06-12_18-10-59/subject_kfold/skf_5_P21_P23_P24/gnn/HeteroGCNMLPWeights/gnn_fold_diagnostics.csv,test,0.1401864141225814,0.7144302129745483,-1.1274665594100952,1.6184910535812378,2.745957612991333,0.5234113335609436,0.1347349435091018,0.2533057034015655,0.6931471228599548,0.3787540793418884,0.4340748190879822,129795,1.0,0.0,1.0,1.0,1.0,0.0,1.0,1.0,-0.6737650632858276,0.2889769375324249,-1.0,1.0,-0.1689365953207016,0.0242355372756719,-1.0,0.3765519857406616,38,0.5967138409614563,1
all_signals,"Gaze, pupil, screen distance, and fixation-duration nodes with all graph relations.",multiclass_table6_valence_3class,Table-6 Valence,subject_kfold,HeteroGCNMLPWeights,HeteroGCNMLPWeights,skf_6_P18_P29_P7,results/quick_v1_v2_comparison/2026-06-12_16-29-08/model_runs/all_signals/2026-06-12_18-09-29,results/quick_v1_v2_comparison/2026-06-12_16-29-08/model_runs/all_signals/2026-06-12_18-09-29/multiclass_table6_valence_3class_emotion-elicitation_2026-06-12_18-10-59,results/quick_v1_v2_comparison/2026-06-12_16-29-08/model_runs/all_signals/2026-06-12_18-09-29/multiclass_table6_valence_3class_emotion-elicitation_2026-06-12_18-10-59/subject_kfold/skf_6_P18_P29_P7/gnn/HeteroGCNMLPWeights/gnn_fold_diagnostics.csv,train,-0.0042340164072811,0.7433456182479858,-2.1920201778411865,2.114792585372925,4.306812763214111,0.5313073992729187,0.1636938154697418,0.0719847977161407,0.6931471824645996,0.4302613437175751,0.190483808517456,10000,-0.9718620777130128,0.2355505377054214,-1.0,1.0,-0.9800153374671936,0.198921799659729,-1.0,1.0,-0.6761584877967834,0.2810883224010467,-1.0,-0.1098459362983703,0.1690003424882888,0.0239255856722593,0.0640807002782821,1.0,112,0.5089910626411438,1
all_signals,"Gaze, pupil, screen distance, and fixation-duration nodes with all graph relations.",multiclass_table6_valence_3class,Table-6 Valence,subject_kfold,HeteroGCNMLPWeights,HeteroGCNMLPWeights,skf_6_P18_P29_P7,results/quick_v1_v2_comparison/2026-06-12_16-29-08/model_runs/all_signals/2026-06-12_18-09-29,results/quick_v1_v2_comparison/2026-06-12_16-29-08/model_runs/all_signals/2026-06-12_18-09-29/multiclass_table6_valence_3class_emotion-elicitation_2026-06-12_18-10-59,results/quick_v1_v2_comparison/2026-06-12_16-29-08/model_runs/all_signals/2026-06-12_18-09-29/multiclass_table6_valence_3class_emotion-elicitation_2026-06-12_18-10-59/subject_kfold/skf_6_P18_P29_P7/gnn/HeteroGCNMLPWeights/gnn_fold_diagnostics.csv,val,-0.0151086840778589,0.9019730091094972,-1.9043335914611816,1.7085843086242676,3.612917900085449,0.4691209495067596,0.18121337890625,0.128970593214035,0.6931440830230713,0.3174450695514679,0.4536597728729248,11175,-0.974172294139862,0.2258058339357376,-1.0,1.0,-0.9795958399772644,0.2009774297475814,-1.0,1.0,-0.6724058985710144,0.2818467319011688,-1.0,-0.1425019949674606,0.1697275787591934,0.0263938978314399,0.0768108516931533,1.0,112,0.5089910626411438,1
all_signals,"Gaze, pupil, screen distance, and fixation-duration nodes with all graph relations.",multiclass_table6_valence_3class,Table-6 Valence,subject_kfold,HeteroGCNMLPWeights,HeteroGCNMLPWeights,skf_6_P18_P29_P7,results/quick_v1_v2_comparison/2026-06-12_16-29-08/model_runs/all_signals/2026-06-12_18-09-29,results/quick_v1_v2_comparison/2026-06-12_16-29-08/model_runs/all_signals/2026-06-12_18-09-29/multiclass_table6_valence_3class_emotion-elicitation_2026-06-12_18-10-59,results/quick_v1_v2_comparison/2026-06-12_16-29-08/model_runs/all_signals/2026-06-12_18-09-29/multiclass_table6_valence_3class_emotion-elicitation_2026-06-12_18-10-59/subject_kfold/skf_6_P18_P29_P7/gnn/HeteroGCNMLPWeights/gnn_fold_diagnostics.csv,test,-0.0330385379493236,0.8809617161750793,-2.033287286758423,1.8405354022979736,3.873822689056397,0.4778796434402466,0.1796955168247223,0.1137004792690277,0.6931440830230713,0.3010115027427673,0.461831659078598,114960,-0.9373542666435242,0.3483776450157165,-1.0,1.0,-0.9443058967590332,0.3290689587593078,-1.0,1.0,-0.6799992322921753,0.2798751294612884,-1.0,-0.124432623386383,0.1695176661014557,0.028288722038269,0.0593268983066082,1.0,112,0.5089910626411438,1
gaze_only,Gaze x/y nodes with temporal and spatial graph relations.,multiclass_table6_valence_3class,Table-6 Valence,subject_kfold,BasicGCN,BasicGCN,skf_0_P1_P14_P2_P27,results/quick_v1_v2_comparison/2026-06-12_16-29-08/model_runs/gaze_only/2026-06-12_16-29-11,results/quick_v1_v2_comparison/2026-06-12_16-29-08/model_runs/gaze_only/2026-06-12_16-29-11/multiclass_table6_valence_3class_emotion-elicitation_2026-06-12_16-30-20,results/quick_v1_v2_comparison/2026-06-12_16-29-08/model_runs/gaze_only/2026-06-12_16-29-11/multiclass_table6_valence_3class_emotion-elicitation_2026-06-12_16-30-20/subject_kfold/skf_0_P1_P14_P2_P27/gnn/BasicGCN/gnn_fold_diagnostics.csv,train,0.2215804010629654,0.5978371500968933,-2.2162883281707764,2.024604082107544,4.24089241027832,0.5809616446495056,0.1193740144371986,0.1181043833494186,0.6931471824645996,0.3595551252365112,0.2776668071746826,10000,,,,,,,,,,,,,,,,,190,0.5428842902183533,1
gaze_only,Gaze x/y nodes with temporal and spatial graph relations.,multiclass_table6_valence_3class,Table-6 Valence,subject_kfold,BasicGCN,BasicGCN,skf_0_P1_P14_P2_P27,results/quick_v1_v2_comparison/2026-06-12_16-29-08/model_runs/gaze_only/2026-06-12_16-29-11,results/quick_v1_v2_comparison/2026-06-12_16-29-08/model_runs/gaze_only/2026-06-12_16-29-11/multiclass_table6_valence_3class_emotion-elicitation_2026-06-12_16-30-20,results/quick_v1_v2_comparison/2026-06-12_16-29-08/model_runs/gaze_only/2026-06-12_16-29-11/multiclass_table6_valence_3class_emotion-elicitation_2026-06-12_16-30-20/subject_kfold/skf_0_P1_P14_P2_P27/gnn/BasicGCN/gnn_fold_diagnostics.csv,val,0.2097156792879104,0.577433168888092,-1.5876641273498535,1.628197193145752,3.215861320495605,0.5845178961753845,0.1138867735862732,0.2414265722036361,0.6931405067443848,0.3549599349498749,0.2831827700138092,11175,,,,,,,,,,,,,,,,,190,0.5428842902183533,1
gaze_only,Gaze x/y nodes with temporal and spatial graph relations.,multiclass_table6_valence_3class,Table-6 Valence,subject_kfold,BasicGCN,BasicGCN,skf_0_P1_P14_P2_P27,results/quick_v1_v2_comparison/2026-06-12_16-29-08/model_runs/gaze_only/2026-06-12_16-29-11,results/quick_v1_v2_comparison/2026-06-12_16-29-08/model_runs/gaze_only/2026-06-12_16-29-11/multiclass_table6_valence_3class_emotion-elicitation_2026-06-12_16-30-20,results/quick_v1_v2_comparison/2026-06-12_16-29-08/model_runs/gaze_only/2026-06-12_16-29-11/multiclass_table6_valence_3class_emotion-elicitation_2026-06-12_16-30-20/subject_kfold/skf_0_P1_P14_P2_P27/gnn/BasicGCN/gnn_fold_diagnostics.csv,test,0.2224506884813308,0.5805376172065735,-2.200508117675781,1.7299985885620115,3.930506706237793,0.5859903693199158,0.114670418202877,0.114169955253601,0.6931471824645996,0.3356065154075622,0.2971785962581634,253116,,,,,,,,,,,,,,,,,190,0.5428842902183533,1
gaze_only,Gaze x/y nodes with temporal and spatial graph relations.,multiclass_table6_valence_3class,Table-6 Valence,subject_kfold,BasicGCN,BasicGCN,skf_1_P17_P20_P8,results/quick_v1_v2_comparison/2026-06-12_16-29-08/model_runs/gaze_only/2026-06-12_16-29-11,results/quick_v1_v2_comparison/2026-06-12_16-29-08/model_runs/gaze_only/2026-06-12_16-29-11/multiclass_table6_valence_3class_emotion-elicitation_2026-06-12_16-30-20,results/quick_v1_v2_comparison/2026-06-12_16-29-08/model_runs/gaze_only/2026-06-12_16-29-11/multiclass_table6_valence_3class_emotion-elicitation_2026-06-12_16-30-20/subject_kfold/skf_1_P17_P20_P8/gnn/BasicGCN/gnn_fold_diagnostics.csv,train,0.1458548158407211,0.3357796669006347,-1.0852500200271606,1.4370723962783811,2.522322416305542,0.6503469944000244,0.0573960207402706,0.2646425366401672,0.6931471824645996,0.2199081629514694,0.4351313412189483,10000,,,,,,,,,,,,,,,,,63,0.6306542754173279,1
gaze_only,Gaze x/y nodes with temporal and spatial graph relations.,multiclass_table6_valence_3class,Table-6 Valence,subject_kfold,BasicGCN,BasicGCN,skf_1_P17_P20_P8,results/quick_v1_v2_comparison/2026-06-12_16-29-08/model_runs/gaze_only/2026-06-12_16-29-11,results/quick_v1_v2_comparison/2026-06-12_16-29-08/model_runs/gaze_only/2026-06-12_16-29-11/multiclass_table6_valence_3class_emotion-elicitation_2026-06-12_16-30-20,results/quick_v1_v2_comparison/2026-06-12_16-29-08/model_runs/gaze_only/2026-06-12_16-29-11/multiclass_table6_valence_3class_emotion-elicitation_2026-06-12_16-30-20/subject_kfold/skf_1_P17_P20_P8/gnn/BasicGCN/gnn_fold_diagnostics.csv,val,0.1767730712890625,0.3108957409858703,-0.9539848566055298,1.11017107963562,2.06415593624115,0.6545459628105164,0.0496187396347522,0.4336826801300049,0.6931286454200745,0.1823271363973617,0.5048078298568726,18721,,,,,,,,,,,,,,,,,63,0.6306542754173279,1
gaze_only,Gaze x/y nodes with temporal and spatial graph relations.,multiclass_table6_valence_3class,Table-6 Valence,subject_kfold,BasicGCN,BasicGCN,skf_1_P17_P20_P8,results/quick_v1_v2_comparison/2026-06-12_16-29-08/model_runs/gaze_only/2026-06-12_16-29-11,results/quick_v1_v2_comparison/2026-06-12_16-29-08/model_runs/gaze_only/2026-06-12_16-29-11/multiclass_table6_valence_3class_emotion-elicitation_2026-06-12_16-30-20,results/quick_v1_v2_comparison/2026-06-12_16-29-08/model_runs/gaze_only/2026-06-12_16-29-11/multiclass_table6_valence_3class_emotion-elicitation_2026-06-12_16-30-20/subject_kfold/skf_1_P17_P20_P8/gnn/BasicGCN/gnn_fold_diagnostics.csv,test,0.1631052643060684,0.3002586364746094,-1.036953330039978,1.279860019683838,2.316813349723816,0.6579703092575073,0.0496634431183338,0.3290848433971405,0.6931471824645996,0.2142873704433441,0.4666275978088379,133903,,,,,,,,,,,,,,,,,63,0.6306542754173279,1
gaze_only,Gaze x/y nodes with temporal and spatial graph relations.,multiclass_table6_valence_3class,Table-6 Valence,subject_kfold,BasicGCN,BasicGCN,skf_2_P13_P28_P30,results/quick_v1_v2_comparison/2026-06-12_16-29-08/model_runs/gaze_only/2026-06-12_16-29-11,results/quick_v1_v2_comparison/2026-06-12_16-29-08/model_runs/gaze_only/2026-06-12_16-29-11/multiclass_table6_valence_3class_emotion-elicitation_2026-06-12_16-30-20,results/quick_v1_v2_comparison/2026-06-12_16-29-08/model_runs/gaze_only/2026-06-12_16-29-11/multiclass_table6_valence_3class_emotion-elicitation_2026-06-12_16-30-20/subject_kfold/skf_2_P13_P28_P30/gnn/BasicGCN/gnn_fold_diagnostics.csv,train,0.1257534921169281,0.7761210799217224,-3.202465295791626,3.588144302368164,6.79060959815979,0.5382982492446899,0.1638522893190384,0.0179312825202941,0.6931471824645996,0.3665202260017395,0.1494267135858535,10000,,,,,,,,,,,,,,,,,349,0.5847002267837524,0
gaze_only,Gaze x/y nodes with temporal and spatial graph relations.,multiclass_table6_valence_3class,Table-6 Valence,subject_kfold,BasicGCN,BasicGCN,skf_2_P13_P28_P30,results/quick_v1_v2_comparison/2026-06-12_16-29-08/model_runs/gaze_only/2026-06-12_16-29-11,results/quick_v1_v2_comparison/2026-06-12_16-29-08/model_runs/gaze_only/2026-06-12_16-29-11/multiclass_table6_valence_3class_emotion-elicitation_2026-06-12_16-30-20,results/quick_v1_v2_comparison/2026-06-12_16-29-08/model_runs/gaze_only/2026-06-12_16-29-11/multiclass_table6_valence_3class_emotion-elicitation_2026-06-12_16-30-20/subject_kfold/skf_2_P13_P28_P30/gnn/BasicGCN/gnn_fold_diagnostics.csv,val,0.1076755672693252,0.723503053188324,-2.3325283527374268,2.4225096702575684,4.755038022994995,0.5417993664741516,0.1526920348405838,0.0923235192894935,0.6931108832359314,0.3877464830875397,0.1759556531906128,12246,,,,,,,,,,,,,,,,,349,0.5847002267837524,0
gaze_only,Gaze x/y nodes with temporal and spatial graph relations.,multiclass_table6_valence_3class,Table-6 Valence,subject_kfold,BasicGCN,BasicGCN,skf_2_P13_P28_P30,results/quick_v1_v2_comparison/2026-06-12_16-29-08/model_runs/gaze_only/2026-06-12_16-29-11,results/quick_v1_v2_comparison/2026-06-12_16-29-08/model_runs/gaze_only/2026-06-12_16-29-11/multiclass_table6_valence_3class_emotion-elicitation_2026-06-12_16-30-20,results/quick_v1_v2_comparison/2026-06-12_16-29-08/model_runs/gaze_only/2026-06-12_16-29-11/multiclass_table6_valence_3class_emotion-elicitation_2026-06-12_16-30-20/subject_kfold/skf_2_P13_P28_P30/gnn/BasicGCN/gnn_fold_diagnostics.csv,test,0.1078494787216186,0.7860553860664368,-2.7364697456359863,3.2291388511657715,5.965608596801758,0.531079888343811,0.1652085781097412,0.0411707758903503,0.6931464672088623,0.3822028636932373,0.1585097312927246,118828,,,,,,,,,,,,,,,,,349,0.5847002267837524,0
gaze_only,Gaze x/y nodes with temporal and spatial graph relations.,multiclass_table6_valence_3class,Table-6 Valence,subject_kfold,BasicGCN,BasicGCN,skf_3_P19_P22_P4,results/quick_v1_v2_comparison/2026-06-12_16-29-08/model_runs/gaze_only/2026-06-12_16-29-11,results/quick_v1_v2_comparison/2026-06-12_16-29-08/model_runs/gaze_only/2026-06-12_16-29-11/multiclass_table6_valence_3class_emotion-elicitation_2026-06-12_16-30-20,results/quick_v1_v2_comparison/2026-06-12_16-29-08/model_runs/gaze_only/2026-06-12_16-29-11/multiclass_table6_valence_3class_emotion-elicitation_2026-06-12_16-30-20/subject_kfold/skf_3_P19_P22_P4/gnn/BasicGCN/gnn_fold_diagnostics.csv,train,0.1220563277602195,0.1852401793003082,-0.8025857210159302,0.8731264472007751,1.675712168216705,0.6799986958503723,0.0201072394847869,0.5097265839576721,0.6931471824645996,0.1904405504465103,0.5398805737495422,10000,,,,,,,,,,,,,,,,,18,0.6549902558326721,1
gaze_only,Gaze x/y nodes with temporal and spatial graph relations.,multiclass_table6_valence_3class,Table-6 Valence,subject_kfold,BasicGCN,BasicGCN,skf_3_P19_P22_P4,results/quick_v1_v2_comparison/2026-06-12_16-29-08/model_runs/gaze_only/2026-06-12_16-29-11,results/quick_v1_v2_comparison/2026-06-12_16-29-08/model_runs/gaze_only/2026-06-12_16-29-11/multiclass_table6_valence_3class_emotion-elicitation_2026-06-12_16-30-20,results/quick_v1_v2_comparison/2026-06-12_16-29-08/model_runs/gaze_only/2026-06-12_16-29-11/multiclass_table6_valence_3class_emotion-elicitation_2026-06-12_16-30-20/subject_kfold/skf_3_P19_P22_P4/gnn/BasicGCN/gnn_fold_diagnostics.csv,val,0.0915119796991348,0.1869522184133529,-0.5569767951965332,0.6133601665496826,1.1703369617462158,0.6806122064590454,0.0166013203561306,0.6028231382369995,0.6931450366973877,0.1827508062124252,0.5651391744613647,16653,,,,,,,,,,,,,,,,,18,0.6549902558326721,1
gaze_only,Gaze x/y nodes with temporal and spatial graph relations.,multiclass_table6_valence_3class,Table-6 Valence,subject_kfold,BasicGCN,BasicGCN,skf_3_P19_P22_P4,results/quick_v1_v2_comparison/2026-06-12_16-29-08/model_runs/gaze_only/2026-06-12_16-29-11,results/quick_v1_v2_comparison/2026-06-12_16-29-08/model_runs/gaze_only/2026-06-12_16-29-11/multiclass_table6_valence_3class_emotion-elicitation_2026-06-12_16-30-20,results/quick_v1_v2_comparison/2026-06-12_16-29-08/model_runs/gaze_only/2026-06-12_16-29-11/multiclass_table6_valence_3class_emotion-elicitation_2026-06-12_16-30-20/subject_kfold/skf_3_P19_P22_P4/gnn/BasicGCN/gnn_fold_diagnostics.csv,test,0.1393316090106964,0.193173810839653,-0.6134926080703735,0.7299896478652954,1.343482255935669,0.6780588626861572,0.0225768070667982,0.5585951805114746,0.6931470632553101,0.1769470125436782,0.568231463432312,111628,,,,,,,,,,,,,,,,,18,0.6549902558326721,1
gaze_only,Gaze x/y nodes with temporal and spatial graph relations.,multiclass_table6_valence_3class,Table-6 Valence,subject_kfold,BasicGCN,BasicGCN,skf_4_P10_P16_P5,results/quick_v1_v2_comparison/2026-06-12_16-29-08/model_runs/gaze_only/2026-06-12_16-29-11,results/quick_v1_v2_comparison/2026-06-12_16-29-08/model_runs/gaze_only/2026-06-12_16-29-11/multiclass_table6_valence_3class_emotion-elicitation_2026-06-12_16-30-20,results/quick_v1_v2_comparison/2026-06-12_16-29-08/model_runs/gaze_only/2026-06-12_16-29-11/multiclass_table6_valence_3class_emotion-elicitation_2026-06-12_16-30-20/subject_kfold/skf_4_P10_P16_P5/gnn/BasicGCN/gnn_fold_diagnostics.csv,train,0.2453548014163971,0.5839834213256836,-1.9273018836975095,2.450581312179565,4.377883195877075,0.5864278674125671,0.1174413934350013,0.0961834117770195,0.6931471824645996,0.3005559742450714,0.3087552189826965,10000,,,,,,,,,,,,,,,,,155,0.5865828394889832,1
gaze_only,Gaze x/y nodes with temporal and spatial graph relations.,multiclass_table6_valence_3class,Table-6 Valence,subject_kfold,BasicGCN,BasicGCN,skf_4_P10_P16_P5,results/quick_v1_v2_comparison/2026-06-12_16-29-08/model_runs/gaze_only/2026-06-12_16-29-11,results/quick_v1_v2_comparison/2026-06-12_16-29-08/model_runs/gaze_only/2026-06-12_16-29-11/multiclass_table6_valence_3class_emotion-elicitation_2026-06-12_16-30-20,results/quick_v1_v2_comparison/2026-06-12_16-29-08/model_runs/gaze_only/2026-06-12_16-29-11/multiclass_table6_valence_3class_emotion-elicitation_2026-06-12_16-30-20/subject_kfold/skf_4_P10_P16_P5/gnn/BasicGCN/gnn_fold_diagnostics.csv,val,0.2335924506187439,0.5582581162452698,-1.6850318908691406,1.927125334739685,3.6121572256088257,0.5906715393066406,0.1095802932977676,0.1723244339227676,0.6931358575820923,0.2732181847095489,0.3123218119144439,11325,,,,,,,,,,,,,,,,,155,0.5865828394889832,1
gaze_only,Gaze x/y nodes with temporal and spatial graph relations.,multiclass_table6_valence_3class,Table-6 Valence,subject_kfold,BasicGCN,BasicGCN,skf_4_P10_P16_P5,results/quick_v1_v2_comparison/2026-06-12_16-29-08/model_runs/gaze_only/2026-06-12_16-29-11,results/quick_v1_v2_comparison/2026-06-12_16-29-08/model_runs/gaze_only/2026-06-12_16-29-11/multiclass_table6_valence_3class_emotion-elicitation_2026-06-12_16-30-20,results/quick_v1_v2_comparison/2026-06-12_16-29-08/model_runs/gaze_only/2026-06-12_16-29-11/multiclass_table6_valence_3class_emotion-elicitation_2026-06-12_16-30-20/subject_kfold/skf_4_P10_P16_P5/gnn/BasicGCN/gnn_fold_diagnostics.csv,test,0.2730453014373779,0.595518946647644,-1.825145483016968,2.180060148239136,4.005205631256104,0.581972062587738,0.1173506304621696,0.1472906470298767,0.693146824836731,0.3157595694065094,0.3014961183071136,128271,,,,,,,,,,,,,,,,,155,0.5865828394889832,1
gaze_only,Gaze x/y nodes with temporal and spatial graph relations.,multiclass_table6_valence_3class,Table-6 Valence,subject_kfold,BasicGCN,BasicGCN,skf_5_P21_P23_P24,results/quick_v1_v2_comparison/2026-06-12_16-29-08/model_runs/gaze_only/2026-06-12_16-29-11,results/quick_v1_v2_comparison/2026-06-12_16-29-08/model_runs/gaze_only/2026-06-12_16-29-11/multiclass_table6_valence_3class_emotion-elicitation_2026-06-12_16-30-20,results/quick_v1_v2_comparison/2026-06-12_16-29-08/model_runs/gaze_only/2026-06-12_16-29-11/multiclass_table6_valence_3class_emotion-elicitation_2026-06-12_16-30-20/subject_kfold/skf_5_P21_P23_P24/gnn/BasicGCN/gnn_fold_diagnostics.csv,train,0.1527582556009292,0.6489049196243286,-2.8620810508728027,2.3945131301879883,5.256594181060791,0.5678025484085083,0.1368408054113388,0.0324601233005523,0.6931470632553101,0.3206525444984436,0.2649292349815368,10000,,,,,,,,,,,,,,,,,255,0.5160780549049377,1
gaze_only,Gaze x/y nodes with temporal and spatial graph relations.,multiclass_table6_valence_3class,Table-6 Valence,subject_kfold,BasicGCN,BasicGCN,skf_5_P21_P23_P24,results/quick_v1_v2_comparison/2026-06-12_16-29-08/model_runs/gaze_only/2026-06-12_16-29-11,results/quick_v1_v2_comparison/2026-06-12_16-29-08/model_runs/gaze_only/2026-06-12_16-29-11/multiclass_table6_valence_3class_emotion-elicitation_2026-06-12_16-30-20,results/quick_v1_v2_comparison/2026-06-12_16-29-08/model_runs/gaze_only/2026-06-12_16-29-11/multiclass_table6_valence_3class_emotion-elicitation_2026-06-12_16-30-20/subject_kfold/skf_5_P21_P23_P24/gnn/BasicGCN/gnn_fold_diagnostics.csv,val,0.1356999278068542,0.6474650502204895,-1.988608479499817,1.9180516004562376,3.906660079956055,0.5691701769828796,0.1419768333435058,0.1187977492809295,0.6930315494537354,0.3172858655452728,0.2833693325519562,11175,,,,,,,,,,,,,,,,,255,0.5160780549049377,1
gaze_only,Gaze x/y nodes with temporal and spatial graph relations.,multiclass_table6_valence_3class,Table-6 Valence,subject_kfold,BasicGCN,BasicGCN,skf_5_P21_P23_P24,results/quick_v1_v2_comparison/2026-06-12_16-29-08/model_runs/gaze_only/2026-06-12_16-29-11,results/quick_v1_v2_comparison/2026-06-12_16-29-08/model_runs/gaze_only/2026-06-12_16-29-11/multiclass_table6_valence_3class_emotion-elicitation_2026-06-12_16-30-20,results/quick_v1_v2_comparison/2026-06-12_16-29-08/model_runs/gaze_only/2026-06-12_16-29-11/multiclass_table6_valence_3class_emotion-elicitation_2026-06-12_16-30-20/subject_kfold/skf_5_P21_P23_P24/gnn/BasicGCN/gnn_fold_diagnostics.csv,test,0.1329791694879531,0.6440998911857605,-2.387076139450073,2.557349920272827,4.9444260597229,0.568117618560791,0.135905385017395,0.0628588274121284,0.6931437253952026,0.3314521014690399,0.2549187541007995,142311,,,,,,,,,,,,,,,,,255,0.5160780549049377,1
gaze_only,Gaze x/y nodes with temporal and spatial graph relations.,multiclass_table6_valence_3class,Table-6 Valence,subject_kfold,BasicGCN,BasicGCN,skf_6_P18_P29_P7,results/quick_v1_v2_comparison/2026-06-12_16-29-08/model_runs/gaze_only/2026-06-12_16-29-11,results/quick_v1_v2_comparison/2026-06-12_16-29-08/model_runs/gaze_only/2026-06-12_16-29-11/multiclass_table6_valence_3class_emotion-elicitation_2026-06-12_16-30-20,results/quick_v1_v2_comparison/2026-06-12_16-29-08/model_runs/gaze_only/2026-06-12_16-29-11/multiclass_table6_valence_3class_emotion-elicitation_2026-06-12_16-30-20/subject_kfold/skf_6_P18_P29_P7/gnn/BasicGCN/gnn_fold_diagnostics.csv,train,0.1830375045537948,0.4042413532733917,-1.380482792854309,1.3973828554153442,2.7778656482696533,0.6339017152786255,0.0697377026081085,0.2229092270135879,0.6931471824645996,0.2808673679828644,0.3250411748886108,10000,,,,,,,,,,,,,,,,,81,0.6217762231826782,1
gaze_only,Gaze x/y nodes with temporal and spatial graph relations.,multiclass_table6_valence_3class,Table-6 Valence,subject_kfold,BasicGCN,BasicGCN,skf_6_P18_P29_P7,results/quick_v1_v2_comparison/2026-06-12_16-29-08/model_runs/gaze_only/2026-06-12_16-29-11,results/quick_v1_v2_comparison/2026-06-12_16-29-08/model_runs/gaze_only/2026-06-12_16-29-11/multiclass_table6_valence_3class_emotion-elicitation_2026-06-12_16-30-20,results/quick_v1_v2_comparison/2026-06-12_16-29-08/model_runs/gaze_only/2026-06-12_16-29-11/multiclass_table6_valence_3class_emotion-elicitation_2026-06-12_16-30-20/subject_kfold/skf_6_P18_P29_P7/gnn/BasicGCN/gnn_fold_diagnostics.csv,val,0.1758784651756286,0.3836457133293152,-1.3282887935638428,1.3048194646835327,2.6331082582473755,0.6385036706924438,0.0682735592126846,0.2459083795547485,0.6931467056274414,0.2492196857929229,0.3438060283660888,11325,,,,,,,,,,,,,,,,,81,0.6217762231826782,1
gaze_only,Gaze x/y nodes with temporal and spatial graph relations.,multiclass_table6_valence_3class,Table-6 Valence,subject_kfold,BasicGCN,BasicGCN,skf_6_P18_P29_P7,results/quick_v1_v2_comparison/2026-06-12_16-29-08/model_runs/gaze_only/2026-06-12_16-29-11,results/quick_v1_v2_comparison/2026-06-12_16-29-08/model_runs/gaze_only/2026-06-12_16-29-11/multiclass_table6_valence_3class_emotion-elicitation_2026-06-12_16-30-20,results/quick_v1_v2_comparison/2026-06-12_16-29-08/model_runs/gaze_only/2026-06-12_16-29-11/multiclass_table6_valence_3class_emotion-elicitation_2026-06-12_16-30-20/subject_kfold/skf_6_P18_P29_P7/gnn/BasicGCN/gnn_fold_diagnostics.csv,test,0.1913481950759887,0.3722819685935974,-1.3202852010726929,1.2297921180725098,2.550077319145202,0.6428737044334412,0.060283500701189,0.2598575353622436,0.6931471824645996,0.2443691790103912,0.3709264695644378,116403,,,,,,,,,,,,,,,,,81,0.6217762231826782,1
gaze_only,Gaze x/y nodes with temporal and spatial graph relations.,multiclass_table6_valence_3class,Table-6 Valence,subject_kfold,HeteroGCNMean,HeteroGCNMean,skf_0_P1_P14_P2_P27,results/quick_v1_v2_comparison/2026-06-12_16-29-08/model_runs/gaze_only/2026-06-12_16-29-11,results/quick_v1_v2_comparison/2026-06-12_16-29-08/model_runs/gaze_only/2026-06-12_16-29-11/multiclass_table6_valence_3class_emotion-elicitation_2026-06-12_16-30-20,results/quick_v1_v2_comparison/2026-06-12_16-29-08/model_runs/gaze_only/2026-06-12_16-29-11/multiclass_table6_valence_3class_emotion-elicitation_2026-06-12_16-30-20/subject_kfold/skf_0_P1_P14_P2_P27/gnn/HeteroGCNMean/gnn_fold_diagnostics.csv,train,-0.0496219769120216,0.508980393409729,-1.7337441444396973,1.574017882347107,3.307762026786804,0.6021729707717896,0.0938945636153221,0.2032812088727951,0.6931471824645996,0.338591456413269,0.3221649825572967,10000,,,,,,,,,,,,,,,,,108,0.5746351480484009,1
gaze_only,Gaze x/y nodes with temporal and spatial graph relations.,multiclass_table6_valence_3class,Table-6 Valence,subject_kfold,HeteroGCNMean,HeteroGCNMean,skf_0_P1_P14_P2_P27,results/quick_v1_v2_comparison/2026-06-12_16-29-08/model_runs/gaze_only/2026-06-12_16-29-11,results/quick_v1_v2_comparison/2026-06-12_16-29-08/model_runs/gaze_only/2026-06-12_16-29-11/multiclass_table6_valence_3class_emotion-elicitation_2026-06-12_16-30-20,results/quick_v1_v2_comparison/2026-06-12_16-29-08/model_runs/gaze_only/2026-06-12_16-29-11/multiclass_table6_valence_3class_emotion-elicitation_2026-06-12_16-30-20/subject_kfold/skf_0_P1_P14_P2_P27/gnn/HeteroGCNMean/gnn_fold_diagnostics.csv,val,-0.0689323544502258,0.458448052406311,-1.5648345947265625,1.0792735815048218,2.6441081762313843,0.6190612316131592,0.0783366039395332,0.3189555406570434,0.6931408643722534,0.3388504385948181,0.3022139966487884,11175,,,,,,,,,,,,,,,,,108,0.5746351480484009,1
gaze_only,Gaze x/y nodes with temporal and spatial graph relations.,multiclass_table6_valence_3class,Table-6 Valence,subject_kfold,HeteroGCNMean,HeteroGCNMean,skf_0_P1_P14_P2_P27,results/quick_v1_v2_comparison/2026-06-12_16-29-08/model_runs/gaze_only/2026-06-12_16-29-11,results/quick_v1_v2_comparison/2026-06-12_16-29-08/model_runs/gaze_only/2026-06-12_16-29-11/multiclass_table6_valence_3class_emotion-elicitation_2026-06-12_16-30-20,results/quick_v1_v2_comparison/2026-06-12_16-29-08/model_runs/gaze_only/2026-06-12_16-29-11/multiclass_table6_valence_3class_emotion-elicitation_2026-06-12_16-30-20/subject_kfold/skf_0_P1_P14_P2_P27/gnn/HeteroGCNMean/gnn_fold_diagnostics.csv,test,-0.0530107170343399,0.5080822110176086,-1.8427600860595703,1.326489806175232,3.1692498922348022,0.6033424735069275,0.0960533916950225,0.2090429365634918,0.6931471228599548,0.3122812509536743,0.3709867596626282,253116,,,,,,,,,,,,,,,,,108,0.5746351480484009,1
gaze_only,Gaze x/y nodes with temporal and spatial graph relations.,multiclass_table6_valence_3class,Table-6 Valence,subject_kfold,HeteroGCNMean,HeteroGCNMean,skf_1_P17_P20_P8,results/quick_v1_v2_comparison/2026-06-12_16-29-08/model_runs/gaze_only/2026-06-12_16-29-11,results/quick_v1_v2_comparison/2026-06-12_16-29-08/model_runs/gaze_only/2026-06-12_16-29-11/multiclass_table6_valence_3class_emotion-elicitation_2026-06-12_16-30-20,results/quick_v1_v2_comparison/2026-06-12_16-29-08/model_runs/gaze_only/2026-06-12_16-29-11/multiclass_table6_valence_3class_emotion-elicitation_2026-06-12_16-30-20/subject_kfold/skf_1_P17_P20_P8/gnn/HeteroGCNMean/gnn_fold_diagnostics.csv,train,0.1528599560260772,0.0820696502923965,-0.1976400464773178,0.3249373435974121,0.5225773900747299,0.6905093789100647,0.0019832588732242,0.6811336278915405,0.6931471824645996,0.1639469265937805,0.63083815574646,10000,,,,,,,,,,,,,,,,,1,0.6737145781517029,1
gaze_only,Gaze x/y nodes with temporal and spatial graph relations.,multiclass_table6_valence_3class,Table-6 Valence,subject_kfold,HeteroGCNMean,HeteroGCNMean,skf_1_P17_P20_P8,results/quick_v1_v2_comparison/2026-06-12_16-29-08/model_runs/gaze_only/2026-06-12_16-29-11,results/quick_v1_v2_comparison/2026-06-12_16-29-08/model_runs/gaze_only/2026-06-12_16-29-11/multiclass_table6_valence_3class_emotion-elicitation_2026-06-12_16-30-20,results/quick_v1_v2_comparison/2026-06-12_16-29-08/model_runs/gaze_only/2026-06-12_16-29-11/multiclass_table6_valence_3class_emotion-elicitation_2026-06-12_16-30-20/subject_kfold/skf_1_P17_P20_P8/gnn/HeteroGCNMean/gnn_fold_diagnostics.csv,val,0.1629521548748016,0.083119660615921,-0.0969134718179702,0.3171155452728271,0.4140290170907974,0.6903029084205627,0.0019457520684227,0.6851577758789062,0.6931471824645996,0.1454730927944183,0.6606222987174988,18721,,,,,,,,,,,,,,,,,1,0.6737145781517029,1
gaze_only,Gaze x/y nodes with temporal and spatial graph relations.,multiclass_table6_valence_3class,Table-6 Valence,subject_kfold,HeteroGCNMean,HeteroGCNMean,skf_1_P17_P20_P8,results/quick_v1_v2_comparison/2026-06-12_16-29-08/model_runs/gaze_only/2026-06-12_16-29-11,results/quick_v1_v2_comparison/2026-06-12_16-29-08/model_runs/gaze_only/2026-06-12_16-29-11/multiclass_table6_valence_3class_emotion-elicitation_2026-06-12_16-30-20,results/quick_v1_v2_comparison/2026-06-12_16-29-08/model_runs/gaze_only/2026-06-12_16-29-11/multiclass_table6_valence_3class_emotion-elicitation_2026-06-12_16-30-20/subject_kfold/skf_1_P17_P20_P8/gnn/HeteroGCNMean/gnn_fold_diagnostics.csv,test,0.1571086645126342,0.0870193541049957,-0.1256767511367797,0.3136334121227264,0.4393101632595062,0.690077006816864,0.0021828860044479,0.679167628288269,0.6931470632553101,0.1615007817745208,0.64879310131073,133903,,,,,,,,,,,,,,,,,1,0.6737145781517029,1
gaze_only,Gaze x/y nodes with temporal and spatial graph relations.,multiclass_table6_valence_3class,Table-6 Valence,subject_kfold,HeteroGCNMean,HeteroGCNMean,skf_2_P13_P28_P30,results/quick_v1_v2_comparison/2026-06-12_16-29-08/model_runs/gaze_only/2026-06-12_16-29-11,results/quick_v1_v2_comparison/2026-06-12_16-29-08/model_runs/gaze_only/2026-06-12_16-29-11/multiclass_table6_valence_3class_emotion-elicitation_2026-06-12_16-30-20,results/quick_v1_v2_comparison/2026-06-12_16-29-08/model_runs/gaze_only/2026-06-12_16-29-11/multiclass_table6_valence_3class_emotion-elicitation_2026-06-12_16-30-20/subject_kfold/skf_2_P13_P28_P30/gnn/HeteroGCNMean/gnn_fold_diagnostics.csv,train,0.0299157164990901,0.4920492470264435,-1.7438209056854248,1.635241985321045,3.3790628910064697,0.6030420660972595,0.0966728776693344,0.1857723742723465,0.6931471824645996,0.3187074065208435,0.2821206748485565,10000,,,,,,,,,,,,,,,,,109,0.6546461582183838,1
gaze_only,Gaze x/y nodes with temporal and spatial graph relations.,multiclass_table6_valence_3class,Table-6 Valence,subject_kfold,HeteroGCNMean,HeteroGCNMean,skf_2_P13_P28_P30,results/quick_v1_v2_comparison/2026-06-12_16-29-08/model_runs/gaze_only/2026-06-12_16-29-11,results/quick_v1_v2_comparison/2026-06-12_16-29-08/model_runs/gaze_only/2026-06-12_16-29-11/multiclass_table6_valence_3class_emotion-elicitation_2026-06-12_16-30-20,results/quick_v1_v2_comparison/2026-06-12_16-29-08/model_runs/gaze_only/2026-06-12_16-29-11/multiclass_table6_valence_3class_emotion-elicitation_2026-06-12_16-30-20/subject_kfold/skf_2_P13_P28_P30/gnn/HeteroGCNMean/gnn_fold_diagnostics.csv,val,0.0267571788281202,0.441210389137268,-1.3923203945159912,1.1013660430908203,2.4936864376068115,0.6181210875511169,0.0835557430982589,0.3126311302185058,0.6931471228599548,0.3012235164642334,0.3275194764137268,12246,,,,,,,,,,,,,,,,,109,0.6546461582183838,1
gaze_only,Gaze x/y nodes with temporal and spatial graph relations.,multiclass_table6_valence_3class,Table-6 Valence,subject_kfold,HeteroGCNMean,HeteroGCNMean,skf_2_P13_P28_P30,results/quick_v1_v2_comparison/2026-06-12_16-29-08/model_runs/gaze_only/2026-06-12_16-29-11,results/quick_v1_v2_comparison/2026-06-12_16-29-08/model_runs/gaze_only/2026-06-12_16-29-11/multiclass_table6_valence_3class_emotion-elicitation_2026-06-12_16-30-20,results/quick_v1_v2_comparison/2026-06-12_16-29-08/model_runs/gaze_only/2026-06-12_16-29-11/multiclass_table6_valence_3class_emotion-elicitation_2026-06-12_16-30-20/subject_kfold/skf_2_P13_P28_P30/gnn/HeteroGCNMean/gnn_fold_diagnostics.csv,test,0.0213340073823928,0.5036510825157166,-1.705918312072754,1.5277597904205322,3.233678102493286,0.599273681640625,0.0984003692865371,0.1985853165388107,0.6931453943252563,0.3433032035827636,0.2658144831657409,118828,,,,,,,,,,,,,,,,,109,0.6546461582183838,1
gaze_only,Gaze x/y nodes with temporal and spatial graph relations.,multiclass_table6_valence_3class,Table-6 Valence,subject_kfold,HeteroGCNMean,HeteroGCNMean,skf_3_P19_P22_P4,results/quick_v1_v2_comparison/2026-06-12_16-29-08/model_runs/gaze_only/2026-06-12_16-29-11,results/quick_v1_v2_comparison/2026-06-12_16-29-08/model_runs/gaze_only/2026-06-12_16-29-11/multiclass_table6_valence_3class_emotion-elicitation_2026-06-12_16-30-20,results/quick_v1_v2_comparison/2026-06-12_16-29-08/model_runs/gaze_only/2026-06-12_16-29-11/multiclass_table6_valence_3class_emotion-elicitation_2026-06-12_16-30-20/subject_kfold/skf_3_P19_P22_P4/gnn/HeteroGCNMean/gnn_fold_diagnostics.csv,train,-0.1595533192157745,0.0581040158867836,-0.4626373052597046,0.1179764419794082,0.5806137472391129,0.6916400790214539,0.0028101794887334,0.6527196168899536,0.6931471824645996,0.1444113701581955,0.7329346537590027,10000,,,,,,,,,,,,,,,,,7,0.6811091303825378,1
gaze_only,Gaze x/y nodes with temporal and spatial graph relations.,multiclass_table6_valence_3class,Table-6 Valence,subject_kfold,HeteroGCNMean,HeteroGCNMean,skf_3_P19_P22_P4,results/quick_v1_v2_comparison/2026-06-12_16-29-08/model_runs/gaze_only/2026-06-12_16-29-11,results/quick_v1_v2_comparison/2026-06-12_16-29-08/model_runs/gaze_only/2026-06-12_16-29-11/multiclass_table6_valence_3class_emotion-elicitation_2026-06-12_16-30-20,results/quick_v1_v2_comparison/2026-06-12_16-29-08/model_runs/gaze_only/2026-06-12_16-29-11/multiclass_table6_valence_3class_emotion-elicitation_2026-06-12_16-30-20/subject_kfold/skf_3_P19_P22_P4/gnn/HeteroGCNMean/gnn_fold_diagnostics.csv,val,-0.1591439396142959,0.0580244176089763,-0.4279270470142364,0.0417083501815795,0.469635397195816,0.6916590332984924,0.0028437841683626,0.6688749194145203,0.6931471228599548,0.1359500735998153,0.7518578171730042,16653,,,,,,,,,,,,,,,,,7,0.6811091303825378,1
gaze_only,Gaze x/y nodes with temporal and spatial graph relations.,multiclass_table6_valence_3class,Table-6 Valence,subject_kfold,HeteroGCNMean,HeteroGCNMean,skf_3_P19_P22_P4,results/quick_v1_v2_comparison/2026-06-12_16-29-08/model_runs/gaze_only/2026-06-12_16-29-11,results/quick_v1_v2_comparison/2026-06-12_16-29-08/model_runs/gaze_only/2026-06-12_16-29-11/multiclass_table6_valence_3class_emotion-elicitation_2026-06-12_16-30-20,results/quick_v1_v2_comparison/2026-06-12_16-29-08/model_runs/gaze_only/2026-06-12_16-29-11/multiclass_table6_valence_3class_emotion-elicitation_2026-06-12_16-30-20/subject_kfold/skf_3_P19_P22_P4/gnn/HeteroGCNMean/gnn_fold_diagnostics.csv,test,-0.1606805771589279,0.0626508146524429,-0.4113227725028991,0.0685545653104782,0.4798773378133774,0.6913967132568359,0.0029293694533407,0.6651697754859924,0.6931471824645996,0.1383269280195236,0.7358359098434448,111628,,,,,,,,,,,,,,,,,7,0.6811091303825378,1
gaze_only,Gaze x/y nodes with temporal and spatial graph relations.,multiclass_table6_valence_3class,Table-6 Valence,subject_kfold,HeteroGCNMean,HeteroGCNMean,skf_4_P10_P16_P5,results/quick_v1_v2_comparison/2026-06-12_16-29-08/model_runs/gaze_only/2026-06-12_16-29-11,results/quick_v1_v2_comparison/2026-06-12_16-29-08/model_runs/gaze_only/2026-06-12_16-29-11/multiclass_table6_valence_3class_emotion-elicitation_2026-06-12_16-30-20,results/quick_v1_v2_comparison/2026-06-12_16-29-08/model_runs/gaze_only/2026-06-12_16-29-11/multiclass_table6_valence_3class_emotion-elicitation_2026-06-12_16-30-20/subject_kfold/skf_4_P10_P16_P5/gnn/HeteroGCNMean/gnn_fold_diagnostics.csv,train,-0.1386595964431762,0.3336802721023559,-1.4403297901153564,0.8344607353210449,2.2747905254364014,0.6477522850036621,0.05586489289999,0.3356801271438598,0.6931471824645996,0.270445168018341,0.3910547494888305,10000,,,,,,,,,,,,,,,,,50,0.6253550052642822,1
gaze_only,Gaze x/y nodes with temporal and spatial graph relations.,multiclass_table6_valence_3class,Table-6 Valence,subject_kfold,HeteroGCNMean,HeteroGCNMean,skf_4_P10_P16_P5,results/quick_v1_v2_comparison/2026-06-12_16-29-08/model_runs/gaze_only/2026-06-12_16-29-11,results/quick_v1_v2_comparison/2026-06-12_16-29-08/model_runs/gaze_only/2026-06-12_16-29-11/multiclass_table6_valence_3class_emotion-elicitation_2026-06-12_16-30-20,results/quick_v1_v2_comparison/2026-06-12_16-29-08/model_runs/gaze_only/2026-06-12_16-29-11/multiclass_table6_valence_3class_emotion-elicitation_2026-06-12_16-30-20/subject_kfold/skf_4_P10_P16_P5/gnn/HeteroGCNMean/gnn_fold_diagnostics.csv,val,-0.1371104568243026,0.3202134370803833,-1.3718775510787964,0.6833624839782715,2.055240035057068,0.6517007350921631,0.054721787571907,0.356575608253479,0.6930978298187256,0.2420161962509155,0.414168506860733,11325,,,,,,,,,,,,,,,,,50,0.6253550052642822,1
gaze_only,Gaze x/y nodes with temporal and spatial graph relations.,multiclass_table6_valence_3class,Table-6 Valence,subject_kfold,HeteroGCNMean,HeteroGCNMean,skf_4_P10_P16_P5,results/quick_v1_v2_comparison/2026-06-12_16-29-08/model_runs/gaze_only/2026-06-12_16-29-11,results/quick_v1_v2_comparison/2026-06-12_16-29-08/model_runs/gaze_only/2026-06-12_16-29-11/multiclass_table6_valence_3class_emotion-elicitation_2026-06-12_16-30-20,results/quick_v1_v2_comparison/2026-06-12_16-29-08/model_runs/gaze_only/2026-06-12_16-29-11/multiclass_table6_valence_3class_emotion-elicitation_2026-06-12_16-30-20/subject_kfold/skf_4_P10_P16_P5/gnn/HeteroGCNMean/gnn_fold_diagnostics.csv,test,-0.1215057447552681,0.3288511335849762,-1.3126440048217771,0.7644459009170532,2.0770899057388306,0.648356556892395,0.0523226223886013,0.389809638261795,0.6931471228599548,0.2775539755821228,0.3908884823322296,128271,,,,,,,,,,,,,,,,,50,0.6253550052642822,1
gaze_only,Gaze x/y nodes with temporal and spatial graph relations.,multiclass_table6_valence_3class,Table-6 Valence,subject_kfold,HeteroGCNMean,HeteroGCNMean,skf_5_P21_P23_P24,results/quick_v1_v2_comparison/2026-06-12_16-29-08/model_runs/gaze_only/2026-06-12_16-29-11,results/quick_v1_v2_comparison/2026-06-12_16-29-08/model_runs/gaze_only/2026-06-12_16-29-11/multiclass_table6_valence_3class_emotion-elicitation_2026-06-12_16-30-20,results/quick_v1_v2_comparison/2026-06-12_16-29-08/model_runs/gaze_only/2026-06-12_16-29-11/multiclass_table6_valence_3class_emotion-elicitation_2026-06-12_16-30-20/subject_kfold/skf_5_P21_P23_P24/gnn/HeteroGCNMean/gnn_fold_diagnostics.csv,train,0.0480153858661651,0.6420925855636597,-2.993048906326294,2.459079504013061,5.452128410339356,0.5657150149345398,0.141963243484497,0.0275523848831653,0.6931471824645996,0.3169745802879333,0.2586400508880615,10000,,,,,,,,,,,,,,,,,253,0.5048516988754272,1
gaze_only,Gaze x/y nodes with temporal and spatial graph relations.,multiclass_table6_valence_3class,Table-6 Valence,subject_kfold,HeteroGCNMean,HeteroGCNMean,skf_5_P21_P23_P24,results/quick_v1_v2_comparison/2026-06-12_16-29-08/model_runs/gaze_only/2026-06-12_16-29-11,results/quick_v1_v2_comparison/2026-06-12_16-29-08/model_runs/gaze_only/2026-06-12_16-29-11/multiclass_table6_valence_3class_emotion-elicitation_2026-06-12_16-30-20,results/quick_v1_v2_comparison/2026-06-12_16-29-08/model_runs/gaze_only/2026-06-12_16-29-11/multiclass_table6_valence_3class_emotion-elicitation_2026-06-12_16-30-20/subject_kfold/skf_5_P21_P23_P24/gnn/HeteroGCNMean/gnn_fold_diagnostics.csv,val,0.0539632029831409,0.639528751373291,-2.466348171234131,2.1422553062438965,4.608603477478027,0.5679225921630859,0.1421365588903427,0.0591624155640602,0.6931465864181519,0.329799622297287,0.2481708526611328,11175,,,,,,,,,,,,,,,,,253,0.5048516988754272,1
gaze_only,Gaze x/y nodes with temporal and spatial graph relations.,multiclass_table6_valence_3class,Table-6 Valence,subject_kfold,HeteroGCNMean,HeteroGCNMean,skf_5_P21_P23_P24,results/quick_v1_v2_comparison/2026-06-12_16-29-08/model_runs/gaze_only/2026-06-12_16-29-11,results/quick_v1_v2_comparison/2026-06-12_16-29-08/model_runs/gaze_only/2026-06-12_16-29-11/multiclass_table6_valence_3class_emotion-elicitation_2026-06-12_16-30-20,results/quick_v1_v2_comparison/2026-06-12_16-29-08/model_runs/gaze_only/2026-06-12_16-29-11/multiclass_table6_valence_3class_emotion-elicitation_2026-06-12_16-30-20/subject_kfold/skf_5_P21_P23_P24/gnn/HeteroGCNMean/gnn_fold_diagnostics.csv,test,0.0524957664310932,0.6455539464950562,-2.852011203765869,2.51198148727417,5.363992691040039,0.567561149597168,0.1415987759828567,0.0296693630516529,0.6931471824645996,0.3290320336818695,0.2493906170129776,142311,,,,,,,,,,,,,,,,,253,0.5048516988754272,1
gaze_only,Gaze x/y nodes with temporal and spatial graph relations.,multiclass_table6_valence_3class,Table-6 Valence,subject_kfold,HeteroGCNMean,HeteroGCNMean,skf_6_P18_P29_P7,results/quick_v1_v2_comparison/2026-06-12_16-29-08/model_runs/gaze_only/2026-06-12_16-29-11,results/quick_v1_v2_comparison/2026-06-12_16-29-08/model_runs/gaze_only/2026-06-12_16-29-11/multiclass_table6_valence_3class_emotion-elicitation_2026-06-12_16-30-20,results/quick_v1_v2_comparison/2026-06-12_16-29-08/model_runs/gaze_only/2026-06-12_16-29-11/multiclass_table6_valence_3class_emotion-elicitation_2026-06-12_16-30-20/subject_kfold/skf_6_P18_P29_P7/gnn/HeteroGCNMean/gnn_fold_diagnostics.csv,train,-0.0279319826513528,0.3979028761386871,-1.514429807662964,1.3429136276245115,2.857343435287476,0.6313861012458801,0.0812458992004394,0.2201415002346038,0.6931471824645996,0.2729930877685547,0.3598849475383758,10000,,,,,,,,,,,,,,,,,112,0.5877198576927185,1
gaze_only,Gaze x/y nodes with temporal and spatial graph relations.,multiclass_table6_valence_3class,Table-6 Valence,subject_kfold,HeteroGCNMean,HeteroGCNMean,skf_6_P18_P29_P7,results/quick_v1_v2_comparison/2026-06-12_16-29-08/model_runs/gaze_only/2026-06-12_16-29-11,results/quick_v1_v2_comparison/2026-06-12_16-29-08/model_runs/gaze_only/2026-06-12_16-29-11/multiclass_table6_valence_3class_emotion-elicitation_2026-06-12_16-30-20,results/quick_v1_v2_comparison/2026-06-12_16-29-08/model_runs/gaze_only/2026-06-12_16-29-11/multiclass_table6_valence_3class_emotion-elicitation_2026-06-12_16-30-20/subject_kfold/skf_6_P18_P29_P7/gnn/HeteroGCNMean/gnn_fold_diagnostics.csv,val,-0.0279721710830926,0.382163256406784,-1.1309603452682495,1.0379146337509155,2.168874979019165,0.6350061893463135,0.0782231166958808,0.3547082543373108,0.6931459903717041,0.2323334515094757,0.3912567794322967,11325,,,,,,,,,,,,,,,,,112,0.5877198576927185,1
gaze_only,Gaze x/y nodes with temporal and spatial graph relations.,multiclass_table6_valence_3class,Table-6 Valence,subject_kfold,HeteroGCNMean,HeteroGCNMean,skf_6_P18_P29_P7,results/quick_v1_v2_comparison/2026-06-12_16-29-08/model_runs/gaze_only/2026-06-12_16-29-11,results/quick_v1_v2_comparison/2026-06-12_16-29-08/model_runs/gaze_only/2026-06-12_16-29-11/multiclass_table6_valence_3class_emotion-elicitation_2026-06-12_16-30-20,results/quick_v1_v2_comparison/2026-06-12_16-29-08/model_runs/gaze_only/2026-06-12_16-29-11/multiclass_table6_valence_3class_emotion-elicitation_2026-06-12_16-30-20/subject_kfold/skf_6_P18_P29_P7/gnn/HeteroGCNMean/gnn_fold_diagnostics.csv,test,-0.0097768930718302,0.3623685538768768,-1.463788986206055,1.1551519632339478,2.6189409494400024,0.6400735378265381,0.0706705003976821,0.3051040768623352,0.6931459903717041,0.2447185218334198,0.3853619992733001,116403,,,,,,,,,,,,,,,,,112,0.5877198576927185,1
gaze_only,Gaze x/y nodes with temporal and spatial graph relations.,multiclass_table6_valence_3class,Table-6 Valence,subject_kfold,HeteroGCNMLP,HeteroGCNMLP,skf_0_P1_P14_P2_P27,results/quick_v1_v2_comparison/2026-06-12_16-29-08/model_runs/gaze_only/2026-06-12_16-29-11,results/quick_v1_v2_comparison/2026-06-12_16-29-08/model_runs/gaze_only/2026-06-12_16-29-11/multiclass_table6_valence_3class_emotion-elicitation_2026-06-12_16-30-20,results/quick_v1_v2_comparison/2026-06-12_16-29-08/model_runs/gaze_only/2026-06-12_16-29-11/multiclass_table6_valence_3class_emotion-elicitation_2026-06-12_16-30-20/subject_kfold/skf_0_P1_P14_P2_P27/gnn/HeteroGCNMLP/gnn_fold_diagnostics.csv,train,-0.1113345772027969,0.7396029233932495,-2.892849922180176,2.359660625457764,5.25251054763794,0.534233033657074,0.1581067591905594,0.0457241348922252,0.6931469440460205,0.3318926393985748,0.2175856679677963,10000,,,,,,,,,,,,,,,,,222,0.448081761598587,1
gaze_only,Gaze x/y nodes with temporal and spatial graph relations.,multiclass_table6_valence_3class,Table-6 Valence,subject_kfold,HeteroGCNMLP,HeteroGCNMLP,skf_0_P1_P14_P2_P27,results/quick_v1_v2_comparison/2026-06-12_16-29-08/model_runs/gaze_only/2026-06-12_16-29-11,results/quick_v1_v2_comparison/2026-06-12_16-29-08/model_runs/gaze_only/2026-06-12_16-29-11/multiclass_table6_valence_3class_emotion-elicitation_2026-06-12_16-30-20,results/quick_v1_v2_comparison/2026-06-12_16-29-08/model_runs/gaze_only/2026-06-12_16-29-11/multiclass_table6_valence_3class_emotion-elicitation_2026-06-12_16-30-20/subject_kfold/skf_0_P1_P14_P2_P27/gnn/HeteroGCNMLP/gnn_fold_diagnostics.csv,val,-0.0816933512687683,0.7964906692504883,-2.786189317703247,2.4755172729492188,5.261706590652466,0.5166778564453125,0.1636109054088592,0.0353517569601535,0.6931444406509399,0.3241147696971893,0.206381469964981,11175,,,,,,,,,,,,,,,,,222,0.448081761598587,1
gaze_only,Gaze x/y nodes with temporal and spatial graph relations.,multiclass_table6_valence_3class,Table-6 Valence,subject_kfold,HeteroGCNMLP,HeteroGCNMLP,skf_0_P1_P14_P2_P27,results/quick_v1_v2_comparison/2026-06-12_16-29-08/model_runs/gaze_only/2026-06-12_16-29-11,results/quick_v1_v2_comparison/2026-06-12_16-29-08/model_runs/gaze_only/2026-06-12_16-29-11/multiclass_table6_valence_3class_emotion-elicitation_2026-06-12_16-30-20,results/quick_v1_v2_comparison/2026-06-12_16-29-08/model_runs/gaze_only/2026-06-12_16-29-11/multiclass_table6_valence_3class_emotion-elicitation_2026-06-12_16-30-20/subject_kfold/skf_0_P1_P14_P2_P27/gnn/HeteroGCNMLP/gnn_fold_diagnostics.csv,test,-0.1123595312237739,0.7331900000572205,-2.848050117492676,2.1371712684631348,4.9852213859558105,0.5356594920158386,0.158001497387886,0.0465538240969181,0.6931471824645996,0.3126965165138244,0.2194444984197616,253116,,,,,,,,,,,,,,,,,222,0.448081761598587,1
gaze_only,Gaze x/y nodes with temporal and spatial graph relations.,multiclass_table6_valence_3class,Table-6 Valence,subject_kfold,HeteroGCNMLP,HeteroGCNMLP,skf_1_P17_P20_P8,results/quick_v1_v2_comparison/2026-06-12_16-29-08/model_runs/gaze_only/2026-06-12_16-29-11,results/quick_v1_v2_comparison/2026-06-12_16-29-08/model_runs/gaze_only/2026-06-12_16-29-11/multiclass_table6_valence_3class_emotion-elicitation_2026-06-12_16-30-20,results/quick_v1_v2_comparison/2026-06-12_16-29-08/model_runs/gaze_only/2026-06-12_16-29-11/multiclass_table6_valence_3class_emotion-elicitation_2026-06-12_16-30-20/subject_kfold/skf_1_P17_P20_P8/gnn/HeteroGCNMLP/gnn_fold_diagnostics.csv,train,0.0318550430238246,0.3215476870536804,-1.2368390560150146,1.5472170114517212,2.784056067466736,0.6506177186965942,0.0575977973639965,0.2219630777835846,0.6931471824645996,0.2155157625675201,0.4245579242706299,10000,,,,,,,,,,,,,,,,,42,0.6424112319946289,1
gaze_only,Gaze x/y nodes with temporal and spatial graph relations.,multiclass_table6_valence_3class,Table-6 Valence,subject_kfold,HeteroGCNMLP,HeteroGCNMLP,skf_1_P17_P20_P8,results/quick_v1_v2_comparison/2026-06-12_16-29-08/model_runs/gaze_only/2026-06-12_16-29-11,results/quick_v1_v2_comparison/2026-06-12_16-29-08/model_runs/gaze_only/2026-06-12_16-29-11/multiclass_table6_valence_3class_emotion-elicitation_2026-06-12_16-30-20,results/quick_v1_v2_comparison/2026-06-12_16-29-08/model_runs/gaze_only/2026-06-12_16-29-11/multiclass_table6_valence_3class_emotion-elicitation_2026-06-12_16-30-20/subject_kfold/skf_1_P17_P20_P8/gnn/HeteroGCNMLP/gnn_fold_diagnostics.csv,val,0.0186276454478502,0.2914774417877197,-0.7279638051986694,0.9058117270469666,1.633775532245636,0.6568790078163147,0.0483041256666183,0.4688991904258728,0.6931462287902832,0.1809782981872558,0.5176751613616943,18721,,,,,,,,,,,,,,,,,42,0.6424112319946289,1
gaze_only,Gaze x/y nodes with temporal and spatial graph relations.,multiclass_table6_valence_3class,Table-6 Valence,subject_kfold,HeteroGCNMLP,HeteroGCNMLP,skf_1_P17_P20_P8,results/quick_v1_v2_comparison/2026-06-12_16-29-08/model_runs/gaze_only/2026-06-12_16-29-11,results/quick_v1_v2_comparison/2026-06-12_16-29-08/model_runs/gaze_only/2026-06-12_16-29-11/multiclass_table6_valence_3class_emotion-elicitation_2026-06-12_16-30-20,results/quick_v1_v2_comparison/2026-06-12_16-29-08/model_runs/gaze_only/2026-06-12_16-29-11/multiclass_table6_valence_3class_emotion-elicitation_2026-06-12_16-30-20/subject_kfold/skf_1_P17_P20_P8/gnn/HeteroGCNMLP/gnn_fold_diagnostics.csv,test,0.0249909162521362,0.2961552441120147,-1.1046327352523804,1.4097002744674685,2.5143330097198486,0.6567112803459167,0.05009101703763,0.2660312950611114,0.6931471824645996,0.2094823718070984,0.4744140207767486,133903,,,,,,,,,,,,,,,,,42,0.6424112319946289,1
gaze_only,Gaze x/y nodes with temporal and spatial graph relations.,multiclass_table6_valence_3class,Table-6 Valence,subject_kfold,HeteroGCNMLP,HeteroGCNMLP,skf_2_P13_P28_P30,results/quick_v1_v2_comparison/2026-06-12_16-29-08/model_runs/gaze_only/2026-06-12_16-29-11,results/quick_v1_v2_comparison/2026-06-12_16-29-08/model_runs/gaze_only/2026-06-12_16-29-11/multiclass_table6_valence_3class_emotion-elicitation_2026-06-12_16-30-20,results/quick_v1_v2_comparison/2026-06-12_16-29-08/model_runs/gaze_only/2026-06-12_16-29-11/multiclass_table6_valence_3class_emotion-elicitation_2026-06-12_16-30-20/subject_kfold/skf_2_P13_P28_P30/gnn/HeteroGCNMLP/gnn_fold_diagnostics.csv,train,-0.0030143142212182,0.6434487700462341,-2.034505605697632,2.811800003051758,4.84630560874939,0.5611537098884583,0.1398839652538299,0.0457535646855831,0.6931471824645996,0.2962727546691894,0.273174911737442,10000,,,,,,,,,,,,,,,,,152,0.6246012449264526,1
gaze_only,Gaze x/y nodes with temporal and spatial graph relations.,multiclass_table6_valence_3class,Table-6 Valence,subject_kfold,HeteroGCNMLP,HeteroGCNMLP,skf_2_P13_P28_P30,results/quick_v1_v2_comparison/2026-06-12_16-29-08/model_runs/gaze_only/2026-06-12_16-29-11,results/quick_v1_v2_comparison/2026-06-12_16-29-08/model_runs/gaze_only/2026-06-12_16-29-11/multiclass_table6_valence_3class_emotion-elicitation_2026-06-12_16-30-20,results/quick_v1_v2_comparison/2026-06-12_16-29-08/model_runs/gaze_only/2026-06-12_16-29-11/multiclass_table6_valence_3class_emotion-elicitation_2026-06-12_16-30-20/subject_kfold/skf_2_P13_P28_P30/gnn/HeteroGCNMLP/gnn_fold_diagnostics.csv,val,-0.0118516236543655,0.6285771727561951,-1.531025528907776,2.016634225845337,3.547659754753113,0.5618045330047607,0.1389955729246139,0.1276705712080001,0.6931444406509399,0.3234791457653045,0.2425028532743454,12246,,,,,,,,,,,,,,,,,152,0.6246012449264526,1
gaze_only,Gaze x/y nodes with temporal and spatial graph relations.,multiclass_table6_valence_3class,Table-6 Valence,subject_kfold,HeteroGCNMLP,HeteroGCNMLP,skf_2_P13_P28_P30,results/quick_v1_v2_comparison/2026-06-12_16-29-08/model_runs/gaze_only/2026-06-12_16-29-11,results/quick_v1_v2_comparison/2026-06-12_16-29-08/model_runs/gaze_only/2026-06-12_16-29-11/multiclass_table6_valence_3class_emotion-elicitation_2026-06-12_16-30-20,results/quick_v1_v2_comparison/2026-06-12_16-29-08/model_runs/gaze_only/2026-06-12_16-29-11/multiclass_table6_valence_3class_emotion-elicitation_2026-06-12_16-30-20/subject_kfold/skf_2_P13_P28_P30/gnn/HeteroGCNMLP/gnn_fold_diagnostics.csv,test,-0.0031884165946394,0.6406602263450623,-1.880488872528076,1.9283448457717896,3.8088337182998657,0.5605630874633789,0.1417119354009628,0.1299000978469848,0.6931442022323608,0.3187795877456665,0.2172280102968216,118828,,,,,,,,,,,,,,,,,152,0.6246012449264526,1
gaze_only,Gaze x/y nodes with temporal and spatial graph relations.,multiclass_table6_valence_3class,Table-6 Valence,subject_kfold,HeteroGCNMLP,HeteroGCNMLP,skf_3_P19_P22_P4,results/quick_v1_v2_comparison/2026-06-12_16-29-08/model_runs/gaze_only/2026-06-12_16-29-11,results/quick_v1_v2_comparison/2026-06-12_16-29-08/model_runs/gaze_only/2026-06-12_16-29-11/multiclass_table6_valence_3class_emotion-elicitation_2026-06-12_16-30-20,results/quick_v1_v2_comparison/2026-06-12_16-29-08/model_runs/gaze_only/2026-06-12_16-29-11/multiclass_table6_valence_3class_emotion-elicitation_2026-06-12_16-30-20/subject_kfold/skf_3_P19_P22_P4/gnn/HeteroGCNMLP/gnn_fold_diagnostics.csv,train,0.056627370417118,0.516952633857727,-1.4836764335632324,2.1946680545806885,3.678344488143921,0.5939918160438538,0.1055495291948318,0.1188934594392776,0.6931471824645996,0.3221520781517029,0.254523366689682,10000,,,,,,,,,,,,,,,,,69,0.6286672949790955,1
gaze_only,Gaze x/y nodes with temporal and spatial graph relations.,multiclass_table6_valence_3class,Table-6 Valence,subject_kfold,HeteroGCNMLP,HeteroGCNMLP,skf_3_P19_P22_P4,results/quick_v1_v2_comparison/2026-06-12_16-29-08/model_runs/gaze_only/2026-06-12_16-29-11,results/quick_v1_v2_comparison/2026-06-12_16-29-08/model_runs/gaze_only/2026-06-12_16-29-11/multiclass_table6_valence_3class_emotion-elicitation_2026-06-12_16-30-20,results/quick_v1_v2_comparison/2026-06-12_16-29-08/model_runs/gaze_only/2026-06-12_16-29-11/multiclass_table6_valence_3class_emotion-elicitation_2026-06-12_16-30-20/subject_kfold/skf_3_P19_P22_P4/gnn/HeteroGCNMLP/gnn_fold_diagnostics.csv,val,0.0313431248068809,0.4846436083316803,-1.1807405948638916,1.4055390357971191,2.5862796306610107,0.6014421582221985,0.0946991518139839,0.2794740796089172,0.6931471228599548,0.2666847705841064,0.3480857908725738,16653,,,,,,,,,,,,,,,,,69,0.6286672949790955,1
gaze_only,Gaze x/y nodes with temporal and spatial graph relations.,multiclass_table6_valence_3class,Table-6 Valence,subject_kfold,HeteroGCNMLP,HeteroGCNMLP,skf_3_P19_P22_P4,results/quick_v1_v2_comparison/2026-06-12_16-29-08/model_runs/gaze_only/2026-06-12_16-29-11,results/quick_v1_v2_comparison/2026-06-12_16-29-08/model_runs/gaze_only/2026-06-12_16-29-11/multiclass_table6_valence_3class_emotion-elicitation_2026-06-12_16-30-20,results/quick_v1_v2_comparison/2026-06-12_16-29-08/model_runs/gaze_only/2026-06-12_16-29-11/multiclass_table6_valence_3class_emotion-elicitation_2026-06-12_16-30-20/subject_kfold/skf_3_P19_P22_P4/gnn/HeteroGCNMLP/gnn_fold_diagnostics.csv,test,0.0657001584768295,0.5424535870552063,-1.3794738054275513,1.814758539199829,3.1942323446273804,0.5897136926651001,0.1175705716013908,0.1686908900737762,0.6931470632553101,0.3184918463230133,0.2617621123790741,111628,,,,,,,,,,,,,,,,,69,0.6286672949790955,1
gaze_only,Gaze x/y nodes with temporal and spatial graph relations.,multiclass_table6_valence_3class,Table-6 Valence,subject_kfold,HeteroGCNMLP,HeteroGCNMLP,skf_4_P10_P16_P5,results/quick_v1_v2_comparison/2026-06-12_16-29-08/model_runs/gaze_only/2026-06-12_16-29-11,results/quick_v1_v2_comparison/2026-06-12_16-29-08/model_runs/gaze_only/2026-06-12_16-29-11/multiclass_table6_valence_3class_emotion-elicitation_2026-06-12_16-30-20,results/quick_v1_v2_comparison/2026-06-12_16-29-08/model_runs/gaze_only/2026-06-12_16-29-11/multiclass_table6_valence_3class_emotion-elicitation_2026-06-12_16-30-20/subject_kfold/skf_4_P10_P16_P5/gnn/HeteroGCNMLP/gnn_fold_diagnostics.csv,train,-0.0654811710119247,0.6689296364784241,-2.73052716255188,2.21671199798584,4.94723916053772,0.5512334108352661,0.1385254710912704,0.0580101124942302,0.6931471824645996,0.3136957585811615,0.2596373260021209,10000,,,,,,,,,,,,,,,,,172,0.5965186953544617,1
gaze_only,Gaze x/y nodes with temporal and spatial graph relations.,multiclass_table6_valence_3class,Table-6 Valence,subject_kfold,HeteroGCNMLP,HeteroGCNMLP,skf_4_P10_P16_P5,results/quick_v1_v2_comparison/2026-06-12_16-29-08/model_runs/gaze_only/2026-06-12_16-29-11,results/quick_v1_v2_comparison/2026-06-12_16-29-08/model_runs/gaze_only/2026-06-12_16-29-11/multiclass_table6_valence_3class_emotion-elicitation_2026-06-12_16-30-20,results/quick_v1_v2_comparison/2026-06-12_16-29-08/model_runs/gaze_only/2026-06-12_16-29-11/multiclass_table6_valence_3class_emotion-elicitation_2026-06-12_16-30-20/subject_kfold/skf_4_P10_P16_P5/gnn/HeteroGCNMLP/gnn_fold_diagnostics.csv,val,-0.0859413370490074,0.6439579725265503,-2.041177988052368,2.008023500442505,4.049201488494873,0.5567105412483215,0.1297451555728912,0.1155174300074577,0.6931453347206116,0.2840098738670349,0.2645502090454101,11325,,,,,,,,,,,,,,,,,172,0.5965186953544617,1
gaze_only,Gaze x/y nodes with temporal and spatial graph relations.,multiclass_table6_valence_3class,Table-6 Valence,subject_kfold,HeteroGCNMLP,HeteroGCNMLP,skf_4_P10_P16_P5,results/quick_v1_v2_comparison/2026-06-12_16-29-08/model_runs/gaze_only/2026-06-12_16-29-11,results/quick_v1_v2_comparison/2026-06-12_16-29-08/model_runs/gaze_only/2026-06-12_16-29-11/multiclass_table6_valence_3class_emotion-elicitation_2026-06-12_16-30-20,results/quick_v1_v2_comparison/2026-06-12_16-29-08/model_runs/gaze_only/2026-06-12_16-29-11/multiclass_table6_valence_3class_emotion-elicitation_2026-06-12_16-30-20/subject_kfold/skf_4_P10_P16_P5/gnn/HeteroGCNMLP/gnn_fold_diagnostics.csv,test,-0.0699588358402252,0.6604576110839844,-2.6294314861297607,2.125044107437134,4.754475593566895,0.5549780130386353,0.1365428864955902,0.0491771101951599,0.6931471824645996,0.3140044510364532,0.2804352045059204,128271,,,,,,,,,,,,,,,,,172,0.5965186953544617,1
gaze_only,Gaze x/y nodes with temporal and spatial graph relations.,multiclass_table6_valence_3class,Table-6 Valence,subject_kfold,HeteroGCNMLP,HeteroGCNMLP,skf_5_P21_P23_P24,results/quick_v1_v2_comparison/2026-06-12_16-29-08/model_runs/gaze_only/2026-06-12_16-29-11,results/quick_v1_v2_comparison/2026-06-12_16-29-08/model_runs/gaze_only/2026-06-12_16-29-11/multiclass_table6_valence_3class_emotion-elicitation_2026-06-12_16-30-20,results/quick_v1_v2_comparison/2026-06-12_16-29-08/model_runs/gaze_only/2026-06-12_16-29-11/multiclass_table6_valence_3class_emotion-elicitation_2026-06-12_16-30-20/subject_kfold/skf_5_P21_P23_P24/gnn/HeteroGCNMLP/gnn_fold_diagnostics.csv,train,0.0663669556379318,0.7537469267845154,-2.405289649963379,3.863067626953125,6.268357276916504,0.539225161075592,0.1535130590200424,0.0217257868498563,0.6931471824645996,0.3100897073745727,0.305942177772522,10000,,,,,,,,,,,,,,,,,244,0.4922735691070556,1
gaze_only,Gaze x/y nodes with temporal and spatial graph relations.,multiclass_table6_valence_3class,Table-6 Valence,subject_kfold,HeteroGCNMLP,HeteroGCNMLP,skf_5_P21_P23_P24,results/quick_v1_v2_comparison/2026-06-12_16-29-08/model_runs/gaze_only/2026-06-12_16-29-11,results/quick_v1_v2_comparison/2026-06-12_16-29-08/model_runs/gaze_only/2026-06-12_16-29-11/multiclass_table6_valence_3class_emotion-elicitation_2026-06-12_16-30-20,results/quick_v1_v2_comparison/2026-06-12_16-29-08/model_runs/gaze_only/2026-06-12_16-29-11/multiclass_table6_valence_3class_emotion-elicitation_2026-06-12_16-30-20/subject_kfold/skf_5_P21_P23_P24/gnn/HeteroGCNMLP/gnn_fold_diagnostics.csv,val,0.0609209313988685,0.7067539095878601,-1.949933409690857,2.263023376464844,4.212956786155701,0.5455421209335327,0.1414561718702316,0.1391583383083343,0.6931414604187012,0.3184259533882141,0.2820923030376434,11175,,,,,,,,,,,,,,,,,244,0.4922735691070556,1
gaze_only,Gaze x/y nodes with temporal and spatial graph relations.,multiclass_table6_valence_3class,Table-6 Valence,subject_kfold,HeteroGCNMLP,HeteroGCNMLP,skf_5_P21_P23_P24,results/quick_v1_v2_comparison/2026-06-12_16-29-08/model_runs/gaze_only/2026-06-12_16-29-11,results/quick_v1_v2_comparison/2026-06-12_16-29-08/model_runs/gaze_only/2026-06-12_16-29-11/multiclass_table6_valence_3class_emotion-elicitation_2026-06-12_16-30-20,results/quick_v1_v2_comparison/2026-06-12_16-29-08/model_runs/gaze_only/2026-06-12_16-29-11/multiclass_table6_valence_3class_emotion-elicitation_2026-06-12_16-30-20/subject_kfold/skf_5_P21_P23_P24/gnn/HeteroGCNMLP/gnn_fold_diagnostics.csv,test,0.0705477371811866,0.7570962309837341,-2.4017462730407715,3.641434669494629,6.0431809425354,0.5348254442214966,0.1518823951482772,0.0373449064791202,0.6931471228599548,0.3232625722885132,0.285470962524414,142311,,,,,,,,,,,,,,,,,244,0.4922735691070556,1
gaze_only,Gaze x/y nodes with temporal and spatial graph relations.,multiclass_table6_valence_3class,Table-6 Valence,subject_kfold,HeteroGCNMLP,HeteroGCNMLP,skf_6_P18_P29_P7,results/quick_v1_v2_comparison/2026-06-12_16-29-08/model_runs/gaze_only/2026-06-12_16-29-11,results/quick_v1_v2_comparison/2026-06-12_16-29-08/model_runs/gaze_only/2026-06-12_16-29-11/multiclass_table6_valence_3class_emotion-elicitation_2026-06-12_16-30-20,results/quick_v1_v2_comparison/2026-06-12_16-29-08/model_runs/gaze_only/2026-06-12_16-29-11/multiclass_table6_valence_3class_emotion-elicitation_2026-06-12_16-30-20/subject_kfold/skf_6_P18_P29_P7/gnn/HeteroGCNMLP/gnn_fold_diagnostics.csv,train,0.0048552579246461,0.3718883395195007,-1.42161226272583,1.0936514139175415,2.515263676643372,0.6379758715629578,0.0614453926682472,0.2732581198215484,0.6931471824645996,0.2866052389144897,0.3427406847476959,10000,,,,,,,,,,,,,,,,,38,0.6432881355285645,1
gaze_only,Gaze x/y nodes with temporal and spatial graph relations.,multiclass_table6_valence_3class,Table-6 Valence,subject_kfold,HeteroGCNMLP,HeteroGCNMLP,skf_6_P18_P29_P7,results/quick_v1_v2_comparison/2026-06-12_16-29-08/model_runs/gaze_only/2026-06-12_16-29-11,results/quick_v1_v2_comparison/2026-06-12_16-29-08/model_runs/gaze_only/2026-06-12_16-29-11/multiclass_table6_valence_3class_emotion-elicitation_2026-06-12_16-30-20,results/quick_v1_v2_comparison/2026-06-12_16-29-08/model_runs/gaze_only/2026-06-12_16-29-11/multiclass_table6_valence_3class_emotion-elicitation_2026-06-12_16-30-20/subject_kfold/skf_6_P18_P29_P7/gnn/HeteroGCNMLP/gnn_fold_diagnostics.csv,val,-0.002202182309702,0.3540509045124054,-1.3898372650146484,0.9647294282913208,2.354566693305969,0.6447962522506714,0.06246193125844,0.294843852519989,0.6931462287902832,0.257822722196579,0.3569738268852234,11325,,,,,,,,,,,,,,,,,38,0.6432881355285645,1
gaze_only,Gaze x/y nodes with temporal and spatial graph relations.,multiclass_table6_valence_3class,Table-6 Valence,subject_kfold,HeteroGCNMLP,HeteroGCNMLP,skf_6_P18_P29_P7,results/quick_v1_v2_comparison/2026-06-12_16-29-08/model_runs/gaze_only/2026-06-12_16-29-11,results/quick_v1_v2_comparison/2026-06-12_16-29-08/model_runs/gaze_only/2026-06-12_16-29-11/multiclass_table6_valence_3class_emotion-elicitation_2026-06-12_16-30-20,results/quick_v1_v2_comparison/2026-06-12_16-29-08/model_runs/gaze_only/2026-06-12_16-29-11/multiclass_table6_valence_3class_emotion-elicitation_2026-06-12_16-30-20/subject_kfold/skf_6_P18_P29_P7/gnn/HeteroGCNMLP/gnn_fold_diagnostics.csv,test,0.02295364998281,0.3330766856670379,-1.2805061340332031,0.951903223991394,2.232409358024597,0.648321270942688,0.0517868213355541,0.3181677460670471,0.6931459903717041,0.2372319549322128,0.4104102253913879,116403,,,,,,,,,,,,,,,,,38,0.6432881355285645,1
gaze_only,Gaze x/y nodes with temporal and spatial graph relations.,multiclass_table6_valence_3class,Table-6 Valence,subject_kfold,HeteroGCNMLPWeights,HeteroGCNMLPWeights,skf_0_P1_P14_P2_P27,results/quick_v1_v2_comparison/2026-06-12_16-29-08/model_runs/gaze_only/2026-06-12_16-29-11,results/quick_v1_v2_comparison/2026-06-12_16-29-08/model_runs/gaze_only/2026-06-12_16-29-11/multiclass_table6_valence_3class_emotion-elicitation_2026-06-12_16-30-20,results/quick_v1_v2_comparison/2026-06-12_16-29-08/model_runs/gaze_only/2026-06-12_16-29-11/multiclass_table6_valence_3class_emotion-elicitation_2026-06-12_16-30-20/subject_kfold/skf_0_P1_P14_P2_P27/gnn/HeteroGCNMLPWeights/gnn_fold_diagnostics.csv,train,-0.1051720380783081,0.7212884426116943,-2.473247766494751,2.682919979095459,5.15616774559021,0.5340243577957153,0.1488239169120788,0.0352957546710968,0.6931471228599548,0.3090358078479767,0.2908975481986999,10000,-1.0,0.0,-1.0,-1.0,-1.0,0.0,-1.0,-1.0,0.6770282983779907,0.2839040160179138,-1.0,1.0,,,,,243,0.5244202613830566,1
gaze_only,Gaze x/y nodes with temporal and spatial graph relations.,multiclass_table6_valence_3class,Table-6 Valence,subject_kfold,HeteroGCNMLPWeights,HeteroGCNMLPWeights,skf_0_P1_P14_P2_P27,results/quick_v1_v2_comparison/2026-06-12_16-29-08/model_runs/gaze_only/2026-06-12_16-29-11,results/quick_v1_v2_comparison/2026-06-12_16-29-08/model_runs/gaze_only/2026-06-12_16-29-11/multiclass_table6_valence_3class_emotion-elicitation_2026-06-12_16-30-20,results/quick_v1_v2_comparison/2026-06-12_16-29-08/model_runs/gaze_only/2026-06-12_16-29-11/multiclass_table6_valence_3class_emotion-elicitation_2026-06-12_16-30-20/subject_kfold/skf_0_P1_P14_P2_P27/gnn/HeteroGCNMLPWeights/gnn_fold_diagnostics.csv,val,-0.1044191345572471,0.7317760586738586,-1.913188099861145,1.894767999649048,3.807956099510193,0.529258131980896,0.1512194126844406,0.1469016373157501,0.6931381821632385,0.3047166168689728,0.2792727649211883,11175,-1.0,0.0,-1.0,-1.0,-1.0,0.0,-1.0,-1.0,0.6729273200035095,0.2850432991981506,-1.0,1.0,,,,,243,0.5244202613830566,1
gaze_only,Gaze x/y nodes with temporal and spatial graph relations.,multiclass_table6_valence_3class,Table-6 Valence,subject_kfold,HeteroGCNMLPWeights,HeteroGCNMLPWeights,skf_0_P1_P14_P2_P27,results/quick_v1_v2_comparison/2026-06-12_16-29-08/model_runs/gaze_only/2026-06-12_16-29-11,results/quick_v1_v2_comparison/2026-06-12_16-29-08/model_runs/gaze_only/2026-06-12_16-29-11/multiclass_table6_valence_3class_emotion-elicitation_2026-06-12_16-30-20,results/quick_v1_v2_comparison/2026-06-12_16-29-08/model_runs/gaze_only/2026-06-12_16-29-11/multiclass_table6_valence_3class_emotion-elicitation_2026-06-12_16-30-20/subject_kfold/skf_0_P1_P14_P2_P27/gnn/HeteroGCNMLPWeights/gnn_fold_diagnostics.csv,test,-0.1189713552594184,0.6822575330734253,-2.154726982116699,2.2758538722991943,4.4305808544158936,0.5432451367378235,0.140705794095993,0.0639738589525222,0.6931471824645996,0.2854063212871551,0.3008176684379577,253116,-1.0,0.0,-1.0,-1.0,-1.0,0.0,-1.0,-1.0,0.6764571070671082,0.2841493189334869,-1.0,1.0,,,,,243,0.5244202613830566,1
gaze_only,Gaze x/y nodes with temporal and spatial graph relations.,multiclass_table6_valence_3class,Table-6 Valence,subject_kfold,HeteroGCNMLPWeights,HeteroGCNMLPWeights,skf_1_P17_P20_P8,results/quick_v1_v2_comparison/2026-06-12_16-29-08/model_runs/gaze_only/2026-06-12_16-29-11,results/quick_v1_v2_comparison/2026-06-12_16-29-08/model_runs/gaze_only/2026-06-12_16-29-11/multiclass_table6_valence_3class_emotion-elicitation_2026-06-12_16-30-20,results/quick_v1_v2_comparison/2026-06-12_16-29-08/model_runs/gaze_only/2026-06-12_16-29-11/multiclass_table6_valence_3class_emotion-elicitation_2026-06-12_16-30-20/subject_kfold/skf_1_P17_P20_P8/gnn/HeteroGCNMLPWeights/gnn_fold_diagnostics.csv,train,-0.1076628342270851,0.3696154356002807,-1.2867615222930908,0.8991537094116211,2.185915231704712,0.6384995579719543,0.0651573836803436,0.3325033187866211,0.6931471824645996,0.2376116514205932,0.4457633197307586,10000,-0.9999417662620544,0.0107827028259634,-0.9999999403953552,1.0,-0.9996957182884216,0.0246672183275222,-0.9999999403953552,1.0,-0.6791145205497742,0.279842346906662,-1.0,1.0,,,,,52,0.6260713934898376,1
gaze_only,Gaze x/y nodes with temporal and spatial graph relations.,multiclass_table6_valence_3class,Table-6 Valence,subject_kfold,HeteroGCNMLPWeights,HeteroGCNMLPWeights,skf_1_P17_P20_P8,results/quick_v1_v2_comparison/2026-06-12_16-29-08/model_runs/gaze_only/2026-06-12_16-29-11,results/quick_v1_v2_comparison/2026-06-12_16-29-08/model_runs/gaze_only/2026-06-12_16-29-11/multiclass_table6_valence_3class_emotion-elicitation_2026-06-12_16-30-20,results/quick_v1_v2_comparison/2026-06-12_16-29-08/model_runs/gaze_only/2026-06-12_16-29-11/multiclass_table6_valence_3class_emotion-elicitation_2026-06-12_16-30-20/subject_kfold/skf_1_P17_P20_P8/gnn/HeteroGCNMLPWeights/gnn_fold_diagnostics.csv,val,-0.1342891901731491,0.3504617810249328,-1.1314877271652222,0.8609318137168884,1.9924195408821104,0.6425548791885376,0.0577502772212028,0.4188235998153686,0.6931471824645996,0.1973399370908737,0.5264776945114136,18721,-0.9999421238899232,0.0107519095763564,-0.9999999403953552,1.0,-0.9997494220733644,0.0223808046430349,-0.9999999403953552,1.0,-0.6750540733337402,0.2808156013488769,-1.0,0.9999999403953552,,,,,52,0.6260713934898376,1
gaze_only,Gaze x/y nodes with temporal and spatial graph relations.,multiclass_table6_valence_3class,Table-6 Valence,subject_kfold,HeteroGCNMLPWeights,HeteroGCNMLPWeights,skf_1_P17_P20_P8,results/quick_v1_v2_comparison/2026-06-12_16-29-08/model_runs/gaze_only/2026-06-12_16-29-11,results/quick_v1_v2_comparison/2026-06-12_16-29-08/model_runs/gaze_only/2026-06-12_16-29-11/multiclass_table6_valence_3class_emotion-elicitation_2026-06-12_16-30-20,results/quick_v1_v2_comparison/2026-06-12_16-29-08/model_runs/gaze_only/2026-06-12_16-29-11/multiclass_table6_valence_3class_emotion-elicitation_2026-06-12_16-30-20/subject_kfold/skf_1_P17_P20_P8/gnn/HeteroGCNMLPWeights/gnn_fold_diagnostics.csv,test,-0.118861049413681,0.3293514251708984,-1.2831577062606812,0.905586302280426,2.188744008541107,0.6491308212280273,0.0549298897385597,0.3267624676227569,0.6931471228599548,0.2301553189754486,0.4860693216323852,133903,-0.99989116191864,0.0147471856325864,-0.9999999403953552,1.0,-0.999760627746582,0.0218728985637426,-0.9999999403953552,1.0,-0.6723893880844116,0.283260315656662,-1.0,0.9999999403953552,,,,,52,0.6260713934898376,1
gaze_only,Gaze x/y nodes with temporal and spatial graph relations.,multiclass_table6_valence_3class,Table-6 Valence,subject_kfold,HeteroGCNMLPWeights,HeteroGCNMLPWeights,skf_2_P13_P28_P30,results/quick_v1_v2_comparison/2026-06-12_16-29-08/model_runs/gaze_only/2026-06-12_16-29-11,results/quick_v1_v2_comparison/2026-06-12_16-29-08/model_runs/gaze_only/2026-06-12_16-29-11/multiclass_table6_valence_3class_emotion-elicitation_2026-06-12_16-30-20,results/quick_v1_v2_comparison/2026-06-12_16-29-08/model_runs/gaze_only/2026-06-12_16-29-11/multiclass_table6_valence_3class_emotion-elicitation_2026-06-12_16-30-20/subject_kfold/skf_2_P13_P28_P30/gnn/HeteroGCNMLPWeights/gnn_fold_diagnostics.csv,train,0.0603953003883361,0.4991356432437897,-1.6683684587478638,1.836271405220032,3.5046398639678955,0.5994210243225098,0.1009715273976326,0.131881833076477,0.6931469440460205,0.2509407699108124,0.3457597494125366,10000,1.0,0.0,1.0,1.0,1.0,0.0,1.0,1.0,0.6773008704185486,0.283067911863327,-1.0,0.9999999403953552,,,,,90,0.628804624080658,1
gaze_only,Gaze x/y nodes with temporal and spatial graph relations.,multiclass_table6_valence_3class,Table-6 Valence,subject_kfold,HeteroGCNMLPWeights,HeteroGCNMLPWeights,skf_2_P13_P28_P30,results/quick_v1_v2_comparison/2026-06-12_16-29-08/model_runs/gaze_only/2026-06-12_16-29-11,results/quick_v1_v2_comparison/2026-06-12_16-29-08/model_runs/gaze_only/2026-06-12_16-29-11/multiclass_table6_valence_3class_emotion-elicitation_2026-06-12_16-30-20,results/quick_v1_v2_comparison/2026-06-12_16-29-08/model_runs/gaze_only/2026-06-12_16-29-11/multiclass_table6_valence_3class_emotion-elicitation_2026-06-12_16-30-20/subject_kfold/skf_2_P13_P28_P30/gnn/HeteroGCNMLPWeights/gnn_fold_diagnostics.csv,val,0.0598816834390163,0.4952719509601593,-1.3330719470977783,1.426666498184204,2.7597384452819824,0.6006321310997009,0.102165974676609,0.2256971895694732,0.6929396390914917,0.2605671286582947,0.3580820858478546,12246,1.0,0.0,1.0,1.0,1.0,0.0,1.0,1.0,0.658728837966919,0.2940830290317535,-1.0,0.9999999403953552,,,,,90,0.628804624080658,1
gaze_only,Gaze x/y nodes with temporal and spatial graph relations.,multiclass_table6_valence_3class,Table-6 Valence,subject_kfold,HeteroGCNMLPWeights,HeteroGCNMLPWeights,skf_2_P13_P28_P30,results/quick_v1_v2_comparison/2026-06-12_16-29-08/model_runs/gaze_only/2026-06-12_16-29-11,results/quick_v1_v2_comparison/2026-06-12_16-29-08/model_runs/gaze_only/2026-06-12_16-29-11/multiclass_table6_valence_3class_emotion-elicitation_2026-06-12_16-30-20,results/quick_v1_v2_comparison/2026-06-12_16-29-08/model_runs/gaze_only/2026-06-12_16-29-11/multiclass_table6_valence_3class_emotion-elicitation_2026-06-12_16-30-20/subject_kfold/skf_2_P13_P28_P30/gnn/HeteroGCNMLPWeights/gnn_fold_diagnostics.csv,test,0.0712811648845672,0.4869394600391388,-1.15434467792511,1.4379884004592896,2.5923330783843994,0.6013942360877991,0.0943701118230819,0.2623036503791809,0.6931424140930176,0.2687627375125885,0.2996609210968017,118828,1.0,0.0,1.0,1.0,1.0,0.0,1.0,1.0,0.6800583600997925,0.2816946506500244,-1.0,0.9999999403953552,,,,,90,0.628804624080658,1
gaze_only,Gaze x/y nodes with temporal and spatial graph relations.,multiclass_table6_valence_3class,Table-6 Valence,subject_kfold,HeteroGCNMLPWeights,HeteroGCNMLPWeights,skf_3_P19_P22_P4,results/quick_v1_v2_comparison/2026-06-12_16-29-08/model_runs/gaze_only/2026-06-12_16-29-11,results/quick_v1_v2_comparison/2026-06-12_16-29-08/model_runs/gaze_only/2026-06-12_16-29-11/multiclass_table6_valence_3class_emotion-elicitation_2026-06-12_16-30-20,results/quick_v1_v2_comparison/2026-06-12_16-29-08/model_runs/gaze_only/2026-06-12_16-29-11/multiclass_table6_valence_3class_emotion-elicitation_2026-06-12_16-30-20/subject_kfold/skf_3_P19_P22_P4/gnn/HeteroGCNMLPWeights/gnn_fold_diagnostics.csv,train,-0.0266823340207338,0.2474890947341919,-0.8648232817649841,0.8028483390808105,1.667671620845795,0.6657150387763977,0.0350951254367828,0.4384838938713074,0.6931471824645996,0.2687938213348388,0.4340781271457672,10000,-0.996855080127716,0.0792459920048713,-1.0,0.9999996423721312,-0.9961432218551636,0.0877415239810943,-1.0,0.9999996423721312,-0.6773724555969238,0.2805031239986419,-1.0,-0.1109126433730125,,,,,26,0.6458925604820251,1
gaze_only,Gaze x/y nodes with temporal and spatial graph relations.,multiclass_table6_valence_3class,Table-6 Valence,subject_kfold,HeteroGCNMLPWeights,HeteroGCNMLPWeights,skf_3_P19_P22_P4,results/quick_v1_v2_comparison/2026-06-12_16-29-08/model_runs/gaze_only/2026-06-12_16-29-11,results/quick_v1_v2_comparison/2026-06-12_16-29-08/model_runs/gaze_only/2026-06-12_16-29-11/multiclass_table6_valence_3class_emotion-elicitation_2026-06-12_16-30-20,results/quick_v1_v2_comparison/2026-06-12_16-29-08/model_runs/gaze_only/2026-06-12_16-29-11/multiclass_table6_valence_3class_emotion-elicitation_2026-06-12_16-30-20/subject_kfold/skf_3_P19_P22_P4/gnn/HeteroGCNMLPWeights/gnn_fold_diagnostics.csv,val,-0.010945750400424,0.2588923275470733,-0.5941322445869446,0.6677848696708679,1.2619171142578125,0.6629001498222351,0.0292862802743911,0.5640418529510498,0.6931461095809937,0.2586632668972015,0.4578617215156555,16653,-0.9759459495544434,0.2180122435092926,-1.0,0.9999996423721312,-0.9711637496948242,0.2384126633405685,-1.0,0.9999996423721312,-0.6957959532737732,0.2738105654716491,-1.0,-0.1657163500785827,,,,,26,0.6458925604820251,1
gaze_only,Gaze x/y nodes with temporal and spatial graph relations.,multiclass_table6_valence_3class,Table-6 Valence,subject_kfold,HeteroGCNMLPWeights,HeteroGCNMLPWeights,skf_3_P19_P22_P4,results/quick_v1_v2_comparison/2026-06-12_16-29-08/model_runs/gaze_only/2026-06-12_16-29-11,results/quick_v1_v2_comparison/2026-06-12_16-29-08/model_runs/gaze_only/2026-06-12_16-29-11/multiclass_table6_valence_3class_emotion-elicitation_2026-06-12_16-30-20,results/quick_v1_v2_comparison/2026-06-12_16-29-08/model_runs/gaze_only/2026-06-12_16-29-11/multiclass_table6_valence_3class_emotion-elicitation_2026-06-12_16-30-20/subject_kfold/skf_3_P19_P22_P4/gnn/HeteroGCNMLPWeights/gnn_fold_diagnostics.csv,test,-0.0322686657309532,0.2577587068080902,-0.7990940809249878,0.7136738896369934,1.5127679705619812,0.6632624268531799,0.0373893938958644,0.4721946120262146,0.6931471824645996,0.2477404177188873,0.4756439328193664,111628,-0.997383713722229,0.0722880959510803,-1.0,0.9999995827674866,-0.9957664012908936,0.0919196978211402,-1.0,0.9999996423721312,-0.6752616763114929,0.2812269330024719,-1.0,-0.1247002482414245,,,,,26,0.6458925604820251,1
gaze_only,Gaze x/y nodes with temporal and spatial graph relations.,multiclass_table6_valence_3class,Table-6 Valence,subject_kfold,HeteroGCNMLPWeights,HeteroGCNMLPWeights,skf_4_P10_P16_P5,results/quick_v1_v2_comparison/2026-06-12_16-29-08/model_runs/gaze_only/2026-06-12_16-29-11,results/quick_v1_v2_comparison/2026-06-12_16-29-08/model_runs/gaze_only/2026-06-12_16-29-11/multiclass_table6_valence_3class_emotion-elicitation_2026-06-12_16-30-20,results/quick_v1_v2_comparison/2026-06-12_16-29-08/model_runs/gaze_only/2026-06-12_16-29-11/multiclass_table6_valence_3class_emotion-elicitation_2026-06-12_16-30-20/subject_kfold/skf_4_P10_P16_P5/gnn/HeteroGCNMLPWeights/gnn_fold_diagnostics.csv,train,-0.1119920462369918,0.7307612895965576,-3.2090511322021484,2.1693265438079834,5.378377676010132,0.5335046648979187,0.1544692814350128,0.042792908847332,0.6931470632553101,0.2889090478420257,0.2615317702293396,10000,-1.0,0.0,-1.0,-1.0,-1.0,0.0,-1.0,-1.0,0.677776038646698,0.2805663645267486,0.1109922975301742,1.0,,,,,171,0.5634487867355347,1
gaze_only,Gaze x/y nodes with temporal and spatial graph relations.,multiclass_table6_valence_3class,Table-6 Valence,subject_kfold,HeteroGCNMLPWeights,HeteroGCNMLPWeights,skf_4_P10_P16_P5,results/quick_v1_v2_comparison/2026-06-12_16-29-08/model_runs/gaze_only/2026-06-12_16-29-11,results/quick_v1_v2_comparison/2026-06-12_16-29-08/model_runs/gaze_only/2026-06-12_16-29-11/multiclass_table6_valence_3class_emotion-elicitation_2026-06-12_16-30-20,results/quick_v1_v2_comparison/2026-06-12_16-29-08/model_runs/gaze_only/2026-06-12_16-29-11/multiclass_table6_valence_3class_emotion-elicitation_2026-06-12_16-30-20/subject_kfold/skf_4_P10_P16_P5/gnn/HeteroGCNMLPWeights/gnn_fold_diagnostics.csv,val,-0.0991649180650711,0.7254712581634521,-2.421708106994629,1.611241579055786,4.032949686050415,0.5332778096199036,0.1556034535169601,0.1123826503753662,0.6931350827217102,0.2637706100940704,0.2669912278652191,11325,-1.0,0.0,-1.0,-1.0,-1.0,0.0,-1.0,-1.0,0.6736883521080017,0.2816970944404602,0.1424538642168045,1.0,,,,,171,0.5634487867355347,1
gaze_only,Gaze x/y nodes with temporal and spatial graph relations.,multiclass_table6_valence_3class,Table-6 Valence,subject_kfold,HeteroGCNMLPWeights,HeteroGCNMLPWeights,skf_4_P10_P16_P5,results/quick_v1_v2_comparison/2026-06-12_16-29-08/model_runs/gaze_only/2026-06-12_16-29-11,results/quick_v1_v2_comparison/2026-06-12_16-29-08/model_runs/gaze_only/2026-06-12_16-29-11/multiclass_table6_valence_3class_emotion-elicitation_2026-06-12_16-30-20,results/quick_v1_v2_comparison/2026-06-12_16-29-08/model_runs/gaze_only/2026-06-12_16-29-11/multiclass_table6_valence_3class_emotion-elicitation_2026-06-12_16-30-20/subject_kfold/skf_4_P10_P16_P5/gnn/HeteroGCNMLPWeights/gnn_fold_diagnostics.csv,test,-0.0951717942953109,0.7353149056434631,-3.229869842529297,1.9352037906646729,5.16507363319397,0.5292800068855286,0.1520520001649856,0.0423825308680534,0.6931469440460205,0.275524228811264,0.3028783202171325,128271,-1.0,0.0,-1.0,-1.0,-1.0,0.0,-1.0,-1.0,0.6804338693618774,0.2785604000091553,0.1400814652442932,1.0,,,,,171,0.5634487867355347,1
gaze_only,Gaze x/y nodes with temporal and spatial graph relations.,multiclass_table6_valence_3class,Table-6 Valence,subject_kfold,HeteroGCNMLPWeights,HeteroGCNMLPWeights,skf_5_P21_P23_P24,results/quick_v1_v2_comparison/2026-06-12_16-29-08/model_runs/gaze_only/2026-06-12_16-29-11,results/quick_v1_v2_comparison/2026-06-12_16-29-08/model_runs/gaze_only/2026-06-12_16-29-11/multiclass_table6_valence_3class_emotion-elicitation_2026-06-12_16-30-20,results/quick_v1_v2_comparison/2026-06-12_16-29-08/model_runs/gaze_only/2026-06-12_16-29-11/multiclass_table6_valence_3class_emotion-elicitation_2026-06-12_16-30-20/subject_kfold/skf_5_P21_P23_P24/gnn/HeteroGCNMLPWeights/gnn_fold_diagnostics.csv,train,0.1244831010699272,0.7266819477081299,-3.492295265197754,2.5755598545074463,6.0678551197052,0.5403381586074829,0.153030663728714,0.0163349322974681,0.6931470632553101,0.3338617384433746,0.2796866595745086,10000,1.0,0.0,1.0,1.0,1.0,0.0,1.0,1.0,-0.6721897125244141,0.2970844209194183,-1.0,1.0,,,,,241,0.5072206258773804,1
gaze_only,Gaze x/y nodes with temporal and spatial graph relations.,multiclass_table6_valence_3class,Table-6 Valence,subject_kfold,HeteroGCNMLPWeights,HeteroGCNMLPWeights,skf_5_P21_P23_P24,results/quick_v1_v2_comparison/2026-06-12_16-29-08/model_runs/gaze_only/2026-06-12_16-29-11,results/quick_v1_v2_comparison/2026-06-12_16-29-08/model_runs/gaze_only/2026-06-12_16-29-11/multiclass_table6_valence_3class_emotion-elicitation_2026-06-12_16-30-20,results/quick_v1_v2_comparison/2026-06-12_16-29-08/model_runs/gaze_only/2026-06-12_16-29-11/multiclass_table6_valence_3class_emotion-elicitation_2026-06-12_16-30-20/subject_kfold/skf_5_P21_P23_P24/gnn/HeteroGCNMLPWeights/gnn_fold_diagnostics.csv,val,0.1220874562859535,0.7000471949577332,-2.3220789432525635,2.0779685974121094,4.400047540664673,0.5370702147483826,0.1381476670503616,0.065565213561058,0.6931215524673462,0.3245724737644195,0.2823963761329651,11175,1.0,0.0,1.0,1.0,1.0,0.0,1.0,1.0,-0.6678285598754883,0.298613041639328,-1.0,1.0,,,,,241,0.5072206258773804,1
gaze_only,Gaze x/y nodes with temporal and spatial graph relations.,multiclass_table6_valence_3class,Table-6 Valence,subject_kfold,HeteroGCNMLPWeights,HeteroGCNMLPWeights,skf_5_P21_P23_P24,results/quick_v1_v2_comparison/2026-06-12_16-29-08/model_runs/gaze_only/2026-06-12_16-29-11,results/quick_v1_v2_comparison/2026-06-12_16-29-08/model_runs/gaze_only/2026-06-12_16-29-11/multiclass_table6_valence_3class_emotion-elicitation_2026-06-12_16-30-20,results/quick_v1_v2_comparison/2026-06-12_16-29-08/model_runs/gaze_only/2026-06-12_16-29-11/multiclass_table6_valence_3class_emotion-elicitation_2026-06-12_16-30-20/subject_kfold/skf_5_P21_P23_P24/gnn/HeteroGCNMLPWeights/gnn_fold_diagnostics.csv,test,0.1176137551665306,0.7422334551811218,-3.027549743652344,2.44889497756958,5.476444721221924,0.535288393497467,0.1528702527284622,0.0271993596106767,0.6931471824645996,0.3328607082366943,0.261463314294815,142311,1.0,0.0,1.0,1.0,1.0,0.0,1.0,1.0,-0.672551155090332,0.2953190803527832,-1.0,1.0,,,,,241,0.5072206258773804,1
gaze_only,Gaze x/y nodes with temporal and spatial graph relations.,multiclass_table6_valence_3class,Table-6 Valence,subject_kfold,HeteroGCNMLPWeights,HeteroGCNMLPWeights,skf_6_P18_P29_P7,results/quick_v1_v2_comparison/2026-06-12_16-29-08/model_runs/gaze_only/2026-06-12_16-29-11,results/quick_v1_v2_comparison/2026-06-12_16-29-08/model_runs/gaze_only/2026-06-12_16-29-11/multiclass_table6_valence_3class_emotion-elicitation_2026-06-12_16-30-20,results/quick_v1_v2_comparison/2026-06-12_16-29-08/model_runs/gaze_only/2026-06-12_16-29-11/multiclass_table6_valence_3class_emotion-elicitation_2026-06-12_16-30-20/subject_kfold/skf_6_P18_P29_P7/gnn/HeteroGCNMLPWeights/gnn_fold_diagnostics.csv,train,0.0666429698467254,0.3278965950012207,-0.9009958505630492,1.0469787120819092,1.9479745626449585,0.6468367576599121,0.0524787828326225,0.4055272936820984,0.6931471824645996,0.227311834692955,0.5015271306037903,10000,0.9999999403953552,4.0104355947256915e-10,0.9999998807907104,1.0,0.9999999403953552,9.33090826826799e-10,0.9999998807907104,1.0,-0.6776294708251953,0.2806371748447418,-1.0,-0.1103053763508796,,,,,51,0.6228255033493042,1
gaze_only,Gaze x/y nodes with temporal and spatial graph relations.,multiclass_table6_valence_3class,Table-6 Valence,subject_kfold,HeteroGCNMLPWeights,HeteroGCNMLPWeights,skf_6_P18_P29_P7,results/quick_v1_v2_comparison/2026-06-12_16-29-08/model_runs/gaze_only/2026-06-12_16-29-11,results/quick_v1_v2_comparison/2026-06-12_16-29-08/model_runs/gaze_only/2026-06-12_16-29-11/multiclass_table6_valence_3class_emotion-elicitation_2026-06-12_16-30-20,results/quick_v1_v2_comparison/2026-06-12_16-29-08/model_runs/gaze_only/2026-06-12_16-29-11/multiclass_table6_valence_3class_emotion-elicitation_2026-06-12_16-30-20/subject_kfold/skf_6_P18_P29_P7/gnn/HeteroGCNMLPWeights/gnn_fold_diagnostics.csv,val,0.0697768554091453,0.3007233440876007,-0.6411572098731995,0.9797006845474244,1.6208578944206238,0.653622567653656,0.0475542768836021,0.4480091333389282,0.6931427717208862,0.1970006376504898,0.5301550626754761,11325,0.9999998807907104,5.960578164376784e-08,0.9999999403953552,1.0,1.0,5.961561555523076e-08,0.9999998807907104,1.0,-0.6736883521080017,0.2819026708602905,-1.0,-0.1413721293210983,,,,,51,0.6228255033493042,1
gaze_only,Gaze x/y nodes with temporal and spatial graph relations.,multiclass_table6_valence_3class,Table-6 Valence,subject_kfold,HeteroGCNMLPWeights,HeteroGCNMLPWeights,skf_6_P18_P29_P7,results/quick_v1_v2_comparison/2026-06-12_16-29-08/model_runs/gaze_only/2026-06-12_16-29-11,results/quick_v1_v2_comparison/2026-06-12_16-29-08/model_runs/gaze_only/2026-06-12_16-29-11/multiclass_table6_valence_3class_emotion-elicitation_2026-06-12_16-30-20,results/quick_v1_v2_comparison/2026-06-12_16-29-08/model_runs/gaze_only/2026-06-12_16-29-11/multiclass_table6_valence_3class_emotion-elicitation_2026-06-12_16-30-20/subject_kfold/skf_6_P18_P29_P7/gnn/HeteroGCNMLPWeights/gnn_fold_diagnostics.csv,test,0.0550304688513278,0.320954293012619,-0.7288773059844971,0.9750962853431702,1.7039735913276672,0.6486673355102539,0.0526732355356216,0.4528495669364929,0.6931467056274414,0.2086395025253296,0.5185980796813965,116403,0.9999999403953552,8.164801057475302e-10,0.9999998807907104,1.0,1.0,5.961388893638286e-08,0.9999998807907104,1.0,-0.6815613508224487,0.2794577181339264,-1.0,-0.1248029768466949,,,,,51,0.6228255033493042,1
gaze_pupil,Gaze x/y plus pupil nodes with temporal and spatial graph relations.,multiclass_table6_valence_3class,Table-6 Valence,subject_kfold,BasicGCN,BasicGCN,skf_0_P1_P14_P2_P27,results/quick_v1_v2_comparison/2026-06-12_16-29-08/model_runs/gaze_pupil/2026-06-12_17-31-09,results/quick_v1_v2_comparison/2026-06-12_16-29-08/model_runs/gaze_pupil/2026-06-12_17-31-09/multiclass_table6_valence_3class_emotion-elicitation_2026-06-12_17-32-28,results/quick_v1_v2_comparison/2026-06-12_16-29-08/model_runs/gaze_pupil/2026-06-12_17-31-09/multiclass_table6_valence_3class_emotion-elicitation_2026-06-12_17-32-28/subject_kfold/skf_0_P1_P14_P2_P27/gnn/BasicGCN/gnn_fold_diagnostics.csv,train,0.048671655356884,0.6469546556472778,-1.8638463020324707,2.1341335773468018,3.997979879379273,0.5615040063858032,0.1399112343788147,0.0916428789496421,0.6931471824645996,0.4633833467960357,0.1916072070598602,10000,,,,,,,,,,,,,,,,,165,0.4963650405406952,1
gaze_pupil,Gaze x/y plus pupil nodes with temporal and spatial graph relations.,multiclass_table6_valence_3class,Table-6 Valence,subject_kfold,BasicGCN,BasicGCN,skf_0_P1_P14_P2_P27,results/quick_v1_v2_comparison/2026-06-12_16-29-08/model_runs/gaze_pupil/2026-06-12_17-31-09,results/quick_v1_v2_comparison/2026-06-12_16-29-08/model_runs/gaze_pupil/2026-06-12_17-31-09/multiclass_table6_valence_3class_emotion-elicitation_2026-06-12_17-32-28,results/quick_v1_v2_comparison/2026-06-12_16-29-08/model_runs/gaze_pupil/2026-06-12_17-31-09/multiclass_table6_valence_3class_emotion-elicitation_2026-06-12_17-32-28/subject_kfold/skf_0_P1_P14_P2_P27/gnn/BasicGCN/gnn_fold_diagnostics.csv,val,0.0545829012989997,0.7232741713523865,-1.766585350036621,1.9984562397003172,3.7650415897369385,0.5370599627494812,0.1552851498126983,0.108150877058506,0.6930882930755615,0.4159447848796844,0.2856159508228302,11175,,,,,,,,,,,,,,,,,165,0.4963650405406952,1
gaze_pupil,Gaze x/y plus pupil nodes with temporal and spatial graph relations.,multiclass_table6_valence_3class,Table-6 Valence,subject_kfold,BasicGCN,BasicGCN,skf_0_P1_P14_P2_P27,results/quick_v1_v2_comparison/2026-06-12_16-29-08/model_runs/gaze_pupil/2026-06-12_17-31-09,results/quick_v1_v2_comparison/2026-06-12_16-29-08/model_runs/gaze_pupil/2026-06-12_17-31-09/multiclass_table6_valence_3class_emotion-elicitation_2026-06-12_17-32-28,results/quick_v1_v2_comparison/2026-06-12_16-29-08/model_runs/gaze_pupil/2026-06-12_17-31-09/multiclass_table6_valence_3class_emotion-elicitation_2026-06-12_17-32-28/subject_kfold/skf_0_P1_P14_P2_P27/gnn/BasicGCN/gnn_fold_diagnostics.csv,test,0.0374102555215358,0.6703576445579529,-1.6719375848770142,1.62747061252594,3.299408197402954,0.5422760248184204,0.1301662474870681,0.1574806869029998,0.6931386590003967,0.3948802053928375,0.3349347710609436,253116,,,,,,,,,,,,,,,,,165,0.4963650405406952,1
gaze_pupil,Gaze x/y plus pupil nodes with temporal and spatial graph relations.,multiclass_table6_valence_3class,Table-6 Valence,subject_kfold,BasicGCN,BasicGCN,skf_1_P17_P20_P8,results/quick_v1_v2_comparison/2026-06-12_16-29-08/model_runs/gaze_pupil/2026-06-12_17-31-09,results/quick_v1_v2_comparison/2026-06-12_16-29-08/model_runs/gaze_pupil/2026-06-12_17-31-09/multiclass_table6_valence_3class_emotion-elicitation_2026-06-12_17-32-28,results/quick_v1_v2_comparison/2026-06-12_16-29-08/model_runs/gaze_pupil/2026-06-12_17-31-09/multiclass_table6_valence_3class_emotion-elicitation_2026-06-12_17-32-28/subject_kfold/skf_1_P17_P20_P8/gnn/BasicGCN/gnn_fold_diagnostics.csv,train,0.1000763326883316,0.4950774908065796,-1.1858025789260864,1.498945236206055,2.684747815132141,0.5998466610908508,0.0961775332689285,0.2391396164894104,0.6931471824645996,0.3984236121177673,0.2615507841110229,10000,,,,,,,,,,,,,,,,,48,0.644744873046875,1
gaze_pupil,Gaze x/y plus pupil nodes with temporal and spatial graph relations.,multiclass_table6_valence_3class,Table-6 Valence,subject_kfold,BasicGCN,BasicGCN,skf_1_P17_P20_P8,results/quick_v1_v2_comparison/2026-06-12_16-29-08/model_runs/gaze_pupil/2026-06-12_17-31-09,results/quick_v1_v2_comparison/2026-06-12_16-29-08/model_runs/gaze_pupil/2026-06-12_17-31-09/multiclass_table6_valence_3class_emotion-elicitation_2026-06-12_17-32-28,results/quick_v1_v2_comparison/2026-06-12_16-29-08/model_runs/gaze_pupil/2026-06-12_17-31-09/multiclass_table6_valence_3class_emotion-elicitation_2026-06-12_17-32-28/subject_kfold/skf_1_P17_P20_P8/gnn/BasicGCN/gnn_fold_diagnostics.csv,val,0.0848596096038818,0.4592151343822479,-0.9914758801460266,1.2276368141174316,2.2191126942634583,0.6108148097991943,0.0876668468117713,0.3503690361976623,0.6931470632553101,0.3113282322883606,0.3573927879333496,18721,,,,,,,,,,,,,,,,,48,0.644744873046875,1
gaze_pupil,Gaze x/y plus pupil nodes with temporal and spatial graph relations.,multiclass_table6_valence_3class,Table-6 Valence,subject_kfold,BasicGCN,BasicGCN,skf_1_P17_P20_P8,results/quick_v1_v2_comparison/2026-06-12_16-29-08/model_runs/gaze_pupil/2026-06-12_17-31-09,results/quick_v1_v2_comparison/2026-06-12_16-29-08/model_runs/gaze_pupil/2026-06-12_17-31-09/multiclass_table6_valence_3class_emotion-elicitation_2026-06-12_17-32-28,results/quick_v1_v2_comparison/2026-06-12_16-29-08/model_runs/gaze_pupil/2026-06-12_17-31-09/multiclass_table6_valence_3class_emotion-elicitation_2026-06-12_17-32-28/subject_kfold/skf_1_P17_P20_P8/gnn/BasicGCN/gnn_fold_diagnostics.csv,test,0.0859336853027343,0.4201644361019134,-1.012803554534912,1.0389927625656128,2.051796317100525,0.6216390132904053,0.0756118223071098,0.3673405945301056,0.6931465864181519,0.2875592410564422,0.4522827863693237,131841,,,,,,,,,,,,,,,,,48,0.644744873046875,1
gaze_pupil,Gaze x/y plus pupil nodes with temporal and spatial graph relations.,multiclass_table6_valence_3class,Table-6 Valence,subject_kfold,BasicGCN,BasicGCN,skf_2_P13_P28_P30,results/quick_v1_v2_comparison/2026-06-12_16-29-08/model_runs/gaze_pupil/2026-06-12_17-31-09,results/quick_v1_v2_comparison/2026-06-12_16-29-08/model_runs/gaze_pupil/2026-06-12_17-31-09/multiclass_table6_valence_3class_emotion-elicitation_2026-06-12_17-32-28,results/quick_v1_v2_comparison/2026-06-12_16-29-08/model_runs/gaze_pupil/2026-06-12_17-31-09/multiclass_table6_valence_3class_emotion-elicitation_2026-06-12_17-32-28/subject_kfold/skf_2_P13_P28_P30/gnn/BasicGCN/gnn_fold_diagnostics.csv,train,0.1009365245699882,0.6698702573776245,-2.030500888824463,2.0381436347961426,4.0686445236206055,0.5554302930831909,0.1464708149433136,0.0853622555732727,0.6931471228599548,0.4480201601982116,0.1775444746017456,10000,,,,,,,,,,,,,,,,,128,0.6125989556312561,1
gaze_pupil,Gaze x/y plus pupil nodes with temporal and spatial graph relations.,multiclass_table6_valence_3class,Table-6 Valence,subject_kfold,BasicGCN,BasicGCN,skf_2_P13_P28_P30,results/quick_v1_v2_comparison/2026-06-12_16-29-08/model_runs/gaze_pupil/2026-06-12_17-31-09,results/quick_v1_v2_comparison/2026-06-12_16-29-08/model_runs/gaze_pupil/2026-06-12_17-31-09/multiclass_table6_valence_3class_emotion-elicitation_2026-06-12_17-32-28,results/quick_v1_v2_comparison/2026-06-12_16-29-08/model_runs/gaze_pupil/2026-06-12_17-31-09/multiclass_table6_valence_3class_emotion-elicitation_2026-06-12_17-32-28/subject_kfold/skf_2_P13_P28_P30/gnn/BasicGCN/gnn_fold_diagnostics.csv,val,0.069720558822155,0.466795265674591,-1.2776949405670166,1.2612760066986084,2.538970947265625,0.6161954998970032,0.1030164584517479,0.2749446332454681,0.6931471824645996,0.3425298929214477,0.3321104943752289,12246,,,,,,,,,,,,,,,,,128,0.6125989556312561,1
gaze_pupil,Gaze x/y plus pupil nodes with temporal and spatial graph relations.,multiclass_table6_valence_3class,Table-6 Valence,subject_kfold,BasicGCN,BasicGCN,skf_2_P13_P28_P30,results/quick_v1_v2_comparison/2026-06-12_16-29-08/model_runs/gaze_pupil/2026-06-12_17-31-09,results/quick_v1_v2_comparison/2026-06-12_16-29-08/model_runs/gaze_pupil/2026-06-12_17-31-09/multiclass_table6_valence_3class_emotion-elicitation_2026-06-12_17-32-28,results/quick_v1_v2_comparison/2026-06-12_16-29-08/model_runs/gaze_pupil/2026-06-12_17-31-09/multiclass_table6_valence_3class_emotion-elicitation_2026-06-12_17-32-28/subject_kfold/skf_2_P13_P28_P30/gnn/BasicGCN/gnn_fold_diagnostics.csv,test,0.1261299401521682,0.7242419719696045,-1.8909953832626345,2.2031869888305664,4.094182372093201,0.5428969860076904,0.1589973866939544,0.0836604535579681,0.6931461691856384,0.4410377740859985,0.2617639005184173,118341,,,,,,,,,,,,,,,,,128,0.6125989556312561,1
gaze_pupil,Gaze x/y plus pupil nodes with temporal and spatial graph relations.,multiclass_table6_valence_3class,Table-6 Valence,subject_kfold,BasicGCN,BasicGCN,skf_3_P19_P22_P4,results/quick_v1_v2_comparison/2026-06-12_16-29-08/model_runs/gaze_pupil/2026-06-12_17-31-09,results/quick_v1_v2_comparison/2026-06-12_16-29-08/model_runs/gaze_pupil/2026-06-12_17-31-09/multiclass_table6_valence_3class_emotion-elicitation_2026-06-12_17-32-28,results/quick_v1_v2_comparison/2026-06-12_16-29-08/model_runs/gaze_pupil/2026-06-12_17-31-09/multiclass_table6_valence_3class_emotion-elicitation_2026-06-12_17-32-28/subject_kfold/skf_3_P19_P22_P4/gnn/BasicGCN/gnn_fold_diagnostics.csv,train,0.1055705249309539,0.4823086857795715,-1.3084543943405151,1.6464309692382812,2.9548853635787964,0.6047214269638062,0.0930928811430931,0.2186907827854156,0.6931471228599548,0.3843256831169128,0.2381924390792846,10000,,,,,,,,,,,,,,,,,51,0.545883297920227,1
gaze_pupil,Gaze x/y plus pupil nodes with temporal and spatial graph relations.,multiclass_table6_valence_3class,Table-6 Valence,subject_kfold,BasicGCN,BasicGCN,skf_3_P19_P22_P4,results/quick_v1_v2_comparison/2026-06-12_16-29-08/model_runs/gaze_pupil/2026-06-12_17-31-09,results/quick_v1_v2_comparison/2026-06-12_16-29-08/model_runs/gaze_pupil/2026-06-12_17-31-09/multiclass_table6_valence_3class_emotion-elicitation_2026-06-12_17-32-28,results/quick_v1_v2_comparison/2026-06-12_16-29-08/model_runs/gaze_pupil/2026-06-12_17-31-09/multiclass_table6_valence_3class_emotion-elicitation_2026-06-12_17-32-28/subject_kfold/skf_3_P19_P22_P4/gnn/BasicGCN/gnn_fold_diagnostics.csv,val,0.1184217780828476,0.4968954026699066,-1.0531957149505615,1.3619414567947388,2.4151371717453003,0.5958032011985779,0.0870207026600837,0.3205094933509826,0.6931470632553101,0.3005275130271911,0.3989064693450928,16471,,,,,,,,,,,,,,,,,51,0.545883297920227,1
gaze_pupil,Gaze x/y plus pupil nodes with temporal and spatial graph relations.,multiclass_table6_valence_3class,Table-6 Valence,subject_kfold,BasicGCN,BasicGCN,skf_3_P19_P22_P4,results/quick_v1_v2_comparison/2026-06-12_16-29-08/model_runs/gaze_pupil/2026-06-12_17-31-09,results/quick_v1_v2_comparison/2026-06-12_16-29-08/model_runs/gaze_pupil/2026-06-12_17-31-09/multiclass_table6_valence_3class_emotion-elicitation_2026-06-12_17-32-28,results/quick_v1_v2_comparison/2026-06-12_16-29-08/model_runs/gaze_pupil/2026-06-12_17-31-09/multiclass_table6_valence_3class_emotion-elicitation_2026-06-12_17-32-28/subject_kfold/skf_3_P19_P22_P4/gnn/BasicGCN/gnn_fold_diagnostics.csv,test,0.0792299881577491,0.4576764702796936,-1.1438119411468506,1.2936567068099976,2.437468647956848,0.6120797991752625,0.0856663510203361,0.340531975030899,0.6931471824645996,0.3251315653324127,0.3078201711177826,109746,,,,,,,,,,,,,,,,,51,0.545883297920227,1
gaze_pupil,Gaze x/y plus pupil nodes with temporal and spatial graph relations.,multiclass_table6_valence_3class,Table-6 Valence,subject_kfold,BasicGCN,BasicGCN,skf_4_P10_P16_P5,results/quick_v1_v2_comparison/2026-06-12_16-29-08/model_runs/gaze_pupil/2026-06-12_17-31-09,results/quick_v1_v2_comparison/2026-06-12_16-29-08/model_runs/gaze_pupil/2026-06-12_17-31-09/multiclass_table6_valence_3class_emotion-elicitation_2026-06-12_17-32-28,results/quick_v1_v2_comparison/2026-06-12_16-29-08/model_runs/gaze_pupil/2026-06-12_17-31-09/multiclass_table6_valence_3class_emotion-elicitation_2026-06-12_17-32-28/subject_kfold/skf_4_P10_P16_P5/gnn/BasicGCN/gnn_fold_diagnostics.csv,train,0.0576010048389434,0.6581812500953674,-1.9705626964569087,2.199103832244873,4.169666528701782,0.5621120929718018,0.1457772105932235,0.083276093006134,0.6931471824645996,0.4410247802734375,0.1910677701234817,10000,,,,,,,,,,,,,,,,,126,0.5144372582435608,1
gaze_pupil,Gaze x/y plus pupil nodes with temporal and spatial graph relations.,multiclass_table6_valence_3class,Table-6 Valence,subject_kfold,BasicGCN,BasicGCN,skf_4_P10_P16_P5,results/quick_v1_v2_comparison/2026-06-12_16-29-08/model_runs/gaze_pupil/2026-06-12_17-31-09,results/quick_v1_v2_comparison/2026-06-12_16-29-08/model_runs/gaze_pupil/2026-06-12_17-31-09/multiclass_table6_valence_3class_emotion-elicitation_2026-06-12_17-32-28,results/quick_v1_v2_comparison/2026-06-12_16-29-08/model_runs/gaze_pupil/2026-06-12_17-31-09/multiclass_table6_valence_3class_emotion-elicitation_2026-06-12_17-32-28/subject_kfold/skf_4_P10_P16_P5/gnn/BasicGCN/gnn_fold_diagnostics.csv,val,0.0891359224915504,0.6933012008666992,-1.514378547668457,1.8700180053710935,3.384396553039551,0.542595386505127,0.1489132642745971,0.1442994028329849,0.693134605884552,0.4007091522216797,0.2495554089546203,11325,,,,,,,,,,,,,,,,,126,0.5144372582435608,1
gaze_pupil,Gaze x/y plus pupil nodes with temporal and spatial graph relations.,multiclass_table6_valence_3class,Table-6 Valence,subject_kfold,BasicGCN,BasicGCN,skf_4_P10_P16_P5,results/quick_v1_v2_comparison/2026-06-12_16-29-08/model_runs/gaze_pupil/2026-06-12_17-31-09,results/quick_v1_v2_comparison/2026-06-12_16-29-08/model_runs/gaze_pupil/2026-06-12_17-31-09/multiclass_table6_valence_3class_emotion-elicitation_2026-06-12_17-32-28,results/quick_v1_v2_comparison/2026-06-12_16-29-08/model_runs/gaze_pupil/2026-06-12_17-31-09/multiclass_table6_valence_3class_emotion-elicitation_2026-06-12_17-32-28/subject_kfold/skf_4_P10_P16_P5/gnn/BasicGCN/gnn_fold_diagnostics.csv,test,0.0730176195502281,0.5736501812934875,-1.8196392059326167,1.981478810310364,3.801118016242981,0.5889044404029846,0.124758630990982,0.1126228421926498,0.6931459903717041,0.4183907210826874,0.2154011577367782,128271,,,,,,,,,,,,,,,,,126,0.5144372582435608,1
gaze_pupil,Gaze x/y plus pupil nodes with temporal and spatial graph relations.,multiclass_table6_valence_3class,Table-6 Valence,subject_kfold,BasicGCN,BasicGCN,skf_5_P21_P23_P24,results/quick_v1_v2_comparison/2026-06-12_16-29-08/model_runs/gaze_pupil/2026-06-12_17-31-09,results/quick_v1_v2_comparison/2026-06-12_16-29-08/model_runs/gaze_pupil/2026-06-12_17-31-09/multiclass_table6_valence_3class_emotion-elicitation_2026-06-12_17-32-28,results/quick_v1_v2_comparison/2026-06-12_16-29-08/model_runs/gaze_pupil/2026-06-12_17-31-09/multiclass_table6_valence_3class_emotion-elicitation_2026-06-12_17-32-28/subject_kfold/skf_5_P21_P23_P24/gnn/BasicGCN/gnn_fold_diagnostics.csv,train,0.078809306025505,0.6986995935440063,-2.2088680267333984,2.4542341232299805,4.663102149963379,0.5481600761413574,0.1559885740280151,0.0573396980762481,0.6931471824645996,0.4252839684486389,0.1926595717668533,10000,,,,,,,,,,,,,,,,,147,0.5365991592407227,1
gaze_pupil,Gaze x/y plus pupil nodes with temporal and spatial graph relations.,multiclass_table6_valence_3class,Table-6 Valence,subject_kfold,BasicGCN,BasicGCN,skf_5_P21_P23_P24,results/quick_v1_v2_comparison/2026-06-12_16-29-08/model_runs/gaze_pupil/2026-06-12_17-31-09,results/quick_v1_v2_comparison/2026-06-12_16-29-08/model_runs/gaze_pupil/2026-06-12_17-31-09/multiclass_table6_valence_3class_emotion-elicitation_2026-06-12_17-32-28,results/quick_v1_v2_comparison/2026-06-12_16-29-08/model_runs/gaze_pupil/2026-06-12_17-31-09/multiclass_table6_valence_3class_emotion-elicitation_2026-06-12_17-32-28/subject_kfold/skf_5_P21_P23_P24/gnn/BasicGCN/gnn_fold_diagnostics.csv,val,0.1259817630052566,0.7519529461860657,-1.895796775817871,2.1462271213531494,4.0420238971710205,0.5386038422584534,0.172485664486885,0.0873134583234787,0.6931297779083252,0.3651304841041565,0.345954418182373,11175,,,,,,,,,,,,,,,,,147,0.5365991592407227,1
gaze_pupil,Gaze x/y plus pupil nodes with temporal and spatial graph relations.,multiclass_table6_valence_3class,Table-6 Valence,subject_kfold,BasicGCN,BasicGCN,skf_5_P21_P23_P24,results/quick_v1_v2_comparison/2026-06-12_16-29-08/model_runs/gaze_pupil/2026-06-12_17-31-09,results/quick_v1_v2_comparison/2026-06-12_16-29-08/model_runs/gaze_pupil/2026-06-12_17-31-09/multiclass_table6_valence_3class_emotion-elicitation_2026-06-12_17-32-28,results/quick_v1_v2_comparison/2026-06-12_16-29-08/model_runs/gaze_pupil/2026-06-12_17-31-09/multiclass_table6_valence_3class_emotion-elicitation_2026-06-12_17-32-28/subject_kfold/skf_5_P21_P23_P24/gnn/BasicGCN/gnn_fold_diagnostics.csv,test,0.0928526669740676,0.8289331197738647,-2.123253107070923,2.294154167175293,4.417407274246216,0.5032749772071838,0.1744926124811172,0.0646560564637184,0.6931471228599548,0.432902991771698,0.2671103477478027,132355,,,,,,,,,,,,,,,,,147,0.5365991592407227,1
gaze_pupil,Gaze x/y plus pupil nodes with temporal and spatial graph relations.,multiclass_table6_valence_3class,Table-6 Valence,subject_kfold,BasicGCN,BasicGCN,skf_6_P18_P29_P7,results/quick_v1_v2_comparison/2026-06-12_16-29-08/model_runs/gaze_pupil/2026-06-12_17-31-09,results/quick_v1_v2_comparison/2026-06-12_16-29-08/model_runs/gaze_pupil/2026-06-12_17-31-09/multiclass_table6_valence_3class_emotion-elicitation_2026-06-12_17-32-28,results/quick_v1_v2_comparison/2026-06-12_16-29-08/model_runs/gaze_pupil/2026-06-12_17-31-09/multiclass_table6_valence_3class_emotion-elicitation_2026-06-12_17-32-28/subject_kfold/skf_6_P18_P29_P7/gnn/BasicGCN/gnn_fold_diagnostics.csv,train,0.0503331571817398,0.5863186120986938,-1.6725670099258425,2.0870440006256104,3.7596110105514526,0.5779059529304504,0.1238998472690582,0.1153900250792503,0.6931471824645996,0.439732015132904,0.1942302286624908,10000,,,,,,,,,,,,,,,,,108,0.5242447257041931,1
gaze_pupil,Gaze x/y plus pupil nodes with temporal and spatial graph relations.,multiclass_table6_valence_3class,Table-6 Valence,subject_kfold,BasicGCN,BasicGCN,skf_6_P18_P29_P7,results/quick_v1_v2_comparison/2026-06-12_16-29-08/model_runs/gaze_pupil/2026-06-12_17-31-09,results/quick_v1_v2_comparison/2026-06-12_16-29-08/model_runs/gaze_pupil/2026-06-12_17-31-09/multiclass_table6_valence_3class_emotion-elicitation_2026-06-12_17-32-28,results/quick_v1_v2_comparison/2026-06-12_16-29-08/model_runs/gaze_pupil/2026-06-12_17-31-09/multiclass_table6_valence_3class_emotion-elicitation_2026-06-12_17-32-28/subject_kfold/skf_6_P18_P29_P7/gnn/BasicGCN/gnn_fold_diagnostics.csv,val,0.1098532006144523,0.6795576214790344,-1.4107885360717771,1.9121484756469729,3.32293701171875,0.5460139513015747,0.1457835733890533,0.1557827591896057,0.6931470632553101,0.3936315476894378,0.2542523741722107,11325,,,,,,,,,,,,,,,,,108,0.5242447257041931,1
gaze_pupil,Gaze x/y plus pupil nodes with temporal and spatial graph relations.,multiclass_table6_valence_3class,Table-6 Valence,subject_kfold,BasicGCN,BasicGCN,skf_6_P18_P29_P7,results/quick_v1_v2_comparison/2026-06-12_16-29-08/model_runs/gaze_pupil/2026-06-12_17-31-09,results/quick_v1_v2_comparison/2026-06-12_16-29-08/model_runs/gaze_pupil/2026-06-12_17-31-09/multiclass_table6_valence_3class_emotion-elicitation_2026-06-12_17-32-28,results/quick_v1_v2_comparison/2026-06-12_16-29-08/model_runs/gaze_pupil/2026-06-12_17-31-09/multiclass_table6_valence_3class_emotion-elicitation_2026-06-12_17-32-28/subject_kfold/skf_6_P18_P29_P7/gnn/BasicGCN/gnn_fold_diagnostics.csv,test,0.0407700911164283,0.6076337695121765,-1.5703914165496826,1.5909377336502075,3.16132915019989,0.5673389434814453,0.1276406347751617,0.1739488244056701,0.6931470632553101,0.3714087605476379,0.2931722998619079,115440,,,,,,,,,,,,,,,,,108,0.5242447257041931,1
gaze_pupil,Gaze x/y plus pupil nodes with temporal and spatial graph relations.,multiclass_table6_valence_3class,Table-6 Valence,subject_kfold,HeteroGCNMean,HeteroGCNMean,skf_0_P1_P14_P2_P27,results/quick_v1_v2_comparison/2026-06-12_16-29-08/model_runs/gaze_pupil/2026-06-12_17-31-09,results/quick_v1_v2_comparison/2026-06-12_16-29-08/model_runs/gaze_pupil/2026-06-12_17-31-09/multiclass_table6_valence_3class_emotion-elicitation_2026-06-12_17-32-28,results/quick_v1_v2_comparison/2026-06-12_16-29-08/model_runs/gaze_pupil/2026-06-12_17-31-09/multiclass_table6_valence_3class_emotion-elicitation_2026-06-12_17-32-28/subject_kfold/skf_0_P1_P14_P2_P27/gnn/HeteroGCNMean/gnn_fold_diagnostics.csv,train,0.1818520575761795,0.510848879814148,-1.3075696229934692,1.852434515953064,3.160004138946533,0.5962245464324951,0.1062395349144935,0.1745858341455459,0.6931471824645996,0.3842882513999939,0.2530497908592224,10000,,,,,,,,,,,,,,,,,91,0.5439720749855042,1
gaze_pupil,Gaze x/y plus pupil nodes with temporal and spatial graph relations.,multiclass_table6_valence_3class,Table-6 Valence,subject_kfold,HeteroGCNMean,HeteroGCNMean,skf_0_P1_P14_P2_P27,results/quick_v1_v2_comparison/2026-06-12_16-29-08/model_runs/gaze_pupil/2026-06-12_17-31-09,results/quick_v1_v2_comparison/2026-06-12_16-29-08/model_runs/gaze_pupil/2026-06-12_17-31-09/multiclass_table6_valence_3class_emotion-elicitation_2026-06-12_17-32-28,results/quick_v1_v2_comparison/2026-06-12_16-29-08/model_runs/gaze_pupil/2026-06-12_17-31-09/multiclass_table6_valence_3class_emotion-elicitation_2026-06-12_17-32-28/subject_kfold/skf_0_P1_P14_P2_P27/gnn/HeteroGCNMean/gnn_fold_diagnostics.csv,val,0.2145496606826782,0.5860607028007507,-1.095913052558899,1.5116510391235352,2.607564091682434,0.5692325830459595,0.1188860237598419,0.2522874772548675,0.6931368708610535,0.32753986120224,0.3613016009330749,11175,,,,,,,,,,,,,,,,,91,0.5439720749855042,1
gaze_pupil,Gaze x/y plus pupil nodes with temporal and spatial graph relations.,multiclass_table6_valence_3class,Table-6 Valence,subject_kfold,HeteroGCNMean,HeteroGCNMean,skf_0_P1_P14_P2_P27,results/quick_v1_v2_comparison/2026-06-12_16-29-08/model_runs/gaze_pupil/2026-06-12_17-31-09,results/quick_v1_v2_comparison/2026-06-12_16-29-08/model_runs/gaze_pupil/2026-06-12_17-31-09/multiclass_table6_valence_3class_emotion-elicitation_2026-06-12_17-32-28,results/quick_v1_v2_comparison/2026-06-12_16-29-08/model_runs/gaze_pupil/2026-06-12_17-31-09/multiclass_table6_valence_3class_emotion-elicitation_2026-06-12_17-32-28/subject_kfold/skf_0_P1_P14_P2_P27/gnn/HeteroGCNMean/gnn_fold_diagnostics.csv,test,0.151216521859169,0.5259922742843628,-1.1731778383255005,1.2299542427062988,2.4031320810317998,0.5862589478492737,0.0973842516541481,0.2937053442001343,0.6931458711624146,0.2949512898921966,0.4791669249534607,253116,,,,,,,,,,,,,,,,,91,0.5439720749855042,1
gaze_pupil,Gaze x/y plus pupil nodes with temporal and spatial graph relations.,multiclass_table6_valence_3class,Table-6 Valence,subject_kfold,HeteroGCNMean,HeteroGCNMean,skf_1_P17_P20_P8,results/quick_v1_v2_comparison/2026-06-12_16-29-08/model_runs/gaze_pupil/2026-06-12_17-31-09,results/quick_v1_v2_comparison/2026-06-12_16-29-08/model_runs/gaze_pupil/2026-06-12_17-31-09/multiclass_table6_valence_3class_emotion-elicitation_2026-06-12_17-32-28,results/quick_v1_v2_comparison/2026-06-12_16-29-08/model_runs/gaze_pupil/2026-06-12_17-31-09/multiclass_table6_valence_3class_emotion-elicitation_2026-06-12_17-32-28/subject_kfold/skf_1_P17_P20_P8/gnn/HeteroGCNMean/gnn_fold_diagnostics.csv,train,-0.1125024110078811,0.1562846451997757,-0.5970434546470642,0.3024744093418121,0.8995178639888763,0.6886104941368103,0.0047398474998772,0.66614830493927,0.6931471824645996,0.331868827342987,0.3773064911365509,10000,,,,,,,,,,,,,,,,,1,0.6725589632987976,1
gaze_pupil,Gaze x/y plus pupil nodes with temporal and spatial graph relations.,multiclass_table6_valence_3class,Table-6 Valence,subject_kfold,HeteroGCNMean,HeteroGCNMean,skf_1_P17_P20_P8,results/quick_v1_v2_comparison/2026-06-12_16-29-08/model_runs/gaze_pupil/2026-06-12_17-31-09,results/quick_v1_v2_comparison/2026-06-12_16-29-08/model_runs/gaze_pupil/2026-06-12_17-31-09/multiclass_table6_valence_3class_emotion-elicitation_2026-06-12_17-32-28,results/quick_v1_v2_comparison/2026-06-12_16-29-08/model_runs/gaze_pupil/2026-06-12_17-31-09/multiclass_table6_valence_3class_emotion-elicitation_2026-06-12_17-32-28/subject_kfold/skf_1_P17_P20_P8/gnn/HeteroGCNMean/gnn_fold_diagnostics.csv,val,-0.1724283695220947,0.1267937421798706,-0.4908799231052398,0.2267647385597229,0.7176446616649628,0.6903738379478455,0.0031583430245518,0.677223801612854,0.6931471824645996,0.2209338247776031,0.5350674390792847,18721,,,,,,,,,,,,,,,,,1,0.6725589632987976,1
gaze_pupil,Gaze x/y plus pupil nodes with temporal and spatial graph relations.,multiclass_table6_valence_3class,Table-6 Valence,subject_kfold,HeteroGCNMean,HeteroGCNMean,skf_1_P17_P20_P8,results/quick_v1_v2_comparison/2026-06-12_16-29-08/model_runs/gaze_pupil/2026-06-12_17-31-09,results/quick_v1_v2_comparison/2026-06-12_16-29-08/model_runs/gaze_pupil/2026-06-12_17-31-09/multiclass_table6_valence_3class_emotion-elicitation_2026-06-12_17-32-28,results/quick_v1_v2_comparison/2026-06-12_16-29-08/model_runs/gaze_pupil/2026-06-12_17-31-09/multiclass_table6_valence_3class_emotion-elicitation_2026-06-12_17-32-28/subject_kfold/skf_1_P17_P20_P8/gnn/HeteroGCNMean/gnn_fold_diagnostics.csv,test,-0.0440904982388019,0.1381721943616867,-0.4799862504005432,0.2931782603263855,0.7731645107269287,0.6874479651451111,0.0050857947207987,0.6730710864067078,0.6931471824645996,0.2640988230705261,0.5223512649536133,131841,,,,,,,,,,,,,,,,,1,0.6725589632987976,1
gaze_pupil,Gaze x/y plus pupil nodes with temporal and spatial graph relations.,multiclass_table6_valence_3class,Table-6 Valence,subject_kfold,HeteroGCNMean,HeteroGCNMean,skf_2_P13_P28_P30,results/quick_v1_v2_comparison/2026-06-12_16-29-08/model_runs/gaze_pupil/2026-06-12_17-31-09,results/quick_v1_v2_comparison/2026-06-12_16-29-08/model_runs/gaze_pupil/2026-06-12_17-31-09/multiclass_table6_valence_3class_emotion-elicitation_2026-06-12_17-32-28,results/quick_v1_v2_comparison/2026-06-12_16-29-08/model_runs/gaze_pupil/2026-06-12_17-31-09/multiclass_table6_valence_3class_emotion-elicitation_2026-06-12_17-32-28/subject_kfold/skf_2_P13_P28_P30/gnn/HeteroGCNMean/gnn_fold_diagnostics.csv,train,-0.020640205591917,0.7391481399536133,-3.055389165878296,2.5704128742218018,5.625802040100098,0.5441767573356628,0.165529191493988,0.0280179325491189,0.6931470632553101,0.4390315115451813,0.2291551232337951,10000,,,,,,,,,,,,,,,,,169,0.5850412845611572,1
gaze_pupil,Gaze x/y plus pupil nodes with temporal and spatial graph relations.,multiclass_table6_valence_3class,Table-6 Valence,subject_kfold,HeteroGCNMean,HeteroGCNMean,skf_2_P13_P28_P30,results/quick_v1_v2_comparison/2026-06-12_16-29-08/model_runs/gaze_pupil/2026-06-12_17-31-09,results/quick_v1_v2_comparison/2026-06-12_16-29-08/model_runs/gaze_pupil/2026-06-12_17-31-09/multiclass_table6_valence_3class_emotion-elicitation_2026-06-12_17-32-28,results/quick_v1_v2_comparison/2026-06-12_16-29-08/model_runs/gaze_pupil/2026-06-12_17-31-09/multiclass_table6_valence_3class_emotion-elicitation_2026-06-12_17-32-28/subject_kfold/skf_2_P13_P28_P30/gnn/HeteroGCNMean/gnn_fold_diagnostics.csv,val,-0.005704800132662,0.5102702379226685,-1.612537145614624,1.6696715354919434,3.2822086811065674,0.6044824123382568,0.1150388270616531,0.1556295454502105,0.6931471824645996,0.3468264937400818,0.3755256831645965,12246,,,,,,,,,,,,,,,,,169,0.5850412845611572,1
gaze_pupil,Gaze x/y plus pupil nodes with temporal and spatial graph relations.,multiclass_table6_valence_3class,Table-6 Valence,subject_kfold,HeteroGCNMean,HeteroGCNMean,skf_2_P13_P28_P30,results/quick_v1_v2_comparison/2026-06-12_16-29-08/model_runs/gaze_pupil/2026-06-12_17-31-09,results/quick_v1_v2_comparison/2026-06-12_16-29-08/model_runs/gaze_pupil/2026-06-12_17-31-09/multiclass_table6_valence_3class_emotion-elicitation_2026-06-12_17-32-28,results/quick_v1_v2_comparison/2026-06-12_16-29-08/model_runs/gaze_pupil/2026-06-12_17-31-09/multiclass_table6_valence_3class_emotion-elicitation_2026-06-12_17-32-28/subject_kfold/skf_2_P13_P28_P30/gnn/HeteroGCNMean/gnn_fold_diagnostics.csv,test,-0.0374086052179336,0.9022529721260072,-2.8738880157470703,2.3466758728027344,5.220563888549805,0.498121052980423,0.1907298862934112,0.0334514491260051,0.6931460499763489,0.4134270846843719,0.3203523755073547,118341,,,,,,,,,,,,,,,,,169,0.5850412845611572,1
gaze_pupil,Gaze x/y plus pupil nodes with temporal and spatial graph relations.,multiclass_table6_valence_3class,Table-6 Valence,subject_kfold,HeteroGCNMean,HeteroGCNMean,skf_3_P19_P22_P4,results/quick_v1_v2_comparison/2026-06-12_16-29-08/model_runs/gaze_pupil/2026-06-12_17-31-09,results/quick_v1_v2_comparison/2026-06-12_16-29-08/model_runs/gaze_pupil/2026-06-12_17-31-09/multiclass_table6_valence_3class_emotion-elicitation_2026-06-12_17-32-28,results/quick_v1_v2_comparison/2026-06-12_16-29-08/model_runs/gaze_pupil/2026-06-12_17-31-09/multiclass_table6_valence_3class_emotion-elicitation_2026-06-12_17-32-28/subject_kfold/skf_3_P19_P22_P4/gnn/HeteroGCNMean/gnn_fold_diagnostics.csv,train,-0.0152130601927638,0.5054318904876709,-1.4418705701828003,1.378428936004639,2.820299506187439,0.5973581671714783,0.0962932035326957,0.2190112173557281,0.6931471824645996,0.4130981862545013,0.2675787210464477,10000,,,,,,,,,,,,,,,,,48,0.5470981001853943,1
gaze_pupil,Gaze x/y plus pupil nodes with temporal and spatial graph relations.,multiclass_table6_valence_3class,Table-6 Valence,subject_kfold,HeteroGCNMean,HeteroGCNMean,skf_3_P19_P22_P4,results/quick_v1_v2_comparison/2026-06-12_16-29-08/model_runs/gaze_pupil/2026-06-12_17-31-09,results/quick_v1_v2_comparison/2026-06-12_16-29-08/model_runs/gaze_pupil/2026-06-12_17-31-09/multiclass_table6_valence_3class_emotion-elicitation_2026-06-12_17-32-28,results/quick_v1_v2_comparison/2026-06-12_16-29-08/model_runs/gaze_pupil/2026-06-12_17-31-09/multiclass_table6_valence_3class_emotion-elicitation_2026-06-12_17-32-28/subject_kfold/skf_3_P19_P22_P4/gnn/HeteroGCNMean/gnn_fold_diagnostics.csv,val,0.0449450351297855,0.5591500401496887,-1.1717289686203003,1.3980063199996948,2.569735288619995,0.5775054097175598,0.0977372452616691,0.328611671924591,0.6930816769599915,0.3465422391891479,0.374372661113739,16471,,,,,,,,,,,,,,,,,48,0.5470981001853943,1
gaze_pupil,Gaze x/y plus pupil nodes with temporal and spatial graph relations.,multiclass_table6_valence_3class,Table-6 Valence,subject_kfold,HeteroGCNMean,HeteroGCNMean,skf_3_P19_P22_P4,results/quick_v1_v2_comparison/2026-06-12_16-29-08/model_runs/gaze_pupil/2026-06-12_17-31-09,results/quick_v1_v2_comparison/2026-06-12_16-29-08/model_runs/gaze_pupil/2026-06-12_17-31-09/multiclass_table6_valence_3class_emotion-elicitation_2026-06-12_17-32-28,results/quick_v1_v2_comparison/2026-06-12_16-29-08/model_runs/gaze_pupil/2026-06-12_17-31-09/multiclass_table6_valence_3class_emotion-elicitation_2026-06-12_17-32-28/subject_kfold/skf_3_P19_P22_P4/gnn/HeteroGCNMean/gnn_fold_diagnostics.csv,test,-0.0059156394563615,0.4777431190013885,-1.1635805368423462,1.4128223657608032,2.5764029026031494,0.6056798100471497,0.0886682122945785,0.302481472492218,0.6931455135345459,0.3522413074970245,0.3212914764881134,109746,,,,,,,,,,,,,,,,,48,0.5470981001853943,1
gaze_pupil,Gaze x/y plus pupil nodes with temporal and spatial graph relations.,multiclass_table6_valence_3class,Table-6 Valence,subject_kfold,HeteroGCNMean,HeteroGCNMean,skf_4_P10_P16_P5,results/quick_v1_v2_comparison/2026-06-12_16-29-08/model_runs/gaze_pupil/2026-06-12_17-31-09,results/quick_v1_v2_comparison/2026-06-12_16-29-08/model_runs/gaze_pupil/2026-06-12_17-31-09/multiclass_table6_valence_3class_emotion-elicitation_2026-06-12_17-32-28,results/quick_v1_v2_comparison/2026-06-12_16-29-08/model_runs/gaze_pupil/2026-06-12_17-31-09/multiclass_table6_valence_3class_emotion-elicitation_2026-06-12_17-32-28/subject_kfold/skf_4_P10_P16_P5/gnn/HeteroGCNMean/gnn_fold_diagnostics.csv,train,-0.1485695242881775,0.6261559128761292,-2.337399959564209,1.9679183959960935,4.305318355560303,0.5723894834518433,0.1362620741128921,0.0707396939396858,0.6931470632553101,0.4210326075553894,0.2520201802253723,10000,,,,,,,,,,,,,,,,,102,0.5204103589057922,1
gaze_pupil,Gaze x/y plus pupil nodes with temporal and spatial graph relations.,multiclass_table6_valence_3class,Table-6 Valence,subject_kfold,HeteroGCNMean,HeteroGCNMean,skf_4_P10_P16_P5,results/quick_v1_v2_comparison/2026-06-12_16-29-08/model_runs/gaze_pupil/2026-06-12_17-31-09,results/quick_v1_v2_comparison/2026-06-12_16-29-08/model_runs/gaze_pupil/2026-06-12_17-31-09/multiclass_table6_valence_3class_emotion-elicitation_2026-06-12_17-32-28,results/quick_v1_v2_comparison/2026-06-12_16-29-08/model_runs/gaze_pupil/2026-06-12_17-31-09/multiclass_table6_valence_3class_emotion-elicitation_2026-06-12_17-32-28/subject_kfold/skf_4_P10_P16_P5/gnn/HeteroGCNMean/gnn_fold_diagnostics.csv,val,-0.1139914765954017,0.5876322388648987,-1.433766484260559,1.3255181312561035,2.7592846155166626,0.5760419368743896,0.1237758994102478,0.237328290939331,0.6931463479995728,0.3269856870174408,0.3894704580307007,11325,,,,,,,,,,,,,,,,,102,0.5204103589057922,1
gaze_pupil,Gaze x/y plus pupil nodes with temporal and spatial graph relations.,multiclass_table6_valence_3class,Table-6 Valence,subject_kfold,HeteroGCNMean,HeteroGCNMean,skf_4_P10_P16_P5,results/quick_v1_v2_comparison/2026-06-12_16-29-08/model_runs/gaze_pupil/2026-06-12_17-31-09,results/quick_v1_v2_comparison/2026-06-12_16-29-08/model_runs/gaze_pupil/2026-06-12_17-31-09/multiclass_table6_valence_3class_emotion-elicitation_2026-06-12_17-32-28,results/quick_v1_v2_comparison/2026-06-12_16-29-08/model_runs/gaze_pupil/2026-06-12_17-31-09/multiclass_table6_valence_3class_emotion-elicitation_2026-06-12_17-32-28/subject_kfold/skf_4_P10_P16_P5/gnn/HeteroGCNMean/gnn_fold_diagnostics.csv,test,-0.1231774389743805,0.5579414963722229,-2.072077512741089,1.792708396911621,3.86478590965271,0.5935314893722534,0.1195619776844978,0.107415571808815,0.6931467056274414,0.4025790691375732,0.2697265446186065,128271,,,,,,,,,,,,,,,,,102,0.5204103589057922,1
gaze_pupil,Gaze x/y plus pupil nodes with temporal and spatial graph relations.,multiclass_table6_valence_3class,Table-6 Valence,subject_kfold,HeteroGCNMean,HeteroGCNMean,skf_5_P21_P23_P24,results/quick_v1_v2_comparison/2026-06-12_16-29-08/model_runs/gaze_pupil/2026-06-12_17-31-09,results/quick_v1_v2_comparison/2026-06-12_16-29-08/model_runs/gaze_pupil/2026-06-12_17-31-09/multiclass_table6_valence_3class_emotion-elicitation_2026-06-12_17-32-28,results/quick_v1_v2_comparison/2026-06-12_16-29-08/model_runs/gaze_pupil/2026-06-12_17-31-09/multiclass_table6_valence_3class_emotion-elicitation_2026-06-12_17-32-28/subject_kfold/skf_5_P21_P23_P24/gnn/HeteroGCNMean/gnn_fold_diagnostics.csv,train,-0.1511580646038055,0.821379542350769,-3.347475528717041,2.730646848678589,6.07812237739563,0.5157905220985413,0.1750004738569259,0.0161919761449098,0.6931462287902832,0.4005204737186432,0.1913780570030212,10000,,,,,,,,,,,,,,,,,212,0.4540744423866272,1
gaze_pupil,Gaze x/y plus pupil nodes with temporal and spatial graph relations.,multiclass_table6_valence_3class,Table-6 Valence,subject_kfold,HeteroGCNMean,HeteroGCNMean,skf_5_P21_P23_P24,results/quick_v1_v2_comparison/2026-06-12_16-29-08/model_runs/gaze_pupil/2026-06-12_17-31-09,results/quick_v1_v2_comparison/2026-06-12_16-29-08/model_runs/gaze_pupil/2026-06-12_17-31-09/multiclass_table6_valence_3class_emotion-elicitation_2026-06-12_17-32-28,results/quick_v1_v2_comparison/2026-06-12_16-29-08/model_runs/gaze_pupil/2026-06-12_17-31-09/multiclass_table6_valence_3class_emotion-elicitation_2026-06-12_17-32-28/subject_kfold/skf_5_P21_P23_P24/gnn/HeteroGCNMean/gnn_fold_diagnostics.csv,val,-0.1320307105779647,0.9713637828826904,-3.324716806411743,2.6308248043060303,5.955541610717773,0.4842303395271301,0.1943373531103134,0.0181310214102268,0.6931089162826538,0.3956761956214905,0.2496750950813293,11175,,,,,,,,,,,,,,,,,212,0.4540744423866272,1
gaze_pupil,Gaze x/y plus pupil nodes with temporal and spatial graph relations.,multiclass_table6_valence_3class,Table-6 Valence,subject_kfold,HeteroGCNMean,HeteroGCNMean,skf_5_P21_P23_P24,results/quick_v1_v2_comparison/2026-06-12_16-29-08/model_runs/gaze_pupil/2026-06-12_17-31-09,results/quick_v1_v2_comparison/2026-06-12_16-29-08/model_runs/gaze_pupil/2026-06-12_17-31-09/multiclass_table6_valence_3class_emotion-elicitation_2026-06-12_17-32-28,results/quick_v1_v2_comparison/2026-06-12_16-29-08/model_runs/gaze_pupil/2026-06-12_17-31-09/multiclass_table6_valence_3class_emotion-elicitation_2026-06-12_17-32-28/subject_kfold/skf_5_P21_P23_P24/gnn/HeteroGCNMean/gnn_fold_diagnostics.csv,test,-0.1465304493904113,0.9952727556228638,-3.585599184036255,2.935366153717041,6.520965337753296,0.4744983613491058,0.1991756111383438,0.0110575286671519,0.6931471824645996,0.4506958425045013,0.1822979897260666,132355,,,,,,,,,,,,,,,,,212,0.4540744423866272,1
gaze_pupil,Gaze x/y plus pupil nodes with temporal and spatial graph relations.,multiclass_table6_valence_3class,Table-6 Valence,subject_kfold,HeteroGCNMean,HeteroGCNMean,skf_6_P18_P29_P7,results/quick_v1_v2_comparison/2026-06-12_16-29-08/model_runs/gaze_pupil/2026-06-12_17-31-09,results/quick_v1_v2_comparison/2026-06-12_16-29-08/model_runs/gaze_pupil/2026-06-12_17-31-09/multiclass_table6_valence_3class_emotion-elicitation_2026-06-12_17-32-28,results/quick_v1_v2_comparison/2026-06-12_16-29-08/model_runs/gaze_pupil/2026-06-12_17-31-09/multiclass_table6_valence_3class_emotion-elicitation_2026-06-12_17-32-28/subject_kfold/skf_6_P18_P29_P7/gnn/HeteroGCNMean/gnn_fold_diagnostics.csv,train,-0.0714609995484352,0.5761121511459351,-1.871866464614868,2.0078182220458984,3.879684686660767,0.5826535820960999,0.1215598732233047,0.1171415448188781,0.6931471824645996,0.4608054161071777,0.1387315690517425,10000,,,,,,,,,,,,,,,,,115,0.5421318411827087,1
gaze_pupil,Gaze x/y plus pupil nodes with temporal and spatial graph relations.,multiclass_table6_valence_3class,Table-6 Valence,subject_kfold,HeteroGCNMean,HeteroGCNMean,skf_6_P18_P29_P7,results/quick_v1_v2_comparison/2026-06-12_16-29-08/model_runs/gaze_pupil/2026-06-12_17-31-09,results/quick_v1_v2_comparison/2026-06-12_16-29-08/model_runs/gaze_pupil/2026-06-12_17-31-09/multiclass_table6_valence_3class_emotion-elicitation_2026-06-12_17-32-28,results/quick_v1_v2_comparison/2026-06-12_16-29-08/model_runs/gaze_pupil/2026-06-12_17-31-09/multiclass_table6_valence_3class_emotion-elicitation_2026-06-12_17-32-28/subject_kfold/skf_6_P18_P29_P7/gnn/HeteroGCNMean/gnn_fold_diagnostics.csv,val,0.0141415828838944,0.6134076714515686,-1.367400884628296,1.6478326320648191,3.0152335166931152,0.5683231353759766,0.1354802846908569,0.1952683627605438,0.6931444406509399,0.3543276488780975,0.3124725818634033,11325,,,,,,,,,,,,,,,,,115,0.5421318411827087,1
gaze_pupil,Gaze x/y plus pupil nodes with temporal and spatial graph relations.,multiclass_table6_valence_3class,Table-6 Valence,subject_kfold,HeteroGCNMean,HeteroGCNMean,skf_6_P18_P29_P7,results/quick_v1_v2_comparison/2026-06-12_16-29-08/model_runs/gaze_pupil/2026-06-12_17-31-09,results/quick_v1_v2_comparison/2026-06-12_16-29-08/model_runs/gaze_pupil/2026-06-12_17-31-09/multiclass_table6_valence_3class_emotion-elicitation_2026-06-12_17-32-28,results/quick_v1_v2_comparison/2026-06-12_16-29-08/model_runs/gaze_pupil/2026-06-12_17-31-09/multiclass_table6_valence_3class_emotion-elicitation_2026-06-12_17-32-28/subject_kfold/skf_6_P18_P29_P7/gnn/HeteroGCNMean/gnn_fold_diagnostics.csv,test,-0.1046554520726203,0.6574776768684387,-1.9632256031036377,1.561054229736328,3.524279832839966,0.5540485978126526,0.1390092521905899,0.1430556178092956,0.6931471228599548,0.3974113464355469,0.2182953655719757,115440,,,,,,,,,,,,,,,,,115,0.5421318411827087,1
gaze_pupil,Gaze x/y plus pupil nodes with temporal and spatial graph relations.,multiclass_table6_valence_3class,Table-6 Valence,subject_kfold,HeteroGCNMLP,HeteroGCNMLP,skf_0_P1_P14_P2_P27,results/quick_v1_v2_comparison/2026-06-12_16-29-08/model_runs/gaze_pupil/2026-06-12_17-31-09,results/quick_v1_v2_comparison/2026-06-12_16-29-08/model_runs/gaze_pupil/2026-06-12_17-31-09/multiclass_table6_valence_3class_emotion-elicitation_2026-06-12_17-32-28,results/quick_v1_v2_comparison/2026-06-12_16-29-08/model_runs/gaze_pupil/2026-06-12_17-31-09/multiclass_table6_valence_3class_emotion-elicitation_2026-06-12_17-32-28/subject_kfold/skf_0_P1_P14_P2_P27/gnn/HeteroGCNMLP/gnn_fold_diagnostics.csv,train,-0.0489862374961376,0.7947747707366943,-2.7524163722991943,2.5249502658843994,5.277366638183594,0.5158047676086426,0.1652783304452896,0.0322550535202026,0.6931470632553101,0.377791553735733,0.2484621107578277,10000,,,,,,,,,,,,,,,,,194,0.4454084634780884,1
gaze_pupil,Gaze x/y plus pupil nodes with temporal and spatial graph relations.,multiclass_table6_valence_3class,Table-6 Valence,subject_kfold,HeteroGCNMLP,HeteroGCNMLP,skf_0_P1_P14_P2_P27,results/quick_v1_v2_comparison/2026-06-12_16-29-08/model_runs/gaze_pupil/2026-06-12_17-31-09,results/quick_v1_v2_comparison/2026-06-12_16-29-08/model_runs/gaze_pupil/2026-06-12_17-31-09/multiclass_table6_valence_3class_emotion-elicitation_2026-06-12_17-32-28,results/quick_v1_v2_comparison/2026-06-12_16-29-08/model_runs/gaze_pupil/2026-06-12_17-31-09/multiclass_table6_valence_3class_emotion-elicitation_2026-06-12_17-32-28/subject_kfold/skf_0_P1_P14_P2_P27/gnn/HeteroGCNMLP/gnn_fold_diagnostics.csv,val,-0.0604458190500736,0.888244092464447,-2.1525137424468994,2.1942453384399414,4.346759080886841,0.4800353348255157,0.1777277588844299,0.0684310644865036,0.6931002140045166,0.3540309071540832,0.3280370831489563,11175,,,,,,,,,,,,,,,,,194,0.4454084634780884,1
gaze_pupil,Gaze x/y plus pupil nodes with temporal and spatial graph relations.,multiclass_table6_valence_3class,Table-6 Valence,subject_kfold,HeteroGCNMLP,HeteroGCNMLP,skf_0_P1_P14_P2_P27,results/quick_v1_v2_comparison/2026-06-12_16-29-08/model_runs/gaze_pupil/2026-06-12_17-31-09,results/quick_v1_v2_comparison/2026-06-12_16-29-08/model_runs/gaze_pupil/2026-06-12_17-31-09/multiclass_table6_valence_3class_emotion-elicitation_2026-06-12_17-32-28,results/quick_v1_v2_comparison/2026-06-12_16-29-08/model_runs/gaze_pupil/2026-06-12_17-31-09/multiclass_table6_valence_3class_emotion-elicitation_2026-06-12_17-32-28/subject_kfold/skf_0_P1_P14_P2_P27/gnn/HeteroGCNMLP/gnn_fold_diagnostics.csv,test,-0.0298356693238019,0.732495129108429,-1.8740215301513672,1.6244889497756958,3.498510479927063,0.5201309323310852,0.1483576446771621,0.1388246119022369,0.6931387782096863,0.2995641231536865,0.4661383926868438,253116,,,,,,,,,,,,,,,,,194,0.4454084634780884,1
gaze_pupil,Gaze x/y plus pupil nodes with temporal and spatial graph relations.,multiclass_table6_valence_3class,Table-6 Valence,subject_kfold,HeteroGCNMLP,HeteroGCNMLP,skf_1_P17_P20_P8,results/quick_v1_v2_comparison/2026-06-12_16-29-08/model_runs/gaze_pupil/2026-06-12_17-31-09,results/quick_v1_v2_comparison/2026-06-12_16-29-08/model_runs/gaze_pupil/2026-06-12_17-31-09/multiclass_table6_valence_3class_emotion-elicitation_2026-06-12_17-32-28,results/quick_v1_v2_comparison/2026-06-12_16-29-08/model_runs/gaze_pupil/2026-06-12_17-31-09/multiclass_table6_valence_3class_emotion-elicitation_2026-06-12_17-32-28/subject_kfold/skf_1_P17_P20_P8/gnn/HeteroGCNMLP/gnn_fold_diagnostics.csv,train,-0.0166150201112031,0.4508585631847381,-1.3089423179626465,1.1056991815567017,2.414641499519348,0.6119464039802551,0.0851038098335266,0.28581303358078,0.6931471228599548,0.305048257112503,0.4715867042541504,10000,,,,,,,,,,,,,,,,,31,0.6524550914764404,1
gaze_pupil,Gaze x/y plus pupil nodes with temporal and spatial graph relations.,multiclass_table6_valence_3class,Table-6 Valence,subject_kfold,HeteroGCNMLP,HeteroGCNMLP,skf_1_P17_P20_P8,results/quick_v1_v2_comparison/2026-06-12_16-29-08/model_runs/gaze_pupil/2026-06-12_17-31-09,results/quick_v1_v2_comparison/2026-06-12_16-29-08/model_runs/gaze_pupil/2026-06-12_17-31-09/multiclass_table6_valence_3class_emotion-elicitation_2026-06-12_17-32-28,results/quick_v1_v2_comparison/2026-06-12_16-29-08/model_runs/gaze_pupil/2026-06-12_17-31-09/multiclass_table6_valence_3class_emotion-elicitation_2026-06-12_17-32-28/subject_kfold/skf_1_P17_P20_P8/gnn/HeteroGCNMLP/gnn_fold_diagnostics.csv,val,-0.0386301055550575,0.3888547122478485,-1.026902675628662,0.8092134594917297,1.836116135120392,0.62950199842453,0.0654373615980148,0.4325033724308014,0.6931138038635254,0.2110569179058075,0.5993448495864868,18721,,,,,,,,,,,,,,,,,31,0.6524550914764404,1
gaze_pupil,Gaze x/y plus pupil nodes with temporal and spatial graph relations.,multiclass_table6_valence_3class,Table-6 Valence,subject_kfold,HeteroGCNMLP,HeteroGCNMLP,skf_1_P17_P20_P8,results/quick_v1_v2_comparison/2026-06-12_16-29-08/model_runs/gaze_pupil/2026-06-12_17-31-09,results/quick_v1_v2_comparison/2026-06-12_16-29-08/model_runs/gaze_pupil/2026-06-12_17-31-09/multiclass_table6_valence_3class_emotion-elicitation_2026-06-12_17-32-28,results/quick_v1_v2_comparison/2026-06-12_16-29-08/model_runs/gaze_pupil/2026-06-12_17-31-09/multiclass_table6_valence_3class_emotion-elicitation_2026-06-12_17-32-28/subject_kfold/skf_1_P17_P20_P8/gnn/HeteroGCNMLP/gnn_fold_diagnostics.csv,test,0.0034567445982247,0.4081055819988251,-1.128795504570007,0.9940041303634644,2.122799634933472,0.6247899532318115,0.0759541690349578,0.3458868265151977,0.6931467056274414,0.215493768453598,0.6500348448753357,131841,,,,,,,,,,,,,,,,,31,0.6524550914764404,1
gaze_pupil,Gaze x/y plus pupil nodes with temporal and spatial graph relations.,multiclass_table6_valence_3class,Table-6 Valence,subject_kfold,HeteroGCNMLP,HeteroGCNMLP,skf_2_P13_P28_P30,results/quick_v1_v2_comparison/2026-06-12_16-29-08/model_runs/gaze_pupil/2026-06-12_17-31-09,results/quick_v1_v2_comparison/2026-06-12_16-29-08/model_runs/gaze_pupil/2026-06-12_17-31-09/multiclass_table6_valence_3class_emotion-elicitation_2026-06-12_17-32-28,results/quick_v1_v2_comparison/2026-06-12_16-29-08/model_runs/gaze_pupil/2026-06-12_17-31-09/multiclass_table6_valence_3class_emotion-elicitation_2026-06-12_17-32-28/subject_kfold/skf_2_P13_P28_P30/gnn/HeteroGCNMLP/gnn_fold_diagnostics.csv,train,0.0811937153339386,0.7844626903533936,-2.305617332458496,2.4255571365356445,4.731174468994141,0.5265277624130249,0.1720129996538162,0.05549868196249,0.6931471824645996,0.502951979637146,0.1297348439693451,10000,,,,,,,,,,,,,,,,,123,0.5885327458381653,1
gaze_pupil,Gaze x/y plus pupil nodes with temporal and spatial graph relations.,multiclass_table6_valence_3class,Table-6 Valence,subject_kfold,HeteroGCNMLP,HeteroGCNMLP,skf_2_P13_P28_P30,results/quick_v1_v2_comparison/2026-06-12_16-29-08/model_runs/gaze_pupil/2026-06-12_17-31-09,results/quick_v1_v2_comparison/2026-06-12_16-29-08/model_runs/gaze_pupil/2026-06-12_17-31-09/multiclass_table6_valence_3class_emotion-elicitation_2026-06-12_17-32-28,results/quick_v1_v2_comparison/2026-06-12_16-29-08/model_runs/gaze_pupil/2026-06-12_17-31-09/multiclass_table6_valence_3class_emotion-elicitation_2026-06-12_17-32-28/subject_kfold/skf_2_P13_P28_P30/gnn/HeteroGCNMLP/gnn_fold_diagnostics.csv,val,0.053154531866312,0.585718035697937,-1.5331772565841677,1.8970887660980225,3.43026602268219,0.583903431892395,0.1283168047666549,0.1394481062889099,0.6931449174880981,0.3878147602081299,0.2524096667766571,12246,,,,,,,,,,,,,,,,,123,0.5885327458381653,1
gaze_pupil,Gaze x/y plus pupil nodes with temporal and spatial graph relations.,multiclass_table6_valence_3class,Table-6 Valence,subject_kfold,HeteroGCNMLP,HeteroGCNMLP,skf_2_P13_P28_P30,results/quick_v1_v2_comparison/2026-06-12_16-29-08/model_runs/gaze_pupil/2026-06-12_17-31-09,results/quick_v1_v2_comparison/2026-06-12_16-29-08/model_runs/gaze_pupil/2026-06-12_17-31-09/multiclass_table6_valence_3class_emotion-elicitation_2026-06-12_17-32-28,results/quick_v1_v2_comparison/2026-06-12_16-29-08/model_runs/gaze_pupil/2026-06-12_17-31-09/multiclass_table6_valence_3class_emotion-elicitation_2026-06-12_17-32-28/subject_kfold/skf_2_P13_P28_P30/gnn/HeteroGCNMLP/gnn_fold_diagnostics.csv,test,0.1030633151531219,0.9759622812271118,-2.1635782718658447,2.642276763916016,4.80585503578186,0.4661831259727478,0.2028802782297134,0.0527308285236358,0.6931471824645996,0.4951682388782501,0.246530070900917,118341,,,,,,,,,,,,,,,,,123,0.5885327458381653,1
gaze_pupil,Gaze x/y plus pupil nodes with temporal and spatial graph relations.,multiclass_table6_valence_3class,Table-6 Valence,subject_kfold,HeteroGCNMLP,HeteroGCNMLP,skf_3_P19_P22_P4,results/quick_v1_v2_comparison/2026-06-12_16-29-08/model_runs/gaze_pupil/2026-06-12_17-31-09,results/quick_v1_v2_comparison/2026-06-12_16-29-08/model_runs/gaze_pupil/2026-06-12_17-31-09/multiclass_table6_valence_3class_emotion-elicitation_2026-06-12_17-32-28,results/quick_v1_v2_comparison/2026-06-12_16-29-08/model_runs/gaze_pupil/2026-06-12_17-31-09/multiclass_table6_valence_3class_emotion-elicitation_2026-06-12_17-32-28/subject_kfold/skf_3_P19_P22_P4/gnn/HeteroGCNMLP/gnn_fold_diagnostics.csv,train,-0.0827436000108718,0.4968518614768982,-1.4015023708343506,1.784876585006714,3.1863789558410645,0.6064523458480835,0.0946867913007736,0.1669307947158813,0.6931471824645996,0.4067707061767578,0.315582811832428,10000,,,,,,,,,,,,,,,,,40,0.5504763722419739,1
gaze_pupil,Gaze x/y plus pupil nodes with temporal and spatial graph relations.,multiclass_table6_valence_3class,Table-6 Valence,subject_kfold,HeteroGCNMLP,HeteroGCNMLP,skf_3_P19_P22_P4,results/quick_v1_v2_comparison/2026-06-12_16-29-08/model_runs/gaze_pupil/2026-06-12_17-31-09,results/quick_v1_v2_comparison/2026-06-12_16-29-08/model_runs/gaze_pupil/2026-06-12_17-31-09/multiclass_table6_valence_3class_emotion-elicitation_2026-06-12_17-32-28,results/quick_v1_v2_comparison/2026-06-12_16-29-08/model_runs/gaze_pupil/2026-06-12_17-31-09/multiclass_table6_valence_3class_emotion-elicitation_2026-06-12_17-32-28/subject_kfold/skf_3_P19_P22_P4/gnn/HeteroGCNMLP/gnn_fold_diagnostics.csv,val,-0.1367111057043075,0.5284055471420288,-1.351236343383789,1.4327032566070557,2.7839395999908447,0.5905963182449341,0.0891142562031745,0.269565612077713,0.6931304931640625,0.3121024966239929,0.4645935893058777,16471,,,,,,,,,,,,,,,,,40,0.5504763722419739,1
gaze_pupil,Gaze x/y plus pupil nodes with temporal and spatial graph relations.,multiclass_table6_valence_3class,Table-6 Valence,subject_kfold,HeteroGCNMLP,HeteroGCNMLP,skf_3_P19_P22_P4,results/quick_v1_v2_comparison/2026-06-12_16-29-08/model_runs/gaze_pupil/2026-06-12_17-31-09,results/quick_v1_v2_comparison/2026-06-12_16-29-08/model_runs/gaze_pupil/2026-06-12_17-31-09/multiclass_table6_valence_3class_emotion-elicitation_2026-06-12_17-32-28,results/quick_v1_v2_comparison/2026-06-12_16-29-08/model_runs/gaze_pupil/2026-06-12_17-31-09/multiclass_table6_valence_3class_emotion-elicitation_2026-06-12_17-32-28/subject_kfold/skf_3_P19_P22_P4/gnn/HeteroGCNMLP/gnn_fold_diagnostics.csv,test,-0.1100715100765228,0.4312005043029785,-1.212809443473816,1.232616662979126,2.445426106452942,0.6238311529159546,0.0770262479782104,0.316927969455719,0.6931471824645996,0.3444364368915558,0.3672730922698974,109746,,,,,,,,,,,,,,,,,40,0.5504763722419739,1
gaze_pupil,Gaze x/y plus pupil nodes with temporal and spatial graph relations.,multiclass_table6_valence_3class,Table-6 Valence,subject_kfold,HeteroGCNMLP,HeteroGCNMLP,skf_4_P10_P16_P5,results/quick_v1_v2_comparison/2026-06-12_16-29-08/model_runs/gaze_pupil/2026-06-12_17-31-09,results/quick_v1_v2_comparison/2026-06-12_16-29-08/model_runs/gaze_pupil/2026-06-12_17-31-09/multiclass_table6_valence_3class_emotion-elicitation_2026-06-12_17-32-28,results/quick_v1_v2_comparison/2026-06-12_16-29-08/model_runs/gaze_pupil/2026-06-12_17-31-09/multiclass_table6_valence_3class_emotion-elicitation_2026-06-12_17-32-28/subject_kfold/skf_4_P10_P16_P5/gnn/HeteroGCNMLP/gnn_fold_diagnostics.csv,train,0.0112715028226375,0.5776727199554443,-2.2523655891418457,1.9133270978927608,4.165692687034607,0.5891499519348145,0.1173235177993774,0.1325496733188629,0.6931471824645996,0.3486533164978027,0.3449006974697113,10000,,,,,,,,,,,,,,,,,51,0.5303033590316772,1
gaze_pupil,Gaze x/y plus pupil nodes with temporal and spatial graph relations.,multiclass_table6_valence_3class,Table-6 Valence,subject_kfold,HeteroGCNMLP,HeteroGCNMLP,skf_4_P10_P16_P5,results/quick_v1_v2_comparison/2026-06-12_16-29-08/model_runs/gaze_pupil/2026-06-12_17-31-09,results/quick_v1_v2_comparison/2026-06-12_16-29-08/model_runs/gaze_pupil/2026-06-12_17-31-09/multiclass_table6_valence_3class_emotion-elicitation_2026-06-12_17-32-28,results/quick_v1_v2_comparison/2026-06-12_16-29-08/model_runs/gaze_pupil/2026-06-12_17-31-09/multiclass_table6_valence_3class_emotion-elicitation_2026-06-12_17-32-28/subject_kfold/skf_4_P10_P16_P5/gnn/HeteroGCNMLP/gnn_fold_diagnostics.csv,val,0.088198073208332,0.5587422847747803,-1.7477315664291382,1.62144672870636,3.369178295135498,0.590728223323822,0.1080550923943519,0.2944718301296234,0.6931469440460205,0.2791003584861755,0.4692631661891937,11325,,,,,,,,,,,,,,,,,51,0.5303033590316772,1
gaze_pupil,Gaze x/y plus pupil nodes with temporal and spatial graph relations.,multiclass_table6_valence_3class,Table-6 Valence,subject_kfold,HeteroGCNMLP,HeteroGCNMLP,skf_4_P10_P16_P5,results/quick_v1_v2_comparison/2026-06-12_16-29-08/model_runs/gaze_pupil/2026-06-12_17-31-09,results/quick_v1_v2_comparison/2026-06-12_16-29-08/model_runs/gaze_pupil/2026-06-12_17-31-09/multiclass_table6_valence_3class_emotion-elicitation_2026-06-12_17-32-28,results/quick_v1_v2_comparison/2026-06-12_16-29-08/model_runs/gaze_pupil/2026-06-12_17-31-09/multiclass_table6_valence_3class_emotion-elicitation_2026-06-12_17-32-28/subject_kfold/skf_4_P10_P16_P5/gnn/HeteroGCNMLP/gnn_fold_diagnostics.csv,test,0.0505224466323852,0.5044884085655212,-1.861186146736145,1.560067892074585,3.42125403881073,0.6099243760108948,0.0983582809567451,0.2109211534261703,0.6931470632553101,0.3317345380783081,0.3708198368549347,128271,,,,,,,,,,,,,,,,,51,0.5303033590316772,1
gaze_pupil,Gaze x/y plus pupil nodes with temporal and spatial graph relations.,multiclass_table6_valence_3class,Table-6 Valence,subject_kfold,HeteroGCNMLP,HeteroGCNMLP,skf_5_P21_P23_P24,results/quick_v1_v2_comparison/2026-06-12_16-29-08/model_runs/gaze_pupil/2026-06-12_17-31-09,results/quick_v1_v2_comparison/2026-06-12_16-29-08/model_runs/gaze_pupil/2026-06-12_17-31-09/multiclass_table6_valence_3class_emotion-elicitation_2026-06-12_17-32-28,results/quick_v1_v2_comparison/2026-06-12_16-29-08/model_runs/gaze_pupil/2026-06-12_17-31-09/multiclass_table6_valence_3class_emotion-elicitation_2026-06-12_17-32-28/subject_kfold/skf_5_P21_P23_P24/gnn/HeteroGCNMLP/gnn_fold_diagnostics.csv,train,0.0377124212682247,0.585956871509552,-1.838365912437439,1.7324780225753784,3.5708439350128174,0.5749180912971497,0.1217221617698669,0.161102145910263,0.6931469440460205,0.4359414577484131,0.2692687511444092,10000,,,,,,,,,,,,,,,,,58,0.5642635822296143,1
gaze_pupil,Gaze x/y plus pupil nodes with temporal and spatial graph relations.,multiclass_table6_valence_3class,Table-6 Valence,subject_kfold,HeteroGCNMLP,HeteroGCNMLP,skf_5_P21_P23_P24,results/quick_v1_v2_comparison/2026-06-12_16-29-08/model_runs/gaze_pupil/2026-06-12_17-31-09,results/quick_v1_v2_comparison/2026-06-12_16-29-08/model_runs/gaze_pupil/2026-06-12_17-31-09/multiclass_table6_valence_3class_emotion-elicitation_2026-06-12_17-32-28,results/quick_v1_v2_comparison/2026-06-12_16-29-08/model_runs/gaze_pupil/2026-06-12_17-31-09/multiclass_table6_valence_3class_emotion-elicitation_2026-06-12_17-32-28/subject_kfold/skf_5_P21_P23_P24/gnn/HeteroGCNMLP/gnn_fold_diagnostics.csv,val,0.0441996976733207,0.6557266116142273,-1.4577486515045166,1.7017987966537476,3.159547448158264,0.5529630184173584,0.1390791237354278,0.2255904823541641,0.6931459903717041,0.3512364625930786,0.4591355919837951,11175,,,,,,,,,,,,,,,,,58,0.5642635822296143,1
gaze_pupil,Gaze x/y plus pupil nodes with temporal and spatial graph relations.,multiclass_table6_valence_3class,Table-6 Valence,subject_kfold,HeteroGCNMLP,HeteroGCNMLP,skf_5_P21_P23_P24,results/quick_v1_v2_comparison/2026-06-12_16-29-08/model_runs/gaze_pupil/2026-06-12_17-31-09,results/quick_v1_v2_comparison/2026-06-12_16-29-08/model_runs/gaze_pupil/2026-06-12_17-31-09/multiclass_table6_valence_3class_emotion-elicitation_2026-06-12_17-32-28,results/quick_v1_v2_comparison/2026-06-12_16-29-08/model_runs/gaze_pupil/2026-06-12_17-31-09/multiclass_table6_valence_3class_emotion-elicitation_2026-06-12_17-32-28/subject_kfold/skf_5_P21_P23_P24/gnn/HeteroGCNMLP/gnn_fold_diagnostics.csv,test,0.1050695031881332,0.7011338472366333,-1.4645286798477173,1.7486741542816162,3.213202834129333,0.5349934101104736,0.1414709389209747,0.2091867178678512,0.6931471824645996,0.4310812354087829,0.3560548722743988,132355,,,,,,,,,,,,,,,,,58,0.5642635822296143,1
gaze_pupil,Gaze x/y plus pupil nodes with temporal and spatial graph relations.,multiclass_table6_valence_3class,Table-6 Valence,subject_kfold,HeteroGCNMLP,HeteroGCNMLP,skf_6_P18_P29_P7,results/quick_v1_v2_comparison/2026-06-12_16-29-08/model_runs/gaze_pupil/2026-06-12_17-31-09,results/quick_v1_v2_comparison/2026-06-12_16-29-08/model_runs/gaze_pupil/2026-06-12_17-31-09/multiclass_table6_valence_3class_emotion-elicitation_2026-06-12_17-32-28,results/quick_v1_v2_comparison/2026-06-12_16-29-08/model_runs/gaze_pupil/2026-06-12_17-31-09/multiclass_table6_valence_3class_emotion-elicitation_2026-06-12_17-32-28/subject_kfold/skf_6_P18_P29_P7/gnn/HeteroGCNMLP/gnn_fold_diagnostics.csv,train,0.0869197472929954,0.5405747294425964,-1.6438919305801392,1.7896708250045776,3.433562755584717,0.5914168953895569,0.1034593507647514,0.2370144873857498,0.6931471824645996,0.363243967294693,0.3109713494777679,10000,,,,,,,,,,,,,,,,,56,0.5279955267906189,1
gaze_pupil,Gaze x/y plus pupil nodes with temporal and spatial graph relations.,multiclass_table6_valence_3class,Table-6 Valence,subject_kfold,HeteroGCNMLP,HeteroGCNMLP,skf_6_P18_P29_P7,results/quick_v1_v2_comparison/2026-06-12_16-29-08/model_runs/gaze_pupil/2026-06-12_17-31-09,results/quick_v1_v2_comparison/2026-06-12_16-29-08/model_runs/gaze_pupil/2026-06-12_17-31-09/multiclass_table6_valence_3class_emotion-elicitation_2026-06-12_17-32-28,results/quick_v1_v2_comparison/2026-06-12_16-29-08/model_runs/gaze_pupil/2026-06-12_17-31-09/multiclass_table6_valence_3class_emotion-elicitation_2026-06-12_17-32-28/subject_kfold/skf_6_P18_P29_P7/gnn/HeteroGCNMLP/gnn_fold_diagnostics.csv,val,0.195151001214981,0.5585798621177673,-1.145655393600464,1.6038280725479126,2.7494834661483765,0.5831727981567383,0.1111288368701934,0.2950142621994018,0.6931455135345459,0.2990313470363617,0.4162050783634186,11325,,,,,,,,,,,,,,,,,56,0.5279955267906189,1
gaze_pupil,Gaze x/y plus pupil nodes with temporal and spatial graph relations.,multiclass_table6_valence_3class,Table-6 Valence,subject_kfold,HeteroGCNMLP,HeteroGCNMLP,skf_6_P18_P29_P7,results/quick_v1_v2_comparison/2026-06-12_16-29-08/model_runs/gaze_pupil/2026-06-12_17-31-09,results/quick_v1_v2_comparison/2026-06-12_16-29-08/model_runs/gaze_pupil/2026-06-12_17-31-09/multiclass_table6_valence_3class_emotion-elicitation_2026-06-12_17-32-28,results/quick_v1_v2_comparison/2026-06-12_16-29-08/model_runs/gaze_pupil/2026-06-12_17-31-09/multiclass_table6_valence_3class_emotion-elicitation_2026-06-12_17-32-28/subject_kfold/skf_6_P18_P29_P7/gnn/HeteroGCNMLP/gnn_fold_diagnostics.csv,test,-0.015423284843564,0.6036269068717957,-1.700981855392456,1.4254975318908691,3.126479387283325,0.5677314400672913,0.1168529763817787,0.2188189327716827,0.6931430697441101,0.2933898568153381,0.429151177406311,115440,,,,,,,,,,,,,,,,,56,0.5279955267906189,1
gaze_pupil,Gaze x/y plus pupil nodes with temporal and spatial graph relations.,multiclass_table6_valence_3class,Table-6 Valence,subject_kfold,HeteroGCNMLPWeights,HeteroGCNMLPWeights,skf_0_P1_P14_P2_P27,results/quick_v1_v2_comparison/2026-06-12_16-29-08/model_runs/gaze_pupil/2026-06-12_17-31-09,results/quick_v1_v2_comparison/2026-06-12_16-29-08/model_runs/gaze_pupil/2026-06-12_17-31-09/multiclass_table6_valence_3class_emotion-elicitation_2026-06-12_17-32-28,results/quick_v1_v2_comparison/2026-06-12_16-29-08/model_runs/gaze_pupil/2026-06-12_17-31-09/multiclass_table6_valence_3class_emotion-elicitation_2026-06-12_17-32-28/subject_kfold/skf_0_P1_P14_P2_P27/gnn/HeteroGCNMLPWeights/gnn_fold_diagnostics.csv,train,0.1136150732636451,0.6423328518867493,-1.613991618156433,2.5721726417541504,4.186164259910584,0.5611602663993835,0.1374819725751876,0.0806773379445076,0.6931471824645996,0.4392059445381164,0.1634118258953094,10000,0.9999986886978148,0.0016357827698811,-0.9999966025352478,1.0,0.9999946355819702,0.0032715674024075,-0.9999998807907104,1.0,-0.6779944896697998,0.2807459533214569,-1.0,0.9999998807907104,,,,,136,0.4822104275226593,1
gaze_pupil,Gaze x/y plus pupil nodes with temporal and spatial graph relations.,multiclass_table6_valence_3class,Table-6 Valence,subject_kfold,HeteroGCNMLPWeights,HeteroGCNMLPWeights,skf_0_P1_P14_P2_P27,results/quick_v1_v2_comparison/2026-06-12_16-29-08/model_runs/gaze_pupil/2026-06-12_17-31-09,results/quick_v1_v2_comparison/2026-06-12_16-29-08/model_runs/gaze_pupil/2026-06-12_17-31-09/multiclass_table6_valence_3class_emotion-elicitation_2026-06-12_17-32-28,results/quick_v1_v2_comparison/2026-06-12_16-29-08/model_runs/gaze_pupil/2026-06-12_17-31-09/multiclass_table6_valence_3class_emotion-elicitation_2026-06-12_17-32-28/subject_kfold/skf_0_P1_P14_P2_P27/gnn/HeteroGCNMLPWeights/gnn_fold_diagnostics.csv,val,0.1598848551511764,0.7088520526885986,-1.4602631330490112,2.3286702632904053,3.788933396339417,0.5426329970359802,0.1555888652801513,0.1096928119659423,0.6931470632553101,0.4041529595851898,0.267685204744339,11175,1.0,5.8310561712460185e-08,0.9999998211860656,1.0,1.0,5.32765795924206e-08,0.9999998807907104,1.0,-0.6740492582321167,0.2824306786060333,-1.0,0.9999996423721312,,,,,136,0.4822104275226593,1
gaze_pupil,Gaze x/y plus pupil nodes with temporal and spatial graph relations.,multiclass_table6_valence_3class,Table-6 Valence,subject_kfold,HeteroGCNMLPWeights,HeteroGCNMLPWeights,skf_0_P1_P14_P2_P27,results/quick_v1_v2_comparison/2026-06-12_16-29-08/model_runs/gaze_pupil/2026-06-12_17-31-09,results/quick_v1_v2_comparison/2026-06-12_16-29-08/model_runs/gaze_pupil/2026-06-12_17-31-09/multiclass_table6_valence_3class_emotion-elicitation_2026-06-12_17-32-28,results/quick_v1_v2_comparison/2026-06-12_16-29-08/model_runs/gaze_pupil/2026-06-12_17-31-09/multiclass_table6_valence_3class_emotion-elicitation_2026-06-12_17-32-28/subject_kfold/skf_0_P1_P14_P2_P27/gnn/HeteroGCNMLPWeights/gnn_fold_diagnostics.csv,test,0.022696441039443,0.6349817514419556,-1.576827883720398,1.4576839208602903,3.0345118045806885,0.5520604848861694,0.1258557140827179,0.1887002289295196,0.6931437253952026,0.3428831696510315,0.3964896500110626,253116,1.0,5.8660642565655514e-08,0.9999998807907104,1.0,1.0,5.4036956242953245e-08,0.999999701976776,1.0,-0.6776841878890991,0.2804711163043976,-1.0,0.9999998807907104,,,,,136,0.4822104275226593,1
gaze_pupil,Gaze x/y plus pupil nodes with temporal and spatial graph relations.,multiclass_table6_valence_3class,Table-6 Valence,subject_kfold,HeteroGCNMLPWeights,HeteroGCNMLPWeights,skf_1_P17_P20_P8,results/quick_v1_v2_comparison/2026-06-12_16-29-08/model_runs/gaze_pupil/2026-06-12_17-31-09,results/quick_v1_v2_comparison/2026-06-12_16-29-08/model_runs/gaze_pupil/2026-06-12_17-31-09/multiclass_table6_valence_3class_emotion-elicitation_2026-06-12_17-32-28,results/quick_v1_v2_comparison/2026-06-12_16-29-08/model_runs/gaze_pupil/2026-06-12_17-31-09/multiclass_table6_valence_3class_emotion-elicitation_2026-06-12_17-32-28/subject_kfold/skf_1_P17_P20_P8/gnn/HeteroGCNMLPWeights/gnn_fold_diagnostics.csv,train,-0.0194311589002609,0.4950574338436126,-1.4034274816513062,1.4106842279434204,2.8141117095947266,0.6003755331039429,0.0969813540577888,0.2174132764339447,0.6931470632553101,0.3518951833248138,0.38974729180336,10000,-0.9989356398582458,0.0461263693869113,-1.0,1.0,-0.9990094304084778,0.0444983579218387,-1.0,1.0,-0.6787892580032349,0.2824715375900268,-1.0,0.9999996423721312,,,,,41,0.667667031288147,1
gaze_pupil,Gaze x/y plus pupil nodes with temporal and spatial graph relations.,multiclass_table6_valence_3class,Table-6 Valence,subject_kfold,HeteroGCNMLPWeights,HeteroGCNMLPWeights,skf_1_P17_P20_P8,results/quick_v1_v2_comparison/2026-06-12_16-29-08/model_runs/gaze_pupil/2026-06-12_17-31-09,results/quick_v1_v2_comparison/2026-06-12_16-29-08/model_runs/gaze_pupil/2026-06-12_17-31-09/multiclass_table6_valence_3class_emotion-elicitation_2026-06-12_17-32-28,results/quick_v1_v2_comparison/2026-06-12_16-29-08/model_runs/gaze_pupil/2026-06-12_17-31-09/multiclass_table6_valence_3class_emotion-elicitation_2026-06-12_17-32-28/subject_kfold/skf_1_P17_P20_P8/gnn/HeteroGCNMLPWeights/gnn_fold_diagnostics.csv,val,-0.0131736723706126,0.4351024031639099,-1.0865706205368042,0.9201130867004396,2.006683707237244,0.6174378395080566,0.0790305659174919,0.3919608891010284,0.6931467652320862,0.2523579001426697,0.5237663388252258,18721,-0.9995748400688172,0.0291576143354177,-1.0,1.0,-0.9994588494300842,0.0328932851552963,-1.0,1.0,-0.6747516989707947,0.2828158438205719,-1.0,-0.0133501896634697,,,,,41,0.667667031288147,1
gaze_pupil,Gaze x/y plus pupil nodes with temporal and spatial graph relations.,multiclass_table6_valence_3class,Table-6 Valence,subject_kfold,HeteroGCNMLPWeights,HeteroGCNMLPWeights,skf_1_P17_P20_P8,results/quick_v1_v2_comparison/2026-06-12_16-29-08/model_runs/gaze_pupil/2026-06-12_17-31-09,results/quick_v1_v2_comparison/2026-06-12_16-29-08/model_runs/gaze_pupil/2026-06-12_17-31-09/multiclass_table6_valence_3class_emotion-elicitation_2026-06-12_17-32-28,results/quick_v1_v2_comparison/2026-06-12_16-29-08/model_runs/gaze_pupil/2026-06-12_17-31-09/multiclass_table6_valence_3class_emotion-elicitation_2026-06-12_17-32-28/subject_kfold/skf_1_P17_P20_P8/gnn/HeteroGCNMLPWeights/gnn_fold_diagnostics.csv,test,0.0313740894198417,0.4007290601730346,-1.313570261001587,1.1882895231246948,2.5018597841262817,0.6288496851921082,0.0785481482744216,0.2986907958984375,0.6931469440460205,0.2547107636928558,0.5696027874946594,131841,-0.9995662569999696,0.0294498801231384,-1.0,1.0,-0.9996103644371032,0.0279126074165105,-1.0,1.0,-0.672036349773407,0.2859379947185516,-1.0,0.999999463558197,,,,,41,0.667667031288147,1
gaze_pupil,Gaze x/y plus pupil nodes with temporal and spatial graph relations.,multiclass_table6_valence_3class,Table-6 Valence,subject_kfold,HeteroGCNMLPWeights,HeteroGCNMLPWeights,skf_2_P13_P28_P30,results/quick_v1_v2_comparison/2026-06-12_16-29-08/model_runs/gaze_pupil/2026-06-12_17-31-09,results/quick_v1_v2_comparison/2026-06-12_16-29-08/model_runs/gaze_pupil/2026-06-12_17-31-09/multiclass_table6_valence_3class_emotion-elicitation_2026-06-12_17-32-28,results/quick_v1_v2_comparison/2026-06-12_16-29-08/model_runs/gaze_pupil/2026-06-12_17-31-09/multiclass_table6_valence_3class_emotion-elicitation_2026-06-12_17-32-28/subject_kfold/skf_2_P13_P28_P30/gnn/HeteroGCNMLPWeights/gnn_fold_diagnostics.csv,train,0.0109546137973666,0.5164206027984619,-1.26087749004364,1.6106013059616089,2.871478796005249,0.5937004089355469,0.097929336130619,0.2515296936035156,0.6931471824645996,0.4157982170581817,0.265868604183197,10000,-1.0,0.0,-1.0,-1.0,-1.0,0.0,-1.0,-1.0,0.6783037185668945,0.280213713645935,0.1069713160395622,1.0,,,,,40,0.6125226616859436,1
gaze_pupil,Gaze x/y plus pupil nodes with temporal and spatial graph relations.,multiclass_table6_valence_3class,Table-6 Valence,subject_kfold,HeteroGCNMLPWeights,HeteroGCNMLPWeights,skf_2_P13_P28_P30,results/quick_v1_v2_comparison/2026-06-12_16-29-08/model_runs/gaze_pupil/2026-06-12_17-31-09,results/quick_v1_v2_comparison/2026-06-12_16-29-08/model_runs/gaze_pupil/2026-06-12_17-31-09/multiclass_table6_valence_3class_emotion-elicitation_2026-06-12_17-32-28,results/quick_v1_v2_comparison/2026-06-12_16-29-08/model_runs/gaze_pupil/2026-06-12_17-31-09/multiclass_table6_valence_3class_emotion-elicitation_2026-06-12_17-32-28/subject_kfold/skf_2_P13_P28_P30/gnn/HeteroGCNMLPWeights/gnn_fold_diagnostics.csv,val,-0.0390485189855098,0.366476446390152,-1.0065481662750244,1.2051172256469729,2.211665391921997,0.6388614177703857,0.0630425885319709,0.3855313956737518,0.6931381821632385,0.2862427234649658,0.465126484632492,12246,-1.0,0.0,-1.0,-1.0,-1.0,0.0,-1.0,-1.0,0.6605314016342163,0.2899452447891235,0.1230046153068542,1.0,,,,,40,0.6125226616859436,1
gaze_pupil,Gaze x/y plus pupil nodes with temporal and spatial graph relations.,multiclass_table6_valence_3class,Table-6 Valence,subject_kfold,HeteroGCNMLPWeights,HeteroGCNMLPWeights,skf_2_P13_P28_P30,results/quick_v1_v2_comparison/2026-06-12_16-29-08/model_runs/gaze_pupil/2026-06-12_17-31-09,results/quick_v1_v2_comparison/2026-06-12_16-29-08/model_runs/gaze_pupil/2026-06-12_17-31-09/multiclass_table6_valence_3class_emotion-elicitation_2026-06-12_17-32-28,results/quick_v1_v2_comparison/2026-06-12_16-29-08/model_runs/gaze_pupil/2026-06-12_17-31-09/multiclass_table6_valence_3class_emotion-elicitation_2026-06-12_17-32-28/subject_kfold/skf_2_P13_P28_P30/gnn/HeteroGCNMLPWeights/gnn_fold_diagnostics.csv,test,0.006647702306509,0.5554291605949402,-1.3541072607040403,1.7745773792266846,3.128684639930725,0.5846201777458191,0.1101073771715164,0.2209998816251754,0.6931469440460205,0.4134329259395599,0.3088496625423431,118341,-1.0,0.0,-1.0,-1.0,-1.0,0.0,-1.0,-1.0,0.6800845861434937,0.2800326347351074,0.1414071023464203,1.0,,,,,40,0.6125226616859436,1
gaze_pupil,Gaze x/y plus pupil nodes with temporal and spatial graph relations.,multiclass_table6_valence_3class,Table-6 Valence,subject_kfold,HeteroGCNMLPWeights,HeteroGCNMLPWeights,skf_3_P19_P22_P4,results/quick_v1_v2_comparison/2026-06-12_16-29-08/model_runs/gaze_pupil/2026-06-12_17-31-09,results/quick_v1_v2_comparison/2026-06-12_16-29-08/model_runs/gaze_pupil/2026-06-12_17-31-09/multiclass_table6_valence_3class_emotion-elicitation_2026-06-12_17-32-28,results/quick_v1_v2_comparison/2026-06-12_16-29-08/model_runs/gaze_pupil/2026-06-12_17-31-09/multiclass_table6_valence_3class_emotion-elicitation_2026-06-12_17-32-28/subject_kfold/skf_3_P19_P22_P4/gnn/HeteroGCNMLPWeights/gnn_fold_diagnostics.csv,train,0.0900921747088432,0.4022536873817444,-1.0905959606170654,1.1743556261062622,2.264951586723328,0.6254028677940369,0.0664111822843551,0.3779570460319519,0.6931470632553101,0.4136897921562195,0.2772319614887237,10000,-1.0,0.0,-1.0,-1.0,-1.0,0.0,-1.0,-1.0,-0.6689552068710327,0.3016075193881988,-1.0,1.0,,,,,23,0.5307930707931519,1
gaze_pupil,Gaze x/y plus pupil nodes with temporal and spatial graph relations.,multiclass_table6_valence_3class,Table-6 Valence,subject_kfold,HeteroGCNMLPWeights,HeteroGCNMLPWeights,skf_3_P19_P22_P4,results/quick_v1_v2_comparison/2026-06-12_16-29-08/model_runs/gaze_pupil/2026-06-12_17-31-09,results/quick_v1_v2_comparison/2026-06-12_16-29-08/model_runs/gaze_pupil/2026-06-12_17-31-09/multiclass_table6_valence_3class_emotion-elicitation_2026-06-12_17-32-28,results/quick_v1_v2_comparison/2026-06-12_16-29-08/model_runs/gaze_pupil/2026-06-12_17-31-09/multiclass_table6_valence_3class_emotion-elicitation_2026-06-12_17-32-28/subject_kfold/skf_3_P19_P22_P4/gnn/HeteroGCNMLPWeights/gnn_fold_diagnostics.csv,val,0.0482012666761875,0.4673111736774444,-1.021287441253662,0.9780080914497375,1.9992955327034,0.604867160320282,0.081757940351963,0.3694778382778168,0.6931237578392029,0.3275676071643829,0.3765744268894195,16471,-1.0,0.0,-1.0,-1.0,-1.0,0.0,-1.0,-1.0,-0.6810382008552551,0.3108542561531067,-1.0,1.0,,,,,23,0.5307930707931519,1
gaze_pupil,Gaze x/y plus pupil nodes with temporal and spatial graph relations.,multiclass_table6_valence_3class,Table-6 Valence,subject_kfold,HeteroGCNMLPWeights,HeteroGCNMLPWeights,skf_3_P19_P22_P4,results/quick_v1_v2_comparison/2026-06-12_16-29-08/model_runs/gaze_pupil/2026-06-12_17-31-09,results/quick_v1_v2_comparison/2026-06-12_16-29-08/model_runs/gaze_pupil/2026-06-12_17-31-09/multiclass_table6_valence_3class_emotion-elicitation_2026-06-12_17-32-28,results/quick_v1_v2_comparison/2026-06-12_16-29-08/model_runs/gaze_pupil/2026-06-12_17-31-09/multiclass_table6_valence_3class_emotion-elicitation_2026-06-12_17-32-28/subject_kfold/skf_3_P19_P22_P4/gnn/HeteroGCNMLPWeights/gnn_fold_diagnostics.csv,test,0.1020475253462791,0.3489880859851837,-0.8089390993118286,0.941336750984192,1.7502758502960205,0.6411053538322449,0.0540257766842842,0.4415452778339386,0.6931471824645996,0.3364371061325073,0.3534275889396667,109746,-1.0,0.0,-1.0,-1.0,-1.0,0.0,-1.0,-1.0,-0.6678934097290039,0.3001134097576141,-1.0,1.0,,,,,23,0.5307930707931519,1
gaze_pupil,Gaze x/y plus pupil nodes with temporal and spatial graph relations.,multiclass_table6_valence_3class,Table-6 Valence,subject_kfold,HeteroGCNMLPWeights,HeteroGCNMLPWeights,skf_4_P10_P16_P5,results/quick_v1_v2_comparison/2026-06-12_16-29-08/model_runs/gaze_pupil/2026-06-12_17-31-09,results/quick_v1_v2_comparison/2026-06-12_16-29-08/model_runs/gaze_pupil/2026-06-12_17-31-09/multiclass_table6_valence_3class_emotion-elicitation_2026-06-12_17-32-28,results/quick_v1_v2_comparison/2026-06-12_16-29-08/model_runs/gaze_pupil/2026-06-12_17-31-09/multiclass_table6_valence_3class_emotion-elicitation_2026-06-12_17-32-28/subject_kfold/skf_4_P10_P16_P5/gnn/HeteroGCNMLPWeights/gnn_fold_diagnostics.csv,train,-0.0486265011131763,0.5966892838478088,-2.078237533569336,1.9560530185699463,4.034290552139282,0.5768183469772339,0.1336460560560226,0.0893331915140152,0.6931471824645996,0.3455309867858886,0.2781873047351837,10000,-1.0,0.0,-1.0,-1.0,-1.0,0.0,-1.0,-1.0,0.6774388551712036,0.2818959355354309,-0.9999998211860656,1.0,,,,,72,0.5236245393753052,1
gaze_pupil,Gaze x/y plus pupil nodes with temporal and spatial graph relations.,multiclass_table6_valence_3class,Table-6 Valence,subject_kfold,HeteroGCNMLPWeights,HeteroGCNMLPWeights,skf_4_P10_P16_P5,results/quick_v1_v2_comparison/2026-06-12_16-29-08/model_runs/gaze_pupil/2026-06-12_17-31-09,results/quick_v1_v2_comparison/2026-06-12_16-29-08/model_runs/gaze_pupil/2026-06-12_17-31-09/multiclass_table6_valence_3class_emotion-elicitation_2026-06-12_17-32-28,results/quick_v1_v2_comparison/2026-06-12_16-29-08/model_runs/gaze_pupil/2026-06-12_17-31-09/multiclass_table6_valence_3class_emotion-elicitation_2026-06-12_17-32-28/subject_kfold/skf_4_P10_P16_P5/gnn/HeteroGCNMLPWeights/gnn_fold_diagnostics.csv,val,-0.0239080544561147,0.570731520652771,-1.377408504486084,1.1518131494522097,2.529221653938293,0.5754903554916382,0.1178426444530487,0.2705631852149963,0.6931471824645996,0.2519337236881256,0.4514371752738952,11325,-1.0,0.0,-1.0,-1.0,-1.0,0.0,-1.0,-1.0,0.6736911535263062,0.2824646532535553,0.0197629984468221,1.0,,,,,72,0.5236245393753052,1
gaze_pupil,Gaze x/y plus pupil nodes with temporal and spatial graph relations.,multiclass_table6_valence_3class,Table-6 Valence,subject_kfold,HeteroGCNMLPWeights,HeteroGCNMLPWeights,skf_4_P10_P16_P5,results/quick_v1_v2_comparison/2026-06-12_16-29-08/model_runs/gaze_pupil/2026-06-12_17-31-09,results/quick_v1_v2_comparison/2026-06-12_16-29-08/model_runs/gaze_pupil/2026-06-12_17-31-09/multiclass_table6_valence_3class_emotion-elicitation_2026-06-12_17-32-28,results/quick_v1_v2_comparison/2026-06-12_16-29-08/model_runs/gaze_pupil/2026-06-12_17-31-09/multiclass_table6_valence_3class_emotion-elicitation_2026-06-12_17-32-28/subject_kfold/skf_4_P10_P16_P5/gnn/HeteroGCNMLPWeights/gnn_fold_diagnostics.csv,test,-0.0503744818270206,0.5125589966773987,-1.8676767349243164,1.69035804271698,3.5580347776412964,0.6012392044067383,0.1117677390575409,0.1269813627004623,0.6931455135345459,0.3171223998069763,0.2964029908180237,128271,-1.0,0.0,-1.0,-1.0,-1.0,0.0,-1.0,-1.0,0.6804675459861755,0.2797118425369262,-0.9999998211860656,1.0,,,,,72,0.5236245393753052,1
gaze_pupil,Gaze x/y plus pupil nodes with temporal and spatial graph relations.,multiclass_table6_valence_3class,Table-6 Valence,subject_kfold,HeteroGCNMLPWeights,HeteroGCNMLPWeights,skf_5_P21_P23_P24,results/quick_v1_v2_comparison/2026-06-12_16-29-08/model_runs/gaze_pupil/2026-06-12_17-31-09,results/quick_v1_v2_comparison/2026-06-12_16-29-08/model_runs/gaze_pupil/2026-06-12_17-31-09/multiclass_table6_valence_3class_emotion-elicitation_2026-06-12_17-32-28,results/quick_v1_v2_comparison/2026-06-12_16-29-08/model_runs/gaze_pupil/2026-06-12_17-31-09/multiclass_table6_valence_3class_emotion-elicitation_2026-06-12_17-32-28/subject_kfold/skf_5_P21_P23_P24/gnn/HeteroGCNMLPWeights/gnn_fold_diagnostics.csv,train,-0.1520639061927795,0.8351436257362366,-3.1357421875,2.6816766262054443,5.817418813705444,0.5058754086494446,0.1759956181049347,0.0202994290739297,0.6931471824645996,0.3466869592666626,0.2561491131782532,10000,-1.0,0.0,-1.0,-1.0,-1.0,0.0,-1.0,-1.0,-0.6778998374938965,0.2806079387664795,-1.0,1.0,,,,,165,0.4382895827293396,1
gaze_pupil,Gaze x/y plus pupil nodes with temporal and spatial graph relations.,multiclass_table6_valence_3class,Table-6 Valence,subject_kfold,HeteroGCNMLPWeights,HeteroGCNMLPWeights,skf_5_P21_P23_P24,results/quick_v1_v2_comparison/2026-06-12_16-29-08/model_runs/gaze_pupil/2026-06-12_17-31-09,results/quick_v1_v2_comparison/2026-06-12_16-29-08/model_runs/gaze_pupil/2026-06-12_17-31-09/multiclass_table6_valence_3class_emotion-elicitation_2026-06-12_17-32-28,results/quick_v1_v2_comparison/2026-06-12_16-29-08/model_runs/gaze_pupil/2026-06-12_17-31-09/multiclass_table6_valence_3class_emotion-elicitation_2026-06-12_17-32-28/subject_kfold/skf_5_P21_P23_P24/gnn/HeteroGCNMLPWeights/gnn_fold_diagnostics.csv,val,-0.1354829519987106,0.8972344398498535,-2.8097729682922363,2.295849084854126,5.105622053146362,0.485178530216217,0.1793701499700546,0.0368108414113521,0.6931171417236328,0.3591272234916687,0.2705588340759277,11175,-1.0,0.0,-1.0,-1.0,-1.0,0.0,-1.0,-1.0,-0.6740164756774902,0.2822437584400177,-1.0,1.0,,,,,165,0.4382895827293396,1
gaze_pupil,Gaze x/y plus pupil nodes with temporal and spatial graph relations.,multiclass_table6_valence_3class,Table-6 Valence,subject_kfold,HeteroGCNMLPWeights,HeteroGCNMLPWeights,skf_5_P21_P23_P24,results/quick_v1_v2_comparison/2026-06-12_16-29-08/model_runs/gaze_pupil/2026-06-12_17-31-09,results/quick_v1_v2_comparison/2026-06-12_16-29-08/model_runs/gaze_pupil/2026-06-12_17-31-09/multiclass_table6_valence_3class_emotion-elicitation_2026-06-12_17-32-28,results/quick_v1_v2_comparison/2026-06-12_16-29-08/model_runs/gaze_pupil/2026-06-12_17-31-09/multiclass_table6_valence_3class_emotion-elicitation_2026-06-12_17-32-28/subject_kfold/skf_5_P21_P23_P24/gnn/HeteroGCNMLPWeights/gnn_fold_diagnostics.csv,test,-0.1356788426637649,0.9153791069984436,-3.5703015327453613,3.06032395362854,6.630625486373901,0.4981954991817474,0.1896851807832718,0.0100549347698688,0.6931462287902832,0.3948706984519958,0.2246373295783996,132355,-1.0,0.0,-1.0,-1.0,-1.0,0.0,-1.0,-1.0,-0.6775426864624023,0.2807729542255401,-1.0,1.0,,,,,165,0.4382895827293396,1
gaze_pupil,Gaze x/y plus pupil nodes with temporal and spatial graph relations.,multiclass_table6_valence_3class,Table-6 Valence,subject_kfold,HeteroGCNMLPWeights,HeteroGCNMLPWeights,skf_6_P18_P29_P7,results/quick_v1_v2_comparison/2026-06-12_16-29-08/model_runs/gaze_pupil/2026-06-12_17-31-09,results/quick_v1_v2_comparison/2026-06-12_16-29-08/model_runs/gaze_pupil/2026-06-12_17-31-09/multiclass_table6_valence_3class_emotion-elicitation_2026-06-12_17-32-28,results/quick_v1_v2_comparison/2026-06-12_16-29-08/model_runs/gaze_pupil/2026-06-12_17-31-09/multiclass_table6_valence_3class_emotion-elicitation_2026-06-12_17-32-28/subject_kfold/skf_6_P18_P29_P7/gnn/HeteroGCNMLPWeights/gnn_fold_diagnostics.csv,train,-0.0543966740369796,0.5246400833129883,-1.751597881317139,1.4638960361480713,3.21549391746521,0.5930309891700745,0.1091220900416374,0.1832195669412613,0.6931471824645996,0.3448922336101532,0.2891867756843567,10000,-1.0,0.0,-1.0,-1.0,-1.0,0.0,-1.0,-1.0,0.6773384809494019,0.2817370295524597,-0.9999998211860656,1.0,,,,,62,0.5278140306472778,1
gaze_pupil,Gaze x/y plus pupil nodes with temporal and spatial graph relations.,multiclass_table6_valence_3class,Table-6 Valence,subject_kfold,HeteroGCNMLPWeights,HeteroGCNMLPWeights,skf_6_P18_P29_P7,results/quick_v1_v2_comparison/2026-06-12_16-29-08/model_runs/gaze_pupil/2026-06-12_17-31-09,results/quick_v1_v2_comparison/2026-06-12_16-29-08/model_runs/gaze_pupil/2026-06-12_17-31-09/multiclass_table6_valence_3class_emotion-elicitation_2026-06-12_17-32-28,results/quick_v1_v2_comparison/2026-06-12_16-29-08/model_runs/gaze_pupil/2026-06-12_17-31-09/multiclass_table6_valence_3class_emotion-elicitation_2026-06-12_17-32-28/subject_kfold/skf_6_P18_P29_P7/gnn/HeteroGCNMLPWeights/gnn_fold_diagnostics.csv,val,-0.0255027897655963,0.5530644655227661,-1.4552457332611084,1.0825477838516235,2.537793517112732,0.5833991169929504,0.1183333098888397,0.2638290822505951,0.6931470632553101,0.2597696781158447,0.4427688121795654,11325,-1.0,0.0,-1.0,-1.0,-1.0,0.0,-1.0,-1.0,0.6736672520637512,0.2824712097644806,-0.9999971389770508,1.0,,,,,62,0.5278140306472778,1
gaze_pupil,Gaze x/y plus pupil nodes with temporal and spatial graph relations.,multiclass_table6_valence_3class,Table-6 Valence,subject_kfold,HeteroGCNMLPWeights,HeteroGCNMLPWeights,skf_6_P18_P29_P7,results/quick_v1_v2_comparison/2026-06-12_16-29-08/model_runs/gaze_pupil/2026-06-12_17-31-09,results/quick_v1_v2_comparison/2026-06-12_16-29-08/model_runs/gaze_pupil/2026-06-12_17-31-09/multiclass_table6_valence_3class_emotion-elicitation_2026-06-12_17-32-28,results/quick_v1_v2_comparison/2026-06-12_16-29-08/model_runs/gaze_pupil/2026-06-12_17-31-09/multiclass_table6_valence_3class_emotion-elicitation_2026-06-12_17-32-28/subject_kfold/skf_6_P18_P29_P7/gnn/HeteroGCNMLPWeights/gnn_fold_diagnostics.csv,test,-0.054084375500679,0.5880251526832581,-1.4621336460113523,1.5731890201568604,3.035322666168213,0.57133948802948,0.1234349235892295,0.1861258894205093,0.6931470632553101,0.2910081148147583,0.3673497140407562,115440,-1.0,0.0,-1.0,-1.0,-1.0,0.0,-1.0,-1.0,0.6811278462409973,0.2810180485248565,-0.9999998211860656,1.0,,,,,62,0.5278140306472778,1
pupil_only,Pupil left/right nodes with temporal graph relations only.,multiclass_table6_valence_3class,Table-6 Valence,subject_kfold,BasicGCN,BasicGCN,skf_0_P1_P14_P2_P27,results/quick_v1_v2_comparison/2026-06-12_16-29-08/model_runs/pupil_only/2026-06-12_17-16-23,results/quick_v1_v2_comparison/2026-06-12_16-29-08/model_runs/pupil_only/2026-06-12_17-16-23/multiclass_table6_valence_3class_emotion-elicitation_2026-06-12_17-17-35,results/quick_v1_v2_comparison/2026-06-12_16-29-08/model_runs/pupil_only/2026-06-12_17-16-23/multiclass_table6_valence_3class_emotion-elicitation_2026-06-12_17-17-35/subject_kfold/skf_0_P1_P14_P2_P27/gnn/BasicGCN/gnn_fold_diagnostics.csv,train,0.1169594600796699,0.2780695259571075,-0.6304137110710144,0.6319433450698853,1.2623570561408997,0.6584619283676147,0.0356021709740161,0.5447421669960022,0.6931470632553101,0.3306504487991333,0.4474242627620697,10000,,,,,,,,,,,,,,,,,4,0.6341814398765564,1
pupil_only,Pupil left/right nodes with temporal graph relations only.,multiclass_table6_valence_3class,Table-6 Valence,subject_kfold,BasicGCN,BasicGCN,skf_0_P1_P14_P2_P27,results/quick_v1_v2_comparison/2026-06-12_16-29-08/model_runs/pupil_only/2026-06-12_17-16-23,results/quick_v1_v2_comparison/2026-06-12_16-29-08/model_runs/pupil_only/2026-06-12_17-16-23/multiclass_table6_valence_3class_emotion-elicitation_2026-06-12_17-17-35,results/quick_v1_v2_comparison/2026-06-12_16-29-08/model_runs/pupil_only/2026-06-12_17-16-23/multiclass_table6_valence_3class_emotion-elicitation_2026-06-12_17-17-35/subject_kfold/skf_0_P1_P14_P2_P27/gnn/BasicGCN/gnn_fold_diagnostics.csv,val,0.1196837499737739,0.2889301180839538,-0.608669638633728,0.5871502161026001,1.195819854736328,0.656127393245697,0.0385994613170623,0.5514474511146545,0.6931464672088623,0.3122910857200622,0.475332111120224,11175,,,,,,,,,,,,,,,,,4,0.6341814398765564,1
pupil_only,Pupil left/right nodes with temporal graph relations only.,multiclass_table6_valence_3class,Table-6 Valence,subject_kfold,BasicGCN,BasicGCN,skf_0_P1_P14_P2_P27,results/quick_v1_v2_comparison/2026-06-12_16-29-08/model_runs/pupil_only/2026-06-12_17-16-23,results/quick_v1_v2_comparison/2026-06-12_16-29-08/model_runs/pupil_only/2026-06-12_17-16-23/multiclass_table6_valence_3class_emotion-elicitation_2026-06-12_17-17-35,results/quick_v1_v2_comparison/2026-06-12_16-29-08/model_runs/pupil_only/2026-06-12_17-16-23/multiclass_table6_valence_3class_emotion-elicitation_2026-06-12_17-17-35/subject_kfold/skf_0_P1_P14_P2_P27/gnn/BasicGCN/gnn_fold_diagnostics.csv,test,0.1101591810584068,0.2625260949134826,-0.5991293787956238,0.591747522354126,1.1908769011497498,0.6606822609901428,0.0190640464425086,0.5527938604354858,0.6931461095809937,0.195408895611763,0.693527102470398,253116,,,,,,,,,,,,,,,,,4,0.6341814398765564,1
pupil_only,Pupil left/right nodes with temporal graph relations only.,multiclass_table6_valence_3class,Table-6 Valence,subject_kfold,BasicGCN,BasicGCN,skf_1_P17_P20_P8,results/quick_v1_v2_comparison/2026-06-12_16-29-08/model_runs/pupil_only/2026-06-12_17-16-23,results/quick_v1_v2_comparison/2026-06-12_16-29-08/model_runs/pupil_only/2026-06-12_17-16-23/multiclass_table6_valence_3class_emotion-elicitation_2026-06-12_17-17-35,results/quick_v1_v2_comparison/2026-06-12_16-29-08/model_runs/pupil_only/2026-06-12_17-16-23/multiclass_table6_valence_3class_emotion-elicitation_2026-06-12_17-17-35/subject_kfold/skf_1_P17_P20_P8/gnn/BasicGCN/gnn_fold_diagnostics.csv,train,0.1268585473299026,0.3042169511318207,-0.7224379777908325,0.7143714427947998,1.4368094205856323,0.6521937847137451,0.043433777987957,0.5055899024009705,0.6931471824645996,0.3388952612876892,0.442307710647583,10000,,,,,,,,,,,,,,,,,6,0.6824749112129211,1
pupil_only,Pupil left/right nodes with temporal graph relations only.,multiclass_table6_valence_3class,Table-6 Valence,subject_kfold,BasicGCN,BasicGCN,skf_1_P17_P20_P8,results/quick_v1_v2_comparison/2026-06-12_16-29-08/model_runs/pupil_only/2026-06-12_17-16-23,results/quick_v1_v2_comparison/2026-06-12_16-29-08/model_runs/pupil_only/2026-06-12_17-16-23/multiclass_table6_valence_3class_emotion-elicitation_2026-06-12_17-17-35,results/quick_v1_v2_comparison/2026-06-12_16-29-08/model_runs/pupil_only/2026-06-12_17-16-23/multiclass_table6_valence_3class_emotion-elicitation_2026-06-12_17-17-35/subject_kfold/skf_1_P17_P20_P8/gnn/BasicGCN/gnn_fold_diagnostics.csv,val,0.1344405263662338,0.2406553924083709,-0.4313466250896454,0.649721622467041,1.0810682475566864,0.6662541031837463,0.0224259532988071,0.5659357905387878,0.6931450366973877,0.1810246706008911,0.6827413439750671,18721,,,,,,,,,,,,,,,,,6,0.6824749112129211,1
pupil_only,Pupil left/right nodes with temporal graph relations only.,multiclass_table6_valence_3class,Table-6 Valence,subject_kfold,BasicGCN,BasicGCN,skf_1_P17_P20_P8,results/quick_v1_v2_comparison/2026-06-12_16-29-08/model_runs/pupil_only/2026-06-12_17-16-23,results/quick_v1_v2_comparison/2026-06-12_16-29-08/model_runs/pupil_only/2026-06-12_17-16-23/multiclass_table6_valence_3class_emotion-elicitation_2026-06-12_17-17-35,results/quick_v1_v2_comparison/2026-06-12_16-29-08/model_runs/pupil_only/2026-06-12_17-16-23/multiclass_table6_valence_3class_emotion-elicitation_2026-06-12_17-17-35/subject_kfold/skf_1_P17_P20_P8/gnn/BasicGCN/gnn_fold_diagnostics.csv,test,0.116139642894268,0.3373595178127289,-0.6980271339416504,0.667763352394104,1.3657904863357544,0.6431133151054382,0.050203088670969,0.5087577700614929,0.693146824836731,0.2350814640522003,0.6105854511260986,131841,,,,,,,,,,,,,,,,,6,0.6824749112129211,1
pupil_only,Pupil left/right nodes with temporal graph relations only.,multiclass_table6_valence_3class,Table-6 Valence,subject_kfold,BasicGCN,BasicGCN,skf_2_P13_P28_P30,results/quick_v1_v2_comparison/2026-06-12_16-29-08/model_runs/pupil_only/2026-06-12_17-16-23,results/quick_v1_v2_comparison/2026-06-12_16-29-08/model_runs/pupil_only/2026-06-12_17-16-23/multiclass_table6_valence_3class_emotion-elicitation_2026-06-12_17-17-35,results/quick_v1_v2_comparison/2026-06-12_16-29-08/model_runs/pupil_only/2026-06-12_17-16-23/multiclass_table6_valence_3class_emotion-elicitation_2026-06-12_17-17-35/subject_kfold/skf_2_P13_P28_P30/gnn/BasicGCN/gnn_fold_diagnostics.csv,train,0.1172123327851295,0.2315756380558014,-0.5258995294570923,0.5008870959281921,1.0267866253852844,0.6688980460166931,0.0238071382045745,0.5902572274208069,0.6931471824645996,0.3179139792919159,0.480377048254013,10000,,,,,,,,,,,,,,,,,2,0.6648786664009094,1
pupil_only,Pupil left/right nodes with temporal graph relations only.,multiclass_table6_valence_3class,Table-6 Valence,subject_kfold,BasicGCN,BasicGCN,skf_2_P13_P28_P30,results/quick_v1_v2_comparison/2026-06-12_16-29-08/model_runs/pupil_only/2026-06-12_17-16-23,results/quick_v1_v2_comparison/2026-06-12_16-29-08/model_runs/pupil_only/2026-06-12_17-16-23/multiclass_table6_valence_3class_emotion-elicitation_2026-06-12_17-17-35,results/quick_v1_v2_comparison/2026-06-12_16-29-08/model_runs/pupil_only/2026-06-12_17-16-23/multiclass_table6_valence_3class_emotion-elicitation_2026-06-12_17-17-35/subject_kfold/skf_2_P13_P28_P30/gnn/BasicGCN/gnn_fold_diagnostics.csv,val,0.1032955721020698,0.2610273361206054,-0.490555077791214,0.4981006979942322,0.9886557757854462,0.662365198135376,0.0277523268014192,0.5923632979393005,0.6931471824645996,0.2108566015958786,0.6412631869316101,12246,,,,,,,,,,,,,,,,,2,0.6648786664009094,1
pupil_only,Pupil left/right nodes with temporal graph relations only.,multiclass_table6_valence_3class,Table-6 Valence,subject_kfold,BasicGCN,BasicGCN,skf_2_P13_P28_P30,results/quick_v1_v2_comparison/2026-06-12_16-29-08/model_runs/pupil_only/2026-06-12_17-16-23,results/quick_v1_v2_comparison/2026-06-12_16-29-08/model_runs/pupil_only/2026-06-12_17-16-23/multiclass_table6_valence_3class_emotion-elicitation_2026-06-12_17-17-35,results/quick_v1_v2_comparison/2026-06-12_16-29-08/model_runs/pupil_only/2026-06-12_17-16-23/multiclass_table6_valence_3class_emotion-elicitation_2026-06-12_17-17-35/subject_kfold/skf_2_P13_P28_P30/gnn/BasicGCN/gnn_fold_diagnostics.csv,test,0.1217440217733383,0.2023726105690002,-0.4342139065265655,0.4807919859886169,0.9150058925151824,0.6740108132362366,0.014866660349071,0.6012755036354065,0.6931465864181519,0.2436423748731613,0.6144421696662903,118341,,,,,,,,,,,,,,,,,2,0.6648786664009094,1
pupil_only,Pupil left/right nodes with temporal graph relations only.,multiclass_table6_valence_3class,Table-6 Valence,subject_kfold,BasicGCN,BasicGCN,skf_3_P19_P22_P4,results/quick_v1_v2_comparison/2026-06-12_16-29-08/model_runs/pupil_only/2026-06-12_17-16-23,results/quick_v1_v2_comparison/2026-06-12_16-29-08/model_runs/pupil_only/2026-06-12_17-16-23/multiclass_table6_valence_3class_emotion-elicitation_2026-06-12_17-17-35,results/quick_v1_v2_comparison/2026-06-12_16-29-08/model_runs/pupil_only/2026-06-12_17-16-23/multiclass_table6_valence_3class_emotion-elicitation_2026-06-12_17-17-35/subject_kfold/skf_3_P19_P22_P4/gnn/BasicGCN/gnn_fold_diagnostics.csv,train,0.1402541697025299,0.3450936377048492,-1.3660060167312622,1.1863234043121338,2.552329421043396,0.6460041403770447,0.0640561282634735,0.2611879110336303,0.6931471824645996,0.3237247765064239,0.4275481402873993,10000,,,,,,,,,,,,,,,,,73,0.5522142648696899,1
pupil_only,Pupil left/right nodes with temporal graph relations only.,multiclass_table6_valence_3class,Table-6 Valence,subject_kfold,BasicGCN,BasicGCN,skf_3_P19_P22_P4,results/quick_v1_v2_comparison/2026-06-12_16-29-08/model_runs/pupil_only/2026-06-12_17-16-23,results/quick_v1_v2_comparison/2026-06-12_16-29-08/model_runs/pupil_only/2026-06-12_17-16-23/multiclass_table6_valence_3class_emotion-elicitation_2026-06-12_17-17-35,results/quick_v1_v2_comparison/2026-06-12_16-29-08/model_runs/pupil_only/2026-06-12_17-16-23/multiclass_table6_valence_3class_emotion-elicitation_2026-06-12_17-17-35/subject_kfold/skf_3_P19_P22_P4/gnn/BasicGCN/gnn_fold_diagnostics.csv,val,0.143399104475975,0.4410419166088104,-1.1127195358276367,1.019301414489746,2.132020950317383,0.6193695664405823,0.0917998030781745,0.3398701250553131,0.6931366920471191,0.2484008222818374,0.5380250811576843,16653,,,,,,,,,,,,,,,,,73,0.5522142648696899,1
pupil_only,Pupil left/right nodes with temporal graph relations only.,multiclass_table6_valence_3class,Table-6 Valence,subject_kfold,BasicGCN,BasicGCN,skf_3_P19_P22_P4,results/quick_v1_v2_comparison/2026-06-12_16-29-08/model_runs/pupil_only/2026-06-12_17-16-23,results/quick_v1_v2_comparison/2026-06-12_16-29-08/model_runs/pupil_only/2026-06-12_17-16-23/multiclass_table6_valence_3class_emotion-elicitation_2026-06-12_17-17-35,results/quick_v1_v2_comparison/2026-06-12_16-29-08/model_runs/pupil_only/2026-06-12_17-16-23/multiclass_table6_valence_3class_emotion-elicitation_2026-06-12_17-17-35/subject_kfold/skf_3_P19_P22_P4/gnn/BasicGCN/gnn_fold_diagnostics.csv,test,0.1594312041997909,0.3043244779109955,-1.133220076560974,1.0713682174682615,2.204588294029236,0.6545026302337646,0.0507790483534336,0.3248801529407501,0.6931462287902832,0.2279586344957351,0.5642684698104858,112101,,,,,,,,,,,,,,,,,73,0.5522142648696899,1
pupil_only,Pupil left/right nodes with temporal graph relations only.,multiclass_table6_valence_3class,Table-6 Valence,subject_kfold,BasicGCN,BasicGCN,skf_4_P10_P16_P5,results/quick_v1_v2_comparison/2026-06-12_16-29-08/model_runs/pupil_only/2026-06-12_17-16-23,results/quick_v1_v2_comparison/2026-06-12_16-29-08/model_runs/pupil_only/2026-06-12_17-16-23/multiclass_table6_valence_3class_emotion-elicitation_2026-06-12_17-17-35,results/quick_v1_v2_comparison/2026-06-12_16-29-08/model_runs/pupil_only/2026-06-12_17-16-23/multiclass_table6_valence_3class_emotion-elicitation_2026-06-12_17-17-35/subject_kfold/skf_4_P10_P16_P5/gnn/BasicGCN/gnn_fold_diagnostics.csv,train,0.1307359635829925,0.3128420710563659,-0.7915523052215576,0.7883654832839966,1.5799177885055542,0.6506054401397705,0.0496747680008411,0.4734488427639007,0.6931471824645996,0.3374943733215332,0.449800044298172,10000,,,,,,,,,,,,,,,,,10,0.6312580704689026,1
pupil_only,Pupil left/right nodes with temporal graph relations only.,multiclass_table6_valence_3class,Table-6 Valence,subject_kfold,BasicGCN,BasicGCN,skf_4_P10_P16_P5,results/quick_v1_v2_comparison/2026-06-12_16-29-08/model_runs/pupil_only/2026-06-12_17-16-23,results/quick_v1_v2_comparison/2026-06-12_16-29-08/model_runs/pupil_only/2026-06-12_17-16-23/multiclass_table6_valence_3class_emotion-elicitation_2026-06-12_17-17-35,results/quick_v1_v2_comparison/2026-06-12_16-29-08/model_runs/pupil_only/2026-06-12_17-16-23/multiclass_table6_valence_3class_emotion-elicitation_2026-06-12_17-17-35/subject_kfold/skf_4_P10_P16_P5/gnn/BasicGCN/gnn_fold_diagnostics.csv,val,0.1299346387386322,0.2643856108188629,-0.7032591104507446,0.7004543542861938,1.4037134647369385,0.6611590385437012,0.0303788594901561,0.5025138258934021,0.6929866671562195,0.1862790882587433,0.7130034565925598,11325,,,,,,,,,,,,,,,,,10,0.6312580704689026,1
pupil_only,Pupil left/right nodes with temporal graph relations only.,multiclass_table6_valence_3class,Table-6 Valence,subject_kfold,BasicGCN,BasicGCN,skf_4_P10_P16_P5,results/quick_v1_v2_comparison/2026-06-12_16-29-08/model_runs/pupil_only/2026-06-12_17-16-23,results/quick_v1_v2_comparison/2026-06-12_16-29-08/model_runs/pupil_only/2026-06-12_17-16-23/multiclass_table6_valence_3class_emotion-elicitation_2026-06-12_17-17-35,results/quick_v1_v2_comparison/2026-06-12_16-29-08/model_runs/pupil_only/2026-06-12_17-16-23/multiclass_table6_valence_3class_emotion-elicitation_2026-06-12_17-17-35/subject_kfold/skf_4_P10_P16_P5/gnn/BasicGCN/gnn_fold_diagnostics.csv,test,0.14004847407341,0.270885169506073,-0.7580704689025879,0.7249526977539062,1.483023166656494,0.6608141660690308,0.0424961894750595,0.4834561347961426,0.6931470632553101,0.2455735653638839,0.5669535994529724,128778,,,,,,,,,,,,,,,,,10,0.6312580704689026,1
pupil_only,Pupil left/right nodes with temporal graph relations only.,multiclass_table6_valence_3class,Table-6 Valence,subject_kfold,BasicGCN,BasicGCN,skf_5_P21_P23_P24,results/quick_v1_v2_comparison/2026-06-12_16-29-08/model_runs/pupil_only/2026-06-12_17-16-23,results/quick_v1_v2_comparison/2026-06-12_16-29-08/model_runs/pupil_only/2026-06-12_17-16-23/multiclass_table6_valence_3class_emotion-elicitation_2026-06-12_17-17-35,results/quick_v1_v2_comparison/2026-06-12_16-29-08/model_runs/pupil_only/2026-06-12_17-16-23/multiclass_table6_valence_3class_emotion-elicitation_2026-06-12_17-17-35/subject_kfold/skf_5_P21_P23_P24/gnn/BasicGCN/gnn_fold_diagnostics.csv,train,0.113199271261692,0.2754600048065185,-0.6249645352363586,0.6004956364631653,1.225460171699524,0.6588436961174011,0.033606681972742,0.5473922491073608,0.6931471824645996,0.3285852372646332,0.4596163928508758,10000,,,,,,,,,,,,,,,,,3,0.641832172870636,1
pupil_only,Pupil left/right nodes with temporal graph relations only.,multiclass_table6_valence_3class,Table-6 Valence,subject_kfold,BasicGCN,BasicGCN,skf_5_P21_P23_P24,results/quick_v1_v2_comparison/2026-06-12_16-29-08/model_runs/pupil_only/2026-06-12_17-16-23,results/quick_v1_v2_comparison/2026-06-12_16-29-08/model_runs/pupil_only/2026-06-12_17-16-23/multiclass_table6_valence_3class_emotion-elicitation_2026-06-12_17-17-35,results/quick_v1_v2_comparison/2026-06-12_16-29-08/model_runs/pupil_only/2026-06-12_17-16-23/multiclass_table6_valence_3class_emotion-elicitation_2026-06-12_17-17-35/subject_kfold/skf_5_P21_P23_P24/gnn/BasicGCN/gnn_fold_diagnostics.csv,val,0.1119893416762352,0.3008788526058197,-0.6129794716835022,0.560663104057312,1.1736425757408142,0.6533648371696472,0.0409676879644393,0.5531179308891296,0.6931471824645996,0.3149232268333435,0.4732021689414978,11175,,,,,,,,,,,,,,,,,3,0.641832172870636,1
pupil_only,Pupil left/right nodes with temporal graph relations only.,multiclass_table6_valence_3class,Table-6 Valence,subject_kfold,BasicGCN,BasicGCN,skf_5_P21_P23_P24,results/quick_v1_v2_comparison/2026-06-12_16-29-08/model_runs/pupil_only/2026-06-12_17-16-23,results/quick_v1_v2_comparison/2026-06-12_16-29-08/model_runs/pupil_only/2026-06-12_17-16-23/multiclass_table6_valence_3class_emotion-elicitation_2026-06-12_17-17-35,results/quick_v1_v2_comparison/2026-06-12_16-29-08/model_runs/pupil_only/2026-06-12_17-16-23/multiclass_table6_valence_3class_emotion-elicitation_2026-06-12_17-17-35/subject_kfold/skf_5_P21_P23_P24/gnn/BasicGCN/gnn_fold_diagnostics.csv,test,0.0973279625177383,0.3565221130847931,-0.6310978531837463,0.5960653424263,1.2271631956100464,0.6384479403495789,0.0494311712682247,0.5470864772796631,0.6931451559066772,0.3832911550998688,0.4124078452587127,132355,,,,,,,,,,,,,,,,,3,0.641832172870636,1
pupil_only,Pupil left/right nodes with temporal graph relations only.,multiclass_table6_valence_3class,Table-6 Valence,subject_kfold,BasicGCN,BasicGCN,skf_6_P18_P29_P7,results/quick_v1_v2_comparison/2026-06-12_16-29-08/model_runs/pupil_only/2026-06-12_17-16-23,results/quick_v1_v2_comparison/2026-06-12_16-29-08/model_runs/pupil_only/2026-06-12_17-16-23/multiclass_table6_valence_3class_emotion-elicitation_2026-06-12_17-17-35,results/quick_v1_v2_comparison/2026-06-12_16-29-08/model_runs/pupil_only/2026-06-12_17-16-23/multiclass_table6_valence_3class_emotion-elicitation_2026-06-12_17-17-35/subject_kfold/skf_6_P18_P29_P7/gnn/BasicGCN/gnn_fold_diagnostics.csv,train,0.12178485840559,0.2952248156070709,-0.745650053024292,0.7625611424446106,1.5082111954689026,0.6545897126197815,0.0420586392283439,0.4894398152828216,0.6931470632553101,0.3338886201381683,0.4519445300102234,10000,,,,,,,,,,,,,,,,,15,0.6354285478591919,1
pupil_only,Pupil left/right nodes with temporal graph relations only.,multiclass_table6_valence_3class,Table-6 Valence,subject_kfold,BasicGCN,BasicGCN,skf_6_P18_P29_P7,results/quick_v1_v2_comparison/2026-06-12_16-29-08/model_runs/pupil_only/2026-06-12_17-16-23,results/quick_v1_v2_comparison/2026-06-12_16-29-08/model_runs/pupil_only/2026-06-12_17-16-23/multiclass_table6_valence_3class_emotion-elicitation_2026-06-12_17-17-35,results/quick_v1_v2_comparison/2026-06-12_16-29-08/model_runs/pupil_only/2026-06-12_17-16-23/multiclass_table6_valence_3class_emotion-elicitation_2026-06-12_17-17-35/subject_kfold/skf_6_P18_P29_P7/gnn/BasicGCN/gnn_fold_diagnostics.csv,val,0.1165415793657302,0.2760316729545593,-0.6474087238311768,0.6618320345878601,1.3092407584190369,0.6578975915908813,0.0263405311852693,0.5249312520027161,0.692793607711792,0.1907697767019271,0.7049668431282043,11325,,,,,,,,,,,,,,,,,15,0.6354285478591919,1
pupil_only,Pupil left/right nodes with temporal graph relations only.,multiclass_table6_valence_3class,Table-6 Valence,subject_kfold,BasicGCN,BasicGCN,skf_6_P18_P29_P7,results/quick_v1_v2_comparison/2026-06-12_16-29-08/model_runs/pupil_only/2026-06-12_17-16-23,results/quick_v1_v2_comparison/2026-06-12_16-29-08/model_runs/pupil_only/2026-06-12_17-16-23/multiclass_table6_valence_3class_emotion-elicitation_2026-06-12_17-17-35,results/quick_v1_v2_comparison/2026-06-12_16-29-08/model_runs/pupil_only/2026-06-12_17-16-23/multiclass_table6_valence_3class_emotion-elicitation_2026-06-12_17-17-35/subject_kfold/skf_6_P18_P29_P7/gnn/BasicGCN/gnn_fold_diagnostics.csv,test,0.1176443919539451,0.3471403419971466,-0.7237262725830078,0.7017663717269897,1.4254926443099976,0.6410318613052368,0.054649144411087,0.4971532821655273,0.693146824836731,0.2754234969615936,0.5242102742195129,115921,,,,,,,,,,,,,,,,,15,0.6354285478591919,1
pupil_only,Pupil left/right nodes with temporal graph relations only.,multiclass_table6_valence_3class,Table-6 Valence,subject_kfold,HeteroGCNMean,HeteroGCNMean,skf_0_P1_P14_P2_P27,results/quick_v1_v2_comparison/2026-06-12_16-29-08/model_runs/pupil_only/2026-06-12_17-16-23,results/quick_v1_v2_comparison/2026-06-12_16-29-08/model_runs/pupil_only/2026-06-12_17-16-23/multiclass_table6_valence_3class_emotion-elicitation_2026-06-12_17-17-35,results/quick_v1_v2_comparison/2026-06-12_16-29-08/model_runs/pupil_only/2026-06-12_17-16-23/multiclass_table6_valence_3class_emotion-elicitation_2026-06-12_17-17-35/subject_kfold/skf_0_P1_P14_P2_P27/gnn/HeteroGCNMean/gnn_fold_diagnostics.csv,train,-0.1558038145303726,0.307718425989151,-0.6281222701072693,0.8616315722465515,1.4897538423538208,0.6538519263267517,0.0482783839106559,0.5088614225387573,0.6931471824645996,0.3167765438556671,0.5785556435585022,10000,,,,,,,,,,,,,,,,,7,0.6459951996803284,1
pupil_only,Pupil left/right nodes with temporal graph relations only.,multiclass_table6_valence_3class,Table-6 Valence,subject_kfold,HeteroGCNMean,HeteroGCNMean,skf_0_P1_P14_P2_P27,results/quick_v1_v2_comparison/2026-06-12_16-29-08/model_runs/pupil_only/2026-06-12_17-16-23,results/quick_v1_v2_comparison/2026-06-12_16-29-08/model_runs/pupil_only/2026-06-12_17-16-23/multiclass_table6_valence_3class_emotion-elicitation_2026-06-12_17-17-35,results/quick_v1_v2_comparison/2026-06-12_16-29-08/model_runs/pupil_only/2026-06-12_17-16-23/multiclass_table6_valence_3class_emotion-elicitation_2026-06-12_17-17-35/subject_kfold/skf_0_P1_P14_P2_P27/gnn/HeteroGCNMean/gnn_fold_diagnostics.csv,val,-0.1388449370861053,0.3695497810840606,-0.626492440700531,0.7267658114433289,1.35325825214386,0.6381577849388123,0.059168592095375,0.518766462802887,0.693131685256958,0.3285640180110931,0.5512158870697021,11175,,,,,,,,,,,,,,,,,7,0.6459951996803284,1
pupil_only,Pupil left/right nodes with temporal graph relations only.,multiclass_table6_valence_3class,Table-6 Valence,subject_kfold,HeteroGCNMean,HeteroGCNMean,skf_0_P1_P14_P2_P27,results/quick_v1_v2_comparison/2026-06-12_16-29-08/model_runs/pupil_only/2026-06-12_17-16-23,results/quick_v1_v2_comparison/2026-06-12_16-29-08/model_runs/pupil_only/2026-06-12_17-16-23/multiclass_table6_valence_3class_emotion-elicitation_2026-06-12_17-17-35,results/quick_v1_v2_comparison/2026-06-12_16-29-08/model_runs/pupil_only/2026-06-12_17-16-23/multiclass_table6_valence_3class_emotion-elicitation_2026-06-12_17-17-35/subject_kfold/skf_0_P1_P14_P2_P27/gnn/HeteroGCNMean/gnn_fold_diagnostics.csv,test,-0.216055616736412,0.245495319366455,-0.6287646889686584,0.6601270437240601,1.2888917326927185,0.6653931140899658,0.0208669230341911,0.5241012573242188,0.693143367767334,0.1447314769029617,0.8147903084754944,253116,,,,,,,,,,,,,,,,,7,0.6459951996803284,1
pupil_only,Pupil left/right nodes with temporal graph relations only.,multiclass_table6_valence_3class,Table-6 Valence,subject_kfold,HeteroGCNMean,HeteroGCNMean,skf_1_P17_P20_P8,results/quick_v1_v2_comparison/2026-06-12_16-29-08/model_runs/pupil_only/2026-06-12_17-16-23,results/quick_v1_v2_comparison/2026-06-12_16-29-08/model_runs/pupil_only/2026-06-12_17-16-23/multiclass_table6_valence_3class_emotion-elicitation_2026-06-12_17-17-35,results/quick_v1_v2_comparison/2026-06-12_16-29-08/model_runs/pupil_only/2026-06-12_17-16-23/multiclass_table6_valence_3class_emotion-elicitation_2026-06-12_17-17-35/subject_kfold/skf_1_P17_P20_P8/gnn/HeteroGCNMean/gnn_fold_diagnostics.csv,train,-0.0123802870512008,0.1660362482070922,-0.4209230244159698,0.4833728969097137,0.9042959213256836,0.6807776689529419,0.0114292278885841,0.6257610321044922,0.6931471228599548,0.3334353566169739,0.5053420662879944,10000,,,,,,,,,,,,,,,,,1,0.6599451303482056,1
pupil_only,Pupil left/right nodes with temporal graph relations only.,multiclass_table6_valence_3class,Table-6 Valence,subject_kfold,HeteroGCNMean,HeteroGCNMean,skf_1_P17_P20_P8,results/quick_v1_v2_comparison/2026-06-12_16-29-08/model_runs/pupil_only/2026-06-12_17-16-23,results/quick_v1_v2_comparison/2026-06-12_16-29-08/model_runs/pupil_only/2026-06-12_17-16-23/multiclass_table6_valence_3class_emotion-elicitation_2026-06-12_17-17-35,results/quick_v1_v2_comparison/2026-06-12_16-29-08/model_runs/pupil_only/2026-06-12_17-16-23/multiclass_table6_valence_3class_emotion-elicitation_2026-06-12_17-17-35/subject_kfold/skf_1_P17_P20_P8/gnn/HeteroGCNMean/gnn_fold_diagnostics.csv,val,-0.0234003607183694,0.1301050931215286,-0.252299040555954,0.2986699938774109,0.5509690344333649,0.6851940155029297,0.0076715126633644,0.6575713157653809,0.6931470632553101,0.2006112784147262,0.687764585018158,18721,,,,,,,,,,,,,,,,,1,0.6599451303482056,1
pupil_only,Pupil left/right nodes with temporal graph relations only.,multiclass_table6_valence_3class,Table-6 Valence,subject_kfold,HeteroGCNMean,HeteroGCNMean,skf_1_P17_P20_P8,results/quick_v1_v2_comparison/2026-06-12_16-29-08/model_runs/pupil_only/2026-06-12_17-16-23,results/quick_v1_v2_comparison/2026-06-12_16-29-08/model_runs/pupil_only/2026-06-12_17-16-23/multiclass_table6_valence_3class_emotion-elicitation_2026-06-12_17-17-35,results/quick_v1_v2_comparison/2026-06-12_16-29-08/model_runs/pupil_only/2026-06-12_17-16-23/multiclass_table6_valence_3class_emotion-elicitation_2026-06-12_17-17-35/subject_kfold/skf_1_P17_P20_P8/gnn/HeteroGCNMean/gnn_fold_diagnostics.csv,test,0.0098632667213678,0.1293263435363769,-0.3163467943668365,0.2443394213914871,0.5606862157583237,0.6854528784751892,0.007340682670474,0.6583110094070435,0.6931471824645996,0.2112432420253753,0.6998142004013062,131841,,,,,,,,,,,,,,,,,1,0.6599451303482056,1
pupil_only,Pupil left/right nodes with temporal graph relations only.,multiclass_table6_valence_3class,Table-6 Valence,subject_kfold,HeteroGCNMean,HeteroGCNMean,skf_2_P13_P28_P30,results/quick_v1_v2_comparison/2026-06-12_16-29-08/model_runs/pupil_only/2026-06-12_17-16-23,results/quick_v1_v2_comparison/2026-06-12_16-29-08/model_runs/pupil_only/2026-06-12_17-16-23/multiclass_table6_valence_3class_emotion-elicitation_2026-06-12_17-17-35,results/quick_v1_v2_comparison/2026-06-12_16-29-08/model_runs/pupil_only/2026-06-12_17-16-23/multiclass_table6_valence_3class_emotion-elicitation_2026-06-12_17-17-35/subject_kfold/skf_2_P13_P28_P30/gnn/HeteroGCNMean/gnn_fold_diagnostics.csv,train,0.0925528779625892,0.3184817731380462,-0.6100760698318481,1.0290688276290894,1.6391448974609375,0.6517015695571899,0.0498681738972663,0.4655700922012329,0.6931471824645996,0.340354323387146,0.5200492739677429,10000,,,,,,,,,,,,,,,,,21,0.6562745571136475,1
pupil_only,Pupil left/right nodes with temporal graph relations only.,multiclass_table6_valence_3class,Table-6 Valence,subject_kfold,HeteroGCNMean,HeteroGCNMean,skf_2_P13_P28_P30,results/quick_v1_v2_comparison/2026-06-12_16-29-08/model_runs/pupil_only/2026-06-12_17-16-23,results/quick_v1_v2_comparison/2026-06-12_16-29-08/model_runs/pupil_only/2026-06-12_17-16-23/multiclass_table6_valence_3class_emotion-elicitation_2026-06-12_17-17-35,results/quick_v1_v2_comparison/2026-06-12_16-29-08/model_runs/pupil_only/2026-06-12_17-16-23/multiclass_table6_valence_3class_emotion-elicitation_2026-06-12_17-17-35/subject_kfold/skf_2_P13_P28_P30/gnn/HeteroGCNMean/gnn_fold_diagnostics.csv,val,0.1171944886445999,0.3058299124240875,-0.5015194416046143,0.724108099937439,1.2256275415420532,0.6514695286750793,0.0411803275346756,0.535561740398407,0.6931408643722534,0.1863543838262558,0.7318102121353149,12246,,,,,,,,,,,,,,,,,21,0.6562745571136475,1
pupil_only,Pupil left/right nodes with temporal graph relations only.,multiclass_table6_valence_3class,Table-6 Valence,subject_kfold,HeteroGCNMean,HeteroGCNMean,skf_2_P13_P28_P30,results/quick_v1_v2_comparison/2026-06-12_16-29-08/model_runs/pupil_only/2026-06-12_17-16-23,results/quick_v1_v2_comparison/2026-06-12_16-29-08/model_runs/pupil_only/2026-06-12_17-16-23/multiclass_table6_valence_3class_emotion-elicitation_2026-06-12_17-17-35,results/quick_v1_v2_comparison/2026-06-12_16-29-08/model_runs/pupil_only/2026-06-12_17-16-23/multiclass_table6_valence_3class_emotion-elicitation_2026-06-12_17-17-35/subject_kfold/skf_2_P13_P28_P30/gnn/HeteroGCNMean/gnn_fold_diagnostics.csv,test,0.0723147541284561,0.3084325194358825,-0.5325267314910889,1.0259065628051758,1.5584332942962646,0.6575771570205688,0.0379373095929622,0.4643106460571289,0.6931464672088623,0.292763352394104,0.5775874853134155,118341,,,,,,,,,,,,,,,,,21,0.6562745571136475,1
pupil_only,Pupil left/right nodes with temporal graph relations only.,multiclass_table6_valence_3class,Table-6 Valence,subject_kfold,HeteroGCNMean,HeteroGCNMean,skf_3_P19_P22_P4,results/quick_v1_v2_comparison/2026-06-12_16-29-08/model_runs/pupil_only/2026-06-12_17-16-23,results/quick_v1_v2_comparison/2026-06-12_16-29-08/model_runs/pupil_only/2026-06-12_17-16-23/multiclass_table6_valence_3class_emotion-elicitation_2026-06-12_17-17-35,results/quick_v1_v2_comparison/2026-06-12_16-29-08/model_runs/pupil_only/2026-06-12_17-16-23/multiclass_table6_valence_3class_emotion-elicitation_2026-06-12_17-17-35/subject_kfold/skf_3_P19_P22_P4/gnn/HeteroGCNMean/gnn_fold_diagnostics.csv,train,-0.0999627560377121,0.3485900163650512,-1.1977351903915403,1.3097208738327026,2.507456064224243,0.6477877497673035,0.0679061263799667,0.2724981009960174,0.6931471824645996,0.3521707057952881,0.3826598525047302,10000,,,,,,,,,,,,,,,,,78,0.5453160405158997,1
pupil_only,Pupil left/right nodes with temporal graph relations only.,multiclass_table6_valence_3class,Table-6 Valence,subject_kfold,HeteroGCNMean,HeteroGCNMean,skf_3_P19_P22_P4,results/quick_v1_v2_comparison/2026-06-12_16-29-08/model_runs/pupil_only/2026-06-12_17-16-23,results/quick_v1_v2_comparison/2026-06-12_16-29-08/model_runs/pupil_only/2026-06-12_17-16-23/multiclass_table6_valence_3class_emotion-elicitation_2026-06-12_17-17-35,results/quick_v1_v2_comparison/2026-06-12_16-29-08/model_runs/pupil_only/2026-06-12_17-16-23/multiclass_table6_valence_3class_emotion-elicitation_2026-06-12_17-17-35/subject_kfold/skf_3_P19_P22_P4/gnn/HeteroGCNMean/gnn_fold_diagnostics.csv,val,-0.0598591156303882,0.442736953496933,-1.0281718969345093,1.128086805343628,2.156258702278137,0.6200660467147827,0.0964758694171905,0.3605878353118896,0.6931470036506653,0.259987324476242,0.4822031259536743,16653,,,,,,,,,,,,,,,,,78,0.5453160405158997,1
pupil_only,Pupil left/right nodes with temporal graph relations only.,multiclass_table6_valence_3class,Table-6 Valence,subject_kfold,HeteroGCNMean,HeteroGCNMean,skf_3_P19_P22_P4,results/quick_v1_v2_comparison/2026-06-12_16-29-08/model_runs/pupil_only/2026-06-12_17-16-23,results/quick_v1_v2_comparison/2026-06-12_16-29-08/model_runs/pupil_only/2026-06-12_17-16-23/multiclass_table6_valence_3class_emotion-elicitation_2026-06-12_17-17-35,results/quick_v1_v2_comparison/2026-06-12_16-29-08/model_runs/pupil_only/2026-06-12_17-16-23/multiclass_table6_valence_3class_emotion-elicitation_2026-06-12_17-17-35/subject_kfold/skf_3_P19_P22_P4/gnn/HeteroGCNMean/gnn_fold_diagnostics.csv,test,-0.0909977331757545,0.3088588416576385,-1.083642840385437,1.0982036590576172,2.181846499443054,0.6559318900108337,0.0544220656156539,0.3421769142150879,0.6931469440460205,0.2501846551895141,0.5072885155677795,112101,,,,,,,,,,,,,,,,,78,0.5453160405158997,1
pupil_only,Pupil left/right nodes with temporal graph relations only.,multiclass_table6_valence_3class,Table-6 Valence,subject_kfold,HeteroGCNMean,HeteroGCNMean,skf_4_P10_P16_P5,results/quick_v1_v2_comparison/2026-06-12_16-29-08/model_runs/pupil_only/2026-06-12_17-16-23,results/quick_v1_v2_comparison/2026-06-12_16-29-08/model_runs/pupil_only/2026-06-12_17-16-23/multiclass_table6_valence_3class_emotion-elicitation_2026-06-12_17-17-35,results/quick_v1_v2_comparison/2026-06-12_16-29-08/model_runs/pupil_only/2026-06-12_17-16-23/multiclass_table6_valence_3class_emotion-elicitation_2026-06-12_17-17-35/subject_kfold/skf_4_P10_P16_P5/gnn/HeteroGCNMean/gnn_fold_diagnostics.csv,train,0.0665113180875778,0.3745592534542084,-1.4135987758636477,1.155132293701172,2.56873106956482,0.6409292817115784,0.0821082815527916,0.2566758394241333,0.6931471824645996,0.4251945912837982,0.3755031824111938,10000,,,,,,,,,,,,,,,,,36,0.6323287487030029,1
pupil_only,Pupil left/right nodes with temporal graph relations only.,multiclass_table6_valence_3class,Table-6 Valence,subject_kfold,HeteroGCNMean,HeteroGCNMean,skf_4_P10_P16_P5,results/quick_v1_v2_comparison/2026-06-12_16-29-08/model_runs/pupil_only/2026-06-12_17-16-23,results/quick_v1_v2_comparison/2026-06-12_16-29-08/model_runs/pupil_only/2026-06-12_17-16-23/multiclass_table6_valence_3class_emotion-elicitation_2026-06-12_17-17-35,results/quick_v1_v2_comparison/2026-06-12_16-29-08/model_runs/pupil_only/2026-06-12_17-16-23/multiclass_table6_valence_3class_emotion-elicitation_2026-06-12_17-17-35/subject_kfold/skf_4_P10_P16_P5/gnn/HeteroGCNMean/gnn_fold_diagnostics.csv,val,0.0770129263401031,0.2699581384658813,-1.040477633476257,0.7156633138656616,1.756140947341919,0.6609774231910706,0.0350515581667423,0.4179518222808838,0.6931005716323853,0.2089841067790985,0.7063673734664917,11325,,,,,,,,,,,,,,,,,36,0.6323287487030029,1
pupil_only,Pupil left/right nodes with temporal graph relations only.,multiclass_table6_valence_3class,Table-6 Valence,subject_kfold,HeteroGCNMean,HeteroGCNMean,skf_4_P10_P16_P5,results/quick_v1_v2_comparison/2026-06-12_16-29-08/model_runs/pupil_only/2026-06-12_17-16-23,results/quick_v1_v2_comparison/2026-06-12_16-29-08/model_runs/pupil_only/2026-06-12_17-16-23/multiclass_table6_valence_3class_emotion-elicitation_2026-06-12_17-17-35,results/quick_v1_v2_comparison/2026-06-12_16-29-08/model_runs/pupil_only/2026-06-12_17-16-23/multiclass_table6_valence_3class_emotion-elicitation_2026-06-12_17-17-35/subject_kfold/skf_4_P10_P16_P5/gnn/HeteroGCNMean/gnn_fold_diagnostics.csv,test,0.0875915512442588,0.3252469003200531,-1.209362506866455,0.8836269378662109,2.092989444732666,0.6536033153533936,0.0729916244745254,0.3487648963928222,0.6931465864181519,0.3263483941555023,0.4877728521823883,128778,,,,,,,,,,,,,,,,,36,0.6323287487030029,1
pupil_only,Pupil left/right nodes with temporal graph relations only.,multiclass_table6_valence_3class,Table-6 Valence,subject_kfold,HeteroGCNMean,HeteroGCNMean,skf_5_P21_P23_P24,results/quick_v1_v2_comparison/2026-06-12_16-29-08/model_runs/pupil_only/2026-06-12_17-16-23,results/quick_v1_v2_comparison/2026-06-12_16-29-08/model_runs/pupil_only/2026-06-12_17-16-23/multiclass_table6_valence_3class_emotion-elicitation_2026-06-12_17-17-35,results/quick_v1_v2_comparison/2026-06-12_16-29-08/model_runs/pupil_only/2026-06-12_17-16-23/multiclass_table6_valence_3class_emotion-elicitation_2026-06-12_17-17-35/subject_kfold/skf_5_P21_P23_P24/gnn/HeteroGCNMean/gnn_fold_diagnostics.csv,train,0.0015351318288594,0.2554170191287994,-0.4763355851173401,0.4209520518779754,0.8972876369953156,0.6627458333969116,0.022744245827198,0.6060869097709656,0.6931471824645996,0.3520818948745727,0.4709174335002899,10000,,,,,,,,,,,,,,,,,5,0.6678416132926941,1
pupil_only,Pupil left/right nodes with temporal graph relations only.,multiclass_table6_valence_3class,Table-6 Valence,subject_kfold,HeteroGCNMean,HeteroGCNMean,skf_5_P21_P23_P24,results/quick_v1_v2_comparison/2026-06-12_16-29-08/model_runs/pupil_only/2026-06-12_17-16-23,results/quick_v1_v2_comparison/2026-06-12_16-29-08/model_runs/pupil_only/2026-06-12_17-16-23/multiclass_table6_valence_3class_emotion-elicitation_2026-06-12_17-17-35,results/quick_v1_v2_comparison/2026-06-12_16-29-08/model_runs/pupil_only/2026-06-12_17-16-23/multiclass_table6_valence_3class_emotion-elicitation_2026-06-12_17-17-35/subject_kfold/skf_5_P21_P23_P24/gnn/HeteroGCNMean/gnn_fold_diagnostics.csv,val,-0.015754260122776,0.2702938020229339,-0.4502752423286438,0.4163749516010284,0.8666501939296722,0.6592152118682861,0.0269958190619945,0.6156768202781677,0.6931471824645996,0.318052589893341,0.5340273380279541,11175,,,,,,,,,,,,,,,,,5,0.6678416132926941,1
pupil_only,Pupil left/right nodes with temporal graph relations only.,multiclass_table6_valence_3class,Table-6 Valence,subject_kfold,HeteroGCNMean,HeteroGCNMean,skf_5_P21_P23_P24,results/quick_v1_v2_comparison/2026-06-12_16-29-08/model_runs/pupil_only/2026-06-12_17-16-23,results/quick_v1_v2_comparison/2026-06-12_16-29-08/model_runs/pupil_only/2026-06-12_17-16-23/multiclass_table6_valence_3class_emotion-elicitation_2026-06-12_17-17-35,results/quick_v1_v2_comparison/2026-06-12_16-29-08/model_runs/pupil_only/2026-06-12_17-16-23/multiclass_table6_valence_3class_emotion-elicitation_2026-06-12_17-17-35/subject_kfold/skf_5_P21_P23_P24/gnn/HeteroGCNMean/gnn_fold_diagnostics.csv,test,-0.0038335837889462,0.2876192033290863,-0.5528790950775146,0.4214596748352051,0.9743387699127196,0.655218780040741,0.0262585487216711,0.6079193353652954,0.6931471228599548,0.3457792401313782,0.5303748250007629,132355,,,,,,,,,,,,,,,,,5,0.6678416132926941,1
pupil_only,Pupil left/right nodes with temporal graph relations only.,multiclass_table6_valence_3class,Table-6 Valence,subject_kfold,HeteroGCNMean,HeteroGCNMean,skf_6_P18_P29_P7,results/quick_v1_v2_comparison/2026-06-12_16-29-08/model_runs/pupil_only/2026-06-12_17-16-23,results/quick_v1_v2_comparison/2026-06-12_16-29-08/model_runs/pupil_only/2026-06-12_17-16-23/multiclass_table6_valence_3class_emotion-elicitation_2026-06-12_17-17-35,results/quick_v1_v2_comparison/2026-06-12_16-29-08/model_runs/pupil_only/2026-06-12_17-16-23/multiclass_table6_valence_3class_emotion-elicitation_2026-06-12_17-17-35/subject_kfold/skf_6_P18_P29_P7/gnn/HeteroGCNMean/gnn_fold_diagnostics.csv,train,-0.0749886706471443,0.3164471983909607,-0.9429376125335692,0.8479629755020142,1.7909005880355835,0.6504470705986023,0.054302304983139,0.4146866798400879,0.6931471824645996,0.3280830681324005,0.4555475115776062,10000,,,,,,,,,,,,,,,,,38,0.6347989439964294,1
pupil_only,Pupil left/right nodes with temporal graph relations only.,multiclass_table6_valence_3class,Table-6 Valence,subject_kfold,HeteroGCNMean,HeteroGCNMean,skf_6_P18_P29_P7,results/quick_v1_v2_comparison/2026-06-12_16-29-08/model_runs/pupil_only/2026-06-12_17-16-23,results/quick_v1_v2_comparison/2026-06-12_16-29-08/model_runs/pupil_only/2026-06-12_17-16-23/multiclass_table6_valence_3class_emotion-elicitation_2026-06-12_17-17-35,results/quick_v1_v2_comparison/2026-06-12_16-29-08/model_runs/pupil_only/2026-06-12_17-16-23/multiclass_table6_valence_3class_emotion-elicitation_2026-06-12_17-17-35/subject_kfold/skf_6_P18_P29_P7/gnn/HeteroGCNMean/gnn_fold_diagnostics.csv,val,-0.0643316358327865,0.2750738859176636,-0.8503237962722778,0.5965193510055542,1.446843147277832,0.6583430171012878,0.029226453974843,0.4869296550750732,0.6931309700012207,0.1767110973596573,0.7203359007835388,11325,,,,,,,,,,,,,,,,,38,0.6347989439964294,1
pupil_only,Pupil left/right nodes with temporal graph relations only.,multiclass_table6_valence_3class,Table-6 Valence,subject_kfold,HeteroGCNMean,HeteroGCNMean,skf_6_P18_P29_P7,results/quick_v1_v2_comparison/2026-06-12_16-29-08/model_runs/pupil_only/2026-06-12_17-16-23,results/quick_v1_v2_comparison/2026-06-12_16-29-08/model_runs/pupil_only/2026-06-12_17-16-23/multiclass_table6_valence_3class_emotion-elicitation_2026-06-12_17-17-35,results/quick_v1_v2_comparison/2026-06-12_16-29-08/model_runs/pupil_only/2026-06-12_17-16-23/multiclass_table6_valence_3class_emotion-elicitation_2026-06-12_17-17-35/subject_kfold/skf_6_P18_P29_P7/gnn/HeteroGCNMean/gnn_fold_diagnostics.csv,test,-0.0796282216906547,0.3877792060375213,-0.9286643862724304,0.760035514831543,1.6886999011039734,0.630641758441925,0.0725007727742195,0.4348317384719848,0.6931471824645996,0.2512946128845215,0.5568391680717468,115921,,,,,,,,,,,,,,,,,38,0.6347989439964294,1
pupil_only,Pupil left/right nodes with temporal graph relations only.,multiclass_table6_valence_3class,Table-6 Valence,subject_kfold,HeteroGCNMLP,HeteroGCNMLP,skf_0_P1_P14_P2_P27,results/quick_v1_v2_comparison/2026-06-12_16-29-08/model_runs/pupil_only/2026-06-12_17-16-23,results/quick_v1_v2_comparison/2026-06-12_16-29-08/model_runs/pupil_only/2026-06-12_17-16-23/multiclass_table6_valence_3class_emotion-elicitation_2026-06-12_17-17-35,results/quick_v1_v2_comparison/2026-06-12_16-29-08/model_runs/pupil_only/2026-06-12_17-16-23/multiclass_table6_valence_3class_emotion-elicitation_2026-06-12_17-17-35/subject_kfold/skf_0_P1_P14_P2_P27/gnn/HeteroGCNMLP/gnn_fold_diagnostics.csv,train,-0.041322786360979,0.336654782295227,-0.6853195428848267,0.9990323185920716,1.6843518614768982,0.6463435292243958,0.0466625094413757,0.4546771943569183,0.6931459903717041,0.3472436964511871,0.570889949798584,10000,,,,,,,,,,,,,,,,,19,0.6456891894340515,1
pupil_only,Pupil left/right nodes with temporal graph relations only.,multiclass_table6_valence_3class,Table-6 Valence,subject_kfold,HeteroGCNMLP,HeteroGCNMLP,skf_0_P1_P14_P2_P27,results/quick_v1_v2_comparison/2026-06-12_16-29-08/model_runs/pupil_only/2026-06-12_17-16-23,results/quick_v1_v2_comparison/2026-06-12_16-29-08/model_runs/pupil_only/2026-06-12_17-16-23/multiclass_table6_valence_3class_emotion-elicitation_2026-06-12_17-17-35,results/quick_v1_v2_comparison/2026-06-12_16-29-08/model_runs/pupil_only/2026-06-12_17-16-23/multiclass_table6_valence_3class_emotion-elicitation_2026-06-12_17-17-35/subject_kfold/skf_0_P1_P14_P2_P27/gnn/HeteroGCNMLP/gnn_fold_diagnostics.csv,val,-0.0168391857296228,0.4009860754013061,-0.6200003623962402,0.804660439491272,1.4246608018875122,0.6275153756141663,0.0593232959508895,0.4926796555519104,0.6931366920471191,0.3173766136169433,0.5975024104118347,11175,,,,,,,,,,,,,,,,,19,0.6456891894340515,1
pupil_only,Pupil left/right nodes with temporal graph relations only.,multiclass_table6_valence_3class,Table-6 Valence,subject_kfold,HeteroGCNMLP,HeteroGCNMLP,skf_0_P1_P14_P2_P27,results/quick_v1_v2_comparison/2026-06-12_16-29-08/model_runs/pupil_only/2026-06-12_17-16-23,results/quick_v1_v2_comparison/2026-06-12_16-29-08/model_runs/pupil_only/2026-06-12_17-16-23/multiclass_table6_valence_3class_emotion-elicitation_2026-06-12_17-17-35,results/quick_v1_v2_comparison/2026-06-12_16-29-08/model_runs/pupil_only/2026-06-12_17-16-23/multiclass_table6_valence_3class_emotion-elicitation_2026-06-12_17-17-35/subject_kfold/skf_0_P1_P14_P2_P27/gnn/HeteroGCNMLP/gnn_fold_diagnostics.csv,test,-0.1524054855108261,0.3231558799743652,-0.6634251475334167,0.7188963294029236,1.3823214769363403,0.6475611329078674,0.0202881600707769,0.5237888693809509,0.6931459903717041,0.2040798217058181,0.7496675252914429,253116,,,,,,,,,,,,,,,,,19,0.6456891894340515,1
pupil_only,Pupil left/right nodes with temporal graph relations only.,multiclass_table6_valence_3class,Table-6 Valence,subject_kfold,HeteroGCNMLP,HeteroGCNMLP,skf_1_P17_P20_P8,results/quick_v1_v2_comparison/2026-06-12_16-29-08/model_runs/pupil_only/2026-06-12_17-16-23,results/quick_v1_v2_comparison/2026-06-12_16-29-08/model_runs/pupil_only/2026-06-12_17-16-23/multiclass_table6_valence_3class_emotion-elicitation_2026-06-12_17-17-35,results/quick_v1_v2_comparison/2026-06-12_16-29-08/model_runs/pupil_only/2026-06-12_17-16-23/multiclass_table6_valence_3class_emotion-elicitation_2026-06-12_17-17-35/subject_kfold/skf_1_P17_P20_P8/gnn/HeteroGCNMLP/gnn_fold_diagnostics.csv,train,0.0338231548666954,0.203374370932579,-0.5991135239601135,0.580733597278595,1.1798471212387085,0.6765706539154053,0.0208494029939174,0.612555742263794,0.6931471824645996,0.2788671851158142,0.5693719983100891,10000,,,,,,,,,,,,,,,,,1,0.656989574432373,1
pupil_only,Pupil left/right nodes with temporal graph relations only.,multiclass_table6_valence_3class,Table-6 Valence,subject_kfold,HeteroGCNMLP,HeteroGCNMLP,skf_1_P17_P20_P8,results/quick_v1_v2_comparison/2026-06-12_16-29-08/model_runs/pupil_only/2026-06-12_17-16-23,results/quick_v1_v2_comparison/2026-06-12_16-29-08/model_runs/pupil_only/2026-06-12_17-16-23/multiclass_table6_valence_3class_emotion-elicitation_2026-06-12_17-17-35,results/quick_v1_v2_comparison/2026-06-12_16-29-08/model_runs/pupil_only/2026-06-12_17-16-23/multiclass_table6_valence_3class_emotion-elicitation_2026-06-12_17-17-35/subject_kfold/skf_1_P17_P20_P8/gnn/HeteroGCNMLP/gnn_fold_diagnostics.csv,val,0.0658544600009918,0.1402516216039657,-0.4811960756778717,0.411679208278656,0.8928752839565277,0.6847442388534546,0.0123744066804647,0.6341148614883423,0.6931471824645996,0.1438573002815246,0.7700345516204834,18721,,,,,,,,,,,,,,,,,1,0.656989574432373,1
pupil_only,Pupil left/right nodes with temporal graph relations only.,multiclass_table6_valence_3class,Table-6 Valence,subject_kfold,HeteroGCNMLP,HeteroGCNMLP,skf_1_P17_P20_P8,results/quick_v1_v2_comparison/2026-06-12_16-29-08/model_runs/pupil_only/2026-06-12_17-16-23,results/quick_v1_v2_comparison/2026-06-12_16-29-08/model_runs/pupil_only/2026-06-12_17-16-23/multiclass_table6_valence_3class_emotion-elicitation_2026-06-12_17-17-35,results/quick_v1_v2_comparison/2026-06-12_16-29-08/model_runs/pupil_only/2026-06-12_17-16-23/multiclass_table6_valence_3class_emotion-elicitation_2026-06-12_17-17-35/subject_kfold/skf_1_P17_P20_P8/gnn/HeteroGCNMLP/gnn_fold_diagnostics.csv,test,0.0145047297701239,0.2591056525707245,-0.585639238357544,0.5718121528625488,1.1574513912200928,0.6661942005157471,0.0226970743387937,0.6196755766868591,0.6931471824645996,0.2121827453374862,0.6656734943389893,131841,,,,,,,,,,,,,,,,,1,0.656989574432373,1
pupil_only,Pupil left/right nodes with temporal graph relations only.,multiclass_table6_valence_3class,Table-6 Valence,subject_kfold,HeteroGCNMLP,HeteroGCNMLP,skf_2_P13_P28_P30,results/quick_v1_v2_comparison/2026-06-12_16-29-08/model_runs/pupil_only/2026-06-12_17-16-23,results/quick_v1_v2_comparison/2026-06-12_16-29-08/model_runs/pupil_only/2026-06-12_17-16-23/multiclass_table6_valence_3class_emotion-elicitation_2026-06-12_17-17-35,results/quick_v1_v2_comparison/2026-06-12_16-29-08/model_runs/pupil_only/2026-06-12_17-16-23/multiclass_table6_valence_3class_emotion-elicitation_2026-06-12_17-17-35/subject_kfold/skf_2_P13_P28_P30/gnn/HeteroGCNMLP/gnn_fold_diagnostics.csv,train,0.2509528696537018,0.3359692096710205,-0.6245077848434448,1.0111156702041626,1.6356234550476074,0.6444119811058044,0.055264052003622,0.4509928226470947,0.6931471824645996,0.3220629692077636,0.5720118880271912,10000,,,,,,,,,,,,,,,,,28,0.6572309136390686,1
pupil_only,Pupil left/right nodes with temporal graph relations only.,multiclass_table6_valence_3class,Table-6 Valence,subject_kfold,HeteroGCNMLP,HeteroGCNMLP,skf_2_P13_P28_P30,results/quick_v1_v2_comparison/2026-06-12_16-29-08/model_runs/pupil_only/2026-06-12_17-16-23,results/quick_v1_v2_comparison/2026-06-12_16-29-08/model_runs/pupil_only/2026-06-12_17-16-23/multiclass_table6_valence_3class_emotion-elicitation_2026-06-12_17-17-35,results/quick_v1_v2_comparison/2026-06-12_16-29-08/model_runs/pupil_only/2026-06-12_17-16-23/multiclass_table6_valence_3class_emotion-elicitation_2026-06-12_17-17-35/subject_kfold/skf_2_P13_P28_P30/gnn/HeteroGCNMLP/gnn_fold_diagnostics.csv,val,0.2596814334392547,0.3015973269939422,-0.4940529465675354,0.8615580201148987,1.355610966682434,0.6523017883300781,0.0415758118033409,0.5071946382522583,0.693131685256958,0.2010325491428375,0.7337245941162109,12246,,,,,,,,,,,,,,,,,28,0.6572309136390686,1
pupil_only,Pupil left/right nodes with temporal graph relations only.,multiclass_table6_valence_3class,Table-6 Valence,subject_kfold,HeteroGCNMLP,HeteroGCNMLP,skf_2_P13_P28_P30,results/quick_v1_v2_comparison/2026-06-12_16-29-08/model_runs/pupil_only/2026-06-12_17-16-23,results/quick_v1_v2_comparison/2026-06-12_16-29-08/model_runs/pupil_only/2026-06-12_17-16-23/multiclass_table6_valence_3class_emotion-elicitation_2026-06-12_17-17-35,results/quick_v1_v2_comparison/2026-06-12_16-29-08/model_runs/pupil_only/2026-06-12_17-16-23/multiclass_table6_valence_3class_emotion-elicitation_2026-06-12_17-17-35/subject_kfold/skf_2_P13_P28_P30/gnn/HeteroGCNMLP/gnn_fold_diagnostics.csv,test,0.230796992778778,0.3540274202823639,-0.6327187418937683,1.046030879020691,1.6787496209144592,0.6373735070228577,0.0448901988565921,0.435100108385086,0.6931421756744385,0.2931016087532043,0.6166288256645203,118341,,,,,,,,,,,,,,,,,28,0.6572309136390686,1
pupil_only,Pupil left/right nodes with temporal graph relations only.,multiclass_table6_valence_3class,Table-6 Valence,subject_kfold,HeteroGCNMLP,HeteroGCNMLP,skf_3_P19_P22_P4,results/quick_v1_v2_comparison/2026-06-12_16-29-08/model_runs/pupil_only/2026-06-12_17-16-23,results/quick_v1_v2_comparison/2026-06-12_16-29-08/model_runs/pupil_only/2026-06-12_17-16-23/multiclass_table6_valence_3class_emotion-elicitation_2026-06-12_17-17-35,results/quick_v1_v2_comparison/2026-06-12_16-29-08/model_runs/pupil_only/2026-06-12_17-16-23/multiclass_table6_valence_3class_emotion-elicitation_2026-06-12_17-17-35/subject_kfold/skf_3_P19_P22_P4/gnn/HeteroGCNMLP/gnn_fold_diagnostics.csv,train,-0.0031926636584103,0.3496199250221252,-0.9921277165412904,1.4956730604171753,2.4878007769584656,0.6442233324050903,0.067401647567749,0.2756579518318176,0.6931465864181519,0.2774574160575866,0.5711811780929565,10000,,,,,,,,,,,,,,,,,93,0.5472920536994934,1
pupil_only,Pupil left/right nodes with temporal graph relations only.,multiclass_table6_valence_3class,Table-6 Valence,subject_kfold,HeteroGCNMLP,HeteroGCNMLP,skf_3_P19_P22_P4,results/quick_v1_v2_comparison/2026-06-12_16-29-08/model_runs/pupil_only/2026-06-12_17-16-23,results/quick_v1_v2_comparison/2026-06-12_16-29-08/model_runs/pupil_only/2026-06-12_17-16-23/multiclass_table6_valence_3class_emotion-elicitation_2026-06-12_17-17-35,results/quick_v1_v2_comparison/2026-06-12_16-29-08/model_runs/pupil_only/2026-06-12_17-16-23/multiclass_table6_valence_3class_emotion-elicitation_2026-06-12_17-17-35/subject_kfold/skf_3_P19_P22_P4/gnn/HeteroGCNMLP/gnn_fold_diagnostics.csv,val,0.0162564571946859,0.4482506215572357,-0.9163218140602112,1.262436032295227,2.1787578463554382,0.6159460544586182,0.0926517620682716,0.3403716683387756,0.6931450366973877,0.2328716516494751,0.6054884195327759,16653,,,,,,,,,,,,,,,,,93,0.5472920536994934,1
pupil_only,Pupil left/right nodes with temporal graph relations only.,multiclass_table6_valence_3class,Table-6 Valence,subject_kfold,HeteroGCNMLP,HeteroGCNMLP,skf_3_P19_P22_P4,results/quick_v1_v2_comparison/2026-06-12_16-29-08/model_runs/pupil_only/2026-06-12_17-16-23,results/quick_v1_v2_comparison/2026-06-12_16-29-08/model_runs/pupil_only/2026-06-12_17-16-23/multiclass_table6_valence_3class_emotion-elicitation_2026-06-12_17-17-35,results/quick_v1_v2_comparison/2026-06-12_16-29-08/model_runs/pupil_only/2026-06-12_17-16-23/multiclass_table6_valence_3class_emotion-elicitation_2026-06-12_17-17-35/subject_kfold/skf_3_P19_P22_P4/gnn/HeteroGCNMLP/gnn_fold_diagnostics.csv,test,-0.0124339340254664,0.307886928319931,-0.72931307554245,1.447615623474121,2.176928699016571,0.6530759930610657,0.0530306845903396,0.3360840976238251,0.6931471824645996,0.189558207988739,0.6908878087997437,112101,,,,,,,,,,,,,,,,,93,0.5472920536994934,1
pupil_only,Pupil left/right nodes with temporal graph relations only.,multiclass_table6_valence_3class,Table-6 Valence,subject_kfold,HeteroGCNMLP,HeteroGCNMLP,skf_4_P10_P16_P5,results/quick_v1_v2_comparison/2026-06-12_16-29-08/model_runs/pupil_only/2026-06-12_17-16-23,results/quick_v1_v2_comparison/2026-06-12_16-29-08/model_runs/pupil_only/2026-06-12_17-16-23/multiclass_table6_valence_3class_emotion-elicitation_2026-06-12_17-17-35,results/quick_v1_v2_comparison/2026-06-12_16-29-08/model_runs/pupil_only/2026-06-12_17-16-23/multiclass_table6_valence_3class_emotion-elicitation_2026-06-12_17-17-35/subject_kfold/skf_4_P10_P16_P5/gnn/HeteroGCNMLP/gnn_fold_diagnostics.csv,train,0.0393898598849773,0.346127986907959,-1.1251393556594849,0.8830668330192566,2.008206188678741,0.6450815200805664,0.0688833743333816,0.3636124432086944,0.6931471824645996,0.3348466157913208,0.4930164515972137,10000,,,,,,,,,,,,,,,,,35,0.6297783255577087,1
pupil_only,Pupil left/right nodes with temporal graph relations only.,multiclass_table6_valence_3class,Table-6 Valence,subject_kfold,HeteroGCNMLP,HeteroGCNMLP,skf_4_P10_P16_P5,results/quick_v1_v2_comparison/2026-06-12_16-29-08/model_runs/pupil_only/2026-06-12_17-16-23,results/quick_v1_v2_comparison/2026-06-12_16-29-08/model_runs/pupil_only/2026-06-12_17-16-23/multiclass_table6_valence_3class_emotion-elicitation_2026-06-12_17-17-35,results/quick_v1_v2_comparison/2026-06-12_16-29-08/model_runs/pupil_only/2026-06-12_17-16-23/multiclass_table6_valence_3class_emotion-elicitation_2026-06-12_17-17-35/subject_kfold/skf_4_P10_P16_P5/gnn/HeteroGCNMLP/gnn_fold_diagnostics.csv,val,0.0938112363219261,0.2666905522346496,-0.9162819981575012,0.7392589449882507,1.655540943145752,0.6612145304679871,0.0339907854795455,0.440268874168396,0.6930962204933167,0.1623082756996154,0.7692282199859619,11325,,,,,,,,,,,,,,,,,35,0.6297783255577087,1
pupil_only,Pupil left/right nodes with temporal graph relations only.,multiclass_table6_valence_3class,Table-6 Valence,subject_kfold,HeteroGCNMLP,HeteroGCNMLP,skf_4_P10_P16_P5,results/quick_v1_v2_comparison/2026-06-12_16-29-08/model_runs/pupil_only/2026-06-12_17-16-23,results/quick_v1_v2_comparison/2026-06-12_16-29-08/model_runs/pupil_only/2026-06-12_17-16-23/multiclass_table6_valence_3class_emotion-elicitation_2026-06-12_17-17-35,results/quick_v1_v2_comparison/2026-06-12_16-29-08/model_runs/pupil_only/2026-06-12_17-16-23/multiclass_table6_valence_3class_emotion-elicitation_2026-06-12_17-17-35/subject_kfold/skf_4_P10_P16_P5/gnn/HeteroGCNMLP/gnn_fold_diagnostics.csv,test,0.0421211123466491,0.2900136113166809,-0.9982182383537292,0.7989345192909241,1.797152757644653,0.6587938070297241,0.0577457398176193,0.4090864062309265,0.6931471228599548,0.245663583278656,0.5895318388938904,128778,,,,,,,,,,,,,,,,,35,0.6297783255577087,1
pupil_only,Pupil left/right nodes with temporal graph relations only.,multiclass_table6_valence_3class,Table-6 Valence,subject_kfold,HeteroGCNMLP,HeteroGCNMLP,skf_5_P21_P23_P24,results/quick_v1_v2_comparison/2026-06-12_16-29-08/model_runs/pupil_only/2026-06-12_17-16-23,results/quick_v1_v2_comparison/2026-06-12_16-29-08/model_runs/pupil_only/2026-06-12_17-16-23/multiclass_table6_valence_3class_emotion-elicitation_2026-06-12_17-17-35,results/quick_v1_v2_comparison/2026-06-12_16-29-08/model_runs/pupil_only/2026-06-12_17-16-23/multiclass_table6_valence_3class_emotion-elicitation_2026-06-12_17-17-35/subject_kfold/skf_5_P21_P23_P24/gnn/HeteroGCNMLP/gnn_fold_diagnostics.csv,train,-0.1891755163669586,0.2101896405220031,-0.6729876399040222,0.257987380027771,0.9309750199317932,0.6730819344520569,0.015953941270709,0.6293420791625977,0.6931471824645996,0.3440688848495483,0.5181440114974976,10000,,,,,,,,,,,,,,,,,2,0.6637946963310242,1
pupil_only,Pupil left/right nodes with temporal graph relations only.,multiclass_table6_valence_3class,Table-6 Valence,subject_kfold,HeteroGCNMLP,HeteroGCNMLP,skf_5_P21_P23_P24,results/quick_v1_v2_comparison/2026-06-12_16-29-08/model_runs/pupil_only/2026-06-12_17-16-23,results/quick_v1_v2_comparison/2026-06-12_16-29-08/model_runs/pupil_only/2026-06-12_17-16-23/multiclass_table6_valence_3class_emotion-elicitation_2026-06-12_17-17-35,results/quick_v1_v2_comparison/2026-06-12_16-29-08/model_runs/pupil_only/2026-06-12_17-16-23/multiclass_table6_valence_3class_emotion-elicitation_2026-06-12_17-17-35/subject_kfold/skf_5_P21_P23_P24/gnn/HeteroGCNMLP/gnn_fold_diagnostics.csv,val,-0.1759327054023742,0.1956705302000045,-0.4597773253917694,0.1229543387889862,0.5827316641807556,0.675262987613678,0.0124925812706351,0.6545932292938232,0.6931442022323608,0.2795283198356628,0.6116518974304199,11175,,,,,,,,,,,,,,,,,2,0.6637946963310242,1
pupil_only,Pupil left/right nodes with temporal graph relations only.,multiclass_table6_valence_3class,Table-6 Valence,subject_kfold,HeteroGCNMLP,HeteroGCNMLP,skf_5_P21_P23_P24,results/quick_v1_v2_comparison/2026-06-12_16-29-08/model_runs/pupil_only/2026-06-12_17-16-23,results/quick_v1_v2_comparison/2026-06-12_16-29-08/model_runs/pupil_only/2026-06-12_17-16-23/multiclass_table6_valence_3class_emotion-elicitation_2026-06-12_17-17-35,results/quick_v1_v2_comparison/2026-06-12_16-29-08/model_runs/pupil_only/2026-06-12_17-16-23/multiclass_table6_valence_3class_emotion-elicitation_2026-06-12_17-17-35/subject_kfold/skf_5_P21_P23_P24/gnn/HeteroGCNMLP/gnn_fold_diagnostics.csv,test,-0.1779374331235885,0.2198734134435653,-0.6123185753822327,0.1636103987693786,0.7759289741516113,0.6708033680915833,0.0148313678801059,0.6477822065353394,0.6931471228599548,0.301566869020462,0.6086532473564148,132355,,,,,,,,,,,,,,,,,2,0.6637946963310242,1
pupil_only,Pupil left/right nodes with temporal graph relations only.,multiclass_table6_valence_3class,Table-6 Valence,subject_kfold,HeteroGCNMLP,HeteroGCNMLP,skf_6_P18_P29_P7,results/quick_v1_v2_comparison/2026-06-12_16-29-08/model_runs/pupil_only/2026-06-12_17-16-23,results/quick_v1_v2_comparison/2026-06-12_16-29-08/model_runs/pupil_only/2026-06-12_17-16-23/multiclass_table6_valence_3class_emotion-elicitation_2026-06-12_17-17-35,results/quick_v1_v2_comparison/2026-06-12_16-29-08/model_runs/pupil_only/2026-06-12_17-16-23/multiclass_table6_valence_3class_emotion-elicitation_2026-06-12_17-17-35/subject_kfold/skf_6_P18_P29_P7/gnn/HeteroGCNMLP/gnn_fold_diagnostics.csv,train,0.1696333587169647,0.3174547255039215,-0.8825843930244446,1.175882339477539,2.058466732501984,0.6499020457267761,0.0565476007759571,0.3531531691551208,0.6931471824645996,0.3695094287395477,0.4687334895133972,10000,,,,,,,,,,,,,,,,,37,0.6326479911804199,1
pupil_only,Pupil left/right nodes with temporal graph relations only.,multiclass_table6_valence_3class,Table-6 Valence,subject_kfold,HeteroGCNMLP,HeteroGCNMLP,skf_6_P18_P29_P7,results/quick_v1_v2_comparison/2026-06-12_16-29-08/model_runs/pupil_only/2026-06-12_17-16-23,results/quick_v1_v2_comparison/2026-06-12_16-29-08/model_runs/pupil_only/2026-06-12_17-16-23/multiclass_table6_valence_3class_emotion-elicitation_2026-06-12_17-17-35,results/quick_v1_v2_comparison/2026-06-12_16-29-08/model_runs/pupil_only/2026-06-12_17-16-23/multiclass_table6_valence_3class_emotion-elicitation_2026-06-12_17-17-35/subject_kfold/skf_6_P18_P29_P7/gnn/HeteroGCNMLP/gnn_fold_diagnostics.csv,val,0.1457841247320175,0.2650348544120788,-0.4898858070373535,0.9166359305381776,1.406521737575531,0.6606345772743225,0.0292421467602252,0.4959105849266052,0.6930721998214722,0.1959043145179748,0.7390905022621155,11325,,,,,,,,,,,,,,,,,37,0.6326479911804199,1
pupil_only,Pupil left/right nodes with temporal graph relations only.,multiclass_table6_valence_3class,Table-6 Valence,subject_kfold,HeteroGCNMLP,HeteroGCNMLP,skf_6_P18_P29_P7,results/quick_v1_v2_comparison/2026-06-12_16-29-08/model_runs/pupil_only/2026-06-12_17-16-23,results/quick_v1_v2_comparison/2026-06-12_16-29-08/model_runs/pupil_only/2026-06-12_17-16-23/multiclass_table6_valence_3class_emotion-elicitation_2026-06-12_17-17-35,results/quick_v1_v2_comparison/2026-06-12_16-29-08/model_runs/pupil_only/2026-06-12_17-16-23/multiclass_table6_valence_3class_emotion-elicitation_2026-06-12_17-17-35/subject_kfold/skf_6_P18_P29_P7/gnn/HeteroGCNMLP/gnn_fold_diagnostics.csv,test,0.184554174542427,0.3991986215114593,-0.7700504660606384,1.0474603176116943,1.8175107836723328,0.627202570438385,0.076462484896183,0.4204071760177612,0.6931471824645996,0.3017366230487823,0.5322678089141846,115921,,,,,,,,,,,,,,,,,37,0.6326479911804199,1
pupil_only,Pupil left/right nodes with temporal graph relations only.,multiclass_table6_valence_3class,Table-6 Valence,subject_kfold,HeteroGCNMLPWeights,HeteroGCNMLPWeights,skf_0_P1_P14_P2_P27,results/quick_v1_v2_comparison/2026-06-12_16-29-08/model_runs/pupil_only/2026-06-12_17-16-23,results/quick_v1_v2_comparison/2026-06-12_16-29-08/model_runs/pupil_only/2026-06-12_17-16-23/multiclass_table6_valence_3class_emotion-elicitation_2026-06-12_17-17-35,results/quick_v1_v2_comparison/2026-06-12_16-29-08/model_runs/pupil_only/2026-06-12_17-16-23/multiclass_table6_valence_3class_emotion-elicitation_2026-06-12_17-17-35/subject_kfold/skf_0_P1_P14_P2_P27/gnn/HeteroGCNMLPWeights/gnn_fold_diagnostics.csv,train,0.2048586755990982,0.3209390938282013,-0.6785667538642883,1.146907925605774,1.8254746794700625,0.6476499438285828,0.0499799437820911,0.4117823839187622,0.6931471824645996,0.3198808431625366,0.5913246870040894,10000,-0.996022403240204,0.0891031101346015,-1.0,1.0,-0.9967027902603148,0.0811389237642288,-1.0,1.0,,,,,,,,,17,0.6456226706504822,1
pupil_only,Pupil left/right nodes with temporal graph relations only.,multiclass_table6_valence_3class,Table-6 Valence,subject_kfold,HeteroGCNMLPWeights,HeteroGCNMLPWeights,skf_0_P1_P14_P2_P27,results/quick_v1_v2_comparison/2026-06-12_16-29-08/model_runs/pupil_only/2026-06-12_17-16-23,results/quick_v1_v2_comparison/2026-06-12_16-29-08/model_runs/pupil_only/2026-06-12_17-16-23/multiclass_table6_valence_3class_emotion-elicitation_2026-06-12_17-17-35,results/quick_v1_v2_comparison/2026-06-12_16-29-08/model_runs/pupil_only/2026-06-12_17-16-23/multiclass_table6_valence_3class_emotion-elicitation_2026-06-12_17-17-35/subject_kfold/skf_0_P1_P14_P2_P27/gnn/HeteroGCNMLPWeights/gnn_fold_diagnostics.csv,val,0.2232586145401001,0.3798076808452606,-0.5435876846313477,0.9739652276039124,1.51755291223526,0.6312344074249268,0.0645918697118759,0.4711758494377136,0.6931436061859131,0.3260144591331482,0.5765733122825623,11175,-0.9992175698280334,0.0395507104694843,-1.0,1.0,-0.9998103380203248,0.0194763094186782,-1.0,1.0,,,,,,,,,17,0.6456226706504822,1
pupil_only,Pupil left/right nodes with temporal graph relations only.,multiclass_table6_valence_3class,Table-6 Valence,subject_kfold,HeteroGCNMLPWeights,HeteroGCNMLPWeights,skf_0_P1_P14_P2_P27,results/quick_v1_v2_comparison/2026-06-12_16-29-08/model_runs/pupil_only/2026-06-12_17-16-23,results/quick_v1_v2_comparison/2026-06-12_16-29-08/model_runs/pupil_only/2026-06-12_17-16-23/multiclass_table6_valence_3class_emotion-elicitation_2026-06-12_17-17-35,results/quick_v1_v2_comparison/2026-06-12_16-29-08/model_runs/pupil_only/2026-06-12_17-16-23/multiclass_table6_valence_3class_emotion-elicitation_2026-06-12_17-17-35/subject_kfold/skf_0_P1_P14_P2_P27/gnn/HeteroGCNMLPWeights/gnn_fold_diagnostics.csv,test,0.1817586719989776,0.2758396863937378,-0.4662588536739349,0.9237290620803832,1.3899879157543182,0.657201886177063,0.0191840175539255,0.503012478351593,0.6931446194648743,0.1795097738504409,0.781455934047699,253116,-0.998522162437439,0.054346028715372,-1.0,1.0,-0.9993628859519958,0.0356899425387382,-1.0,1.0,,,,,,,,,17,0.6456226706504822,1
pupil_only,Pupil left/right nodes with temporal graph relations only.,multiclass_table6_valence_3class,Table-6 Valence,subject_kfold,HeteroGCNMLPWeights,HeteroGCNMLPWeights,skf_1_P17_P20_P8,results/quick_v1_v2_comparison/2026-06-12_16-29-08/model_runs/pupil_only/2026-06-12_17-16-23,results/quick_v1_v2_comparison/2026-06-12_16-29-08/model_runs/pupil_only/2026-06-12_17-16-23/multiclass_table6_valence_3class_emotion-elicitation_2026-06-12_17-17-35,results/quick_v1_v2_comparison/2026-06-12_16-29-08/model_runs/pupil_only/2026-06-12_17-16-23/multiclass_table6_valence_3class_emotion-elicitation_2026-06-12_17-17-35/subject_kfold/skf_1_P17_P20_P8/gnn/HeteroGCNMLPWeights/gnn_fold_diagnostics.csv,train,0.2064614593982696,0.1548429131507873,-0.1987110078334808,0.5316221117973328,0.7303331196308136,0.6828619241714478,0.011552719399333,0.6518259048461914,0.6931471228599548,0.2640092372894287,0.6461758613586426,10000,0.9999679923057556,0.0080027924850583,-1.0,1.0,0.9995935559272766,0.0285082906484603,-1.0,1.0,,,,,,,,,1,0.654954195022583,1
pupil_only,Pupil left/right nodes with temporal graph relations only.,multiclass_table6_valence_3class,Table-6 Valence,subject_kfold,HeteroGCNMLPWeights,HeteroGCNMLPWeights,skf_1_P17_P20_P8,results/quick_v1_v2_comparison/2026-06-12_16-29-08/model_runs/pupil_only/2026-06-12_17-16-23,results/quick_v1_v2_comparison/2026-06-12_16-29-08/model_runs/pupil_only/2026-06-12_17-16-23/multiclass_table6_valence_3class_emotion-elicitation_2026-06-12_17-17-35,results/quick_v1_v2_comparison/2026-06-12_16-29-08/model_runs/pupil_only/2026-06-12_17-16-23/multiclass_table6_valence_3class_emotion-elicitation_2026-06-12_17-17-35/subject_kfold/skf_1_P17_P20_P8/gnn/HeteroGCNMLPWeights/gnn_fold_diagnostics.csv,val,0.2394246309995651,0.0975225046277046,-0.1245021000504493,0.4428623914718628,0.5673644915223122,0.6893925666809082,0.0070987972430884,0.6611105799674988,0.6931471228599548,0.1555296927690506,0.7815062403678894,18721,0.9999070167541504,0.0136367138475179,-0.9999999403953552,1.0,0.9998884201049804,0.0149382036179304,-1.0,1.0,,,,,,,,,1,0.654954195022583,1
pupil_only,Pupil left/right nodes with temporal graph relations only.,multiclass_table6_valence_3class,Table-6 Valence,subject_kfold,HeteroGCNMLPWeights,HeteroGCNMLPWeights,skf_1_P17_P20_P8,results/quick_v1_v2_comparison/2026-06-12_16-29-08/model_runs/pupil_only/2026-06-12_17-16-23,results/quick_v1_v2_comparison/2026-06-12_16-29-08/model_runs/pupil_only/2026-06-12_17-16-23/multiclass_table6_valence_3class_emotion-elicitation_2026-06-12_17-17-35,results/quick_v1_v2_comparison/2026-06-12_16-29-08/model_runs/pupil_only/2026-06-12_17-16-23/multiclass_table6_valence_3class_emotion-elicitation_2026-06-12_17-17-35/subject_kfold/skf_1_P17_P20_P8/gnn/HeteroGCNMLPWeights/gnn_fold_diagnostics.csv,test,0.1708272993564605,0.1755451560020446,-0.1644803285598755,0.4330664873123169,0.5975468158721924,0.6791993379592896,0.0128473751246929,0.6564454436302185,0.6931471824645996,0.1541362851858139,0.7969633340835571,131841,0.9999929070472716,0.0037654100451618,-1.0,1.0,0.9996951818466188,0.024689607322216,-1.0,1.0,,,,,,,,,1,0.654954195022583,1
pupil_only,Pupil left/right nodes with temporal graph relations only.,multiclass_table6_valence_3class,Table-6 Valence,subject_kfold,HeteroGCNMLPWeights,HeteroGCNMLPWeights,skf_2_P13_P28_P30,results/quick_v1_v2_comparison/2026-06-12_16-29-08/model_runs/pupil_only/2026-06-12_17-16-23,results/quick_v1_v2_comparison/2026-06-12_16-29-08/model_runs/pupil_only/2026-06-12_17-16-23/multiclass_table6_valence_3class_emotion-elicitation_2026-06-12_17-17-35,results/quick_v1_v2_comparison/2026-06-12_16-29-08/model_runs/pupil_only/2026-06-12_17-16-23/multiclass_table6_valence_3class_emotion-elicitation_2026-06-12_17-17-35/subject_kfold/skf_2_P13_P28_P30/gnn/HeteroGCNMLPWeights/gnn_fold_diagnostics.csv,train,-0.0425581932067871,0.3321802616119385,-0.9108458161354064,0.9061901569366456,1.817035973072052,0.647840678691864,0.0592058673501014,0.4045819044113159,0.6931471824645996,0.3615133464336395,0.5050293803215027,10000,-1.0,5.8698581995031425e-08,-1.0,-0.9999999403953552,-1.0,5.937559066637733e-08,-1.0,-0.9999999403953552,,,,,,,,,19,0.6567332148551941,1
pupil_only,Pupil left/right nodes with temporal graph relations only.,multiclass_table6_valence_3class,Table-6 Valence,subject_kfold,HeteroGCNMLPWeights,HeteroGCNMLPWeights,skf_2_P13_P28_P30,results/quick_v1_v2_comparison/2026-06-12_16-29-08/model_runs/pupil_only/2026-06-12_17-16-23,results/quick_v1_v2_comparison/2026-06-12_16-29-08/model_runs/pupil_only/2026-06-12_17-16-23/multiclass_table6_valence_3class_emotion-elicitation_2026-06-12_17-17-35,results/quick_v1_v2_comparison/2026-06-12_16-29-08/model_runs/pupil_only/2026-06-12_17-16-23/multiclass_table6_valence_3class_emotion-elicitation_2026-06-12_17-17-35/subject_kfold/skf_2_P13_P28_P30/gnn/HeteroGCNMLPWeights/gnn_fold_diagnostics.csv,val,-0.064826063811779,0.3053165972232818,-0.6225507855415344,0.6648482084274292,1.2873989939689636,0.6526978611946106,0.0404122695326805,0.5231673717498779,0.6931445598602295,0.176357552409172,0.7621432542800903,12246,-1.0,5.9119056317058494e-08,-1.0,-0.9999999403953552,-1.0,5.9481745751099886e-08,-1.0,-0.9999999403953552,,,,,,,,,19,0.6567332148551941,1
pupil_only,Pupil left/right nodes with temporal graph relations only.,multiclass_table6_valence_3class,Table-6 Valence,subject_kfold,HeteroGCNMLPWeights,HeteroGCNMLPWeights,skf_2_P13_P28_P30,results/quick_v1_v2_comparison/2026-06-12_16-29-08/model_runs/pupil_only/2026-06-12_17-16-23,results/quick_v1_v2_comparison/2026-06-12_16-29-08/model_runs/pupil_only/2026-06-12_17-16-23/multiclass_table6_valence_3class_emotion-elicitation_2026-06-12_17-17-35,results/quick_v1_v2_comparison/2026-06-12_16-29-08/model_runs/pupil_only/2026-06-12_17-16-23/multiclass_table6_valence_3class_emotion-elicitation_2026-06-12_17-17-35/subject_kfold/skf_2_P13_P28_P30/gnn/HeteroGCNMLPWeights/gnn_fold_diagnostics.csv,test,0.0022911732085049,0.308580994606018,-0.9864042401313782,0.9765493869781494,1.962953627109528,0.6533166170120239,0.049520906060934,0.3814527690410614,0.693145751953125,0.3030440509319305,0.5896949172019958,118341,-1.0,5.8939853886386124e-08,-1.0,-0.9999999403953552,-1.0,5.950044723590509e-08,-1.0,-0.9999999403953552,,,,,,,,,19,0.6567332148551941,1
pupil_only,Pupil left/right nodes with temporal graph relations only.,multiclass_table6_valence_3class,Table-6 Valence,subject_kfold,HeteroGCNMLPWeights,HeteroGCNMLPWeights,skf_3_P19_P22_P4,results/quick_v1_v2_comparison/2026-06-12_16-29-08/model_runs/pupil_only/2026-06-12_17-16-23,results/quick_v1_v2_comparison/2026-06-12_16-29-08/model_runs/pupil_only/2026-06-12_17-16-23/multiclass_table6_valence_3class_emotion-elicitation_2026-06-12_17-17-35,results/quick_v1_v2_comparison/2026-06-12_16-29-08/model_runs/pupil_only/2026-06-12_17-16-23/multiclass_table6_valence_3class_emotion-elicitation_2026-06-12_17-17-35/subject_kfold/skf_3_P19_P22_P4/gnn/HeteroGCNMLPWeights/gnn_fold_diagnostics.csv,train,0.1500693559646606,0.3487967848777771,-0.6877691149711609,1.422440528869629,2.11020964384079,0.6437668800354004,0.0606599263846874,0.3429674506187439,0.6931471824645996,0.3403419852256775,0.44561967253685,10000,0.999802827835083,0.0198573973029851,-0.9999999403953552,1.0,0.9995887279510498,0.0286777410656213,-0.9999999403953552,1.0,,,,,,,,,93,0.5554964542388916,1
pupil_only,Pupil left/right nodes with temporal graph relations only.,multiclass_table6_valence_3class,Table-6 Valence,subject_kfold,HeteroGCNMLPWeights,HeteroGCNMLPWeights,skf_3_P19_P22_P4,results/quick_v1_v2_comparison/2026-06-12_16-29-08/model_runs/pupil_only/2026-06-12_17-16-23,results/quick_v1_v2_comparison/2026-06-12_16-29-08/model_runs/pupil_only/2026-06-12_17-16-23/multiclass_table6_valence_3class_emotion-elicitation_2026-06-12_17-17-35,results/quick_v1_v2_comparison/2026-06-12_16-29-08/model_runs/pupil_only/2026-06-12_17-16-23/multiclass_table6_valence_3class_emotion-elicitation_2026-06-12_17-17-35/subject_kfold/skf_3_P19_P22_P4/gnn/HeteroGCNMLPWeights/gnn_fold_diagnostics.csv,val,0.1907999366521835,0.4297597706317901,-0.5856395363807678,1.25227689743042,1.837916433811188,0.6199982762336731,0.0818221122026443,0.4000279307365417,0.6931451559066772,0.2582508325576782,0.5290852189064026,16653,0.9966061115264891,0.0823180973529815,-0.9999999403953552,1.0,0.9956509470939636,0.093162216246128,-0.9999999403953552,1.0,,,,,,,,,93,0.5554964542388916,1
pupil_only,Pupil left/right nodes with temporal graph relations only.,multiclass_table6_valence_3class,Table-6 Valence,subject_kfold,HeteroGCNMLPWeights,HeteroGCNMLPWeights,skf_3_P19_P22_P4,results/quick_v1_v2_comparison/2026-06-12_16-29-08/model_runs/pupil_only/2026-06-12_17-16-23,results/quick_v1_v2_comparison/2026-06-12_16-29-08/model_runs/pupil_only/2026-06-12_17-16-23/multiclass_table6_valence_3class_emotion-elicitation_2026-06-12_17-17-35,results/quick_v1_v2_comparison/2026-06-12_16-29-08/model_runs/pupil_only/2026-06-12_17-16-23/multiclass_table6_valence_3class_emotion-elicitation_2026-06-12_17-17-35/subject_kfold/skf_3_P19_P22_P4/gnn/HeteroGCNMLPWeights/gnn_fold_diagnostics.csv,test,0.14384226500988,0.3230333924293518,-0.6202244758605957,1.2975926399230957,1.9178171157836916,0.6497973203659058,0.0491507686674594,0.382768839597702,0.6931471824645996,0.2610912322998047,0.540272057056427,112101,0.9997020363807678,0.0244104005396366,-0.9999999403953552,1.0,0.9995033740997314,0.0315121226012706,-0.9999999403953552,1.0,,,,,,,,,93,0.5554964542388916,1
pupil_only,Pupil left/right nodes with temporal graph relations only.,multiclass_table6_valence_3class,Table-6 Valence,subject_kfold,HeteroGCNMLPWeights,HeteroGCNMLPWeights,skf_4_P10_P16_P5,results/quick_v1_v2_comparison/2026-06-12_16-29-08/model_runs/pupil_only/2026-06-12_17-16-23,results/quick_v1_v2_comparison/2026-06-12_16-29-08/model_runs/pupil_only/2026-06-12_17-16-23/multiclass_table6_valence_3class_emotion-elicitation_2026-06-12_17-17-35,results/quick_v1_v2_comparison/2026-06-12_16-29-08/model_runs/pupil_only/2026-06-12_17-16-23/multiclass_table6_valence_3class_emotion-elicitation_2026-06-12_17-17-35/subject_kfold/skf_4_P10_P16_P5/gnn/HeteroGCNMLPWeights/gnn_fold_diagnostics.csv,train,0.1218829527497291,0.3171855807304382,-0.6273831725120544,0.7147002816200256,1.34208345413208,0.6486985683441162,0.0363263040781021,0.5177028179168701,0.6931471824645996,0.342254489660263,0.5088925957679749,10000,1.0,5.939140379496167e-08,0.9999998807907104,1.0,1.0,5.9516256811775754e-08,0.9999998807907104,1.0,,,,,,,,,4,0.6283940076828003,1
pupil_only,Pupil left/right nodes with temporal graph relations only.,multiclass_table6_valence_3class,Table-6 Valence,subject_kfold,HeteroGCNMLPWeights,HeteroGCNMLPWeights,skf_4_P10_P16_P5,results/quick_v1_v2_comparison/2026-06-12_16-29-08/model_runs/pupil_only/2026-06-12_17-16-23,results/quick_v1_v2_comparison/2026-06-12_16-29-08/model_runs/pupil_only/2026-06-12_17-16-23/multiclass_table6_valence_3class_emotion-elicitation_2026-06-12_17-17-35,results/quick_v1_v2_comparison/2026-06-12_16-29-08/model_runs/pupil_only/2026-06-12_17-16-23/multiclass_table6_valence_3class_emotion-elicitation_2026-06-12_17-17-35/subject_kfold/skf_4_P10_P16_P5/gnn/HeteroGCNMLPWeights/gnn_fold_diagnostics.csv,val,0.0872181430459022,0.3092778921127319,-0.4330076873302459,0.6633604764938354,1.0963681638240814,0.6492365002632141,0.0253714509308338,0.569476842880249,0.6931471228599548,0.1965085119009018,0.7101840376853943,11325,1.0,5.9491991777349547e-08,0.9999998807907104,1.0,1.0,5.955938675583639e-08,0.9999999403953552,1.0,,,,,,,,,4,0.6283940076828003,1
pupil_only,Pupil left/right nodes with temporal graph relations only.,multiclass_table6_valence_3class,Table-6 Valence,subject_kfold,HeteroGCNMLPWeights,HeteroGCNMLPWeights,skf_4_P10_P16_P5,results/quick_v1_v2_comparison/2026-06-12_16-29-08/model_runs/pupil_only/2026-06-12_17-16-23,results/quick_v1_v2_comparison/2026-06-12_16-29-08/model_runs/pupil_only/2026-06-12_17-16-23/multiclass_table6_valence_3class_emotion-elicitation_2026-06-12_17-17-35,results/quick_v1_v2_comparison/2026-06-12_16-29-08/model_runs/pupil_only/2026-06-12_17-16-23/multiclass_table6_valence_3class_emotion-elicitation_2026-06-12_17-17-35/subject_kfold/skf_4_P10_P16_P5/gnn/HeteroGCNMLPWeights/gnn_fold_diagnostics.csv,test,0.1432956755161285,0.2782874405384063,-0.4431178867816925,0.686476469039917,1.1295943558216095,0.6583582162857056,0.0329972691833972,0.5562649965286255,0.6931471824645996,0.2483040392398834,0.6145686507225037,128778,1.0,5.9439610566869305e-08,0.9999998807907104,1.0,1.0,5.955630300036319e-08,0.9999999403953552,1.0,,,,,,,,,4,0.6283940076828003,1
pupil_only,Pupil left/right nodes with temporal graph relations only.,multiclass_table6_valence_3class,Table-6 Valence,subject_kfold,HeteroGCNMLPWeights,HeteroGCNMLPWeights,skf_5_P21_P23_P24,results/quick_v1_v2_comparison/2026-06-12_16-29-08/model_runs/pupil_only/2026-06-12_17-16-23,results/quick_v1_v2_comparison/2026-06-12_16-29-08/model_runs/pupil_only/2026-06-12_17-16-23/multiclass_table6_valence_3class_emotion-elicitation_2026-06-12_17-17-35,results/quick_v1_v2_comparison/2026-06-12_16-29-08/model_runs/pupil_only/2026-06-12_17-16-23/multiclass_table6_valence_3class_emotion-elicitation_2026-06-12_17-17-35/subject_kfold/skf_5_P21_P23_P24/gnn/HeteroGCNMLPWeights/gnn_fold_diagnostics.csv,train,0.0217856634408235,0.2585663497447967,-0.375899076461792,0.6592344641685486,1.0351335406303406,0.6633744239807129,0.0233744699507951,0.603459358215332,0.6931471824645996,0.3021773099899292,0.5776427984237671,10000,1.0,0.0,1.0,1.0,1.0,0.0,1.0,1.0,,,,,,,,,3,0.6732547283172607,1
pupil_only,Pupil left/right nodes with temporal graph relations only.,multiclass_table6_valence_3class,Table-6 Valence,subject_kfold,HeteroGCNMLPWeights,HeteroGCNMLPWeights,skf_5_P21_P23_P24,results/quick_v1_v2_comparison/2026-06-12_16-29-08/model_runs/pupil_only/2026-06-12_17-16-23,results/quick_v1_v2_comparison/2026-06-12_16-29-08/model_runs/pupil_only/2026-06-12_17-16-23/multiclass_table6_valence_3class_emotion-elicitation_2026-06-12_17-17-35,results/quick_v1_v2_comparison/2026-06-12_16-29-08/model_runs/pupil_only/2026-06-12_17-16-23/multiclass_table6_valence_3class_emotion-elicitation_2026-06-12_17-17-35/subject_kfold/skf_5_P21_P23_P24/gnn/HeteroGCNMLPWeights/gnn_fold_diagnostics.csv,val,0.0068537425249814,0.2630571126937866,-0.3738207221031189,0.4306270182132721,0.804447740316391,0.6606585383415222,0.0238716024905443,0.6252824068069458,0.6931409239768982,0.2413116097450256,0.6593838930130005,11175,1.0,0.0,1.0,1.0,1.0,0.0,1.0,1.0,,,,,,,,,3,0.6732547283172607,1
pupil_only,Pupil left/right nodes with temporal graph relations only.,multiclass_table6_valence_3class,Table-6 Valence,subject_kfold,HeteroGCNMLPWeights,HeteroGCNMLPWeights,skf_5_P21_P23_P24,results/quick_v1_v2_comparison/2026-06-12_16-29-08/model_runs/pupil_only/2026-06-12_17-16-23,results/quick_v1_v2_comparison/2026-06-12_16-29-08/model_runs/pupil_only/2026-06-12_17-16-23/multiclass_table6_valence_3class_emotion-elicitation_2026-06-12_17-17-35,results/quick_v1_v2_comparison/2026-06-12_16-29-08/model_runs/pupil_only/2026-06-12_17-16-23/multiclass_table6_valence_3class_emotion-elicitation_2026-06-12_17-17-35/subject_kfold/skf_5_P21_P23_P24/gnn/HeteroGCNMLPWeights/gnn_fold_diagnostics.csv,test,-0.0043361699208617,0.2710819840431213,-0.375514417886734,0.445707231760025,0.821221649646759,0.6586736440658569,0.0207447409629821,0.6237242817878723,0.6931295394897461,0.2580239176750183,0.6591523289680481,132355,1.0,0.0,1.0,1.0,1.0,0.0,1.0,1.0,,,,,,,,,3,0.6732547283172607,1
pupil_only,Pupil left/right nodes with temporal graph relations only.,multiclass_table6_valence_3class,Table-6 Valence,subject_kfold,HeteroGCNMLPWeights,HeteroGCNMLPWeights,skf_6_P18_P29_P7,results/quick_v1_v2_comparison/2026-06-12_16-29-08/model_runs/pupil_only/2026-06-12_17-16-23,results/quick_v1_v2_comparison/2026-06-12_16-29-08/model_runs/pupil_only/2026-06-12_17-16-23/multiclass_table6_valence_3class_emotion-elicitation_2026-06-12_17-17-35,results/quick_v1_v2_comparison/2026-06-12_16-29-08/model_runs/pupil_only/2026-06-12_17-16-23/multiclass_table6_valence_3class_emotion-elicitation_2026-06-12_17-17-35/subject_kfold/skf_6_P18_P29_P7/gnn/HeteroGCNMLPWeights/gnn_fold_diagnostics.csv,train,-0.0348957553505897,0.3307973146438598,-0.7197878956794739,0.9075550436973572,1.627342939376831,0.6476576924324036,0.0461041331291198,0.4483002424240112,0.6931467056274414,0.3776436746120453,0.4426285028457641,10000,0.9999868273735046,0.0051373308524489,-1.0,1.0,0.9999808073043824,0.0061958441510796,-1.0,1.0,,,,,,,,,35,0.6339880228042603,1
pupil_only,Pupil left/right nodes with temporal graph relations only.,multiclass_table6_valence_3class,Table-6 Valence,subject_kfold,HeteroGCNMLPWeights,HeteroGCNMLPWeights,skf_6_P18_P29_P7,results/quick_v1_v2_comparison/2026-06-12_16-29-08/model_runs/pupil_only/2026-06-12_17-16-23,results/quick_v1_v2_comparison/2026-06-12_16-29-08/model_runs/pupil_only/2026-06-12_17-16-23/multiclass_table6_valence_3class_emotion-elicitation_2026-06-12_17-17-35,results/quick_v1_v2_comparison/2026-06-12_16-29-08/model_runs/pupil_only/2026-06-12_17-16-23/multiclass_table6_valence_3class_emotion-elicitation_2026-06-12_17-17-35/subject_kfold/skf_6_P18_P29_P7/gnn/HeteroGCNMLPWeights/gnn_fold_diagnostics.csv,val,-0.1056961193680763,0.3117532730102539,-0.5646126866340637,0.7507882118225098,1.3154008984565737,0.6497085690498352,0.0265544429421424,0.5266922116279602,0.6928274631500244,0.2049800455570221,0.7082830667495728,11325,0.999975323677063,0.0070259822532534,-0.9999998211860656,1.0,0.999925971031189,0.0121692083775997,-1.0,1.0,,,,,,,,,35,0.6339880228042603,1
pupil_only,Pupil left/right nodes with temporal graph relations only.,multiclass_table6_valence_3class,Table-6 Valence,subject_kfold,HeteroGCNMLPWeights,HeteroGCNMLPWeights,skf_6_P18_P29_P7,results/quick_v1_v2_comparison/2026-06-12_16-29-08/model_runs/pupil_only/2026-06-12_17-16-23,results/quick_v1_v2_comparison/2026-06-12_16-29-08/model_runs/pupil_only/2026-06-12_17-16-23/multiclass_table6_valence_3class_emotion-elicitation_2026-06-12_17-17-35,results/quick_v1_v2_comparison/2026-06-12_16-29-08/model_runs/pupil_only/2026-06-12_17-16-23/multiclass_table6_valence_3class_emotion-elicitation_2026-06-12_17-17-35/subject_kfold/skf_6_P18_P29_P7/gnn/HeteroGCNMLPWeights/gnn_fold_diagnostics.csv,test,0.0141955288127064,0.3844868540763855,-0.6398879885673523,0.8358058333396912,1.4756938219070437,0.6317175626754761,0.0612408146262168,0.4822733700275421,0.6931470632553101,0.302310049533844,0.5223549604415894,115921,0.9985904097557068,0.0530771315097808,-0.9999999403953552,1.0,0.9987487196922302,0.0500101372599601,-0.9999999403953552,1.0,,,,,,,,,35,0.6339880228042603,1
